#VRML V2.0 utf8

Shape {
  appearance Appearance {
    material Material {
      diffuseColor 1.0000 1.0000 1.0000
      specularColor 0.5020 0.5020 0.5020
      ambientIntensity 0.2
      transparency 0.0000
      shininess 0.5
    }
  }
  geometry IndexedFaceSet {
    ccw TRUE
    solid FALSE
    coord DEF co Coordinate {
      point [
        -0.255906 0.492126 -0.314961,
        -0.255906 0.492126 -0.255906,
        -0.256306 0.486523 -0.255906,
        -0.256306 0.486523 -0.314961,
        -0.257500 0.481034 -0.255906,
        -0.257500 0.481034 -0.314961,
        -0.259463 0.475771 -0.255906,
        -0.259463 0.475771 -0.314961,
        -0.262156 0.470841 -0.255906,
        -0.262156 0.470841 -0.314961,
        -0.265522 0.466344 -0.255906,
        -0.265522 0.466344 -0.314961,
        -0.269494 0.462372 -0.255906,
        -0.269494 0.462372 -0.314961,
        -0.273991 0.459006 -0.255906,
        -0.273991 0.459006 -0.314961,
        -0.278920 0.456314 -0.255906,
        -0.278920 0.456314 -0.314961,
        -0.284184 0.454351 -0.255906,
        -0.284184 0.454351 -0.314961,
        -0.289672 0.453157 -0.255906,
        -0.289672 0.453157 -0.314961,
        -0.295276 0.452756 -0.255906,
        -0.295276 0.452756 -0.314961,
        -0.300879 0.453157 -0.255906,
        -0.300879 0.453157 -0.314961,
        -0.306367 0.454351 -0.255906,
        -0.306367 0.454351 -0.314961,
        -0.311630 0.456314 -0.255906,
        -0.311630 0.456314 -0.314961,
        -0.316561 0.459006 -0.255906,
        -0.316561 0.459006 -0.314961,
        -0.321057 0.462372 -0.255906,
        -0.321057 0.462372 -0.314961,
        -0.325030 0.466344 -0.255906,
        -0.325030 0.466344 -0.314961,
        -0.328396 0.470841 -0.255906,
        -0.328396 0.470841 -0.314961,
        -0.331088 0.475771 -0.255906,
        -0.331088 0.475771 -0.314961,
        -0.333051 0.481034 -0.255906,
        -0.333051 0.481034 -0.314961,
        -0.334245 0.486523 -0.255906,
        -0.334245 0.486523 -0.314961,
        -0.334646 0.492126 -0.255906,
        -0.334646 0.492126 -0.314961,
        -0.334646 0.590551 -0.255906,
        -0.334646 0.590551 -0.314961,
        -0.255906 0.590551 -0.255906,
        -0.255906 0.590551 -0.314961,
        -0.059055 0.492126 -0.314961,
        -0.059055 0.492126 -0.255906,
        -0.059456 0.486523 -0.255906,
        -0.059456 0.486523 -0.314961,
        -0.060650 0.481034 -0.255906,
        -0.060650 0.481034 -0.314961,
        -0.062613 0.475771 -0.255906,
        -0.062613 0.475771 -0.314961,
        -0.065305 0.470841 -0.255906,
        -0.065305 0.470841 -0.314961,
        -0.068671 0.466344 -0.255906,
        -0.068671 0.466344 -0.314961,
        -0.072643 0.462372 -0.255906,
        -0.072643 0.462372 -0.314961,
        -0.077140 0.459006 -0.255906,
        -0.077140 0.459006 -0.314961,
        -0.082070 0.456314 -0.255906,
        -0.082070 0.456314 -0.314961,
        -0.087333 0.454351 -0.255906,
        -0.087333 0.454351 -0.314961,
        -0.092822 0.453157 -0.255906,
        -0.092822 0.453157 -0.314961,
        -0.098425 0.452756 -0.255906,
        -0.098425 0.452756 -0.314961,
        -0.104028 0.453157 -0.255906,
        -0.104028 0.453157 -0.314961,
        -0.109517 0.454351 -0.255906,
        -0.109517 0.454351 -0.314961,
        -0.114780 0.456314 -0.255906,
        -0.114780 0.456314 -0.314961,
        -0.119710 0.459006 -0.255906,
        -0.119710 0.459006 -0.314961,
        -0.124207 0.462372 -0.255906,
        -0.124207 0.462372 -0.314961,
        -0.128179 0.466344 -0.255906,
        -0.128179 0.466344 -0.314961,
        -0.131545 0.470841 -0.255906,
        -0.131545 0.470841 -0.314961,
        -0.134237 0.475771 -0.255906,
        -0.134237 0.475771 -0.314961,
        -0.136200 0.481034 -0.255906,
        -0.136200 0.481034 -0.314961,
        -0.137394 0.486523 -0.255906,
        -0.137394 0.486523 -0.314961,
        -0.137795 0.492126 -0.255906,
        -0.137795 0.492126 -0.314961,
        -0.137795 0.590551 -0.255906,
        -0.137795 0.590551 -0.314961,
        -0.059055 0.590551 -0.255906,
        -0.059055 0.590551 -0.314961,
        0.137795 0.492126 -0.314961,
        0.137795 0.492126 -0.255906,
        0.137394 0.486523 -0.255906,
        0.137394 0.486523 -0.314961,
        0.136200 0.481034 -0.255906,
        0.136200 0.481034 -0.314961,
        0.134237 0.475771 -0.255906,
        0.134237 0.475771 -0.314961,
        0.131545 0.470841 -0.255906,
        0.131545 0.470841 -0.314961,
        0.128179 0.466344 -0.255906,
        0.128179 0.466344 -0.314961,
        0.124207 0.462372 -0.255906,
        0.124207 0.462372 -0.314961,
        0.119710 0.459006 -0.255906,
        0.119710 0.459006 -0.314961,
        0.114780 0.456314 -0.255906,
        0.114780 0.456314 -0.314961,
        0.109517 0.454351 -0.255906,
        0.109517 0.454351 -0.314961,
        0.104028 0.453157 -0.255906,
        0.104028 0.453157 -0.314961,
        0.098425 0.452756 -0.255906,
        0.098425 0.452756 -0.314961,
        0.092822 0.453157 -0.255906,
        0.092822 0.453157 -0.314961,
        0.087333 0.454351 -0.255906,
        0.087333 0.454351 -0.314961,
        0.082070 0.456314 -0.255906,
        0.082070 0.456314 -0.314961,
        0.077140 0.459006 -0.255906,
        0.077140 0.459006 -0.314961,
        0.072643 0.462372 -0.255906,
        0.072643 0.462372 -0.314961,
        0.068671 0.466344 -0.255906,
        0.068671 0.466344 -0.314961,
        0.065305 0.470841 -0.255906,
        0.065305 0.470841 -0.314961,
        0.062613 0.475771 -0.255906,
        0.062613 0.475771 -0.314961,
        0.060650 0.481034 -0.255906,
        0.060650 0.481034 -0.314961,
        0.059456 0.486523 -0.255906,
        0.059456 0.486523 -0.314961,
        0.059055 0.492126 -0.255906,
        0.059055 0.492126 -0.314961,
        0.059055 0.590551 -0.255906,
        0.059055 0.590551 -0.314961,
        0.137795 0.590551 -0.255906,
        0.137795 0.590551 -0.314961,
        0.334646 0.492126 -0.314961,
        0.334646 0.492126 -0.255906,
        0.334245 0.486523 -0.255906,
        0.334245 0.486523 -0.314961,
        0.333051 0.481034 -0.255906,
        0.333051 0.481034 -0.314961,
        0.331088 0.475771 -0.255906,
        0.331088 0.475771 -0.314961,
        0.328396 0.470841 -0.255906,
        0.328396 0.470841 -0.314961,
        0.325030 0.466344 -0.255906,
        0.325030 0.466344 -0.314961,
        0.321057 0.462372 -0.255906,
        0.321057 0.462372 -0.314961,
        0.316561 0.459006 -0.255906,
        0.316561 0.459006 -0.314961,
        0.311630 0.456314 -0.255906,
        0.311630 0.456314 -0.314961,
        0.306367 0.454351 -0.255906,
        0.306367 0.454351 -0.314961,
        0.300879 0.453157 -0.255906,
        0.300879 0.453157 -0.314961,
        0.295276 0.452756 -0.255906,
        0.295276 0.452756 -0.314961,
        0.289672 0.453157 -0.255906,
        0.289672 0.453157 -0.314961,
        0.284184 0.454351 -0.255906,
        0.284184 0.454351 -0.314961,
        0.278920 0.456314 -0.255906,
        0.278920 0.456314 -0.314961,
        0.273991 0.459006 -0.255906,
        0.273991 0.459006 -0.314961,
        0.269494 0.462372 -0.255906,
        0.269494 0.462372 -0.314961,
        0.265522 0.466344 -0.255906,
        0.265522 0.466344 -0.314961,
        0.262156 0.470841 -0.255906,
        0.262156 0.470841 -0.314961,
        0.259463 0.475771 -0.255906,
        0.259463 0.475771 -0.314961,
        0.257500 0.481034 -0.255906,
        0.257500 0.481034 -0.314961,
        0.256306 0.486523 -0.255906,
        0.256306 0.486523 -0.314961,
        0.255906 0.492126 -0.255906,
        0.255906 0.492126 -0.314961,
        0.255906 0.590551 -0.255906,
        0.255906 0.590551 -0.314961,
        0.334646 0.590551 -0.255906,
        0.334646 0.590551 -0.314961,
        0.255906 -0.492126 -0.314961,
        0.255906 -0.492126 -0.255906,
        0.256306 -0.486523 -0.255906,
        0.256306 -0.486523 -0.314961,
        0.257500 -0.481034 -0.255906,
        0.257500 -0.481034 -0.314961,
        0.259463 -0.475771 -0.255906,
        0.259463 -0.475771 -0.314961,
        0.262156 -0.470841 -0.255906,
        0.262156 -0.470841 -0.314961,
        0.265522 -0.466344 -0.255906,
        0.265522 -0.466344 -0.314961,
        0.269494 -0.462372 -0.255906,
        0.269494 -0.462372 -0.314961,
        0.273991 -0.459006 -0.255906,
        0.273991 -0.459006 -0.314961,
        0.278920 -0.456314 -0.255906,
        0.278920 -0.456314 -0.314961,
        0.284184 -0.454351 -0.255906,
        0.284184 -0.454351 -0.314961,
        0.289672 -0.453157 -0.255906,
        0.289672 -0.453157 -0.314961,
        0.295276 -0.452756 -0.255906,
        0.295276 -0.452756 -0.314961,
        0.300879 -0.453157 -0.255906,
        0.300879 -0.453157 -0.314961,
        0.306367 -0.454351 -0.255906,
        0.306367 -0.454351 -0.314961,
        0.311630 -0.456314 -0.255906,
        0.311630 -0.456314 -0.314961,
        0.316561 -0.459006 -0.255906,
        0.316561 -0.459006 -0.314961,
        0.321057 -0.462372 -0.255906,
        0.321057 -0.462372 -0.314961,
        0.325030 -0.466344 -0.255906,
        0.325030 -0.466344 -0.314961,
        0.328396 -0.470841 -0.255906,
        0.328396 -0.470841 -0.314961,
        0.331088 -0.475771 -0.255906,
        0.331088 -0.475771 -0.314961,
        0.333051 -0.481034 -0.255906,
        0.333051 -0.481034 -0.314961,
        0.334245 -0.486523 -0.255906,
        0.334245 -0.486523 -0.314961,
        0.334646 -0.492126 -0.255906,
        0.334646 -0.492126 -0.314961,
        0.334646 -0.590551 -0.255906,
        0.334646 -0.590551 -0.314961,
        0.255906 -0.590551 -0.255906,
        0.255906 -0.590551 -0.314961,
        0.059055 -0.492126 -0.314961,
        0.059055 -0.492126 -0.255906,
        0.059456 -0.486523 -0.255906,
        0.059456 -0.486523 -0.314961,
        0.060650 -0.481034 -0.255906,
        0.060650 -0.481034 -0.314961,
        0.062613 -0.475771 -0.255906,
        0.062613 -0.475771 -0.314961,
        0.065305 -0.470841 -0.255906,
        0.065305 -0.470841 -0.314961,
        0.068671 -0.466344 -0.255906,
        0.068671 -0.466344 -0.314961,
        0.072643 -0.462372 -0.255906,
        0.072643 -0.462372 -0.314961,
        0.077140 -0.459006 -0.255906,
        0.077140 -0.459006 -0.314961,
        0.082070 -0.456314 -0.255906,
        0.082070 -0.456314 -0.314961,
        0.087333 -0.454351 -0.255906,
        0.087333 -0.454351 -0.314961,
        0.092822 -0.453157 -0.255906,
        0.092822 -0.453157 -0.314961,
        0.098425 -0.452756 -0.255906,
        0.098425 -0.452756 -0.314961,
        0.104028 -0.453157 -0.255906,
        0.104028 -0.453157 -0.314961,
        0.109517 -0.454351 -0.255906,
        0.109517 -0.454351 -0.314961,
        0.114780 -0.456314 -0.255906,
        0.114780 -0.456314 -0.314961,
        0.119710 -0.459006 -0.255906,
        0.119710 -0.459006 -0.314961,
        0.124207 -0.462372 -0.255906,
        0.124207 -0.462372 -0.314961,
        0.128179 -0.466344 -0.255906,
        0.128179 -0.466344 -0.314961,
        0.131545 -0.470841 -0.255906,
        0.131545 -0.470841 -0.314961,
        0.134237 -0.475771 -0.255906,
        0.134237 -0.475771 -0.314961,
        0.136200 -0.481034 -0.255906,
        0.136200 -0.481034 -0.314961,
        0.137394 -0.486523 -0.255906,
        0.137394 -0.486523 -0.314961,
        0.137795 -0.492126 -0.255906,
        0.137795 -0.492126 -0.314961,
        0.137795 -0.590551 -0.255906,
        0.137795 -0.590551 -0.314961,
        0.059055 -0.590551 -0.255906,
        0.059055 -0.590551 -0.314961,
        -0.137795 -0.492126 -0.314961,
        -0.137795 -0.492126 -0.255906,
        -0.137394 -0.486523 -0.255906,
        -0.137394 -0.486523 -0.314961,
        -0.136200 -0.481034 -0.255906,
        -0.136200 -0.481034 -0.314961,
        -0.134237 -0.475771 -0.255906,
        -0.134237 -0.475771 -0.314961,
        -0.131545 -0.470841 -0.255906,
        -0.131545 -0.470841 -0.314961,
        -0.128179 -0.466344 -0.255906,
        -0.128179 -0.466344 -0.314961,
        -0.124207 -0.462372 -0.255906,
        -0.124207 -0.462372 -0.314961,
        -0.119710 -0.459006 -0.255906,
        -0.119710 -0.459006 -0.314961,
        -0.114780 -0.456314 -0.255906,
        -0.114780 -0.456314 -0.314961,
        -0.109517 -0.454351 -0.255906,
        -0.109517 -0.454351 -0.314961,
        -0.104028 -0.453157 -0.255906,
        -0.104028 -0.453157 -0.314961,
        -0.098425 -0.452756 -0.255906,
        -0.098425 -0.452756 -0.314961,
        -0.092822 -0.453157 -0.255906,
        -0.092822 -0.453157 -0.314961,
        -0.087333 -0.454351 -0.255906,
        -0.087333 -0.454351 -0.314961,
        -0.082070 -0.456314 -0.255906,
        -0.082070 -0.456314 -0.314961,
        -0.077140 -0.459006 -0.255906,
        -0.077140 -0.459006 -0.314961,
        -0.072643 -0.462372 -0.255906,
        -0.072643 -0.462372 -0.314961,
        -0.068671 -0.466344 -0.255906,
        -0.068671 -0.466344 -0.314961,
        -0.065305 -0.470841 -0.255906,
        -0.065305 -0.470841 -0.314961,
        -0.062613 -0.475771 -0.255906,
        -0.062613 -0.475771 -0.314961,
        -0.060650 -0.481034 -0.255906,
        -0.060650 -0.481034 -0.314961,
        -0.059456 -0.486523 -0.255906,
        -0.059456 -0.486523 -0.314961,
        -0.059055 -0.492126 -0.255906,
        -0.059055 -0.492126 -0.314961,
        -0.059055 -0.590551 -0.255906,
        -0.059055 -0.590551 -0.314961,
        -0.137795 -0.590551 -0.255906,
        -0.137795 -0.590551 -0.314961,
        -0.334646 -0.492126 -0.314961,
        -0.334646 -0.492126 -0.255906,
        -0.334245 -0.486523 -0.255906,
        -0.334245 -0.486523 -0.314961,
        -0.333051 -0.481034 -0.255906,
        -0.333051 -0.481034 -0.314961,
        -0.331088 -0.475771 -0.255906,
        -0.331088 -0.475771 -0.314961,
        -0.328396 -0.470841 -0.255906,
        -0.328396 -0.470841 -0.314961,
        -0.325030 -0.466344 -0.255906,
        -0.325030 -0.466344 -0.314961,
        -0.321057 -0.462372 -0.255906,
        -0.321057 -0.462372 -0.314961,
        -0.316561 -0.459006 -0.255906,
        -0.316561 -0.459006 -0.314961,
        -0.311630 -0.456314 -0.255906,
        -0.311630 -0.456314 -0.314961,
        -0.306367 -0.454351 -0.255906,
        -0.306367 -0.454351 -0.314961,
        -0.300879 -0.453157 -0.255906,
        -0.300879 -0.453157 -0.314961,
        -0.295276 -0.452756 -0.255906,
        -0.295276 -0.452756 -0.314961,
        -0.289672 -0.453157 -0.255906,
        -0.289672 -0.453157 -0.314961,
        -0.284184 -0.454351 -0.255906,
        -0.284184 -0.454351 -0.314961,
        -0.278920 -0.456314 -0.255906,
        -0.278920 -0.456314 -0.314961,
        -0.273991 -0.459006 -0.255906,
        -0.273991 -0.459006 -0.314961,
        -0.269494 -0.462372 -0.255906,
        -0.269494 -0.462372 -0.314961,
        -0.265522 -0.466344 -0.255906,
        -0.265522 -0.466344 -0.314961,
        -0.262156 -0.470841 -0.255906,
        -0.262156 -0.470841 -0.314961,
        -0.259463 -0.475771 -0.255906,
        -0.259463 -0.475771 -0.314961,
        -0.257500 -0.481034 -0.255906,
        -0.257500 -0.481034 -0.314961,
        -0.256306 -0.486523 -0.255906,
        -0.256306 -0.486523 -0.314961,
        -0.255906 -0.492126 -0.255906,
        -0.255906 -0.492126 -0.314961,
        -0.255906 -0.590551 -0.255906,
        -0.255906 -0.590551 -0.314961,
        -0.334646 -0.590551 -0.255906,
        -0.334646 -0.590551 -0.314961,
        -0.492126 0.334646 -0.314961,
        -0.492126 0.334646 -0.255906,
        -0.486523 0.334245 -0.255906,
        -0.486523 0.334245 -0.314961,
        -0.481034 0.333051 -0.255906,
        -0.481034 0.333051 -0.314961,
        -0.475771 0.331088 -0.255906,
        -0.475771 0.331088 -0.314961,
        -0.470841 0.328396 -0.255906,
        -0.470841 0.328396 -0.314961,
        -0.466344 0.325030 -0.255906,
        -0.466344 0.325030 -0.314961,
        -0.462372 0.321057 -0.255906,
        -0.462372 0.321057 -0.314961,
        -0.459006 0.316561 -0.255906,
        -0.459006 0.316561 -0.314961,
        -0.456314 0.311630 -0.255906,
        -0.456314 0.311630 -0.314961,
        -0.454351 0.306367 -0.255906,
        -0.454351 0.306367 -0.314961,
        -0.453157 0.300879 -0.255906,
        -0.453157 0.300879 -0.314961,
        -0.452756 0.295276 -0.255906,
        -0.452756 0.295276 -0.314961,
        -0.453157 0.289672 -0.255906,
        -0.453157 0.289672 -0.314961,
        -0.454351 0.284184 -0.255906,
        -0.454351 0.284184 -0.314961,
        -0.456314 0.278920 -0.255906,
        -0.456314 0.278920 -0.314961,
        -0.459006 0.273991 -0.255906,
        -0.459006 0.273991 -0.314961,
        -0.462372 0.269494 -0.255906,
        -0.462372 0.269494 -0.314961,
        -0.466344 0.265522 -0.255906,
        -0.466344 0.265522 -0.314961,
        -0.470841 0.262156 -0.255906,
        -0.470841 0.262156 -0.314961,
        -0.475771 0.259463 -0.255906,
        -0.475771 0.259463 -0.314961,
        -0.481034 0.257500 -0.255906,
        -0.481034 0.257500 -0.314961,
        -0.486523 0.256306 -0.255906,
        -0.486523 0.256306 -0.314961,
        -0.492126 0.255906 -0.255906,
        -0.492126 0.255906 -0.314961,
        -0.590551 0.255906 -0.255906,
        -0.590551 0.255906 -0.314961,
        -0.590551 0.334646 -0.255906,
        -0.590551 0.334646 -0.314961,
        -0.492126 0.137795 -0.314961,
        -0.492126 0.137795 -0.255906,
        -0.486523 0.137394 -0.255906,
        -0.486523 0.137394 -0.314961,
        -0.481034 0.136200 -0.255906,
        -0.481034 0.136200 -0.314961,
        -0.475771 0.134237 -0.255906,
        -0.475771 0.134237 -0.314961,
        -0.470841 0.131545 -0.255906,
        -0.470841 0.131545 -0.314961,
        -0.466344 0.128179 -0.255906,
        -0.466344 0.128179 -0.314961,
        -0.462372 0.124207 -0.255906,
        -0.462372 0.124207 -0.314961,
        -0.459006 0.119710 -0.255906,
        -0.459006 0.119710 -0.314961,
        -0.456314 0.114780 -0.255906,
        -0.456314 0.114780 -0.314961,
        -0.454351 0.109517 -0.255906,
        -0.454351 0.109517 -0.314961,
        -0.453157 0.104028 -0.255906,
        -0.453157 0.104028 -0.314961,
        -0.452756 0.098425 -0.255906,
        -0.452756 0.098425 -0.314961,
        -0.453157 0.092822 -0.255906,
        -0.453157 0.092822 -0.314961,
        -0.454351 0.087333 -0.255906,
        -0.454351 0.087333 -0.314961,
        -0.456314 0.082070 -0.255906,
        -0.456314 0.082070 -0.314961,
        -0.459006 0.077140 -0.255906,
        -0.459006 0.077140 -0.314961,
        -0.462372 0.072643 -0.255906,
        -0.462372 0.072643 -0.314961,
        -0.466344 0.068671 -0.255906,
        -0.466344 0.068671 -0.314961,
        -0.470841 0.065305 -0.255906,
        -0.470841 0.065305 -0.314961,
        -0.475771 0.062613 -0.255906,
        -0.475771 0.062613 -0.314961,
        -0.481034 0.060650 -0.255906,
        -0.481034 0.060650 -0.314961,
        -0.486523 0.059456 -0.255906,
        -0.486523 0.059456 -0.314961,
        -0.492126 0.059055 -0.255906,
        -0.492126 0.059055 -0.314961,
        -0.590551 0.059055 -0.255906,
        -0.590551 0.059055 -0.314961,
        -0.590551 0.137795 -0.255906,
        -0.590551 0.137795 -0.314961,
        -0.492126 -0.059055 -0.314961,
        -0.492126 -0.059055 -0.255906,
        -0.486523 -0.059456 -0.255906,
        -0.486523 -0.059456 -0.314961,
        -0.481034 -0.060650 -0.255906,
        -0.481034 -0.060650 -0.314961,
        -0.475771 -0.062613 -0.255906,
        -0.475771 -0.062613 -0.314961,
        -0.470841 -0.065305 -0.255906,
        -0.470841 -0.065305 -0.314961,
        -0.466344 -0.068671 -0.255906,
        -0.466344 -0.068671 -0.314961,
        -0.462372 -0.072643 -0.255906,
        -0.462372 -0.072643 -0.314961,
        -0.459006 -0.077140 -0.255906,
        -0.459006 -0.077140 -0.314961,
        -0.456314 -0.082070 -0.255906,
        -0.456314 -0.082070 -0.314961,
        -0.454351 -0.087333 -0.255906,
        -0.454351 -0.087333 -0.314961,
        -0.453157 -0.092822 -0.255906,
        -0.453157 -0.092822 -0.314961,
        -0.452756 -0.098425 -0.255906,
        -0.452756 -0.098425 -0.314961,
        -0.453157 -0.104028 -0.255906,
        -0.453157 -0.104028 -0.314961,
        -0.454351 -0.109517 -0.255906,
        -0.454351 -0.109517 -0.314961,
        -0.456314 -0.114780 -0.255906,
        -0.456314 -0.114780 -0.314961,
        -0.459006 -0.119710 -0.255906,
        -0.459006 -0.119710 -0.314961,
        -0.462372 -0.124207 -0.255906,
        -0.462372 -0.124207 -0.314961,
        -0.466344 -0.128179 -0.255906,
        -0.466344 -0.128179 -0.314961,
        -0.470841 -0.131545 -0.255906,
        -0.470841 -0.131545 -0.314961,
        -0.475771 -0.134237 -0.255906,
        -0.475771 -0.134237 -0.314961,
        -0.481034 -0.136200 -0.255906,
        -0.481034 -0.136200 -0.314961,
        -0.486523 -0.137394 -0.255906,
        -0.486523 -0.137394 -0.314961,
        -0.492126 -0.137795 -0.255906,
        -0.492126 -0.137795 -0.314961,
        -0.590551 -0.137795 -0.255906,
        -0.590551 -0.137795 -0.314961,
        -0.590551 -0.059055 -0.255906,
        -0.590551 -0.059055 -0.314961,
        -0.492126 -0.255906 -0.314961,
        -0.492126 -0.255906 -0.255906,
        -0.486523 -0.256306 -0.255906,
        -0.486523 -0.256306 -0.314961,
        -0.481034 -0.257500 -0.255906,
        -0.481034 -0.257500 -0.314961,
        -0.475771 -0.259463 -0.255906,
        -0.475771 -0.259463 -0.314961,
        -0.470841 -0.262156 -0.255906,
        -0.470841 -0.262156 -0.314961,
        -0.466344 -0.265522 -0.255906,
        -0.466344 -0.265522 -0.314961,
        -0.462372 -0.269494 -0.255906,
        -0.462372 -0.269494 -0.314961,
        -0.459006 -0.273991 -0.255906,
        -0.459006 -0.273991 -0.314961,
        -0.456314 -0.278920 -0.255906,
        -0.456314 -0.278920 -0.314961,
        -0.454351 -0.284184 -0.255906,
        -0.454351 -0.284184 -0.314961,
        -0.453157 -0.289672 -0.255906,
        -0.453157 -0.289672 -0.314961,
        -0.452756 -0.295276 -0.255906,
        -0.452756 -0.295276 -0.314961,
        -0.453157 -0.300879 -0.255906,
        -0.453157 -0.300879 -0.314961,
        -0.454351 -0.306367 -0.255906,
        -0.454351 -0.306367 -0.314961,
        -0.456314 -0.311630 -0.255906,
        -0.456314 -0.311630 -0.314961,
        -0.459006 -0.316561 -0.255906,
        -0.459006 -0.316561 -0.314961,
        -0.462372 -0.321057 -0.255906,
        -0.462372 -0.321057 -0.314961,
        -0.466344 -0.325030 -0.255906,
        -0.466344 -0.325030 -0.314961,
        -0.470841 -0.328396 -0.255906,
        -0.470841 -0.328396 -0.314961,
        -0.475771 -0.331088 -0.255906,
        -0.475771 -0.331088 -0.314961,
        -0.481034 -0.333051 -0.255906,
        -0.481034 -0.333051 -0.314961,
        -0.486523 -0.334245 -0.255906,
        -0.486523 -0.334245 -0.314961,
        -0.492126 -0.334646 -0.255906,
        -0.492126 -0.334646 -0.314961,
        -0.590551 -0.334646 -0.255906,
        -0.590551 -0.334646 -0.314961,
        -0.590551 -0.255906 -0.255906,
        -0.590551 -0.255906 -0.314961,
        0.492126 -0.334646 -0.314961,
        0.492126 -0.334646 -0.255906,
        0.486523 -0.334245 -0.255906,
        0.486523 -0.334245 -0.314961,
        0.481034 -0.333051 -0.255906,
        0.481034 -0.333051 -0.314961,
        0.475771 -0.331088 -0.255906,
        0.475771 -0.331088 -0.314961,
        0.470841 -0.328396 -0.255906,
        0.470841 -0.328396 -0.314961,
        0.466344 -0.325030 -0.255906,
        0.466344 -0.325030 -0.314961,
        0.462372 -0.321057 -0.255906,
        0.462372 -0.321057 -0.314961,
        0.459006 -0.316561 -0.255906,
        0.459006 -0.316561 -0.314961,
        0.456314 -0.311630 -0.255906,
        0.456314 -0.311630 -0.314961,
        0.454351 -0.306367 -0.255906,
        0.454351 -0.306367 -0.314961,
        0.453157 -0.300879 -0.255906,
        0.453157 -0.300879 -0.314961,
        0.452756 -0.295276 -0.255906,
        0.452756 -0.295276 -0.314961,
        0.453157 -0.289672 -0.255906,
        0.453157 -0.289672 -0.314961,
        0.454351 -0.284184 -0.255906,
        0.454351 -0.284184 -0.314961,
        0.456314 -0.278920 -0.255906,
        0.456314 -0.278920 -0.314961,
        0.459006 -0.273991 -0.255906,
        0.459006 -0.273991 -0.314961,
        0.462372 -0.269494 -0.255906,
        0.462372 -0.269494 -0.314961,
        0.466344 -0.265522 -0.255906,
        0.466344 -0.265522 -0.314961,
        0.470841 -0.262156 -0.255906,
        0.470841 -0.262156 -0.314961,
        0.475771 -0.259463 -0.255906,
        0.475771 -0.259463 -0.314961,
        0.481034 -0.257500 -0.255906,
        0.481034 -0.257500 -0.314961,
        0.486523 -0.256306 -0.255906,
        0.486523 -0.256306 -0.314961,
        0.492126 -0.255906 -0.255906,
        0.492126 -0.255906 -0.314961,
        0.590551 -0.255906 -0.255906,
        0.590551 -0.255906 -0.314961,
        0.590551 -0.334646 -0.255906,
        0.590551 -0.334646 -0.314961,
        0.492126 -0.137795 -0.314961,
        0.492126 -0.137795 -0.255906,
        0.486523 -0.137394 -0.255906,
        0.486523 -0.137394 -0.314961,
        0.481034 -0.136200 -0.255906,
        0.481034 -0.136200 -0.314961,
        0.475771 -0.134237 -0.255906,
        0.475771 -0.134237 -0.314961,
        0.470841 -0.131545 -0.255906,
        0.470841 -0.131545 -0.314961,
        0.466344 -0.128179 -0.255906,
        0.466344 -0.128179 -0.314961,
        0.462372 -0.124207 -0.255906,
        0.462372 -0.124207 -0.314961,
        0.459006 -0.119710 -0.255906,
        0.459006 -0.119710 -0.314961,
        0.456314 -0.114780 -0.255906,
        0.456314 -0.114780 -0.314961,
        0.454351 -0.109517 -0.255906,
        0.454351 -0.109517 -0.314961,
        0.453157 -0.104028 -0.255906,
        0.453157 -0.104028 -0.314961,
        0.452756 -0.098425 -0.255906,
        0.452756 -0.098425 -0.314961,
        0.453157 -0.092822 -0.255906,
        0.453157 -0.092822 -0.314961,
        0.454351 -0.087333 -0.255906,
        0.454351 -0.087333 -0.314961,
        0.456314 -0.082070 -0.255906,
        0.456314 -0.082070 -0.314961,
        0.459006 -0.077140 -0.255906,
        0.459006 -0.077140 -0.314961,
        0.462372 -0.072643 -0.255906,
        0.462372 -0.072643 -0.314961,
        0.466344 -0.068671 -0.255906,
        0.466344 -0.068671 -0.314961,
        0.470841 -0.065305 -0.255906,
        0.470841 -0.065305 -0.314961,
        0.475771 -0.062613 -0.255906,
        0.475771 -0.062613 -0.314961,
        0.481034 -0.060650 -0.255906,
        0.481034 -0.060650 -0.314961,
        0.486523 -0.059456 -0.255906,
        0.486523 -0.059456 -0.314961,
        0.492126 -0.059055 -0.255906,
        0.492126 -0.059055 -0.314961,
        0.590551 -0.059055 -0.255906,
        0.590551 -0.059055 -0.314961,
        0.590551 -0.137795 -0.255906,
        0.590551 -0.137795 -0.314961,
        0.492126 0.059055 -0.314961,
        0.492126 0.059055 -0.255906,
        0.486523 0.059456 -0.255906,
        0.486523 0.059456 -0.314961,
        0.481034 0.060650 -0.255906,
        0.481034 0.060650 -0.314961,
        0.475771 0.062613 -0.255906,
        0.475771 0.062613 -0.314961,
        0.470841 0.065305 -0.255906,
        0.470841 0.065305 -0.314961,
        0.466344 0.068671 -0.255906,
        0.466344 0.068671 -0.314961,
        0.462372 0.072643 -0.255906,
        0.462372 0.072643 -0.314961,
        0.459006 0.077140 -0.255906,
        0.459006 0.077140 -0.314961,
        0.456314 0.082070 -0.255906,
        0.456314 0.082070 -0.314961,
        0.454351 0.087333 -0.255906,
        0.454351 0.087333 -0.314961,
        0.453157 0.092822 -0.255906,
        0.453157 0.092822 -0.314961,
        0.452756 0.098425 -0.255906,
        0.452756 0.098425 -0.314961,
        0.453157 0.104028 -0.255906,
        0.453157 0.104028 -0.314961,
        0.454351 0.109517 -0.255906,
        0.454351 0.109517 -0.314961,
        0.456314 0.114780 -0.255906,
        0.456314 0.114780 -0.314961,
        0.459006 0.119710 -0.255906,
        0.459006 0.119710 -0.314961,
        0.462372 0.124207 -0.255906,
        0.462372 0.124207 -0.314961,
        0.466344 0.128179 -0.255906,
        0.466344 0.128179 -0.314961,
        0.470841 0.131545 -0.255906,
        0.470841 0.131545 -0.314961,
        0.475771 0.134237 -0.255906,
        0.475771 0.134237 -0.314961,
        0.481034 0.136200 -0.255906,
        0.481034 0.136200 -0.314961,
        0.486523 0.137394 -0.255906,
        0.486523 0.137394 -0.314961,
        0.492126 0.137795 -0.255906,
        0.492126 0.137795 -0.314961,
        0.590551 0.137795 -0.255906,
        0.590551 0.137795 -0.314961,
        0.590551 0.059055 -0.255906,
        0.590551 0.059055 -0.314961,
        0.590551 0.334646 -0.255906,
        0.590551 0.334646 -0.314961,
        0.492126 0.334646 -0.255906,
        0.492126 0.334646 -0.314961,
        0.590551 0.255906 -0.255906,
        0.590551 0.255906 -0.314961,
        0.492126 0.255906 -0.255906,
        0.492126 0.255906 -0.314961,
        0.486523 0.256306 -0.255906,
        0.486523 0.256306 -0.314961,
        0.481034 0.257500 -0.255906,
        0.481034 0.257500 -0.314961,
        0.475771 0.259463 -0.255906,
        0.475771 0.259463 -0.314961,
        0.470841 0.262156 -0.255906,
        0.470841 0.262156 -0.314961,
        0.466344 0.265522 -0.255906,
        0.466344 0.265522 -0.314961,
        0.462372 0.269494 -0.255906,
        0.462372 0.269494 -0.314961,
        0.459006 0.273991 -0.255906,
        0.459006 0.273991 -0.314961,
        0.456314 0.278920 -0.255906,
        0.456314 0.278920 -0.314961,
        0.454351 0.284184 -0.255906,
        0.454351 0.284184 -0.314961,
        0.453157 0.289672 -0.255906,
        0.453157 0.289672 -0.314961,
        0.452756 0.295276 -0.255906,
        0.452756 0.295276 -0.314961,
        0.453157 0.300879 -0.255906,
        0.453157 0.300879 -0.314961,
        0.454351 0.306367 -0.255906,
        0.454351 0.306367 -0.314961,
        0.456314 0.311630 -0.255906,
        0.456314 0.311630 -0.314961,
        0.459006 0.316561 -0.255906,
        0.459006 0.316561 -0.314961,
        0.462372 0.321057 -0.255906,
        0.462372 0.321057 -0.314961,
        0.466344 0.325030 -0.255906,
        0.466344 0.325030 -0.314961,
        0.470841 0.328396 -0.255906,
        0.470841 0.328396 -0.314961,
        0.475771 0.331088 -0.255906,
        0.475771 0.331088 -0.314961,
        0.481034 0.333051 -0.255906,
        0.481034 0.333051 -0.314961,
        0.486523 0.334245 -0.255906,
        0.486523 0.334245 -0.314961,
        0.326772 -0.326772 -0.255906,
        0.326772 -0.326772 -0.314961,
        0.326772 0.326772 -0.255906,
        0.326772 0.326772 -0.314961,
        -0.326772 -0.326772 -0.255906,
        -0.326772 -0.326772 -0.314961,
        -0.326772 0.188976 -0.255906,
        -0.326772 0.188976 -0.314961,
        -0.188976 0.326772 -0.255906,
        -0.188976 0.326772 -0.314961,
      ]
    }
    coordIndex [
      0, 1, 2, -1,
      0, 2, 3, -1,
      3, 2, 4, -1,
      3, 4, 5, -1,
      5, 4, 6, -1,
      5, 6, 7, -1,
      7, 6, 8, -1,
      7, 8, 9, -1,
      9, 8, 10, -1,
      9, 10, 11, -1,
      11, 10, 12, -1,
      11, 12, 13, -1,
      13, 12, 14, -1,
      13, 14, 15, -1,
      15, 14, 16, -1,
      15, 16, 17, -1,
      17, 16, 18, -1,
      17, 18, 19, -1,
      19, 18, 20, -1,
      19, 20, 21, -1,
      21, 20, 22, -1,
      21, 22, 23, -1,
      23, 22, 24, -1,
      23, 24, 25, -1,
      25, 24, 26, -1,
      25, 26, 27, -1,
      27, 26, 28, -1,
      27, 28, 29, -1,
      29, 28, 30, -1,
      29, 30, 31, -1,
      31, 30, 32, -1,
      31, 32, 33, -1,
      33, 32, 34, -1,
      33, 34, 35, -1,
      35, 34, 36, -1,
      35, 36, 37, -1,
      37, 36, 38, -1,
      37, 38, 39, -1,
      39, 38, 40, -1,
      39, 40, 41, -1,
      41, 40, 42, -1,
      41, 42, 43, -1,
      43, 42, 44, -1,
      43, 44, 45, -1,
      46, 47, 44, -1,
      44, 47, 45, -1,
      48, 49, 46, -1,
      46, 49, 47, -1,
      1, 0, 48, -1,
      48, 0, 49, -1,
      47, 49, 45, -1,
      45, 49, 0, -1,
      13, 15, 45, -1,
      45, 15, 17, -1,
      45, 17, 19, -1,
      0, 3, 45, -1,
      45, 3, 5, -1,
      45, 5, 7, -1,
      19, 21, 45, -1,
      45, 21, 23, -1,
      45, 23, 25, -1,
      25, 27, 45, -1,
      45, 27, 29, -1,
      45, 29, 31, -1,
      41, 35, 39, -1,
      39, 35, 37, -1,
      31, 33, 45, -1,
      45, 33, 35, -1,
      45, 35, 43, -1,
      43, 35, 41, -1,
      7, 9, 45, -1,
      45, 9, 11, -1,
      45, 11, 13, -1,
      48, 46, 1, -1,
      1, 46, 44, -1,
      32, 30, 1, -1,
      44, 42, 1, -1,
      1, 42, 40, -1,
      1, 40, 38, -1,
      30, 28, 1, -1,
      1, 28, 26, -1,
      1, 26, 24, -1,
      38, 36, 1, -1,
      1, 36, 34, -1,
      1, 34, 32, -1,
      24, 22, 1, -1,
      1, 22, 20, -1,
      1, 20, 18, -1,
      18, 16, 1, -1,
      1, 16, 14, -1,
      1, 14, 2, -1,
      2, 14, 4, -1,
      14, 12, 4, -1,
      4, 12, 10, -1,
      4, 10, 6, -1,
      6, 10, 8, -1,
      50, 51, 52, -1,
      50, 52, 53, -1,
      53, 52, 54, -1,
      53, 54, 55, -1,
      55, 54, 56, -1,
      55, 56, 57, -1,
      57, 56, 58, -1,
      57, 58, 59, -1,
      59, 58, 60, -1,
      59, 60, 61, -1,
      61, 60, 62, -1,
      61, 62, 63, -1,
      63, 62, 64, -1,
      63, 64, 65, -1,
      65, 64, 66, -1,
      65, 66, 67, -1,
      67, 66, 68, -1,
      67, 68, 69, -1,
      69, 68, 70, -1,
      69, 70, 71, -1,
      71, 70, 72, -1,
      71, 72, 73, -1,
      73, 72, 74, -1,
      73, 74, 75, -1,
      75, 74, 76, -1,
      75, 76, 77, -1,
      77, 76, 78, -1,
      77, 78, 79, -1,
      79, 78, 80, -1,
      79, 80, 81, -1,
      81, 80, 82, -1,
      81, 82, 83, -1,
      83, 82, 84, -1,
      83, 84, 85, -1,
      85, 84, 86, -1,
      85, 86, 87, -1,
      87, 86, 88, -1,
      87, 88, 89, -1,
      89, 88, 90, -1,
      89, 90, 91, -1,
      91, 90, 92, -1,
      91, 92, 93, -1,
      93, 92, 94, -1,
      93, 94, 95, -1,
      96, 97, 94, -1,
      94, 97, 95, -1,
      98, 99, 96, -1,
      96, 99, 97, -1,
      51, 50, 98, -1,
      98, 50, 99, -1,
      95, 97, 99, -1,
      73, 75, 95, -1,
      61, 63, 95, -1,
      95, 63, 65, -1,
      95, 65, 67, -1,
      67, 69, 95, -1,
      95, 69, 71, -1,
      95, 71, 73, -1,
      99, 50, 95, -1,
      95, 50, 53, -1,
      95, 53, 55, -1,
      75, 77, 95, -1,
      95, 77, 79, -1,
      95, 79, 81, -1,
      55, 57, 95, -1,
      95, 57, 59, -1,
      95, 59, 61, -1,
      83, 91, 81, -1,
      81, 91, 93, -1,
      81, 93, 95, -1,
      83, 85, 91, -1,
      91, 85, 87, -1,
      91, 87, 89, -1,
      51, 98, 96, -1,
      72, 70, 51, -1,
      96, 94, 51, -1,
      51, 94, 92, -1,
      51, 92, 90, -1,
      78, 76, 51, -1,
      51, 76, 74, -1,
      51, 74, 72, -1,
      84, 82, 51, -1,
      51, 82, 80, -1,
      51, 80, 78, -1,
      70, 68, 51, -1,
      51, 68, 66, -1,
      51, 66, 64, -1,
      90, 88, 51, -1,
      51, 88, 86, -1,
      51, 86, 84, -1,
      56, 54, 58, -1,
      58, 54, 60, -1,
      64, 62, 51, -1,
      51, 62, 60, -1,
      51, 60, 52, -1,
      52, 60, 54, -1,
      100, 101, 102, -1,
      100, 102, 103, -1,
      103, 102, 104, -1,
      103, 104, 105, -1,
      105, 104, 106, -1,
      105, 106, 107, -1,
      107, 106, 108, -1,
      107, 108, 109, -1,
      109, 108, 110, -1,
      109, 110, 111, -1,
      111, 110, 112, -1,
      111, 112, 113, -1,
      113, 112, 114, -1,
      113, 114, 115, -1,
      115, 114, 116, -1,
      115, 116, 117, -1,
      117, 116, 118, -1,
      117, 118, 119, -1,
      119, 118, 120, -1,
      119, 120, 121, -1,
      121, 120, 122, -1,
      121, 122, 123, -1,
      123, 122, 124, -1,
      123, 124, 125, -1,
      125, 124, 126, -1,
      125, 126, 127, -1,
      127, 126, 128, -1,
      127, 128, 129, -1,
      129, 128, 130, -1,
      129, 130, 131, -1,
      131, 130, 132, -1,
      131, 132, 133, -1,
      133, 132, 134, -1,
      133, 134, 135, -1,
      135, 134, 136, -1,
      135, 136, 137, -1,
      137, 136, 138, -1,
      137, 138, 139, -1,
      139, 138, 140, -1,
      139, 140, 141, -1,
      141, 140, 142, -1,
      141, 142, 143, -1,
      143, 142, 144, -1,
      143, 144, 145, -1,
      146, 147, 144, -1,
      144, 147, 145, -1,
      148, 149, 146, -1,
      146, 149, 147, -1,
      101, 100, 148, -1,
      148, 100, 149, -1,
      147, 149, 145, -1,
      145, 149, 100, -1,
      113, 115, 145, -1,
      145, 115, 117, -1,
      117, 119, 145, -1,
      145, 119, 121, -1,
      145, 121, 123, -1,
      100, 103, 145, -1,
      145, 103, 105, -1,
      145, 105, 107, -1,
      123, 125, 145, -1,
      145, 125, 127, -1,
      145, 127, 129, -1,
      129, 131, 145, -1,
      145, 131, 133, -1,
      145, 133, 135, -1,
      107, 109, 145, -1,
      145, 109, 111, -1,
      145, 111, 113, -1,
      135, 137, 139, -1,
      139, 141, 135, -1,
      135, 141, 143, -1,
      135, 143, 145, -1,
      138, 136, 134, -1,
      132, 130, 144, -1,
      144, 130, 128, -1,
      122, 120, 144, -1,
      144, 120, 118, -1,
      144, 118, 116, -1,
      116, 114, 144, -1,
      144, 114, 112, -1,
      144, 112, 110, -1,
      128, 126, 144, -1,
      144, 126, 124, -1,
      144, 124, 122, -1,
      148, 146, 101, -1,
      101, 146, 144, -1,
      101, 144, 102, -1,
      102, 144, 104, -1,
      138, 134, 140, -1,
      110, 108, 144, -1,
      144, 108, 106, -1,
      144, 106, 104, -1,
      132, 144, 134, -1,
      134, 144, 142, -1,
      134, 142, 140, -1,
      150, 151, 152, -1,
      150, 152, 153, -1,
      153, 152, 154, -1,
      153, 154, 155, -1,
      155, 154, 156, -1,
      155, 156, 157, -1,
      157, 156, 158, -1,
      157, 158, 159, -1,
      159, 158, 160, -1,
      159, 160, 161, -1,
      161, 160, 162, -1,
      161, 162, 163, -1,
      163, 162, 164, -1,
      163, 164, 165, -1,
      165, 164, 166, -1,
      165, 166, 167, -1,
      167, 166, 168, -1,
      167, 168, 169, -1,
      169, 168, 170, -1,
      169, 170, 171, -1,
      171, 170, 172, -1,
      171, 172, 173, -1,
      173, 172, 174, -1,
      173, 174, 175, -1,
      175, 174, 176, -1,
      175, 176, 177, -1,
      177, 176, 178, -1,
      177, 178, 179, -1,
      179, 178, 180, -1,
      179, 180, 181, -1,
      181, 180, 182, -1,
      181, 182, 183, -1,
      183, 182, 184, -1,
      183, 184, 185, -1,
      185, 184, 186, -1,
      185, 186, 187, -1,
      187, 186, 188, -1,
      187, 188, 189, -1,
      189, 188, 190, -1,
      189, 190, 191, -1,
      191, 190, 192, -1,
      191, 192, 193, -1,
      193, 192, 194, -1,
      193, 194, 195, -1,
      196, 197, 194, -1,
      194, 197, 195, -1,
      198, 199, 196, -1,
      196, 199, 197, -1,
      151, 150, 198, -1,
      198, 150, 199, -1,
      197, 199, 195, -1,
      195, 199, 150, -1,
      163, 165, 195, -1,
      195, 165, 167, -1,
      195, 167, 169, -1,
      150, 153, 195, -1,
      195, 153, 155, -1,
      195, 155, 157, -1,
      169, 171, 195, -1,
      195, 171, 173, -1,
      195, 173, 175, -1,
      175, 177, 195, -1,
      195, 177, 179, -1,
      195, 179, 181, -1,
      191, 185, 189, -1,
      189, 185, 187, -1,
      181, 183, 195, -1,
      195, 183, 185, -1,
      195, 185, 193, -1,
      193, 185, 191, -1,
      157, 159, 195, -1,
      195, 159, 161, -1,
      195, 161, 163, -1,
      198, 196, 151, -1,
      151, 196, 194, -1,
      182, 180, 151, -1,
      194, 192, 151, -1,
      151, 192, 190, -1,
      151, 190, 188, -1,
      180, 178, 151, -1,
      151, 178, 176, -1,
      151, 176, 174, -1,
      188, 186, 151, -1,
      151, 186, 184, -1,
      151, 184, 182, -1,
      174, 172, 151, -1,
      151, 172, 170, -1,
      151, 170, 168, -1,
      168, 166, 151, -1,
      151, 166, 164, -1,
      151, 164, 152, -1,
      152, 164, 154, -1,
      164, 162, 154, -1,
      154, 162, 160, -1,
      154, 160, 156, -1,
      156, 160, 158, -1,
      200, 201, 202, -1,
      200, 202, 203, -1,
      203, 202, 204, -1,
      203, 204, 205, -1,
      205, 204, 206, -1,
      205, 206, 207, -1,
      207, 206, 208, -1,
      207, 208, 209, -1,
      209, 208, 210, -1,
      209, 210, 211, -1,
      211, 210, 212, -1,
      211, 212, 213, -1,
      213, 212, 214, -1,
      213, 214, 215, -1,
      215, 214, 216, -1,
      215, 216, 217, -1,
      217, 216, 218, -1,
      217, 218, 219, -1,
      219, 218, 220, -1,
      219, 220, 221, -1,
      221, 220, 222, -1,
      221, 222, 223, -1,
      223, 222, 224, -1,
      223, 224, 225, -1,
      225, 224, 226, -1,
      225, 226, 227, -1,
      227, 226, 228, -1,
      227, 228, 229, -1,
      229, 228, 230, -1,
      229, 230, 231, -1,
      231, 230, 232, -1,
      231, 232, 233, -1,
      233, 232, 234, -1,
      233, 234, 235, -1,
      235, 234, 236, -1,
      235, 236, 237, -1,
      237, 236, 238, -1,
      237, 238, 239, -1,
      239, 238, 240, -1,
      239, 240, 241, -1,
      241, 240, 242, -1,
      241, 242, 243, -1,
      243, 242, 244, -1,
      243, 244, 245, -1,
      246, 247, 244, -1,
      244, 247, 245, -1,
      248, 249, 246, -1,
      246, 249, 247, -1,
      201, 200, 248, -1,
      248, 200, 249, -1,
      247, 249, 245, -1,
      245, 249, 200, -1,
      200, 203, 245, -1,
      245, 203, 205, -1,
      245, 205, 207, -1,
      213, 215, 245, -1,
      245, 215, 217, -1,
      245, 217, 219, -1,
      207, 209, 245, -1,
      245, 209, 211, -1,
      245, 211, 213, -1,
      219, 221, 245, -1,
      245, 221, 223, -1,
      245, 223, 225, -1,
      225, 227, 245, -1,
      245, 227, 229, -1,
      245, 229, 231, -1,
      241, 235, 239, -1,
      239, 235, 237, -1,
      231, 233, 245, -1,
      245, 233, 235, -1,
      245, 235, 243, -1,
      243, 235, 241, -1,
      248, 246, 201, -1,
      201, 246, 244, -1,
      244, 242, 201, -1,
      201, 242, 240, -1,
      201, 240, 238, -1,
      232, 230, 201, -1,
      201, 230, 228, -1,
      201, 228, 226, -1,
      238, 236, 201, -1,
      201, 236, 234, -1,
      201, 234, 232, -1,
      226, 224, 201, -1,
      201, 224, 222, -1,
      201, 222, 220, -1,
      220, 218, 201, -1,
      201, 218, 216, -1,
      201, 216, 214, -1,
      204, 210, 206, -1,
      206, 210, 208, -1,
      214, 212, 201, -1,
      201, 212, 210, -1,
      201, 210, 202, -1,
      202, 210, 204, -1,
      250, 251, 252, -1,
      250, 252, 253, -1,
      253, 252, 254, -1,
      253, 254, 255, -1,
      255, 254, 256, -1,
      255, 256, 257, -1,
      257, 256, 258, -1,
      257, 258, 259, -1,
      259, 258, 260, -1,
      259, 260, 261, -1,
      261, 260, 262, -1,
      261, 262, 263, -1,
      263, 262, 264, -1,
      263, 264, 265, -1,
      265, 264, 266, -1,
      265, 266, 267, -1,
      267, 266, 268, -1,
      267, 268, 269, -1,
      269, 268, 270, -1,
      269, 270, 271, -1,
      271, 270, 272, -1,
      271, 272, 273, -1,
      273, 272, 274, -1,
      273, 274, 275, -1,
      275, 274, 276, -1,
      275, 276, 277, -1,
      277, 276, 278, -1,
      277, 278, 279, -1,
      279, 278, 280, -1,
      279, 280, 281, -1,
      281, 280, 282, -1,
      281, 282, 283, -1,
      283, 282, 284, -1,
      283, 284, 285, -1,
      285, 284, 286, -1,
      285, 286, 287, -1,
      287, 286, 288, -1,
      287, 288, 289, -1,
      289, 288, 290, -1,
      289, 290, 291, -1,
      291, 290, 292, -1,
      291, 292, 293, -1,
      293, 292, 294, -1,
      293, 294, 295, -1,
      296, 297, 294, -1,
      294, 297, 295, -1,
      298, 299, 296, -1,
      296, 299, 297, -1,
      251, 250, 298, -1,
      298, 250, 299, -1,
      297, 299, 295, -1,
      295, 299, 250, -1,
      295, 250, 293, -1,
      275, 250, 273, -1,
      273, 250, 271, -1,
      253, 255, 261, -1,
      261, 255, 257, -1,
      261, 257, 259, -1,
      253, 261, 250, -1,
      250, 261, 263, -1,
      250, 263, 265, -1,
      265, 267, 250, -1,
      250, 267, 269, -1,
      250, 269, 271, -1,
      275, 277, 250, -1,
      250, 277, 279, -1,
      250, 279, 281, -1,
      281, 283, 250, -1,
      250, 283, 285, -1,
      250, 285, 287, -1,
      287, 289, 250, -1,
      250, 289, 291, -1,
      250, 291, 293, -1,
      251, 298, 296, -1,
      296, 294, 251, -1,
      251, 294, 292, -1,
      251, 292, 290, -1,
      272, 270, 251, -1,
      284, 282, 251, -1,
      251, 282, 280, -1,
      251, 280, 278, -1,
      278, 276, 251, -1,
      251, 276, 274, -1,
      251, 274, 272, -1,
      270, 268, 251, -1,
      251, 268, 266, -1,
      251, 266, 264, -1,
      254, 260, 256, -1,
      256, 260, 258, -1,
      264, 262, 251, -1,
      251, 262, 260, -1,
      251, 260, 252, -1,
      252, 260, 254, -1,
      290, 288, 251, -1,
      251, 288, 286, -1,
      251, 286, 284, -1,
      300, 301, 302, -1,
      300, 302, 303, -1,
      303, 302, 304, -1,
      303, 304, 305, -1,
      305, 304, 306, -1,
      305, 306, 307, -1,
      307, 306, 308, -1,
      307, 308, 309, -1,
      309, 308, 310, -1,
      309, 310, 311, -1,
      311, 310, 312, -1,
      311, 312, 313, -1,
      313, 312, 314, -1,
      313, 314, 315, -1,
      315, 314, 316, -1,
      315, 316, 317, -1,
      317, 316, 318, -1,
      317, 318, 319, -1,
      319, 318, 320, -1,
      319, 320, 321, -1,
      321, 320, 322, -1,
      321, 322, 323, -1,
      323, 322, 324, -1,
      323, 324, 325, -1,
      325, 324, 326, -1,
      325, 326, 327, -1,
      327, 326, 328, -1,
      327, 328, 329, -1,
      329, 328, 330, -1,
      329, 330, 331, -1,
      331, 330, 332, -1,
      331, 332, 333, -1,
      333, 332, 334, -1,
      333, 334, 335, -1,
      335, 334, 336, -1,
      335, 336, 337, -1,
      337, 336, 338, -1,
      337, 338, 339, -1,
      339, 338, 340, -1,
      339, 340, 341, -1,
      341, 340, 342, -1,
      341, 342, 343, -1,
      343, 342, 344, -1,
      343, 344, 345, -1,
      346, 347, 344, -1,
      344, 347, 345, -1,
      348, 349, 346, -1,
      346, 349, 347, -1,
      301, 300, 348, -1,
      348, 300, 349, -1,
      347, 349, 345, -1,
      345, 349, 300, -1,
      323, 325, 345, -1,
      300, 303, 345, -1,
      345, 303, 305, -1,
      345, 305, 307, -1,
      313, 315, 345, -1,
      345, 315, 317, -1,
      307, 309, 345, -1,
      345, 309, 311, -1,
      345, 311, 313, -1,
      317, 319, 345, -1,
      345, 319, 321, -1,
      345, 321, 323, -1,
      325, 327, 345, -1,
      345, 327, 329, -1,
      345, 329, 331, -1,
      339, 341, 337, -1,
      337, 341, 335, -1,
      331, 333, 345, -1,
      345, 333, 335, -1,
      345, 335, 343, -1,
      343, 335, 341, -1,
      322, 320, 344, -1,
      344, 320, 318, -1,
      344, 318, 316, -1,
      316, 314, 344, -1,
      344, 314, 312, -1,
      344, 312, 310, -1,
      334, 332, 344, -1,
      344, 332, 330, -1,
      344, 330, 328, -1,
      328, 326, 344, -1,
      344, 326, 324, -1,
      344, 324, 322, -1,
      348, 346, 301, -1,
      301, 346, 344, -1,
      301, 344, 302, -1,
      302, 344, 304, -1,
      344, 342, 334, -1,
      334, 342, 340, -1,
      334, 340, 336, -1,
      336, 340, 338, -1,
      310, 308, 344, -1,
      344, 308, 306, -1,
      344, 306, 304, -1,
      350, 351, 352, -1,
      350, 352, 353, -1,
      353, 352, 354, -1,
      353, 354, 355, -1,
      355, 354, 356, -1,
      355, 356, 357, -1,
      357, 356, 358, -1,
      357, 358, 359, -1,
      359, 358, 360, -1,
      359, 360, 361, -1,
      361, 360, 362, -1,
      361, 362, 363, -1,
      363, 362, 364, -1,
      363, 364, 365, -1,
      365, 364, 366, -1,
      365, 366, 367, -1,
      367, 366, 368, -1,
      367, 368, 369, -1,
      369, 368, 370, -1,
      369, 370, 371, -1,
      371, 370, 372, -1,
      371, 372, 373, -1,
      373, 372, 374, -1,
      373, 374, 375, -1,
      375, 374, 376, -1,
      375, 376, 377, -1,
      377, 376, 378, -1,
      377, 378, 379, -1,
      379, 378, 380, -1,
      379, 380, 381, -1,
      381, 380, 382, -1,
      381, 382, 383, -1,
      383, 382, 384, -1,
      383, 384, 385, -1,
      385, 384, 386, -1,
      385, 386, 387, -1,
      387, 386, 388, -1,
      387, 388, 389, -1,
      389, 388, 390, -1,
      389, 390, 391, -1,
      391, 390, 392, -1,
      391, 392, 393, -1,
      393, 392, 394, -1,
      393, 394, 395, -1,
      396, 397, 394, -1,
      394, 397, 395, -1,
      398, 399, 396, -1,
      396, 399, 397, -1,
      351, 350, 398, -1,
      398, 350, 399, -1,
      397, 399, 395, -1,
      395, 399, 350, -1,
      350, 353, 395, -1,
      395, 353, 355, -1,
      395, 355, 357, -1,
      363, 365, 395, -1,
      395, 365, 367, -1,
      395, 367, 369, -1,
      357, 359, 395, -1,
      395, 359, 361, -1,
      395, 361, 363, -1,
      369, 371, 395, -1,
      395, 371, 373, -1,
      395, 373, 375, -1,
      375, 377, 395, -1,
      395, 377, 379, -1,
      395, 379, 381, -1,
      391, 385, 389, -1,
      389, 385, 387, -1,
      381, 383, 395, -1,
      395, 383, 385, -1,
      395, 385, 393, -1,
      393, 385, 391, -1,
      398, 396, 351, -1,
      351, 396, 394, -1,
      394, 392, 351, -1,
      351, 392, 390, -1,
      351, 390, 388, -1,
      382, 380, 351, -1,
      351, 380, 378, -1,
      351, 378, 376, -1,
      388, 386, 351, -1,
      351, 386, 384, -1,
      351, 384, 382, -1,
      376, 374, 351, -1,
      351, 374, 372, -1,
      351, 372, 370, -1,
      370, 368, 351, -1,
      351, 368, 366, -1,
      351, 366, 364, -1,
      354, 360, 356, -1,
      356, 360, 358, -1,
      364, 362, 351, -1,
      351, 362, 360, -1,
      351, 360, 352, -1,
      352, 360, 354, -1,
      400, 401, 402, -1,
      400, 402, 403, -1,
      403, 402, 404, -1,
      403, 404, 405, -1,
      405, 404, 406, -1,
      405, 406, 407, -1,
      407, 406, 408, -1,
      407, 408, 409, -1,
      409, 408, 410, -1,
      409, 410, 411, -1,
      411, 410, 412, -1,
      411, 412, 413, -1,
      413, 412, 414, -1,
      413, 414, 415, -1,
      415, 414, 416, -1,
      415, 416, 417, -1,
      417, 416, 418, -1,
      417, 418, 419, -1,
      419, 418, 420, -1,
      419, 420, 421, -1,
      421, 420, 422, -1,
      421, 422, 423, -1,
      423, 422, 424, -1,
      423, 424, 425, -1,
      425, 424, 426, -1,
      425, 426, 427, -1,
      427, 426, 428, -1,
      427, 428, 429, -1,
      429, 428, 430, -1,
      429, 430, 431, -1,
      431, 430, 432, -1,
      431, 432, 433, -1,
      433, 432, 434, -1,
      433, 434, 435, -1,
      435, 434, 436, -1,
      435, 436, 437, -1,
      437, 436, 438, -1,
      437, 438, 439, -1,
      439, 438, 440, -1,
      439, 440, 441, -1,
      441, 440, 442, -1,
      441, 442, 443, -1,
      443, 442, 444, -1,
      443, 444, 445, -1,
      446, 447, 444, -1,
      444, 447, 445, -1,
      448, 449, 446, -1,
      446, 449, 447, -1,
      401, 400, 448, -1,
      448, 400, 449, -1,
      423, 425, 445, -1,
      415, 417, 445, -1,
      447, 449, 445, -1,
      445, 449, 400, -1,
      445, 400, 403, -1,
      417, 419, 445, -1,
      445, 419, 421, -1,
      445, 421, 423, -1,
      403, 405, 445, -1,
      445, 405, 407, -1,
      445, 407, 409, -1,
      409, 411, 445, -1,
      445, 411, 413, -1,
      445, 413, 415, -1,
      425, 427, 445, -1,
      445, 427, 429, -1,
      445, 429, 431, -1,
      433, 441, 431, -1,
      431, 441, 443, -1,
      431, 443, 445, -1,
      433, 435, 441, -1,
      441, 435, 437, -1,
      441, 437, 439, -1,
      422, 420, 444, -1,
      448, 446, 401, -1,
      401, 446, 444, -1,
      401, 444, 402, -1,
      444, 430, 428, -1,
      420, 418, 444, -1,
      444, 418, 416, -1,
      444, 416, 414, -1,
      428, 426, 444, -1,
      444, 426, 424, -1,
      444, 424, 422, -1,
      414, 412, 444, -1,
      444, 412, 410, -1,
      444, 410, 408, -1,
      408, 406, 444, -1,
      444, 406, 404, -1,
      444, 404, 402, -1,
      444, 442, 430, -1,
      430, 442, 440, -1,
      430, 440, 438, -1,
      438, 436, 430, -1,
      430, 436, 434, -1,
      430, 434, 432, -1,
      450, 451, 452, -1,
      450, 452, 453, -1,
      453, 452, 454, -1,
      453, 454, 455, -1,
      455, 454, 456, -1,
      455, 456, 457, -1,
      457, 456, 458, -1,
      457, 458, 459, -1,
      459, 458, 460, -1,
      459, 460, 461, -1,
      461, 460, 462, -1,
      461, 462, 463, -1,
      463, 462, 464, -1,
      463, 464, 465, -1,
      465, 464, 466, -1,
      465, 466, 467, -1,
      467, 466, 468, -1,
      467, 468, 469, -1,
      469, 468, 470, -1,
      469, 470, 471, -1,
      471, 470, 472, -1,
      471, 472, 473, -1,
      473, 472, 474, -1,
      473, 474, 475, -1,
      475, 474, 476, -1,
      475, 476, 477, -1,
      477, 476, 478, -1,
      477, 478, 479, -1,
      479, 478, 480, -1,
      479, 480, 481, -1,
      481, 480, 482, -1,
      481, 482, 483, -1,
      483, 482, 484, -1,
      483, 484, 485, -1,
      485, 484, 486, -1,
      485, 486, 487, -1,
      487, 486, 488, -1,
      487, 488, 489, -1,
      489, 488, 490, -1,
      489, 490, 491, -1,
      491, 490, 492, -1,
      491, 492, 493, -1,
      493, 492, 494, -1,
      493, 494, 495, -1,
      496, 497, 494, -1,
      494, 497, 495, -1,
      498, 499, 496, -1,
      496, 499, 497, -1,
      451, 450, 498, -1,
      498, 450, 499, -1,
      465, 467, 495, -1,
      491, 493, 481, -1,
      497, 499, 495, -1,
      495, 499, 450, -1,
      495, 450, 453, -1,
      467, 469, 495, -1,
      495, 469, 471, -1,
      495, 471, 473, -1,
      453, 455, 495, -1,
      495, 455, 457, -1,
      495, 457, 459, -1,
      459, 461, 495, -1,
      495, 461, 463, -1,
      495, 463, 465, -1,
      473, 475, 495, -1,
      495, 475, 477, -1,
      495, 477, 493, -1,
      493, 477, 479, -1,
      493, 479, 481, -1,
      483, 485, 487, -1,
      483, 487, 481, -1,
      481, 487, 489, -1,
      481, 489, 491, -1,
      498, 496, 451, -1,
      451, 496, 494, -1,
      451, 494, 452, -1,
      470, 494, 472, -1,
      472, 494, 474, -1,
      470, 468, 494, -1,
      494, 468, 466, -1,
      494, 466, 464, -1,
      474, 494, 476, -1,
      476, 494, 492, -1,
      476, 492, 490, -1,
      464, 462, 494, -1,
      494, 462, 460, -1,
      494, 460, 458, -1,
      458, 456, 494, -1,
      494, 456, 454, -1,
      494, 454, 452, -1,
      480, 486, 482, -1,
      482, 486, 484, -1,
      490, 488, 476, -1,
      476, 488, 486, -1,
      476, 486, 478, -1,
      478, 486, 480, -1,
      500, 501, 502, -1,
      500, 502, 503, -1,
      503, 502, 504, -1,
      503, 504, 505, -1,
      505, 504, 506, -1,
      505, 506, 507, -1,
      507, 506, 508, -1,
      507, 508, 509, -1,
      509, 508, 510, -1,
      509, 510, 511, -1,
      511, 510, 512, -1,
      511, 512, 513, -1,
      513, 512, 514, -1,
      513, 514, 515, -1,
      515, 514, 516, -1,
      515, 516, 517, -1,
      517, 516, 518, -1,
      517, 518, 519, -1,
      519, 518, 520, -1,
      519, 520, 521, -1,
      521, 520, 522, -1,
      521, 522, 523, -1,
      523, 522, 524, -1,
      523, 524, 525, -1,
      525, 524, 526, -1,
      525, 526, 527, -1,
      527, 526, 528, -1,
      527, 528, 529, -1,
      529, 528, 530, -1,
      529, 530, 531, -1,
      531, 530, 532, -1,
      531, 532, 533, -1,
      533, 532, 534, -1,
      533, 534, 535, -1,
      535, 534, 536, -1,
      535, 536, 537, -1,
      537, 536, 538, -1,
      537, 538, 539, -1,
      539, 538, 540, -1,
      539, 540, 541, -1,
      541, 540, 542, -1,
      541, 542, 543, -1,
      543, 542, 544, -1,
      543, 544, 545, -1,
      546, 547, 544, -1,
      544, 547, 545, -1,
      548, 549, 546, -1,
      546, 549, 547, -1,
      501, 500, 548, -1,
      548, 500, 549, -1,
      515, 517, 545, -1,
      545, 517, 519, -1,
      545, 519, 521, -1,
      547, 549, 545, -1,
      545, 549, 500, -1,
      545, 500, 503, -1,
      521, 523, 545, -1,
      545, 523, 525, -1,
      545, 525, 527, -1,
      533, 535, 537, -1,
      527, 529, 545, -1,
      545, 529, 531, -1,
      545, 531, 543, -1,
      543, 531, 541, -1,
      503, 505, 545, -1,
      545, 505, 507, -1,
      545, 507, 509, -1,
      509, 511, 545, -1,
      545, 511, 513, -1,
      545, 513, 515, -1,
      533, 537, 531, -1,
      531, 537, 539, -1,
      531, 539, 541, -1,
      548, 546, 501, -1,
      501, 546, 544, -1,
      501, 544, 502, -1,
      526, 524, 544, -1,
      544, 524, 522, -1,
      544, 522, 520, -1,
      542, 540, 530, -1,
      520, 518, 544, -1,
      544, 518, 516, -1,
      544, 516, 514, -1,
      542, 530, 544, -1,
      544, 530, 528, -1,
      544, 528, 526, -1,
      540, 538, 530, -1,
      530, 538, 536, -1,
      530, 536, 532, -1,
      532, 536, 534, -1,
      514, 512, 544, -1,
      544, 512, 510, -1,
      544, 510, 508, -1,
      508, 506, 544, -1,
      544, 506, 504, -1,
      544, 504, 502, -1,
      550, 551, 552, -1,
      550, 552, 553, -1,
      553, 552, 554, -1,
      553, 554, 555, -1,
      555, 554, 556, -1,
      555, 556, 557, -1,
      557, 556, 558, -1,
      557, 558, 559, -1,
      559, 558, 560, -1,
      559, 560, 561, -1,
      561, 560, 562, -1,
      561, 562, 563, -1,
      563, 562, 564, -1,
      563, 564, 565, -1,
      565, 564, 566, -1,
      565, 566, 567, -1,
      567, 566, 568, -1,
      567, 568, 569, -1,
      569, 568, 570, -1,
      569, 570, 571, -1,
      571, 570, 572, -1,
      571, 572, 573, -1,
      573, 572, 574, -1,
      573, 574, 575, -1,
      575, 574, 576, -1,
      575, 576, 577, -1,
      577, 576, 578, -1,
      577, 578, 579, -1,
      579, 578, 580, -1,
      579, 580, 581, -1,
      581, 580, 582, -1,
      581, 582, 583, -1,
      583, 582, 584, -1,
      583, 584, 585, -1,
      585, 584, 586, -1,
      585, 586, 587, -1,
      587, 586, 588, -1,
      587, 588, 589, -1,
      589, 588, 590, -1,
      589, 590, 591, -1,
      591, 590, 592, -1,
      591, 592, 593, -1,
      593, 592, 594, -1,
      593, 594, 595, -1,
      596, 597, 594, -1,
      594, 597, 595, -1,
      598, 599, 596, -1,
      596, 599, 597, -1,
      551, 550, 598, -1,
      598, 550, 599, -1,
      573, 575, 595, -1,
      565, 567, 595, -1,
      597, 599, 595, -1,
      595, 599, 550, -1,
      595, 550, 553, -1,
      567, 569, 595, -1,
      595, 569, 571, -1,
      595, 571, 573, -1,
      553, 555, 595, -1,
      595, 555, 557, -1,
      595, 557, 559, -1,
      559, 561, 595, -1,
      595, 561, 563, -1,
      595, 563, 565, -1,
      575, 577, 595, -1,
      595, 577, 579, -1,
      595, 579, 581, -1,
      583, 591, 581, -1,
      581, 591, 593, -1,
      581, 593, 595, -1,
      583, 585, 591, -1,
      591, 585, 587, -1,
      591, 587, 589, -1,
      572, 570, 594, -1,
      598, 596, 551, -1,
      551, 596, 594, -1,
      551, 594, 552, -1,
      594, 580, 578, -1,
      570, 568, 594, -1,
      594, 568, 566, -1,
      594, 566, 564, -1,
      578, 576, 594, -1,
      594, 576, 574, -1,
      594, 574, 572, -1,
      564, 562, 594, -1,
      594, 562, 560, -1,
      594, 560, 558, -1,
      558, 556, 594, -1,
      594, 556, 554, -1,
      594, 554, 552, -1,
      594, 592, 580, -1,
      580, 592, 590, -1,
      580, 590, 588, -1,
      588, 586, 580, -1,
      580, 586, 584, -1,
      580, 584, 582, -1,
      600, 601, 602, -1,
      600, 602, 603, -1,
      603, 602, 604, -1,
      603, 604, 605, -1,
      605, 604, 606, -1,
      605, 606, 607, -1,
      607, 606, 608, -1,
      607, 608, 609, -1,
      609, 608, 610, -1,
      609, 610, 611, -1,
      611, 610, 612, -1,
      611, 612, 613, -1,
      613, 612, 614, -1,
      613, 614, 615, -1,
      615, 614, 616, -1,
      615, 616, 617, -1,
      617, 616, 618, -1,
      617, 618, 619, -1,
      619, 618, 620, -1,
      619, 620, 621, -1,
      621, 620, 622, -1,
      621, 622, 623, -1,
      623, 622, 624, -1,
      623, 624, 625, -1,
      625, 624, 626, -1,
      625, 626, 627, -1,
      627, 626, 628, -1,
      627, 628, 629, -1,
      629, 628, 630, -1,
      629, 630, 631, -1,
      631, 630, 632, -1,
      631, 632, 633, -1,
      633, 632, 634, -1,
      633, 634, 635, -1,
      635, 634, 636, -1,
      635, 636, 637, -1,
      637, 636, 638, -1,
      637, 638, 639, -1,
      639, 638, 640, -1,
      639, 640, 641, -1,
      641, 640, 642, -1,
      641, 642, 643, -1,
      643, 642, 644, -1,
      643, 644, 645, -1,
      646, 647, 644, -1,
      644, 647, 645, -1,
      648, 649, 646, -1,
      646, 649, 647, -1,
      601, 600, 648, -1,
      648, 600, 649, -1,
      647, 649, 645, -1,
      645, 649, 600, -1,
      613, 615, 645, -1,
      600, 603, 645, -1,
      645, 603, 605, -1,
      645, 605, 607, -1,
      631, 645, 629, -1,
      629, 645, 627, -1,
      615, 617, 645, -1,
      645, 617, 619, -1,
      645, 619, 621, -1,
      621, 623, 645, -1,
      645, 623, 625, -1,
      645, 625, 627, -1,
      633, 641, 631, -1,
      631, 641, 643, -1,
      631, 643, 645, -1,
      633, 635, 641, -1,
      641, 635, 637, -1,
      641, 637, 639, -1,
      607, 609, 645, -1,
      645, 609, 611, -1,
      645, 611, 613, -1,
      648, 646, 601, -1,
      601, 646, 644, -1,
      601, 644, 602, -1,
      602, 644, 604, -1,
      644, 630, 628, -1,
      644, 642, 630, -1,
      630, 642, 640, -1,
      630, 640, 638, -1,
      638, 636, 630, -1,
      630, 636, 634, -1,
      630, 634, 632, -1,
      628, 626, 644, -1,
      644, 626, 624, -1,
      644, 624, 622, -1,
      622, 620, 644, -1,
      644, 620, 618, -1,
      644, 618, 616, -1,
      616, 614, 644, -1,
      644, 614, 612, -1,
      644, 612, 610, -1,
      610, 608, 644, -1,
      644, 608, 606, -1,
      644, 606, 604, -1,
      650, 651, 652, -1,
      650, 652, 653, -1,
      653, 652, 654, -1,
      653, 654, 655, -1,
      655, 654, 656, -1,
      655, 656, 657, -1,
      657, 656, 658, -1,
      657, 658, 659, -1,
      659, 658, 660, -1,
      659, 660, 661, -1,
      661, 660, 662, -1,
      661, 662, 663, -1,
      663, 662, 664, -1,
      663, 664, 665, -1,
      665, 664, 666, -1,
      665, 666, 667, -1,
      667, 666, 668, -1,
      667, 668, 669, -1,
      669, 668, 670, -1,
      669, 670, 671, -1,
      671, 670, 672, -1,
      671, 672, 673, -1,
      673, 672, 674, -1,
      673, 674, 675, -1,
      675, 674, 676, -1,
      675, 676, 677, -1,
      677, 676, 678, -1,
      677, 678, 679, -1,
      679, 678, 680, -1,
      679, 680, 681, -1,
      681, 680, 682, -1,
      681, 682, 683, -1,
      683, 682, 684, -1,
      683, 684, 685, -1,
      685, 684, 686, -1,
      685, 686, 687, -1,
      687, 686, 688, -1,
      687, 688, 689, -1,
      689, 688, 690, -1,
      689, 690, 691, -1,
      691, 690, 692, -1,
      691, 692, 693, -1,
      693, 692, 694, -1,
      693, 694, 695, -1,
      696, 697, 694, -1,
      694, 697, 695, -1,
      698, 699, 696, -1,
      696, 699, 697, -1,
      651, 650, 698, -1,
      698, 650, 699, -1,
      675, 677, 695, -1,
      675, 695, 673, -1,
      697, 699, 695, -1,
      695, 699, 650, -1,
      695, 650, 653, -1,
      695, 665, 667, -1,
      653, 655, 695, -1,
      695, 655, 657, -1,
      695, 657, 659, -1,
      659, 661, 695, -1,
      695, 661, 663, -1,
      695, 663, 665, -1,
      667, 669, 695, -1,
      695, 669, 671, -1,
      695, 671, 673, -1,
      683, 685, 687, -1,
      677, 679, 695, -1,
      695, 679, 681, -1,
      695, 681, 693, -1,
      693, 681, 691, -1,
      683, 687, 681, -1,
      681, 687, 689, -1,
      681, 689, 691, -1,
      698, 696, 651, -1,
      651, 696, 694, -1,
      678, 676, 694, -1,
      664, 662, 694, -1,
      676, 674, 694, -1,
      694, 674, 672, -1,
      694, 672, 670, -1,
      678, 694, 680, -1,
      680, 694, 692, -1,
      680, 692, 690, -1,
      670, 668, 694, -1,
      694, 668, 666, -1,
      694, 666, 664, -1,
      662, 660, 694, -1,
      694, 660, 658, -1,
      694, 658, 656, -1,
      656, 654, 694, -1,
      694, 654, 652, -1,
      694, 652, 651, -1,
      690, 688, 680, -1,
      680, 688, 686, -1,
      680, 686, 682, -1,
      682, 686, 684, -1,
      700, 701, 702, -1,
      700, 702, 703, -1,
      703, 702, 704, -1,
      703, 704, 705, -1,
      705, 704, 706, -1,
      705, 706, 707, -1,
      707, 706, 708, -1,
      707, 708, 709, -1,
      709, 708, 710, -1,
      709, 710, 711, -1,
      711, 710, 712, -1,
      711, 712, 713, -1,
      713, 712, 714, -1,
      713, 714, 715, -1,
      715, 714, 716, -1,
      715, 716, 717, -1,
      717, 716, 718, -1,
      717, 718, 719, -1,
      719, 718, 720, -1,
      719, 720, 721, -1,
      721, 720, 722, -1,
      721, 722, 723, -1,
      723, 722, 724, -1,
      723, 724, 725, -1,
      725, 724, 726, -1,
      725, 726, 727, -1,
      727, 726, 728, -1,
      727, 728, 729, -1,
      729, 728, 730, -1,
      729, 730, 731, -1,
      731, 730, 732, -1,
      731, 732, 733, -1,
      733, 732, 734, -1,
      733, 734, 735, -1,
      735, 734, 736, -1,
      735, 736, 737, -1,
      737, 736, 738, -1,
      737, 738, 739, -1,
      739, 738, 740, -1,
      739, 740, 741, -1,
      741, 740, 742, -1,
      741, 742, 743, -1,
      743, 742, 744, -1,
      743, 744, 745, -1,
      746, 747, 744, -1,
      744, 747, 745, -1,
      748, 749, 746, -1,
      746, 749, 747, -1,
      701, 700, 748, -1,
      748, 700, 749, -1,
      747, 749, 745, -1,
      745, 749, 700, -1,
      713, 715, 745, -1,
      745, 715, 717, -1,
      745, 717, 719, -1,
      719, 721, 745, -1,
      745, 721, 723, -1,
      745, 723, 725, -1,
      725, 727, 745, -1,
      745, 727, 729, -1,
      745, 729, 731, -1,
      700, 703, 745, -1,
      745, 703, 705, -1,
      745, 705, 707, -1,
      707, 709, 745, -1,
      745, 709, 711, -1,
      745, 711, 713, -1,
      733, 741, 731, -1,
      731, 741, 743, -1,
      731, 743, 745, -1,
      733, 735, 741, -1,
      741, 735, 737, -1,
      741, 737, 739, -1,
      744, 730, 728, -1,
      728, 726, 744, -1,
      744, 726, 724, -1,
      744, 724, 722, -1,
      722, 720, 744, -1,
      744, 720, 718, -1,
      744, 718, 716, -1,
      748, 746, 701, -1,
      701, 746, 744, -1,
      701, 744, 702, -1,
      702, 744, 704, -1,
      716, 714, 744, -1,
      744, 714, 712, -1,
      744, 712, 710, -1,
      744, 742, 730, -1,
      730, 742, 740, -1,
      730, 740, 738, -1,
      738, 736, 730, -1,
      730, 736, 734, -1,
      730, 734, 732, -1,
      710, 708, 744, -1,
      744, 708, 706, -1,
      744, 706, 704, -1,
      750, 751, 752, -1,
      752, 751, 753, -1,
      754, 755, 750, -1,
      750, 755, 751, -1,
      756, 757, 754, -1,
      754, 757, 755, -1,
      757, 756, 758, -1,
      757, 758, 759, -1,
      759, 758, 760, -1,
      759, 760, 761, -1,
      761, 760, 762, -1,
      761, 762, 763, -1,
      763, 762, 764, -1,
      763, 764, 765, -1,
      765, 764, 766, -1,
      765, 766, 767, -1,
      767, 766, 768, -1,
      767, 768, 769, -1,
      769, 768, 770, -1,
      769, 770, 771, -1,
      771, 770, 772, -1,
      771, 772, 773, -1,
      773, 772, 774, -1,
      773, 774, 775, -1,
      775, 774, 776, -1,
      775, 776, 777, -1,
      777, 776, 778, -1,
      777, 778, 779, -1,
      779, 778, 780, -1,
      779, 780, 781, -1,
      781, 780, 782, -1,
      781, 782, 783, -1,
      783, 782, 784, -1,
      783, 784, 785, -1,
      785, 784, 786, -1,
      785, 786, 787, -1,
      787, 786, 788, -1,
      787, 788, 789, -1,
      789, 788, 790, -1,
      789, 790, 791, -1,
      791, 790, 792, -1,
      791, 792, 793, -1,
      793, 792, 794, -1,
      793, 794, 795, -1,
      795, 794, 796, -1,
      795, 796, 797, -1,
      797, 796, 798, -1,
      797, 798, 799, -1,
      799, 798, 752, -1,
      799, 752, 753, -1,
      751, 755, 753, -1,
      753, 755, 757, -1,
      769, 771, 753, -1,
      757, 759, 753, -1,
      753, 759, 761, -1,
      753, 761, 763, -1,
      787, 753, 785, -1,
      785, 753, 783, -1,
      771, 773, 753, -1,
      753, 773, 775, -1,
      753, 775, 777, -1,
      777, 779, 753, -1,
      753, 779, 781, -1,
      753, 781, 783, -1,
      789, 797, 787, -1,
      787, 797, 799, -1,
      787, 799, 753, -1,
      789, 791, 797, -1,
      797, 791, 793, -1,
      797, 793, 795, -1,
      763, 765, 753, -1,
      753, 765, 767, -1,
      753, 767, 769, -1,
      754, 750, 756, -1,
      756, 750, 752, -1,
      756, 752, 758, -1,
      758, 752, 760, -1,
      752, 786, 784, -1,
      752, 798, 786, -1,
      786, 798, 796, -1,
      786, 796, 794, -1,
      794, 792, 786, -1,
      786, 792, 790, -1,
      786, 790, 788, -1,
      784, 782, 752, -1,
      752, 782, 780, -1,
      752, 780, 778, -1,
      778, 776, 752, -1,
      752, 776, 774, -1,
      752, 774, 772, -1,
      772, 770, 752, -1,
      752, 770, 768, -1,
      752, 768, 766, -1,
      766, 764, 752, -1,
      752, 764, 762, -1,
      752, 762, 760, -1,
      800, 801, 802, -1,
      802, 801, 803, -1,
      804, 805, 800, -1,
      800, 805, 801, -1,
      806, 807, 804, -1,
      804, 807, 805, -1,
      808, 809, 806, -1,
      806, 809, 807, -1,
      802, 803, 808, -1,
      808, 803, 809, -1,
      809, 803, 807, -1,
      807, 803, 801, -1,
      807, 801, 805, -1,
      806, 804, 808, -1,
      808, 804, 800, -1,
      808, 800, 802, -1,
    ]
  }
}

Shape {
  appearance Appearance {
    material Material {
      diffuseColor 0.2510 0.2510 0.2510
      specularColor 0.1255 0.1255 0.1255
      ambientIntensity 0.2
      transparency 0.0000
      shininess 0.5
    }
  }
  geometry IndexedFaceSet {
    ccw TRUE
    solid FALSE
    coord DEF co Coordinate {
      point [
        -0.255906 0.492126 -0.255906,
        -0.295276 0.452756 -0.255906,
        -0.334646 0.492126 -0.255906,
        -0.334646 0.590551 -0.255906,
        -0.255906 0.590551 -0.255906,
        -0.059055 0.492126 -0.255906,
        -0.098425 0.452756 -0.255906,
        -0.137795 0.492126 -0.255906,
        -0.137795 0.590551 -0.255906,
        -0.059055 0.590551 -0.255906,
        0.137795 0.492126 -0.255906,
        0.098425 0.452756 -0.255906,
        0.059055 0.492126 -0.255906,
        0.059055 0.590551 -0.255906,
        0.137795 0.590551 -0.255906,
        0.334646 0.492126 -0.255906,
        0.295276 0.452756 -0.255906,
        0.255906 0.492126 -0.255906,
        0.255906 0.590551 -0.255906,
        0.334646 0.590551 -0.255906,
        0.255906 -0.492126 -0.255906,
        0.295276 -0.452756 -0.255906,
        0.334646 -0.492126 -0.255906,
        0.334646 -0.590551 -0.255906,
        0.255906 -0.590551 -0.255906,
        0.059055 -0.492126 -0.255906,
        0.098425 -0.452756 -0.255906,
        0.137795 -0.492126 -0.255906,
        0.137795 -0.590551 -0.255906,
        0.059055 -0.590551 -0.255906,
        -0.137795 -0.492126 -0.255906,
        -0.098425 -0.452756 -0.255906,
        -0.059055 -0.492126 -0.255906,
        -0.059055 -0.590551 -0.255906,
        -0.137795 -0.590551 -0.255906,
        -0.334646 -0.492126 -0.255906,
        -0.295276 -0.452756 -0.255906,
        -0.255906 -0.492126 -0.255906,
        -0.255906 -0.590551 -0.255906,
        -0.334646 -0.590551 -0.255906,
        -0.492126 0.334646 -0.255906,
        -0.452756 0.295276 -0.255906,
        -0.492126 0.255906 -0.255906,
        -0.590551 0.255906 -0.255906,
        -0.590551 0.334646 -0.255906,
        -0.492126 0.137795 -0.255906,
        -0.452756 0.098425 -0.255906,
        -0.492126 0.059055 -0.255906,
        -0.590551 0.059055 -0.255906,
        -0.590551 0.137795 -0.255906,
        -0.492126 -0.059055 -0.255906,
        -0.452756 -0.098425 -0.255906,
        -0.492126 -0.137795 -0.255906,
        -0.590551 -0.137795 -0.255906,
        -0.590551 -0.059055 -0.255906,
        -0.492126 -0.255906 -0.255906,
        -0.452756 -0.295276 -0.255906,
        -0.492126 -0.334646 -0.255906,
        -0.590551 -0.334646 -0.255906,
        -0.590551 -0.255906 -0.255906,
        0.492126 -0.334646 -0.255906,
        0.452756 -0.295276 -0.255906,
        0.492126 -0.255906 -0.255906,
        0.590551 -0.255906 -0.255906,
        0.590551 -0.334646 -0.255906,
        0.492126 -0.137795 -0.255906,
        0.452756 -0.098425 -0.255906,
        0.492126 -0.059055 -0.255906,
        0.590551 -0.059055 -0.255906,
        0.590551 -0.137795 -0.255906,
        0.492126 0.059055 -0.255906,
        0.452756 0.098425 -0.255906,
        0.492126 0.137795 -0.255906,
        0.590551 0.137795 -0.255906,
        0.590551 0.059055 -0.255906,
        0.590551 0.334646 -0.255906,
        0.492126 0.334646 -0.255906,
        0.590551 0.255906 -0.255906,
        0.492126 0.255906 -0.255906,
        0.452756 0.295276 -0.255906,
        0.326772 -0.326772 -0.255906,
        0.326772 0.326772 -0.255906,
        -0.326772 -0.326772 -0.255906,
        -0.326772 0.188976 -0.255906,
        -0.188976 0.326772 -0.255906,
        0.059055 -0.492126 -0.295276,
        0.059055 -0.590551 -0.295276,
        0.042152 -0.590551 -0.295276,
        0.326772 0.326772 -0.295276,
        0.226952 0.326772 -0.295276,
        0.226952 0.347631 -0.295276,
        0.088235 0.454097 -0.295276,
        0.094365 0.453291 -0.295276,
        0.094365 0.428625 -0.295276,
        0.061743 0.422504 -0.295276,
        0.067558 0.421850 -0.295276,
        0.048971 0.378166 -0.295276,
        0.047913 0.378752 -0.295276,
        0.047913 0.372270 -0.295276,
        0.042152 0.368850 -0.295276,
        0.054208 0.369686 -0.295276,
        0.060175 0.368850 -0.295276,
        0.054565 0.421571 -0.295276,
        0.047913 0.418722 -0.295276,
        0.042152 0.428625 -0.295276,
        0.047913 0.426644 -0.295276,
        0.071978 0.420255 -0.295276,
        0.076065 0.417520 -0.295276,
        0.079632 0.413583 -0.295276,
        0.083922 0.398107 -0.295276,
        0.083324 0.391714 -0.295276,
        0.081720 0.386634 -0.295276,
        0.068579 0.375589 -0.295276,
        0.063070 0.374971 -0.295276,
        0.072882 0.377173 -0.295276,
        0.076506 0.379616 -0.295276,
        0.079278 0.382539 -0.295276,
        0.055231 0.375841 -0.295276,
        0.082067 0.409024 -0.295276,
        0.083641 0.402702 -0.295276,
        0.066221 0.428625 -0.295276,
        0.061810 0.428985 -0.295276,
        0.078740 0.458030 -0.295276,
        0.060396 0.481936 -0.295276,
        0.064330 0.472441 -0.295276,
        0.070586 0.464287 -0.295276,
        0.059055 0.492126 -0.295276,
        0.042152 0.590551 -0.295276,
        0.059055 0.590551 -0.295276,
        0.056592 0.428625 -0.295276,
        0.054741 0.428497 -0.295276,
        0.081914 0.374248 -0.295276,
        0.086350 0.378918 -0.295276,
        0.094365 0.368850 -0.295276,
        0.077164 0.371214 -0.295276,
        0.085266 0.418232 -0.295276,
        0.079935 0.423359 -0.295276,
        0.074325 0.426588 -0.295276,
        0.091844 0.397623 -0.295276,
        0.090995 0.406019 -0.295276,
        0.088728 0.412711 -0.295276,
        0.067742 0.428501 -0.295276,
        0.089496 0.384533 -0.295276,
        0.091273 0.390784 -0.295276,
        0.062547 0.368517 -0.295276,
        0.042152 0.347631 -0.295276,
        0.064162 0.368489 -0.295276,
        0.094365 0.347631 -0.295276,
        0.067635 0.368850 -0.295276,
        0.071440 0.369244 -0.295276,
        0.333304 -0.481936 -0.295276,
        0.329371 -0.472441 -0.295276,
        0.584785 -0.584785 -0.295276,
        0.481936 -0.333304 -0.295276,
        0.492126 -0.334646 -0.295276,
        0.261180 -0.472441 -0.295276,
        0.226952 -0.326772 -0.295276,
        0.267437 -0.464287 -0.295276,
        0.275591 -0.458030 -0.295276,
        0.255906 -0.590551 -0.295276,
        0.226952 -0.590551 -0.295276,
        0.255906 -0.492126 -0.295276,
        0.257247 -0.481936 -0.295276,
        0.590551 -0.334646 -0.295276,
        0.590551 -0.570866 -0.295276,
        0.570866 -0.590551 -0.295276,
        0.334646 -0.590551 -0.295276,
        0.334646 -0.492126 -0.295276,
        0.326772 -0.326772 -0.295276,
        0.323115 -0.464287 -0.295276,
        0.314961 -0.458030 -0.295276,
        0.590551 0.347631 -0.295276,
        0.590551 0.334646 -0.295276,
        0.492126 0.334646 -0.295276,
        0.575961 -0.589880 -0.295276,
        0.452756 -0.295276 -0.295276,
        0.454097 -0.305465 -0.295276,
        0.589880 -0.575961 -0.295276,
        0.587914 -0.580709 -0.295276,
        0.305465 -0.454097 -0.295276,
        0.295276 -0.452756 -0.295276,
        0.285086 -0.454097 -0.295276,
        0.472441 -0.132521 -0.295276,
        0.481936 -0.136454 -0.295276,
        0.472441 -0.261180 -0.295276,
        0.472441 0.064330 -0.295276,
        0.481936 0.060396 -0.295276,
        0.472441 -0.064330 -0.295276,
        0.458030 -0.078740 -0.295276,
        0.454097 -0.088235 -0.295276,
        0.458030 0.078740 -0.295276,
        0.452756 -0.098425 -0.295276,
        0.454097 0.088235 -0.295276,
        0.580709 -0.587914 -0.295276,
        0.464287 -0.126264 -0.295276,
        0.464287 0.070586 -0.295276,
        0.458030 -0.314961 -0.295276,
        0.464287 -0.323115 -0.295276,
        0.472441 -0.329371 -0.295276,
        0.464287 -0.070586 -0.295276,
        0.481936 0.136454 -0.295276,
        0.472441 0.132521 -0.295276,
        0.464287 0.126264 -0.295276,
        0.458030 0.118110 -0.295276,
        0.464287 -0.267437 -0.295276,
        0.458030 -0.275591 -0.295276,
        0.454097 -0.285086 -0.295276,
        0.481936 0.333304 -0.295276,
        0.472441 0.329371 -0.295276,
        0.464287 0.323115 -0.295276,
        0.452756 0.295276 -0.295276,
        0.454097 0.285086 -0.295276,
        0.458030 0.275591 -0.295276,
        0.464287 0.267437 -0.295276,
        0.472441 0.261180 -0.295276,
        0.590551 -0.137795 -0.295276,
        0.590551 -0.255906 -0.295276,
        0.492126 -0.137795 -0.295276,
        0.492126 -0.255906 -0.295276,
        0.481936 -0.257247 -0.295276,
        0.590551 0.059055 -0.295276,
        0.590551 -0.059055 -0.295276,
        0.492126 0.059055 -0.295276,
        0.492126 -0.059055 -0.295276,
        0.481936 -0.060396 -0.295276,
        0.458030 0.314961 -0.295276,
        0.454097 0.305465 -0.295276,
        0.454097 0.108615 -0.295276,
        0.452756 0.098425 -0.295276,
        0.454097 -0.108615 -0.295276,
        0.458030 -0.118110 -0.295276,
        0.492126 0.255906 -0.295276,
        0.590551 0.255906 -0.295276,
        0.590551 0.137795 -0.295276,
        0.481936 0.257247 -0.295276,
        0.492126 0.137795 -0.295276,
        0.136454 -0.481936 -0.295276,
        0.132521 -0.472441 -0.295276,
        0.137795 -0.492126 -0.295276,
        0.137795 -0.590551 -0.295276,
        0.108615 -0.454097 -0.295276,
        0.094365 -0.326772 -0.295276,
        0.118110 -0.458030 -0.295276,
        0.126264 -0.464287 -0.295276,
        0.042152 -0.326772 -0.295276,
        0.060396 -0.481936 -0.295276,
        0.098425 -0.452756 -0.295276,
        0.094365 -0.453291 -0.295276,
        0.088235 -0.454097 -0.295276,
        0.078740 -0.458030 -0.295276,
        0.070586 -0.464287 -0.295276,
        0.064330 -0.472441 -0.295276,
        -0.001059 -0.590551 -0.295276,
        -0.001059 -0.326772 -0.295276,
        -0.056514 -0.590551 -0.295276,
        -0.056514 -0.326772 -0.295276,
        -0.492126 0.334646 -0.295276,
        -0.590551 0.334646 -0.295276,
        -0.590551 0.347631 -0.295276,
        -0.472441 -0.132521 -0.295276,
        -0.464287 -0.126264 -0.295276,
        -0.481936 -0.257247 -0.295276,
        -0.584785 -0.584785 -0.295276,
        -0.333304 -0.481936 -0.295276,
        -0.334646 -0.492126 -0.295276,
        -0.136454 -0.481936 -0.295276,
        -0.261180 -0.472441 -0.295276,
        -0.267437 -0.464287 -0.295276,
        -0.472441 0.064330 -0.295276,
        -0.464287 0.070586 -0.295276,
        -0.481936 -0.060396 -0.295276,
        -0.060396 -0.481936 -0.295276,
        -0.064330 -0.472441 -0.295276,
        -0.305465 -0.454097 -0.295276,
        -0.314961 -0.458030 -0.295276,
        -0.326772 -0.326772 -0.295276,
        -0.323115 -0.464287 -0.295276,
        -0.329371 -0.472441 -0.295276,
        -0.334646 -0.590551 -0.295276,
        -0.570866 -0.590551 -0.295276,
        -0.454097 0.305465 -0.295276,
        -0.458030 0.314961 -0.295276,
        -0.188976 0.326772 -0.295276,
        -0.464287 0.323115 -0.295276,
        -0.070586 -0.464287 -0.295276,
        -0.078740 -0.458030 -0.295276,
        -0.088235 -0.454097 -0.295276,
        -0.472441 0.329371 -0.295276,
        -0.481936 0.333304 -0.295276,
        -0.458030 -0.314961 -0.295276,
        -0.454097 -0.305465 -0.295276,
        -0.326772 0.188976 -0.295276,
        -0.472441 -0.261180 -0.295276,
        -0.464287 -0.267437 -0.295276,
        -0.575961 -0.589880 -0.295276,
        -0.580709 -0.587914 -0.295276,
        -0.137795 -0.590551 -0.295276,
        -0.255906 -0.590551 -0.295276,
        -0.137795 -0.492126 -0.295276,
        -0.255906 -0.492126 -0.295276,
        -0.257247 -0.481936 -0.295276,
        -0.492126 0.255906 -0.295276,
        -0.481936 0.257247 -0.295276,
        -0.472441 0.261180 -0.295276,
        -0.464287 0.267437 -0.295276,
        -0.492126 -0.334646 -0.295276,
        -0.587914 -0.580709 -0.295276,
        -0.452756 -0.295276 -0.295276,
        -0.454097 -0.285086 -0.295276,
        -0.458030 -0.275591 -0.295276,
        -0.458030 0.078740 -0.295276,
        -0.452756 -0.098425 -0.295276,
        -0.454097 -0.088235 -0.295276,
        -0.458030 -0.078740 -0.295276,
        -0.059055 -0.492126 -0.295276,
        -0.059055 -0.590551 -0.295276,
        -0.118110 -0.458030 -0.295276,
        -0.108615 -0.454097 -0.295276,
        -0.098425 -0.452756 -0.295276,
        -0.126264 -0.464287 -0.295276,
        -0.132521 -0.472441 -0.295276,
        -0.458030 0.275591 -0.295276,
        -0.454097 0.285086 -0.295276,
        -0.452756 0.295276 -0.295276,
        -0.589880 -0.575961 -0.295276,
        -0.590551 -0.570866 -0.295276,
        -0.590551 -0.334646 -0.295276,
        -0.481936 -0.333304 -0.295276,
        -0.472441 -0.329371 -0.295276,
        -0.464287 -0.323115 -0.295276,
        -0.590551 -0.255906 -0.295276,
        -0.590551 -0.137795 -0.295276,
        -0.492126 -0.255906 -0.295276,
        -0.492126 -0.137795 -0.295276,
        -0.481936 -0.136454 -0.295276,
        -0.464287 -0.070586 -0.295276,
        -0.472441 -0.064330 -0.295276,
        -0.454097 0.088235 -0.295276,
        -0.452756 0.098425 -0.295276,
        -0.454097 0.108615 -0.295276,
        -0.458030 0.118110 -0.295276,
        -0.275591 -0.458030 -0.295276,
        -0.285086 -0.454097 -0.295276,
        -0.295276 -0.452756 -0.295276,
        -0.454097 -0.108615 -0.295276,
        -0.458030 -0.118110 -0.295276,
        -0.590551 -0.059055 -0.295276,
        -0.590551 0.059055 -0.295276,
        -0.492126 -0.059055 -0.295276,
        -0.492126 0.059055 -0.295276,
        -0.481936 0.060396 -0.295276,
        -0.590551 0.137795 -0.295276,
        -0.590551 0.255906 -0.295276,
        -0.492126 0.137795 -0.295276,
        -0.464287 0.126264 -0.295276,
        -0.472441 0.132521 -0.295276,
        -0.481936 0.136454 -0.295276,
        -0.056514 0.347631 -0.295276,
        -0.056514 0.326772 -0.295276,
        -0.001059 0.347631 -0.295276,
        -0.001059 0.326772 -0.295276,
        0.042152 0.326772 -0.295276,
        0.094365 0.326772 -0.295276,
        0.590551 0.428625 -0.295276,
        0.333304 0.481936 -0.295276,
        0.334646 0.492126 -0.295276,
        0.257247 0.481936 -0.295276,
        0.261180 0.472441 -0.295276,
        0.226952 0.428625 -0.295276,
        0.590551 0.570866 -0.295276,
        0.334646 0.590551 -0.295276,
        0.570866 0.590551 -0.295276,
        0.267437 0.464287 -0.295276,
        0.275591 0.458030 -0.295276,
        0.285086 0.454097 -0.295276,
        0.295276 0.452756 -0.295276,
        0.305465 0.454097 -0.295276,
        0.314961 0.458030 -0.295276,
        0.584785 0.584785 -0.295276,
        0.589880 0.575961 -0.295276,
        0.587914 0.580709 -0.295276,
        0.226952 0.590551 -0.295276,
        0.255906 0.590551 -0.295276,
        0.255906 0.492126 -0.295276,
        0.323115 0.464287 -0.295276,
        0.329371 0.472441 -0.295276,
        0.575961 0.589880 -0.295276,
        0.580709 0.587914 -0.295276,
        0.126264 0.464287 -0.295276,
        0.132521 0.472441 -0.295276,
        0.137795 0.590551 -0.295276,
        0.137795 0.492126 -0.295276,
        0.136454 0.481936 -0.295276,
        0.098425 0.452756 -0.295276,
        0.108615 0.454097 -0.295276,
        0.118110 0.458030 -0.295276,
        -0.059055 0.590551 -0.295276,
        -0.056514 0.590551 -0.295276,
        -0.059055 0.492126 -0.295276,
        -0.056514 0.428625 -0.295276,
        -0.060396 0.481936 -0.295276,
        -0.334646 0.492126 -0.295276,
        -0.333304 0.481936 -0.295276,
        -0.590551 0.428625 -0.295276,
        -0.329371 0.472441 -0.295276,
        -0.323115 0.464287 -0.295276,
        -0.257247 0.481936 -0.295276,
        -0.132521 0.472441 -0.295276,
        -0.126264 0.464287 -0.295276,
        -0.088235 0.454097 -0.295276,
        -0.078740 0.458030 -0.295276,
        -0.285086 0.454097 -0.295276,
        -0.275591 0.458030 -0.295276,
        -0.070586 0.464287 -0.295276,
        -0.064330 0.472441 -0.295276,
        -0.314961 0.458030 -0.295276,
        -0.305465 0.454097 -0.295276,
        -0.295276 0.452756 -0.295276,
        -0.267437 0.464287 -0.295276,
        -0.261180 0.472441 -0.295276,
        -0.255906 0.590551 -0.295276,
        -0.137795 0.590551 -0.295276,
        -0.255906 0.492126 -0.295276,
        -0.137795 0.492126 -0.295276,
        -0.136454 0.481936 -0.295276,
        -0.118110 0.458030 -0.295276,
        -0.108615 0.454097 -0.295276,
        -0.098425 0.452756 -0.295276,
        -0.580709 0.587914 -0.295276,
        -0.575961 0.589880 -0.295276,
        -0.584785 0.584785 -0.295276,
        -0.570866 0.590551 -0.295276,
        -0.587914 0.580709 -0.295276,
        -0.334646 0.590551 -0.295276,
        -0.590551 0.570866 -0.295276,
        -0.589880 0.575961 -0.295276,
        -0.103326 0.369210 -0.295276,
        -0.056514 0.368850 -0.295276,
        -0.111968 0.369210 -0.295276,
        -0.590551 0.368850 -0.295276,
        -0.088922 0.428265 -0.295276,
        -0.097350 0.385774 -0.295276,
        -0.072954 0.385774 -0.295276,
        -0.067317 0.369210 -0.295276,
        -0.058674 0.369210 -0.295276,
        -0.081000 0.428265 -0.295276,
        -0.051404 0.385395 -0.295276,
        -0.048018 0.380113 -0.295276,
        -0.043157 0.375459 -0.295276,
        -0.036991 0.371876 -0.295276,
        -0.001059 0.590551 -0.295276,
        -0.001059 0.428625 -0.295276,
        -0.023487 0.428265 -0.295276,
        -0.032019 0.427353 -0.295276,
        -0.038928 0.424926 -0.295276,
        -0.045356 0.420619 -0.295276,
        -0.045417 0.420565 -0.295276,
        -0.049593 0.415934 -0.295276,
        -0.052338 0.410855 -0.295276,
        -0.030186 0.369848 -0.295276,
        -0.022879 0.369210 -0.295276,
        -0.001059 0.368850 -0.295276,
        -0.006821 0.369210 -0.295276,
        -0.006821 0.428265 -0.295276,
        -0.053924 0.405037 -0.295276,
        -0.054353 0.399480 -0.295276,
        -0.053524 0.391577 -0.295276,
        0.036390 0.369210 -0.295276,
        0.036390 0.428265 -0.295276,
        0.006142 0.428265 -0.295276,
        0.006142 0.421783 -0.295276,
        0.004702 0.375691 -0.295276,
        0.004702 0.369210 -0.295276,
        0.028468 0.395857 -0.295276,
        0.028468 0.375691 -0.295276,
        0.007583 0.395857 -0.295276,
        0.007583 0.402338 -0.295276,
        0.028468 0.402338 -0.295276,
        0.028468 0.421783 -0.295276,
        0.096885 0.375691 -0.295276,
        0.096885 0.369210 -0.295276,
        0.119211 0.375691 -0.295276,
        0.119211 0.428265 -0.295276,
        0.127133 0.428265 -0.295276,
        0.127133 0.369210 -0.295276,
        0.226952 0.368850 -0.295276,
        0.590551 0.368850 -0.295276,
        0.590551 0.570866 0.000000,
        0.590551 -0.570866 0.000000,
        -0.570866 -0.590551 0.000000,
        0.570866 -0.590551 0.000000,
        -0.590551 -0.570866 0.000000,
        -0.590551 0.570866 0.000000,
        0.570866 0.590551 0.000000,
        -0.570866 0.590551 0.000000,
        -0.460700 0.402798 0.000000,
        -0.471585 0.411150 0.000000,
        -0.397259 0.485477 0.000000,
        -0.388907 0.474592 0.000000,
        0.587914 0.580709 0.000000,
        0.584785 0.584785 0.000000,
        -0.381865 0.448313 0.000000,
        0.580709 0.587914 0.000000,
        0.575961 0.589880 0.000000,
        -0.383656 0.461916 0.000000,
        -0.408144 0.402798 0.000000,
        0.575961 -0.589880 0.000000,
        0.587914 -0.580709 0.000000,
        -0.397259 0.411150 0.000000,
        0.589880 -0.575961 0.000000,
        -0.388907 0.422035 0.000000,
        -0.383656 0.434711 0.000000,
        0.589880 0.575961 0.000000,
        -0.471585 0.485477 0.000000,
        -0.575961 0.589880 0.000000,
        -0.580709 0.587914 0.000000,
        -0.479937 0.474592 0.000000,
        -0.584785 0.584785 0.000000,
        -0.587914 0.580709 0.000000,
        -0.460700 0.493829 0.000000,
        -0.448025 0.499079 0.000000,
        -0.434422 0.500870 0.000000,
        -0.420819 0.499079 0.000000,
        -0.408144 0.493829 0.000000,
        0.580709 -0.587914 0.000000,
        0.584785 -0.584785 0.000000,
        -0.589880 -0.575961 0.000000,
        -0.434422 0.395757 0.000000,
        -0.448025 0.397548 0.000000,
        -0.587914 -0.580709 0.000000,
        -0.584785 -0.584785 0.000000,
        -0.580709 -0.587914 0.000000,
        -0.420819 0.397548 0.000000,
        -0.575961 -0.589880 0.000000,
        -0.479937 0.422035 0.000000,
        -0.485188 0.434711 0.000000,
        -0.486979 0.448313 0.000000,
        -0.485188 0.461916 0.000000,
        -0.589880 0.575961 0.000000,
        -0.257247 0.481936 -0.255906,
        -0.261180 0.472441 -0.255906,
        -0.267437 0.464287 -0.255906,
        -0.275591 0.458030 -0.255906,
        -0.285086 0.454097 -0.255906,
        -0.305465 0.454097 -0.255906,
        -0.314961 0.458030 -0.255906,
        -0.323115 0.464287 -0.255906,
        -0.329371 0.472441 -0.255906,
        -0.333304 0.481936 -0.255906,
        -0.481936 0.136454 -0.255906,
        -0.472441 0.132521 -0.255906,
        -0.464287 0.126264 -0.255906,
        -0.458030 0.118110 -0.255906,
        -0.454097 0.108615 -0.255906,
        -0.454097 0.088235 -0.255906,
        -0.458030 0.078740 -0.255906,
        -0.464287 0.070586 -0.255906,
        -0.472441 0.064330 -0.255906,
        -0.481936 0.060396 -0.255906,
        -0.481936 -0.060396 -0.255906,
        -0.472441 -0.064330 -0.255906,
        -0.464287 -0.070586 -0.255906,
        -0.458030 -0.078740 -0.255906,
        -0.454097 -0.088235 -0.255906,
        -0.454097 -0.108615 -0.255906,
        -0.458030 -0.118110 -0.255906,
        -0.464287 -0.126264 -0.255906,
        -0.472441 -0.132521 -0.255906,
        -0.481936 -0.136454 -0.255906,
        -0.481936 -0.257247 -0.255906,
        -0.472441 -0.261180 -0.255906,
        -0.464287 -0.267437 -0.255906,
        -0.458030 -0.275591 -0.255906,
        -0.454097 -0.285086 -0.255906,
        -0.454097 -0.305465 -0.255906,
        -0.458030 -0.314961 -0.255906,
        -0.464287 -0.323115 -0.255906,
        -0.472441 -0.329371 -0.255906,
        -0.481936 -0.333304 -0.255906,
        0.481936 -0.333304 -0.255906,
        0.472441 -0.329371 -0.255906,
        0.464287 -0.323115 -0.255906,
        0.458030 -0.314961 -0.255906,
        0.454097 -0.305465 -0.255906,
        0.454097 -0.285086 -0.255906,
        0.458030 -0.275591 -0.255906,
        0.464287 -0.267437 -0.255906,
        0.472441 -0.261180 -0.255906,
        0.481936 -0.257247 -0.255906,
        0.481936 0.257247 -0.255906,
        0.472441 0.261180 -0.255906,
        0.464287 0.267437 -0.255906,
        0.458030 0.275591 -0.255906,
        0.454097 0.285086 -0.255906,
        0.454097 0.305465 -0.255906,
        0.458030 0.314961 -0.255906,
        0.464287 0.323115 -0.255906,
        0.472441 0.329371 -0.255906,
        0.481936 0.333304 -0.255906,
        0.481936 0.060396 -0.255906,
        0.472441 0.064330 -0.255906,
        0.464287 0.070586 -0.255906,
        0.458030 0.078740 -0.255906,
        0.454097 0.088235 -0.255906,
        0.454097 0.108615 -0.255906,
        0.458030 0.118110 -0.255906,
        0.464287 0.126264 -0.255906,
        0.472441 0.132521 -0.255906,
        0.481936 0.136454 -0.255906,
        0.481936 -0.136454 -0.255906,
        0.472441 -0.132521 -0.255906,
        0.464287 -0.126264 -0.255906,
        0.458030 -0.118110 -0.255906,
        0.454097 -0.108615 -0.255906,
        0.454097 -0.088235 -0.255906,
        0.458030 -0.078740 -0.255906,
        0.464287 -0.070586 -0.255906,
        0.472441 -0.064330 -0.255906,
        0.481936 -0.060396 -0.255906,
        -0.060396 0.481936 -0.255906,
        -0.064330 0.472441 -0.255906,
        -0.070586 0.464287 -0.255906,
        -0.078740 0.458030 -0.255906,
        -0.088235 0.454097 -0.255906,
        -0.108615 0.454097 -0.255906,
        -0.118110 0.458030 -0.255906,
        -0.126264 0.464287 -0.255906,
        -0.132521 0.472441 -0.255906,
        -0.136454 0.481936 -0.255906,
        0.136454 0.481936 -0.255906,
        0.132521 0.472441 -0.255906,
        0.126264 0.464287 -0.255906,
        0.118110 0.458030 -0.255906,
        0.108615 0.454097 -0.255906,
        0.088235 0.454097 -0.255906,
        0.078740 0.458030 -0.255906,
        0.070586 0.464287 -0.255906,
        0.064330 0.472441 -0.255906,
        0.060396 0.481936 -0.255906,
        0.333304 0.481936 -0.255906,
        0.329371 0.472441 -0.255906,
        0.323115 0.464287 -0.255906,
        0.314961 0.458030 -0.255906,
        0.305465 0.454097 -0.255906,
        0.285086 0.454097 -0.255906,
        0.275591 0.458030 -0.255906,
        0.267437 0.464287 -0.255906,
        0.261180 0.472441 -0.255906,
        0.257247 0.481936 -0.255906,
        0.257247 -0.481936 -0.255906,
        0.261180 -0.472441 -0.255906,
        0.267437 -0.464287 -0.255906,
        0.275591 -0.458030 -0.255906,
        0.285086 -0.454097 -0.255906,
        0.305465 -0.454097 -0.255906,
        0.314961 -0.458030 -0.255906,
        0.323115 -0.464287 -0.255906,
        0.329371 -0.472441 -0.255906,
        0.333304 -0.481936 -0.255906,
        0.060396 -0.481936 -0.255906,
        0.064330 -0.472441 -0.255906,
        0.070586 -0.464287 -0.255906,
        0.078740 -0.458030 -0.255906,
        0.088235 -0.454097 -0.255906,
        0.108615 -0.454097 -0.255906,
        0.118110 -0.458030 -0.255906,
        0.126264 -0.464287 -0.255906,
        0.132521 -0.472441 -0.255906,
        0.136454 -0.481936 -0.255906,
        -0.136454 -0.481936 -0.255906,
        -0.132521 -0.472441 -0.255906,
        -0.126264 -0.464287 -0.255906,
        -0.118110 -0.458030 -0.255906,
        -0.108615 -0.454097 -0.255906,
        -0.088235 -0.454097 -0.255906,
        -0.078740 -0.458030 -0.255906,
        -0.070586 -0.464287 -0.255906,
        -0.064330 -0.472441 -0.255906,
        -0.060396 -0.481936 -0.255906,
        -0.333304 -0.481936 -0.255906,
        -0.329371 -0.472441 -0.255906,
        -0.323115 -0.464287 -0.255906,
        -0.314961 -0.458030 -0.255906,
        -0.305465 -0.454097 -0.255906,
        -0.285086 -0.454097 -0.255906,
        -0.275591 -0.458030 -0.255906,
        -0.267437 -0.464287 -0.255906,
        -0.261180 -0.472441 -0.255906,
        -0.257247 -0.481936 -0.255906,
        -0.481936 0.333304 -0.255906,
        -0.472441 0.329371 -0.255906,
        -0.464287 0.323115 -0.255906,
        -0.458030 0.314961 -0.255906,
        -0.454097 0.305465 -0.255906,
        -0.454097 0.285086 -0.255906,
        -0.458030 0.275591 -0.255906,
        -0.464287 0.267437 -0.255906,
        -0.472441 0.261180 -0.255906,
        -0.481936 0.257247 -0.255906,
        -0.088922 0.428265 -0.291339,
        -0.111968 0.369210 -0.291339,
        -0.103326 0.369210 -0.291339,
        -0.097350 0.385774 -0.291339,
        -0.072954 0.385774 -0.291339,
        -0.067317 0.369210 -0.291339,
        -0.058674 0.369210 -0.291339,
        -0.081000 0.428265 -0.291339,
        -0.074946 0.392256 -0.291339,
        -0.094695 0.392256 -0.291339,
        -0.083757 0.416922 -0.291339,
        -0.084325 0.418970 -0.291339,
        -0.084702 0.421063 -0.291339,
        -0.084893 0.421063 -0.291339,
        -0.085279 0.418976 -0.291339,
        -0.085805 0.416922 -0.291339,
        -0.074946 0.392256 -0.295276,
        -0.094695 0.392256 -0.295276,
        -0.083757 0.416922 -0.295276,
        -0.084325 0.418970 -0.295276,
        -0.084702 0.421063 -0.295276,
        -0.084893 0.421063 -0.295276,
        -0.085279 0.418976 -0.295276,
        -0.085805 0.416922 -0.295276,
        -0.022879 0.369210 -0.291339,
        -0.006821 0.369210 -0.291339,
        -0.006821 0.428265 -0.291339,
        -0.023487 0.428265 -0.291339,
        -0.054353 0.399480 -0.291339,
        -0.053924 0.405037 -0.291339,
        -0.052338 0.410855 -0.291339,
        -0.049593 0.415934 -0.291339,
        -0.045417 0.420565 -0.291339,
        -0.045356 0.420619 -0.291339,
        -0.038928 0.424926 -0.291339,
        -0.032019 0.427353 -0.291339,
        -0.030186 0.369848 -0.291339,
        -0.036991 0.371876 -0.291339,
        -0.043157 0.375459 -0.291339,
        -0.048018 0.380113 -0.291339,
        -0.051404 0.385395 -0.291339,
        -0.053524 0.391577 -0.291339,
        -0.042499 0.413502 -0.291339,
        -0.039631 0.416548 -0.291339,
        -0.035317 0.419334 -0.291339,
        -0.030443 0.421040 -0.291339,
        -0.023453 0.421783 -0.291339,
        -0.014743 0.421783 -0.291339,
        -0.014743 0.375691 -0.291339,
        -0.023126 0.375691 -0.291339,
        -0.029357 0.376271 -0.291339,
        -0.034326 0.377822 -0.291339,
        -0.038354 0.380214 -0.291339,
        -0.041666 0.383485 -0.291339,
        -0.044157 0.387557 -0.291339,
        -0.045889 0.393108 -0.291339,
        -0.046431 0.399311 -0.291339,
        -0.045930 0.405189 -0.291339,
        -0.044551 0.409859 -0.291339,
        -0.023453 0.421783 -0.295276,
        -0.014743 0.421783 -0.295276,
        -0.030443 0.421040 -0.295276,
        -0.035317 0.419334 -0.295276,
        -0.039631 0.416548 -0.295276,
        -0.042499 0.413502 -0.295276,
        -0.044551 0.409859 -0.295276,
        -0.045930 0.405189 -0.295276,
        -0.046431 0.399311 -0.295276,
        -0.045889 0.393108 -0.295276,
        -0.044157 0.387557 -0.295276,
        -0.041666 0.383485 -0.295276,
        -0.038354 0.380214 -0.295276,
        -0.034326 0.377822 -0.295276,
        -0.029357 0.376271 -0.295276,
        -0.023126 0.375691 -0.295276,
        -0.014743 0.375691 -0.295276,
        0.004702 0.375691 -0.291339,
        0.004702 0.369210 -0.291339,
        0.036390 0.369210 -0.291339,
        0.036390 0.428265 -0.291339,
        0.006142 0.428265 -0.291339,
        0.006142 0.421783 -0.291339,
        0.028468 0.421783 -0.291339,
        0.028468 0.402338 -0.291339,
        0.007583 0.402338 -0.291339,
        0.007583 0.395857 -0.291339,
        0.028468 0.395857 -0.291339,
        0.028468 0.375691 -0.291339,
        0.047913 0.378752 -0.291339,
        0.047913 0.372270 -0.291339,
        0.054208 0.369686 -0.291339,
        0.064162 0.368489 -0.291339,
        0.062547 0.368517 -0.291339,
        0.091844 0.397623 -0.291339,
        0.091273 0.390784 -0.291339,
        0.089496 0.384533 -0.291339,
        0.086350 0.378918 -0.291339,
        0.081914 0.374248 -0.291339,
        0.077164 0.371214 -0.291339,
        0.071440 0.369244 -0.291339,
        0.061810 0.428985 -0.291339,
        0.067742 0.428501 -0.291339,
        0.074325 0.426588 -0.291339,
        0.079935 0.423359 -0.291339,
        0.085266 0.418232 -0.291339,
        0.088728 0.412711 -0.291339,
        0.090995 0.406019 -0.291339,
        0.054741 0.428497 -0.291339,
        0.047913 0.426644 -0.291339,
        0.047913 0.418722 -0.291339,
        0.061743 0.422504 -0.291339,
        0.054565 0.421571 -0.291339,
        0.083922 0.398107 -0.291339,
        0.083641 0.402702 -0.291339,
        0.082067 0.409024 -0.291339,
        0.079632 0.413583 -0.291339,
        0.076065 0.417520 -0.291339,
        0.071978 0.420255 -0.291339,
        0.067558 0.421850 -0.291339,
        0.063070 0.374971 -0.291339,
        0.068579 0.375589 -0.291339,
        0.072882 0.377173 -0.291339,
        0.076506 0.379616 -0.291339,
        0.079278 0.382539 -0.291339,
        0.081720 0.386634 -0.291339,
        0.083324 0.391714 -0.291339,
        0.048971 0.378166 -0.291339,
        0.055231 0.375841 -0.291339,
        0.096885 0.375691 -0.291339,
        0.096885 0.369210 -0.291339,
        0.127133 0.369210 -0.291339,
        0.127133 0.428265 -0.291339,
        0.119211 0.428265 -0.291339,
        0.119211 0.375691 -0.291339,
      ]
    }
    coordIndex [
      85, 86, 87, -1,
      88, 89, 90, -1,
      91, 92, 93, -1,
      94, 95, 96, -1,
      97, 98, 99, -1,
      99, 98, 100, -1,
      99, 100, 101, -1,
      94, 96, 102, -1,
      102, 96, 97, -1,
      102, 97, 103, -1,
      103, 97, 104, -1,
      103, 104, 105, -1,
      95, 106, 96, -1,
      96, 106, 107, -1,
      96, 107, 108, -1,
      109, 110, 96, -1,
      96, 110, 111, -1,
      112, 113, 114, -1,
      114, 113, 115, -1,
      111, 116, 96, -1,
      96, 116, 115, -1,
      96, 115, 117, -1,
      117, 115, 113, -1,
      108, 118, 96, -1,
      96, 118, 119, -1,
      96, 119, 109, -1,
      120, 121, 122, -1,
      123, 124, 104, -1,
      104, 124, 125, -1,
      123, 104, 126, -1,
      126, 104, 127, -1,
      126, 127, 128, -1,
      122, 121, 125, -1,
      125, 121, 129, -1,
      125, 129, 104, -1,
      104, 129, 130, -1,
      104, 130, 105, -1,
      131, 132, 133, -1,
      131, 133, 134, -1,
      135, 136, 93, -1,
      93, 136, 137, -1,
      138, 139, 93, -1,
      93, 139, 140, -1,
      93, 140, 135, -1,
      122, 91, 120, -1,
      120, 91, 93, -1,
      120, 93, 141, -1,
      141, 93, 137, -1,
      132, 142, 133, -1,
      133, 142, 143, -1,
      133, 143, 138, -1,
      101, 144, 145, -1,
      145, 144, 146, -1,
      145, 146, 147, -1,
      147, 146, 148, -1,
      147, 148, 133, -1,
      133, 148, 149, -1,
      133, 149, 134, -1,
      150, 151, 152, -1,
      152, 153, 154, -1,
      155, 156, 157, -1,
      157, 156, 158, -1,
      159, 160, 161, -1,
      161, 160, 156, -1,
      161, 156, 162, -1,
      162, 156, 155, -1,
      154, 163, 164, -1,
      165, 166, 167, -1,
      152, 151, 168, -1,
      168, 151, 169, -1,
      168, 169, 170, -1,
      171, 172, 173, -1,
      165, 167, 174, -1,
      175, 176, 168, -1,
      164, 177, 154, -1,
      154, 177, 178, -1,
      154, 178, 152, -1,
      170, 179, 168, -1,
      168, 179, 180, -1,
      168, 180, 156, -1,
      156, 180, 181, -1,
      156, 181, 158, -1,
      182, 183, 184, -1,
      185, 186, 187, -1,
      188, 189, 190, -1,
      190, 189, 191, -1,
      190, 191, 192, -1,
      150, 152, 167, -1,
      167, 152, 193, -1,
      167, 193, 174, -1,
      182, 184, 194, -1,
      185, 187, 195, -1,
      176, 196, 168, -1,
      168, 196, 197, -1,
      168, 197, 152, -1,
      152, 197, 198, -1,
      152, 198, 153, -1,
      195, 187, 190, -1,
      190, 187, 199, -1,
      190, 199, 188, -1,
      200, 201, 88, -1,
      88, 201, 202, -1,
      88, 202, 203, -1,
      184, 204, 88, -1,
      88, 204, 205, -1,
      88, 205, 168, -1,
      168, 205, 206, -1,
      168, 206, 175, -1,
      207, 208, 88, -1,
      88, 208, 209, -1,
      210, 211, 88, -1,
      88, 211, 212, -1,
      88, 212, 200, -1,
      200, 212, 213, -1,
      200, 213, 214, -1,
      215, 216, 217, -1,
      217, 216, 218, -1,
      217, 218, 183, -1,
      183, 218, 219, -1,
      183, 219, 184, -1,
      220, 221, 222, -1,
      222, 221, 223, -1,
      222, 223, 186, -1,
      186, 223, 224, -1,
      186, 224, 187, -1,
      209, 225, 88, -1,
      88, 225, 226, -1,
      88, 226, 210, -1,
      203, 227, 88, -1,
      88, 227, 228, -1,
      88, 228, 192, -1,
      192, 191, 88, -1,
      88, 191, 229, -1,
      88, 229, 184, -1,
      184, 229, 230, -1,
      184, 230, 194, -1,
      231, 232, 233, -1,
      214, 234, 200, -1,
      200, 234, 231, -1,
      200, 231, 235, -1,
      235, 231, 233, -1,
      156, 236, 237, -1,
      236, 156, 238, -1,
      238, 156, 160, -1,
      238, 160, 239, -1,
      240, 241, 242, -1,
      242, 241, 156, -1,
      242, 156, 243, -1,
      243, 156, 237, -1,
      244, 245, 85, -1,
      240, 246, 241, -1,
      241, 246, 247, -1,
      241, 247, 244, -1,
      244, 247, 248, -1,
      244, 248, 249, -1,
      249, 250, 244, -1,
      244, 250, 251, -1,
      244, 251, 245, -1,
      85, 87, 244, -1,
      244, 87, 252, -1,
      244, 252, 253, -1,
      253, 252, 254, -1,
      253, 254, 255, -1,
      256, 257, 258, -1,
      259, 260, 261, -1,
      262, 263, 264, -1,
      265, 266, 267, -1,
      268, 269, 270, -1,
      271, 272, 255, -1,
      273, 274, 275, -1,
      275, 274, 276, -1,
      275, 276, 262, -1,
      262, 276, 277, -1,
      262, 277, 263, -1,
      264, 278, 279, -1,
      280, 281, 282, -1,
      282, 281, 283, -1,
      272, 284, 255, -1,
      255, 284, 285, -1,
      255, 285, 286, -1,
      283, 287, 282, -1,
      282, 287, 288, -1,
      282, 288, 256, -1,
      289, 290, 275, -1,
      261, 291, 292, -1,
      292, 291, 293, -1,
      279, 294, 264, -1,
      264, 294, 295, -1,
      264, 295, 262, -1,
      296, 297, 298, -1,
      298, 297, 299, -1,
      298, 299, 265, -1,
      265, 299, 300, -1,
      265, 300, 266, -1,
      301, 302, 291, -1,
      291, 302, 303, -1,
      291, 303, 304, -1,
      305, 262, 306, -1,
      290, 307, 275, -1,
      275, 307, 308, -1,
      275, 308, 291, -1,
      291, 308, 309, -1,
      291, 309, 293, -1,
      310, 311, 269, -1,
      269, 311, 312, -1,
      269, 312, 313, -1,
      271, 255, 314, -1,
      314, 255, 254, -1,
      314, 254, 315, -1,
      316, 275, 317, -1,
      317, 275, 255, -1,
      317, 255, 318, -1,
      318, 255, 286, -1,
      316, 319, 275, -1,
      275, 319, 320, -1,
      275, 320, 265, -1,
      304, 321, 291, -1,
      291, 321, 322, -1,
      291, 322, 282, -1,
      282, 322, 323, -1,
      282, 323, 280, -1,
      306, 324, 305, -1,
      305, 324, 325, -1,
      305, 325, 326, -1,
      305, 327, 262, -1,
      262, 327, 328, -1,
      262, 328, 275, -1,
      275, 328, 329, -1,
      275, 329, 289, -1,
      330, 331, 332, -1,
      332, 331, 333, -1,
      332, 333, 261, -1,
      261, 333, 334, -1,
      261, 334, 259, -1,
      313, 335, 269, -1,
      269, 335, 336, -1,
      269, 336, 270, -1,
      337, 338, 291, -1,
      291, 338, 339, -1,
      291, 339, 340, -1,
      267, 341, 265, -1,
      265, 341, 342, -1,
      265, 342, 275, -1,
      275, 342, 343, -1,
      275, 343, 273, -1,
      310, 337, 311, -1,
      311, 337, 291, -1,
      311, 291, 344, -1,
      344, 291, 261, -1,
      344, 261, 345, -1,
      345, 261, 260, -1,
      346, 347, 348, -1,
      348, 347, 349, -1,
      348, 349, 270, -1,
      270, 349, 350, -1,
      270, 350, 268, -1,
      351, 352, 353, -1,
      353, 352, 301, -1,
      340, 354, 291, -1,
      291, 354, 355, -1,
      291, 355, 301, -1,
      301, 355, 356, -1,
      301, 356, 353, -1,
      256, 258, 282, -1,
      282, 258, 357, -1,
      282, 357, 358, -1,
      358, 357, 359, -1,
      358, 359, 360, -1,
      360, 359, 145, -1,
      360, 145, 361, -1,
      361, 145, 147, -1,
      361, 147, 362, -1,
      363, 364, 365, -1,
      366, 367, 368, -1,
      363, 365, 369, -1,
      369, 365, 370, -1,
      369, 370, 371, -1,
      367, 372, 368, -1,
      368, 372, 373, -1,
      368, 373, 374, -1,
      375, 376, 363, -1,
      363, 376, 377, -1,
      369, 378, 379, -1,
      379, 378, 380, -1,
      381, 382, 368, -1,
      368, 382, 383, -1,
      368, 383, 366, -1,
      377, 384, 363, -1,
      363, 384, 385, -1,
      363, 385, 364, -1,
      371, 386, 369, -1,
      369, 386, 387, -1,
      369, 387, 378, -1,
      388, 389, 368, -1,
      390, 381, 391, -1,
      391, 381, 368, -1,
      391, 368, 392, -1,
      392, 368, 389, -1,
      92, 393, 93, -1,
      93, 393, 394, -1,
      93, 394, 368, -1,
      368, 394, 395, -1,
      368, 395, 388, -1,
      396, 397, 398, -1,
      398, 397, 399, -1,
      398, 399, 400, -1,
      401, 402, 403, -1,
      403, 402, 404, -1,
      403, 404, 405, -1,
      406, 407, 408, -1,
      409, 410, 399, -1,
      399, 411, 412, -1,
      410, 413, 399, -1,
      399, 413, 414, -1,
      399, 414, 400, -1,
      405, 415, 403, -1,
      403, 415, 416, -1,
      403, 416, 417, -1,
      412, 418, 399, -1,
      399, 418, 419, -1,
      399, 419, 406, -1,
      420, 421, 422, -1,
      422, 421, 423, -1,
      422, 423, 406, -1,
      406, 423, 424, -1,
      406, 424, 407, -1,
      408, 425, 406, -1,
      406, 425, 426, -1,
      406, 426, 399, -1,
      399, 426, 427, -1,
      399, 427, 409, -1,
      428, 429, 430, -1,
      430, 429, 431, -1,
      430, 431, 432, -1,
      401, 403, 433, -1,
      433, 403, 434, -1,
      433, 434, 431, -1,
      431, 434, 435, -1,
      431, 435, 432, -1,
      436, 437, 438, -1,
      438, 437, 439, -1,
      438, 439, 440, -1,
      440, 439, 403, -1,
      440, 403, 399, -1,
      399, 403, 417, -1,
      399, 417, 411, -1,
      441, 442, 436, -1,
      436, 442, 443, -1,
      436, 443, 437, -1,
      437, 443, 444, -1,
      437, 444, 399, -1,
      399, 444, 445, -1,
      399, 445, 440, -1,
      446, 447, 437, -1,
      437, 447, 448, -1,
      437, 448, 449, -1,
      397, 450, 399, -1,
      399, 450, 451, -1,
      399, 451, 452, -1,
      452, 453, 399, -1,
      399, 453, 454, -1,
      399, 454, 455, -1,
      455, 456, 399, -1,
      399, 456, 457, -1,
      399, 457, 458, -1,
      449, 459, 437, -1,
      437, 459, 460, -1,
      437, 460, 461, -1,
      461, 460, 462, -1,
      461, 462, 451, -1,
      451, 462, 463, -1,
      451, 463, 452, -1,
      458, 464, 399, -1,
      399, 464, 465, -1,
      399, 465, 437, -1,
      437, 465, 466, -1,
      437, 466, 446, -1,
      467, 99, 461, -1,
      97, 99, 104, -1,
      104, 99, 467, -1,
      104, 467, 468, -1,
      450, 127, 451, -1,
      451, 127, 104, -1,
      451, 104, 469, -1,
      469, 104, 468, -1,
      469, 470, 451, -1,
      451, 470, 471, -1,
      451, 471, 461, -1,
      461, 471, 472, -1,
      461, 472, 467, -1,
      473, 474, 475, -1,
      475, 474, 471, -1,
      475, 471, 476, -1,
      476, 471, 470, -1,
      476, 470, 477, -1,
      477, 470, 478, -1,
      138, 93, 133, -1,
      133, 93, 479, -1,
      133, 479, 480, -1,
      481, 479, 482, -1,
      482, 479, 93, -1,
      482, 93, 483, -1,
      483, 93, 368, -1,
      483, 368, 484, -1,
      484, 368, 485, -1,
      101, 145, 99, -1,
      99, 145, 359, -1,
      99, 359, 461, -1,
      461, 359, 357, -1,
      461, 357, 437, -1,
      437, 357, 258, -1,
      437, 258, 439, -1,
      480, 484, 133, -1,
      133, 484, 485, -1,
      133, 485, 147, -1,
      147, 485, 90, -1,
      147, 90, 362, -1,
      362, 90, 89, -1,
      374, 375, 368, -1,
      368, 375, 363, -1,
      368, 363, 485, -1,
      485, 363, 486, -1,
      485, 486, 90, -1,
      90, 486, 171, -1,
      90, 171, 88, -1,
      88, 171, 173, -1,
      88, 173, 207, -1,
      363, 369, 487, -1,
      488, 164, 163, -1,
      216, 215, 63, -1,
      63, 215, 69, -1,
      163, 64, 488, -1,
      488, 64, 63, -1,
      488, 63, 487, -1,
      487, 63, 69, -1,
      487, 69, 68, -1,
      73, 233, 232, -1,
      77, 75, 487, -1,
      232, 77, 73, -1,
      73, 77, 487, -1,
      73, 487, 74, -1,
      74, 487, 68, -1,
      74, 68, 220, -1,
      220, 68, 221, -1,
      75, 172, 171, -1,
      75, 171, 487, -1,
      487, 171, 486, -1,
      487, 486, 363, -1,
      489, 279, 278, -1,
      278, 39, 489, -1,
      489, 39, 38, -1,
      489, 38, 490, -1,
      87, 86, 29, -1,
      29, 28, 490, -1,
      315, 254, 33, -1,
      33, 254, 252, -1,
      160, 159, 24, -1,
      297, 296, 38, -1,
      38, 296, 34, -1,
      38, 34, 490, -1,
      490, 34, 33, -1,
      490, 33, 29, -1,
      29, 33, 252, -1,
      29, 252, 87, -1,
      160, 24, 239, -1,
      166, 165, 23, -1,
      23, 165, 490, -1,
      23, 490, 24, -1,
      24, 490, 28, -1,
      24, 28, 239, -1,
      491, 492, 43, -1,
      43, 492, 44, -1,
      434, 403, 492, -1,
      492, 403, 439, -1,
      492, 439, 44, -1,
      44, 439, 258, -1,
      44, 258, 257, -1,
      48, 347, 346, -1,
      54, 53, 491, -1,
      346, 54, 48, -1,
      48, 54, 491, -1,
      48, 491, 49, -1,
      49, 491, 43, -1,
      49, 43, 351, -1,
      351, 43, 352, -1,
      326, 325, 58, -1,
      58, 325, 491, -1,
      58, 491, 59, -1,
      59, 491, 53, -1,
      59, 53, 330, -1,
      330, 53, 331, -1,
      493, 371, 370, -1,
      370, 19, 493, -1,
      493, 19, 18, -1,
      493, 18, 494, -1,
      381, 390, 14, -1,
      397, 396, 9, -1,
      13, 128, 127, -1,
      9, 8, 494, -1,
      382, 381, 18, -1,
      18, 381, 14, -1,
      18, 14, 494, -1,
      494, 14, 13, -1,
      494, 13, 9, -1,
      13, 127, 9, -1,
      9, 127, 450, -1,
      9, 450, 397, -1,
      433, 431, 3, -1,
      3, 431, 494, -1,
      3, 494, 4, -1,
      4, 494, 8, -1,
      4, 8, 420, -1,
      420, 8, 421, -1,
      495, 496, 491, -1,
      493, 497, 498, -1,
      499, 500, 501, -1,
      501, 500, 502, -1,
      502, 503, 501, -1,
      501, 503, 493, -1,
      501, 493, 504, -1,
      504, 493, 498, -1,
      505, 490, 506, -1,
      505, 507, 508, -1,
      508, 507, 509, -1,
      508, 509, 510, -1,
      510, 509, 488, -1,
      510, 488, 511, -1,
      511, 488, 487, -1,
      511, 487, 501, -1,
      501, 487, 512, -1,
      501, 512, 499, -1,
      490, 505, 489, -1,
      513, 514, 515, -1,
      513, 515, 516, -1,
      516, 515, 517, -1,
      516, 517, 518, -1,
      514, 513, 494, -1,
      494, 513, 519, -1,
      494, 519, 520, -1,
      520, 521, 494, -1,
      494, 521, 522, -1,
      494, 522, 493, -1,
      493, 522, 523, -1,
      493, 523, 497, -1,
      506, 524, 505, -1,
      505, 524, 525, -1,
      505, 525, 507, -1,
      526, 527, 491, -1,
      491, 527, 528, -1,
      491, 528, 495, -1,
      526, 529, 527, -1,
      527, 529, 530, -1,
      527, 530, 531, -1,
      505, 532, 489, -1,
      489, 532, 527, -1,
      489, 527, 533, -1,
      533, 527, 531, -1,
      496, 534, 491, -1,
      491, 534, 535, -1,
      491, 535, 492, -1,
      492, 535, 536, -1,
      536, 537, 492, -1,
      492, 537, 516, -1,
      492, 516, 538, -1,
      538, 516, 518, -1,
      0, 422, 539, -1,
      539, 422, 406, -1,
      539, 406, 540, -1,
      540, 406, 419, -1,
      540, 419, 541, -1,
      541, 419, 418, -1,
      541, 418, 542, -1,
      542, 418, 412, -1,
      542, 412, 543, -1,
      543, 412, 411, -1,
      543, 411, 1, -1,
      1, 411, 417, -1,
      1, 417, 544, -1,
      544, 417, 416, -1,
      544, 416, 545, -1,
      545, 416, 415, -1,
      545, 415, 546, -1,
      546, 415, 405, -1,
      546, 405, 547, -1,
      547, 405, 404, -1,
      547, 404, 548, -1,
      548, 404, 402, -1,
      548, 402, 2, -1,
      2, 402, 401, -1,
      0, 4, 422, -1,
      422, 4, 420, -1,
      3, 2, 433, -1,
      433, 2, 401, -1,
      3, 4, 2, -1,
      2, 4, 0, -1,
      2, 0, 548, -1,
      548, 0, 547, -1,
      547, 0, 546, -1,
      546, 0, 539, -1,
      546, 539, 540, -1,
      540, 541, 546, -1,
      546, 541, 542, -1,
      546, 542, 543, -1,
      543, 1, 546, -1,
      546, 1, 544, -1,
      546, 544, 545, -1,
      45, 353, 549, -1,
      549, 353, 356, -1,
      549, 356, 550, -1,
      550, 356, 355, -1,
      550, 355, 551, -1,
      551, 355, 354, -1,
      551, 354, 552, -1,
      552, 354, 340, -1,
      552, 340, 553, -1,
      553, 340, 339, -1,
      553, 339, 46, -1,
      46, 339, 338, -1,
      46, 338, 554, -1,
      554, 338, 337, -1,
      554, 337, 555, -1,
      555, 337, 310, -1,
      555, 310, 556, -1,
      556, 310, 269, -1,
      556, 269, 557, -1,
      557, 269, 268, -1,
      557, 268, 558, -1,
      558, 268, 350, -1,
      558, 350, 47, -1,
      47, 350, 349, -1,
      45, 49, 353, -1,
      353, 49, 351, -1,
      48, 47, 347, -1,
      347, 47, 349, -1,
      48, 49, 47, -1,
      47, 49, 45, -1,
      47, 45, 558, -1,
      558, 45, 557, -1,
      549, 550, 555, -1,
      555, 550, 551, -1,
      555, 551, 552, -1,
      549, 555, 45, -1,
      45, 555, 556, -1,
      45, 556, 557, -1,
      552, 553, 555, -1,
      555, 553, 46, -1,
      555, 46, 554, -1,
      50, 348, 559, -1,
      559, 348, 270, -1,
      559, 270, 560, -1,
      560, 270, 336, -1,
      560, 336, 561, -1,
      561, 336, 335, -1,
      561, 335, 562, -1,
      562, 335, 313, -1,
      562, 313, 563, -1,
      563, 313, 312, -1,
      563, 312, 51, -1,
      51, 312, 311, -1,
      51, 311, 564, -1,
      564, 311, 344, -1,
      564, 344, 565, -1,
      565, 344, 345, -1,
      565, 345, 566, -1,
      566, 345, 260, -1,
      566, 260, 567, -1,
      567, 260, 259, -1,
      567, 259, 568, -1,
      568, 259, 334, -1,
      568, 334, 52, -1,
      52, 334, 333, -1,
      50, 54, 348, -1,
      348, 54, 346, -1,
      53, 52, 331, -1,
      331, 52, 333, -1,
      560, 561, 565, -1,
      53, 54, 52, -1,
      52, 54, 50, -1,
      52, 50, 568, -1,
      568, 50, 567, -1,
      560, 565, 559, -1,
      561, 562, 563, -1,
      559, 565, 50, -1,
      50, 565, 566, -1,
      50, 566, 567, -1,
      563, 51, 561, -1,
      561, 51, 564, -1,
      561, 564, 565, -1,
      55, 332, 569, -1,
      569, 332, 261, -1,
      569, 261, 570, -1,
      570, 261, 292, -1,
      570, 292, 571, -1,
      571, 292, 293, -1,
      571, 293, 572, -1,
      572, 293, 309, -1,
      572, 309, 573, -1,
      573, 309, 308, -1,
      573, 308, 56, -1,
      56, 308, 307, -1,
      56, 307, 574, -1,
      574, 307, 290, -1,
      574, 290, 575, -1,
      575, 290, 289, -1,
      575, 289, 576, -1,
      576, 289, 329, -1,
      576, 329, 577, -1,
      577, 329, 328, -1,
      577, 328, 578, -1,
      578, 328, 327, -1,
      578, 327, 57, -1,
      57, 327, 305, -1,
      55, 59, 332, -1,
      332, 59, 330, -1,
      58, 57, 326, -1,
      326, 57, 305, -1,
      577, 578, 570, -1,
      58, 59, 57, -1,
      57, 59, 55, -1,
      57, 55, 578, -1,
      578, 55, 569, -1,
      578, 569, 570, -1,
      56, 571, 573, -1,
      573, 571, 572, -1,
      56, 574, 571, -1,
      571, 574, 575, -1,
      571, 575, 570, -1,
      570, 575, 576, -1,
      570, 576, 577, -1,
      60, 154, 579, -1,
      579, 154, 153, -1,
      579, 153, 580, -1,
      580, 153, 198, -1,
      580, 198, 581, -1,
      581, 198, 197, -1,
      581, 197, 582, -1,
      582, 197, 196, -1,
      582, 196, 583, -1,
      583, 196, 176, -1,
      583, 176, 61, -1,
      61, 176, 175, -1,
      61, 175, 584, -1,
      584, 175, 206, -1,
      584, 206, 585, -1,
      585, 206, 205, -1,
      585, 205, 586, -1,
      586, 205, 204, -1,
      586, 204, 587, -1,
      587, 204, 184, -1,
      587, 184, 588, -1,
      588, 184, 219, -1,
      588, 219, 62, -1,
      62, 219, 218, -1,
      60, 64, 154, -1,
      154, 64, 163, -1,
      63, 62, 216, -1,
      216, 62, 218, -1,
      63, 64, 62, -1,
      62, 64, 60, -1,
      60, 579, 62, -1,
      62, 579, 580, -1,
      62, 580, 588, -1,
      588, 580, 587, -1,
      61, 581, 583, -1,
      583, 581, 582, -1,
      61, 584, 581, -1,
      581, 584, 585, -1,
      581, 585, 580, -1,
      580, 585, 586, -1,
      580, 586, 587, -1,
      80, 81, 168, -1,
      168, 81, 88, -1,
      282, 358, 84, -1,
      84, 358, 360, -1,
      360, 361, 84, -1,
      84, 361, 362, -1,
      84, 362, 81, -1,
      81, 362, 89, -1,
      81, 89, 88, -1,
      84, 83, 282, -1,
      282, 83, 291, -1,
      83, 82, 291, -1,
      291, 82, 275, -1,
      168, 156, 80, -1,
      80, 156, 241, -1,
      241, 244, 80, -1,
      80, 244, 253, -1,
      80, 253, 82, -1,
      82, 253, 255, -1,
      82, 255, 275, -1,
      84, 81, 83, -1,
      83, 81, 80, -1,
      83, 80, 82, -1,
      75, 76, 172, -1,
      172, 76, 173, -1,
      78, 231, 589, -1,
      589, 231, 234, -1,
      589, 234, 590, -1,
      590, 234, 214, -1,
      590, 214, 591, -1,
      591, 214, 213, -1,
      591, 213, 592, -1,
      592, 213, 212, -1,
      592, 212, 593, -1,
      593, 212, 211, -1,
      593, 211, 79, -1,
      79, 211, 210, -1,
      79, 210, 594, -1,
      594, 210, 226, -1,
      594, 226, 595, -1,
      595, 226, 225, -1,
      595, 225, 596, -1,
      596, 225, 209, -1,
      596, 209, 597, -1,
      597, 209, 208, -1,
      597, 208, 598, -1,
      598, 208, 207, -1,
      598, 207, 76, -1,
      76, 207, 173, -1,
      78, 77, 231, -1,
      231, 77, 232, -1,
      75, 77, 76, -1,
      76, 77, 78, -1,
      78, 589, 76, -1,
      76, 589, 590, -1,
      76, 590, 598, -1,
      598, 590, 597, -1,
      79, 591, 593, -1,
      593, 591, 592, -1,
      79, 594, 591, -1,
      591, 594, 595, -1,
      591, 595, 590, -1,
      590, 595, 596, -1,
      590, 596, 597, -1,
      70, 222, 599, -1,
      599, 222, 186, -1,
      599, 186, 600, -1,
      600, 186, 185, -1,
      600, 185, 601, -1,
      601, 185, 195, -1,
      601, 195, 602, -1,
      602, 195, 190, -1,
      602, 190, 603, -1,
      603, 190, 192, -1,
      603, 192, 71, -1,
      71, 192, 228, -1,
      71, 228, 604, -1,
      604, 228, 227, -1,
      604, 227, 605, -1,
      605, 227, 203, -1,
      605, 203, 606, -1,
      606, 203, 202, -1,
      606, 202, 607, -1,
      607, 202, 201, -1,
      607, 201, 608, -1,
      608, 201, 200, -1,
      608, 200, 72, -1,
      72, 200, 235, -1,
      70, 74, 222, -1,
      222, 74, 220, -1,
      73, 72, 233, -1,
      233, 72, 235, -1,
      72, 73, 74, -1,
      74, 70, 72, -1,
      72, 70, 599, -1,
      72, 599, 608, -1,
      608, 599, 607, -1,
      600, 601, 605, -1,
      605, 601, 602, -1,
      602, 603, 605, -1,
      605, 603, 71, -1,
      605, 71, 604, -1,
      600, 605, 599, -1,
      599, 605, 606, -1,
      599, 606, 607, -1,
      65, 217, 609, -1,
      609, 217, 183, -1,
      609, 183, 610, -1,
      610, 183, 182, -1,
      610, 182, 611, -1,
      611, 182, 194, -1,
      611, 194, 612, -1,
      612, 194, 230, -1,
      612, 230, 613, -1,
      613, 230, 229, -1,
      613, 229, 66, -1,
      66, 229, 191, -1,
      66, 191, 614, -1,
      614, 191, 189, -1,
      614, 189, 615, -1,
      615, 189, 188, -1,
      615, 188, 616, -1,
      616, 188, 199, -1,
      616, 199, 617, -1,
      617, 199, 187, -1,
      617, 187, 618, -1,
      618, 187, 224, -1,
      618, 224, 67, -1,
      67, 224, 223, -1,
      65, 69, 217, -1,
      217, 69, 215, -1,
      68, 67, 221, -1,
      221, 67, 223, -1,
      67, 68, 69, -1,
      615, 616, 609, -1,
      609, 616, 617, -1,
      609, 610, 615, -1,
      615, 610, 611, -1,
      615, 611, 612, -1,
      612, 613, 615, -1,
      615, 613, 66, -1,
      615, 66, 614, -1,
      69, 65, 67, -1,
      67, 65, 609, -1,
      67, 609, 618, -1,
      618, 609, 617, -1,
      5, 398, 619, -1,
      619, 398, 400, -1,
      619, 400, 620, -1,
      620, 400, 414, -1,
      620, 414, 621, -1,
      621, 414, 413, -1,
      621, 413, 622, -1,
      622, 413, 410, -1,
      622, 410, 623, -1,
      623, 410, 409, -1,
      623, 409, 6, -1,
      6, 409, 427, -1,
      6, 427, 624, -1,
      624, 427, 426, -1,
      624, 426, 625, -1,
      625, 426, 425, -1,
      625, 425, 626, -1,
      626, 425, 408, -1,
      626, 408, 627, -1,
      627, 408, 407, -1,
      627, 407, 628, -1,
      628, 407, 424, -1,
      628, 424, 7, -1,
      7, 424, 423, -1,
      5, 9, 398, -1,
      398, 9, 396, -1,
      8, 7, 421, -1,
      421, 7, 423, -1,
      8, 9, 7, -1,
      7, 9, 5, -1,
      7, 5, 628, -1,
      628, 5, 627, -1,
      627, 5, 626, -1,
      626, 5, 619, -1,
      626, 619, 620, -1,
      620, 621, 626, -1,
      626, 621, 622, -1,
      626, 622, 623, -1,
      623, 6, 626, -1,
      626, 6, 624, -1,
      626, 624, 625, -1,
      10, 391, 629, -1,
      629, 391, 392, -1,
      629, 392, 630, -1,
      630, 392, 389, -1,
      630, 389, 631, -1,
      631, 389, 388, -1,
      631, 388, 632, -1,
      632, 388, 395, -1,
      632, 395, 633, -1,
      633, 395, 394, -1,
      633, 394, 11, -1,
      394, 393, 11, -1,
      11, 393, 92, -1,
      11, 92, 634, -1,
      634, 92, 91, -1,
      634, 91, 635, -1,
      635, 91, 122, -1,
      635, 122, 636, -1,
      636, 122, 125, -1,
      636, 125, 637, -1,
      637, 125, 124, -1,
      637, 124, 638, -1,
      638, 124, 123, -1,
      638, 123, 12, -1,
      12, 123, 126, -1,
      10, 14, 391, -1,
      391, 14, 390, -1,
      13, 12, 128, -1,
      128, 12, 126, -1,
      13, 14, 12, -1,
      12, 14, 10, -1,
      12, 10, 638, -1,
      638, 10, 637, -1,
      637, 10, 636, -1,
      636, 10, 629, -1,
      636, 629, 630, -1,
      630, 631, 636, -1,
      636, 631, 632, -1,
      636, 632, 633, -1,
      633, 11, 636, -1,
      636, 11, 634, -1,
      636, 634, 635, -1,
      15, 365, 639, -1,
      639, 365, 364, -1,
      639, 364, 640, -1,
      640, 364, 385, -1,
      640, 385, 641, -1,
      641, 385, 384, -1,
      641, 384, 642, -1,
      642, 384, 377, -1,
      642, 377, 643, -1,
      643, 377, 376, -1,
      643, 376, 16, -1,
      16, 376, 375, -1,
      16, 375, 644, -1,
      644, 375, 374, -1,
      644, 374, 645, -1,
      645, 374, 373, -1,
      645, 373, 646, -1,
      646, 373, 372, -1,
      646, 372, 647, -1,
      647, 372, 367, -1,
      647, 367, 648, -1,
      648, 367, 366, -1,
      648, 366, 17, -1,
      17, 366, 383, -1,
      15, 19, 365, -1,
      365, 19, 370, -1,
      18, 17, 382, -1,
      382, 17, 383, -1,
      18, 19, 17, -1,
      17, 19, 15, -1,
      17, 15, 648, -1,
      648, 15, 647, -1,
      647, 15, 646, -1,
      646, 15, 639, -1,
      646, 639, 640, -1,
      640, 641, 646, -1,
      646, 641, 642, -1,
      646, 642, 643, -1,
      643, 16, 646, -1,
      646, 16, 644, -1,
      646, 644, 645, -1,
      20, 161, 649, -1,
      649, 161, 162, -1,
      649, 162, 650, -1,
      650, 162, 155, -1,
      650, 155, 651, -1,
      651, 155, 157, -1,
      651, 157, 652, -1,
      652, 157, 158, -1,
      652, 158, 653, -1,
      653, 158, 181, -1,
      653, 181, 21, -1,
      21, 181, 180, -1,
      21, 180, 654, -1,
      654, 180, 179, -1,
      654, 179, 655, -1,
      655, 179, 170, -1,
      655, 170, 656, -1,
      656, 170, 169, -1,
      656, 169, 657, -1,
      657, 169, 151, -1,
      657, 151, 658, -1,
      658, 151, 150, -1,
      658, 150, 22, -1,
      22, 150, 167, -1,
      20, 24, 161, -1,
      161, 24, 159, -1,
      23, 22, 166, -1,
      166, 22, 167, -1,
      23, 24, 22, -1,
      22, 24, 20, -1,
      22, 20, 649, -1,
      657, 651, 656, -1,
      656, 651, 652, -1,
      656, 652, 653, -1,
      649, 650, 22, -1,
      22, 650, 651, -1,
      22, 651, 658, -1,
      658, 651, 657, -1,
      653, 21, 656, -1,
      656, 21, 654, -1,
      656, 654, 655, -1,
      25, 85, 659, -1,
      659, 85, 245, -1,
      659, 245, 660, -1,
      660, 245, 251, -1,
      660, 251, 661, -1,
      661, 251, 250, -1,
      661, 250, 662, -1,
      662, 250, 249, -1,
      662, 249, 663, -1,
      249, 248, 663, -1,
      663, 248, 247, -1,
      663, 247, 26, -1,
      26, 247, 246, -1,
      26, 246, 664, -1,
      664, 246, 240, -1,
      664, 240, 665, -1,
      665, 240, 242, -1,
      665, 242, 666, -1,
      666, 242, 243, -1,
      666, 243, 667, -1,
      667, 243, 237, -1,
      667, 237, 668, -1,
      668, 237, 236, -1,
      668, 236, 27, -1,
      27, 236, 238, -1,
      25, 29, 85, -1,
      85, 29, 86, -1,
      28, 27, 239, -1,
      239, 27, 238, -1,
      28, 29, 27, -1,
      27, 29, 25, -1,
      27, 25, 659, -1,
      667, 661, 666, -1,
      666, 661, 662, -1,
      659, 660, 27, -1,
      27, 660, 661, -1,
      27, 661, 668, -1,
      668, 661, 667, -1,
      662, 663, 666, -1,
      666, 663, 26, -1,
      666, 26, 665, -1,
      665, 26, 664, -1,
      30, 298, 669, -1,
      669, 298, 265, -1,
      669, 265, 670, -1,
      670, 265, 320, -1,
      670, 320, 671, -1,
      671, 320, 319, -1,
      671, 319, 672, -1,
      672, 319, 316, -1,
      672, 316, 673, -1,
      673, 316, 317, -1,
      673, 317, 31, -1,
      31, 317, 318, -1,
      31, 318, 674, -1,
      674, 318, 286, -1,
      674, 286, 675, -1,
      675, 286, 285, -1,
      675, 285, 676, -1,
      676, 285, 284, -1,
      676, 284, 677, -1,
      677, 284, 272, -1,
      677, 272, 678, -1,
      678, 272, 271, -1,
      678, 271, 32, -1,
      32, 271, 314, -1,
      30, 34, 298, -1,
      298, 34, 296, -1,
      33, 32, 315, -1,
      315, 32, 314, -1,
      33, 34, 32, -1,
      32, 34, 30, -1,
      32, 30, 669, -1,
      672, 673, 671, -1,
      671, 673, 31, -1,
      671, 31, 674, -1,
      669, 670, 32, -1,
      32, 670, 671, -1,
      32, 671, 678, -1,
      678, 671, 677, -1,
      674, 675, 671, -1,
      671, 675, 676, -1,
      671, 676, 677, -1,
      35, 264, 679, -1,
      679, 264, 263, -1,
      679, 263, 680, -1,
      680, 263, 277, -1,
      680, 277, 681, -1,
      681, 277, 276, -1,
      681, 276, 682, -1,
      682, 276, 274, -1,
      682, 274, 683, -1,
      683, 274, 273, -1,
      683, 273, 36, -1,
      36, 273, 343, -1,
      36, 343, 684, -1,
      684, 343, 342, -1,
      684, 342, 685, -1,
      685, 342, 341, -1,
      685, 341, 686, -1,
      686, 341, 267, -1,
      686, 267, 687, -1,
      687, 267, 266, -1,
      687, 266, 688, -1,
      688, 266, 300, -1,
      688, 300, 37, -1,
      37, 300, 299, -1,
      35, 39, 264, -1,
      264, 39, 278, -1,
      38, 37, 297, -1,
      297, 37, 299, -1,
      38, 39, 37, -1,
      37, 39, 35, -1,
      37, 35, 679, -1,
      687, 681, 686, -1,
      686, 681, 682, -1,
      686, 682, 683, -1,
      679, 680, 37, -1,
      37, 680, 681, -1,
      37, 681, 688, -1,
      688, 681, 687, -1,
      683, 36, 686, -1,
      686, 36, 684, -1,
      686, 684, 685, -1,
      40, 256, 689, -1,
      689, 256, 288, -1,
      689, 288, 690, -1,
      690, 288, 287, -1,
      690, 287, 691, -1,
      691, 287, 283, -1,
      691, 283, 692, -1,
      692, 283, 281, -1,
      692, 281, 693, -1,
      693, 281, 280, -1,
      693, 280, 41, -1,
      41, 280, 323, -1,
      41, 323, 694, -1,
      694, 323, 322, -1,
      694, 322, 695, -1,
      695, 322, 321, -1,
      695, 321, 696, -1,
      696, 321, 304, -1,
      696, 304, 697, -1,
      697, 304, 303, -1,
      697, 303, 698, -1,
      698, 303, 302, -1,
      698, 302, 42, -1,
      42, 302, 301, -1,
      40, 44, 256, -1,
      256, 44, 257, -1,
      43, 42, 352, -1,
      352, 42, 301, -1,
      697, 698, 690, -1,
      43, 44, 42, -1,
      42, 44, 40, -1,
      42, 40, 698, -1,
      698, 40, 689, -1,
      698, 689, 690, -1,
      41, 691, 693, -1,
      693, 691, 692, -1,
      41, 694, 691, -1,
      691, 694, 695, -1,
      691, 695, 690, -1,
      690, 695, 696, -1,
      690, 696, 697, -1,
      371, 493, 503, -1,
      371, 503, 386, -1,
      386, 503, 502, -1,
      386, 502, 387, -1,
      387, 502, 500, -1,
      387, 500, 378, -1,
      378, 500, 499, -1,
      378, 499, 380, -1,
      380, 499, 512, -1,
      380, 512, 379, -1,
      379, 512, 487, -1,
      379, 487, 369, -1,
      164, 488, 509, -1,
      164, 509, 177, -1,
      177, 509, 507, -1,
      177, 507, 178, -1,
      178, 507, 525, -1,
      178, 525, 152, -1,
      152, 525, 524, -1,
      152, 524, 193, -1,
      193, 524, 506, -1,
      193, 506, 174, -1,
      174, 506, 490, -1,
      174, 490, 165, -1,
      279, 489, 533, -1,
      279, 533, 294, -1,
      294, 533, 531, -1,
      294, 531, 295, -1,
      295, 531, 530, -1,
      295, 530, 262, -1,
      262, 530, 529, -1,
      262, 529, 306, -1,
      306, 529, 526, -1,
      306, 526, 324, -1,
      324, 526, 491, -1,
      324, 491, 325, -1,
      434, 492, 538, -1,
      434, 538, 435, -1,
      435, 538, 518, -1,
      435, 518, 432, -1,
      432, 518, 517, -1,
      432, 517, 430, -1,
      430, 517, 515, -1,
      430, 515, 428, -1,
      428, 515, 514, -1,
      428, 514, 429, -1,
      429, 514, 494, -1,
      429, 494, 431, -1,
      699, 700, 440, -1,
      440, 700, 438, -1,
      700, 701, 438, -1,
      438, 701, 436, -1,
      701, 702, 436, -1,
      436, 702, 441, -1,
      702, 703, 441, -1,
      441, 703, 442, -1,
      703, 704, 442, -1,
      442, 704, 443, -1,
      704, 705, 443, -1,
      443, 705, 444, -1,
      705, 706, 444, -1,
      444, 706, 445, -1,
      706, 699, 445, -1,
      445, 699, 440, -1,
      707, 703, 708, -1,
      708, 703, 702, -1,
      709, 706, 707, -1,
      707, 706, 705, -1,
      707, 705, 703, -1,
      703, 705, 704, -1,
      709, 710, 706, -1,
      706, 710, 711, -1,
      706, 711, 699, -1,
      699, 711, 712, -1,
      699, 712, 713, -1,
      713, 714, 699, -1,
      699, 714, 708, -1,
      699, 708, 700, -1,
      700, 708, 702, -1,
      700, 702, 701, -1,
      707, 708, 715, -1,
      715, 708, 716, -1,
      709, 707, 717, -1,
      717, 707, 715, -1,
      709, 717, 718, -1,
      709, 718, 710, -1,
      710, 718, 719, -1,
      710, 719, 711, -1,
      712, 711, 720, -1,
      720, 711, 719, -1,
      712, 720, 721, -1,
      712, 721, 713, -1,
      713, 721, 722, -1,
      713, 722, 714, -1,
      708, 714, 716, -1,
      716, 714, 722, -1,
      723, 724, 460, -1,
      460, 724, 462, -1,
      724, 725, 462, -1,
      462, 725, 463, -1,
      725, 726, 463, -1,
      463, 726, 452, -1,
      727, 465, 464, -1,
      727, 464, 728, -1,
      728, 464, 458, -1,
      728, 458, 729, -1,
      729, 458, 457, -1,
      729, 457, 730, -1,
      730, 457, 456, -1,
      730, 456, 731, -1,
      731, 456, 455, -1,
      731, 455, 732, -1,
      732, 455, 454, -1,
      732, 454, 733, -1,
      733, 454, 453, -1,
      733, 453, 734, -1,
      734, 453, 452, -1,
      734, 452, 726, -1,
      723, 460, 459, -1,
      723, 459, 735, -1,
      735, 459, 449, -1,
      735, 449, 736, -1,
      736, 449, 448, -1,
      736, 448, 737, -1,
      737, 448, 447, -1,
      737, 447, 738, -1,
      738, 447, 446, -1,
      738, 446, 739, -1,
      739, 446, 466, -1,
      739, 466, 740, -1,
      740, 466, 465, -1,
      740, 465, 727, -1,
      729, 730, 741, -1,
      741, 730, 731, -1,
      741, 731, 742, -1,
      742, 731, 732, -1,
      742, 732, 743, -1,
      743, 732, 733, -1,
      743, 733, 744, -1,
      744, 733, 734, -1,
      744, 734, 745, -1,
      745, 734, 726, -1,
      745, 726, 746, -1,
      746, 726, 725, -1,
      746, 725, 747, -1,
      747, 725, 724, -1,
      747, 724, 748, -1,
      748, 724, 723, -1,
      748, 723, 749, -1,
      749, 723, 735, -1,
      749, 735, 750, -1,
      750, 735, 736, -1,
      750, 736, 751, -1,
      751, 736, 737, -1,
      751, 737, 752, -1,
      752, 737, 738, -1,
      752, 738, 753, -1,
      753, 738, 739, -1,
      753, 739, 754, -1,
      754, 739, 740, -1,
      754, 740, 755, -1,
      755, 740, 727, -1,
      755, 727, 756, -1,
      756, 727, 728, -1,
      756, 728, 757, -1,
      757, 728, 729, -1,
      757, 729, 741, -1,
      745, 746, 758, -1,
      758, 746, 759, -1,
      745, 758, 760, -1,
      745, 760, 744, -1,
      744, 760, 761, -1,
      744, 761, 743, -1,
      743, 761, 762, -1,
      743, 762, 742, -1,
      742, 762, 763, -1,
      742, 763, 741, -1,
      741, 763, 764, -1,
      741, 764, 757, -1,
      757, 764, 765, -1,
      757, 765, 756, -1,
      756, 765, 766, -1,
      756, 766, 755, -1,
      755, 766, 767, -1,
      755, 767, 754, -1,
      754, 767, 768, -1,
      754, 768, 753, -1,
      753, 768, 769, -1,
      753, 769, 752, -1,
      752, 769, 770, -1,
      752, 770, 751, -1,
      751, 770, 771, -1,
      751, 771, 750, -1,
      750, 771, 772, -1,
      750, 772, 749, -1,
      749, 772, 773, -1,
      749, 773, 748, -1,
      747, 748, 774, -1,
      774, 748, 773, -1,
      746, 747, 759, -1,
      759, 747, 774, -1,
      775, 776, 471, -1,
      471, 776, 472, -1,
      776, 777, 472, -1,
      472, 777, 467, -1,
      777, 778, 467, -1,
      467, 778, 468, -1,
      778, 779, 468, -1,
      468, 779, 469, -1,
      779, 780, 469, -1,
      469, 780, 470, -1,
      780, 781, 470, -1,
      470, 781, 478, -1,
      781, 782, 478, -1,
      478, 782, 477, -1,
      782, 783, 477, -1,
      477, 783, 476, -1,
      783, 784, 476, -1,
      476, 784, 475, -1,
      784, 785, 475, -1,
      475, 785, 473, -1,
      785, 786, 473, -1,
      473, 786, 474, -1,
      786, 775, 474, -1,
      474, 775, 471, -1,
      777, 776, 775, -1,
      775, 786, 777, -1,
      777, 786, 785, -1,
      777, 785, 778, -1,
      780, 779, 781, -1,
      781, 779, 778, -1,
      781, 778, 782, -1,
      782, 778, 785, -1,
      782, 785, 783, -1,
      783, 785, 784, -1,
      787, 788, 97, -1,
      97, 788, 98, -1,
      98, 788, 789, -1,
      790, 146, 144, -1,
      790, 144, 791, -1,
      791, 144, 101, -1,
      791, 101, 789, -1,
      789, 101, 100, -1,
      789, 100, 98, -1,
      792, 138, 143, -1,
      792, 143, 793, -1,
      793, 143, 142, -1,
      793, 142, 794, -1,
      794, 142, 132, -1,
      794, 132, 795, -1,
      795, 132, 131, -1,
      795, 131, 796, -1,
      796, 131, 134, -1,
      796, 134, 797, -1,
      797, 134, 149, -1,
      797, 149, 798, -1,
      798, 149, 790, -1,
      790, 149, 148, -1,
      790, 148, 146, -1,
      121, 120, 799, -1,
      799, 120, 800, -1,
      120, 141, 800, -1,
      800, 141, 137, -1,
      800, 137, 801, -1,
      801, 137, 136, -1,
      801, 136, 802, -1,
      802, 136, 135, -1,
      802, 135, 803, -1,
      803, 135, 140, -1,
      803, 140, 804, -1,
      804, 140, 139, -1,
      804, 139, 805, -1,
      805, 139, 138, -1,
      805, 138, 792, -1,
      121, 799, 129, -1,
      129, 799, 806, -1,
      129, 806, 130, -1,
      130, 806, 807, -1,
      130, 807, 105, -1,
      807, 808, 105, -1,
      105, 808, 103, -1,
      809, 94, 102, -1,
      809, 102, 810, -1,
      810, 102, 103, -1,
      810, 103, 808, -1,
      811, 109, 119, -1,
      811, 119, 812, -1,
      812, 119, 118, -1,
      812, 118, 813, -1,
      813, 118, 108, -1,
      813, 108, 814, -1,
      814, 108, 107, -1,
      814, 107, 815, -1,
      815, 107, 106, -1,
      815, 106, 816, -1,
      816, 106, 95, -1,
      816, 95, 817, -1,
      817, 95, 94, -1,
      817, 94, 809, -1,
      818, 113, 112, -1,
      818, 112, 819, -1,
      819, 112, 114, -1,
      819, 114, 820, -1,
      820, 114, 115, -1,
      820, 115, 821, -1,
      821, 115, 116, -1,
      821, 116, 822, -1,
      822, 116, 111, -1,
      822, 111, 823, -1,
      823, 111, 110, -1,
      823, 110, 824, -1,
      824, 110, 109, -1,
      824, 109, 811, -1,
      787, 97, 96, -1,
      787, 96, 825, -1,
      825, 96, 117, -1,
      825, 117, 826, -1,
      826, 117, 113, -1,
      826, 113, 818, -1,
      819, 790, 818, -1,
      818, 790, 791, -1,
      818, 791, 826, -1,
      826, 791, 789, -1,
      826, 789, 825, -1,
      825, 789, 788, -1,
      825, 788, 787, -1,
      808, 807, 810, -1,
      810, 807, 806, -1,
      810, 806, 809, -1,
      809, 806, 799, -1,
      809, 799, 817, -1,
      817, 799, 800, -1,
      817, 800, 816, -1,
      816, 800, 801, -1,
      816, 801, 815, -1,
      815, 801, 802, -1,
      815, 802, 814, -1,
      814, 802, 803, -1,
      814, 803, 813, -1,
      813, 803, 804, -1,
      813, 804, 812, -1,
      812, 804, 805, -1,
      812, 805, 811, -1,
      811, 805, 792, -1,
      811, 792, 824, -1,
      824, 792, 793, -1,
      824, 793, 823, -1,
      823, 793, 794, -1,
      823, 794, 822, -1,
      822, 794, 795, -1,
      822, 795, 821, -1,
      821, 795, 796, -1,
      821, 796, 820, -1,
      820, 796, 797, -1,
      820, 797, 819, -1,
      819, 797, 798, -1,
      819, 798, 790, -1,
      827, 828, 479, -1,
      479, 828, 480, -1,
      828, 829, 480, -1,
      480, 829, 484, -1,
      829, 830, 484, -1,
      484, 830, 483, -1,
      830, 831, 483, -1,
      483, 831, 482, -1,
      831, 832, 482, -1,
      482, 832, 481, -1,
      832, 827, 481, -1,
      481, 827, 479, -1,
      831, 830, 832, -1,
      832, 830, 829, -1,
      832, 829, 827, -1,
      827, 829, 828, -1,
      715, 716, 717, -1,
      717, 716, 722, -1,
      717, 722, 718, -1,
      718, 722, 721, -1,
      718, 721, 719, -1,
      719, 721, 720, -1,
      759, 774, 758, -1,
      758, 774, 773, -1,
      758, 773, 772, -1,
      766, 765, 758, -1,
      758, 765, 764, -1,
      758, 764, 760, -1,
      772, 771, 758, -1,
      758, 771, 770, -1,
      758, 770, 769, -1,
      769, 768, 758, -1,
      758, 768, 767, -1,
      758, 767, 766, -1,
      763, 762, 764, -1,
      764, 762, 761, -1,
      764, 761, 760, -1,
    ]
  }
}

Shape {
  appearance Appearance {
    material Material {
      diffuseColor 0.7529 0.7529 0.7529
      specularColor 0.3765 0.3765 0.3765
      ambientIntensity 0.2
      transparency 0.0000
      shininess 0.5
    }
  }
  geometry IndexedFaceSet {
    ccw TRUE
    solid FALSE
    coord DEF co Coordinate {
      point [
        -0.460700 0.402798 0.000000,
        -0.471585 0.411150 0.000000,
        -0.397259 0.485477 0.000000,
        -0.388907 0.474592 0.000000,
        -0.381865 0.448313 0.000000,
        -0.383656 0.461916 0.000000,
        -0.408144 0.402798 0.000000,
        -0.397259 0.411150 0.000000,
        -0.388907 0.422035 0.000000,
        -0.383656 0.434711 0.000000,
        -0.471585 0.485477 0.000000,
        -0.479937 0.474592 0.000000,
        -0.460700 0.493829 0.000000,
        -0.448025 0.499079 0.000000,
        -0.434422 0.500870 0.000000,
        -0.420819 0.499079 0.000000,
        -0.408144 0.493829 0.000000,
        -0.434422 0.395757 0.000000,
        -0.448025 0.397548 0.000000,
        -0.420819 0.397548 0.000000,
        -0.479937 0.422035 0.000000,
        -0.485188 0.434711 0.000000,
        -0.486979 0.448313 0.000000,
        -0.485188 0.461916 0.000000,
        -0.381865 0.448313 -0.003937,
        -0.383656 0.461916 -0.003937,
        -0.388907 0.474592 -0.003937,
        -0.397259 0.485477 -0.003937,
        -0.408144 0.493829 -0.003937,
        -0.420819 0.499079 -0.003937,
        -0.434422 0.500870 -0.003937,
        -0.448025 0.499079 -0.003937,
        -0.460700 0.493829 -0.003937,
        -0.471585 0.485477 -0.003937,
        -0.479937 0.474592 -0.003937,
        -0.485188 0.461916 -0.003937,
        -0.486979 0.448313 -0.003937,
        -0.485188 0.434711 -0.003937,
        -0.479937 0.422035 -0.003937,
        -0.471585 0.411150 -0.003937,
        -0.460700 0.402798 -0.003937,
        -0.448025 0.397548 -0.003937,
        -0.434422 0.395757 -0.003937,
        -0.420819 0.397548 -0.003937,
        -0.408144 0.402798 -0.003937,
        -0.397259 0.411150 -0.003937,
        -0.388907 0.422035 -0.003937,
        -0.383656 0.434711 -0.003937,
        -0.434422 0.448313 -0.003937,
      ]
    }
    coordIndex [
      24, 4, 25, -1,
      25, 4, 5, -1,
      25, 5, 26, -1,
      26, 5, 3, -1,
      26, 3, 27, -1,
      27, 3, 2, -1,
      27, 2, 28, -1,
      28, 2, 16, -1,
      28, 16, 29, -1,
      29, 16, 15, -1,
      29, 15, 30, -1,
      30, 15, 14, -1,
      30, 14, 31, -1,
      31, 14, 13, -1,
      31, 13, 32, -1,
      32, 13, 12, -1,
      32, 12, 33, -1,
      33, 12, 10, -1,
      33, 10, 34, -1,
      34, 10, 11, -1,
      34, 11, 35, -1,
      35, 11, 23, -1,
      35, 23, 36, -1,
      36, 23, 22, -1,
      36, 22, 37, -1,
      37, 22, 21, -1,
      37, 21, 38, -1,
      38, 21, 20, -1,
      38, 20, 39, -1,
      39, 20, 1, -1,
      39, 1, 40, -1,
      40, 1, 0, -1,
      40, 0, 41, -1,
      41, 0, 18, -1,
      41, 18, 42, -1,
      42, 18, 17, -1,
      42, 17, 43, -1,
      43, 17, 19, -1,
      43, 19, 44, -1,
      44, 19, 6, -1,
      44, 6, 45, -1,
      45, 6, 7, -1,
      45, 7, 46, -1,
      46, 7, 8, -1,
      46, 8, 47, -1,
      47, 8, 9, -1,
      47, 9, 24, -1,
      24, 9, 4, -1,
      46, 47, 48, -1,
      48, 47, 24, -1,
      48, 24, 25, -1,
      43, 44, 48, -1,
      48, 44, 45, -1,
      48, 45, 46, -1,
      40, 41, 48, -1,
      48, 41, 42, -1,
      48, 42, 43, -1,
      37, 38, 48, -1,
      48, 38, 39, -1,
      48, 39, 40, -1,
      34, 35, 48, -1,
      48, 35, 36, -1,
      48, 36, 37, -1,
      31, 32, 48, -1,
      48, 32, 33, -1,
      48, 33, 34, -1,
      28, 29, 48, -1,
      48, 29, 30, -1,
      48, 30, 31, -1,
      25, 26, 48, -1,
      48, 26, 27, -1,
      48, 27, 28, -1,
    ]
  }
}
