#VRML V2.0 utf8

Shape {
  appearance Appearance {
    material Material {
      diffuseColor 0.2235 0.2235 0.2235
      specularColor 0.1137 0.1137 0.1137
      ambientIntensity 0.2
      transparency 0.0000
      shininess 0.5
    }
  }
  geometry IndexedFaceSet {
    ccw TRUE
    solid FALSE
    coord DEF co Coordinate {
      point [
        1.860554 0.000000 0.590551,
        1.947179 0.000000 0.590551,
        1.947179 1.990083 0.590551,
        2.055248 1.995885 0.590551,
        2.061848 2.011481 0.590551,
        2.052285 2.035809 0.590551,
        2.071612 1.998341 0.590551,
        2.067371 1.990083 0.590551,
        2.118646 1.990083 0.590551,
        1.950257 2.205783 0.590551,
        1.947179 2.204774 0.590551,
        1.947179 2.200818 0.590551,
        1.947179 -2.411223 0.590551,
        1.947179 -2.460856 0.590551,
        1.957372 -2.460856 0.590551,
        2.440978 -1.985956 0.590551,
        2.456078 -2.022412 0.590551,
        2.456078 0.000000 0.590551,
        2.474254 -2.238718 0.590551,
        2.456078 -2.282599 0.590551,
        2.456078 -2.460856 0.590551,
        1.385362 2.110732 0.590551,
        1.400309 2.097128 0.590551,
        1.434946 2.115222 0.590551,
        1.669636 2.200818 0.590551,
        1.744950 2.200818 0.590551,
        1.663971 2.208709 0.590551,
        1.744950 2.322948 0.590551,
        1.640804 2.228294 0.590551,
        1.527995 2.334873 0.590551,
        1.545620 2.322948 0.590551,
        1.565117 2.309756 0.590551,
        1.593481 2.276904 0.590551,
        1.611230 2.242296 0.590551,
        1.615389 2.240898 0.590551,
        1.485237 2.350235 0.590551,
        1.744950 2.639841 0.590551,
        1.448983 2.354161 0.590551,
        1.406756 2.348961 0.590551,
        1.367379 2.333782 0.590551,
        -0.334222 2.639841 0.590551,
        1.349888 2.322948 0.590551,
        -0.334222 2.322948 0.590551,
        1.346511 2.320857 0.590551,
        -0.334222 2.200818 0.590551,
        1.163088 2.200818 0.590551,
        1.170554 2.217667 0.590551,
        1.191096 2.244004 0.590551,
        1.255646 2.280833 0.590551,
        1.289298 2.284992 0.590551,
        1.326444 2.303672 0.590551,
        1.299118 2.284458 0.590551,
        1.308938 2.283284 0.590551,
        1.196854 2.249454 0.590551,
        1.224014 2.268549 0.590551,
        1.150961 2.146656 0.590551,
        1.151202 2.154829 0.590551,
        1.156931 2.186923 0.590551,
        1.154847 2.115222 0.590551,
        -0.334222 2.115222 0.590551,
        1.155099 2.113183 0.590551,
        -0.334222 1.990083 0.590551,
        1.167339 2.081394 0.590551,
        1.276434 1.978566 0.590551,
        1.267092 1.990083 0.590551,
        1.263725 1.994233 0.590551,
        1.255141 2.012589 0.590551,
        1.244327 2.015825 0.590551,
        1.213467 2.030860 0.590551,
        1.186826 2.053577 0.590551,
        1.312851 1.957715 0.590551,
        1.293144 1.965984 0.590551,
        -0.334222 0.000000 0.590551,
        1.393011 1.976240 0.590551,
        1.376007 1.964398 0.590551,
        1.744950 0.000000 0.590551,
        1.405366 1.990083 0.590551,
        1.356964 1.957075 0.590551,
        1.336264 1.954521 0.590551,
        1.333015 1.954581 0.590551,
        1.525315 2.060660 0.590551,
        1.531174 2.062975 0.590551,
        1.541207 2.111644 0.590551,
        1.744950 2.115222 0.590551,
        1.693815 2.115222 0.590551,
        1.691857 2.099979 0.590551,
        1.744950 1.990083 0.590551,
        1.416165 2.009859 0.590551,
        1.406043 1.990841 0.590551,
        1.520064 2.056939 0.590551,
        1.664173 2.049307 0.590551,
        1.640951 2.029647 0.590551,
        1.614897 2.016894 0.590551,
        1.537791 2.063824 0.590551,
        1.538622 2.063764 0.590551,
        1.541184 2.063197 0.590551,
        1.681135 2.072942 0.590551,
        1.625476 2.084394 0.590551,
        1.634877 2.097709 0.590551,
        1.511320 2.037352 0.590551,
        1.511537 2.040722 0.590551,
        1.421657 2.048454 0.590551,
        1.513252 2.047222 0.590551,
        1.516535 2.053048 0.590551,
        1.525624 2.013880 0.590551,
        1.520086 2.017817 0.590551,
        1.518102 2.019837 0.590551,
        1.514379 2.025201 0.590551,
        1.512130 2.030992 0.590551,
        1.421185 2.030933 0.590551,
        1.421657 2.039914 0.590551,
        1.542915 2.062970 0.590551,
        1.581342 2.062970 0.590551,
        1.596736 2.065928 0.590551,
        1.586465 2.010881 0.590551,
        1.536084 2.010881 0.590551,
        1.531273 2.011656 0.590551,
        1.611796 2.072924 0.590551,
        1.624410 2.083248 0.590551,
        1.346622 2.125549 0.590551,
        1.367238 2.120438 0.590551,
        1.568366 2.200818 0.590551,
        1.336264 2.126161 0.590551,
        1.640769 2.112926 0.590551,
        1.641052 2.115222 0.590551,
        1.539115 2.115222 0.590551,
        1.642825 2.129577 0.590551,
        1.642397 2.137150 0.590551,
        1.315840 2.123640 0.590551,
        1.223488 2.200818 0.590551,
        1.296981 2.116417 0.590551,
        1.214635 2.188106 0.590551,
        1.207313 2.169064 0.590551,
        1.211645 2.115222 0.590551,
        1.295262 2.115222 0.590551,
        1.205794 2.135111 0.590551,
        1.204759 2.148363 0.590551,
        1.620629 2.179170 0.590551,
        1.607389 2.188426 0.590551,
        1.638363 2.153546 0.590551,
        1.630404 2.168265 0.590551,
        1.569387 2.196183 0.590551,
        1.514735 2.156903 0.590551,
        1.576218 2.196183 0.590551,
        1.592487 2.194173 0.590551,
        1.376978 2.115222 0.590551,
        1.211939 2.114222 0.590551,
        1.265413 2.088131 0.590551,
        1.279526 2.104279 0.590551,
        1.222058 2.097016 0.590551,
        1.237363 2.081282 0.590551,
        1.255995 2.069802 0.590551,
        1.550926 2.247566 0.590551,
        1.531646 2.270559 0.590551,
        1.335410 2.220948 0.590551,
        1.529587 2.272434 0.590551,
        1.505599 2.289091 0.590551,
        1.348467 2.247976 0.590551,
        1.329431 2.224222 0.590551,
        1.564126 2.220064 0.590551,
        1.310287 2.231248 0.590551,
        1.290152 2.233756 0.590551,
        1.281171 2.233284 0.590551,
        1.367623 2.270854 0.590551,
        1.478823 2.299358 0.590551,
        1.390485 2.287558 0.590551,
        1.449837 2.302925 0.590551,
        1.418378 2.298869 0.590551,
        1.260097 2.228264 0.590551,
        1.241079 2.218142 0.590551,
        1.226478 2.205111 0.590551,
        1.681406 2.184421 0.590551,
        1.691853 2.158343 0.590551,
        1.695769 2.130431 0.590551,
        2.335614 2.011297 0.590551,
        2.318483 2.011297 0.590551,
        2.315152 1.990083 0.590551,
        2.315152 2.115222 0.590551,
        2.358065 2.115222 0.590551,
        2.315152 2.200818 0.590551,
        2.364228 2.131402 0.590551,
        2.456078 2.200818 0.590551,
        2.380807 2.131402 0.590551,
        2.456078 2.115222 0.590551,
        2.386969 2.115222 0.590551,
        2.456078 1.990083 0.590551,
        2.426552 2.011297 0.590551,
        2.409420 2.011297 0.590551,
        2.397170 2.044148 0.590551,
        2.347158 2.044148 0.590551,
        2.202692 2.115222 0.590551,
        2.202692 1.990083 0.590551,
        2.214036 2.011297 0.590551,
        2.298021 2.111269 0.590551,
        2.305436 2.100773 0.590551,
        2.308008 2.049614 0.590551,
        2.301733 2.037393 0.590551,
        2.267295 2.013735 0.590551,
        2.247071 2.011297 0.590551,
        2.293707 2.028122 0.590551,
        2.281019 2.019052 0.590551,
        2.309856 2.089295 0.590551,
        2.311820 2.072885 0.590551,
        2.311257 2.063391 0.590551,
        2.214036 2.115222 0.590551,
        2.214036 2.131402 0.590551,
        2.202692 2.200818 0.590551,
        2.248299 2.131402 0.590551,
        2.266637 2.129377 0.590551,
        2.281132 2.124081 0.590551,
        2.293707 2.115498 0.590551,
        2.293989 2.115222 0.590551,
        2.191348 2.024990 0.590551,
        2.185207 2.065393 0.590551,
        2.164745 2.024990 0.590551,
        2.164745 2.065393 0.590551,
        2.142256 2.024990 0.590551,
        2.142256 2.065393 0.590551,
        2.185207 2.079148 0.590551,
        2.164745 2.079148 0.590551,
        2.164745 2.115222 0.590551,
        2.142256 2.079148 0.590551,
        2.142256 2.115222 0.590551,
        2.126752 2.011297 0.590551,
        2.126752 2.115222 0.590551,
        2.118646 2.115222 0.590551,
        2.126752 2.131402 0.590551,
        2.142256 2.117586 0.590551,
        2.164745 2.117586 0.590551,
        2.188615 2.117586 0.590551,
        2.188615 2.131402 0.590551,
        2.164745 2.131402 0.590551,
        2.164745 2.200818 0.590551,
        2.118646 2.200818 0.590551,
        2.191348 2.011297 0.590551,
        2.164745 1.990083 0.590551,
        2.164745 2.011297 0.590551,
        2.230400 2.321935 0.590551,
        2.276145 2.201831 0.590551,
        2.259014 2.201831 0.590551,
        2.246764 2.234681 0.590551,
        2.202692 2.234681 0.590551,
        2.196751 2.234681 0.590551,
        2.185207 2.201831 0.590551,
        2.168076 2.201831 0.590551,
        2.164745 2.322948 0.590551,
        2.202692 2.292715 0.590551,
        2.202692 2.322948 0.590551,
        2.096664 2.201831 0.590551,
        2.063630 2.201831 0.590551,
        2.052285 2.200818 0.590551,
        2.097892 2.321935 0.590551,
        2.118646 2.322948 0.590551,
        2.052285 2.322948 0.590551,
        2.116889 2.204269 0.590551,
        2.063630 2.321935 0.590551,
        2.147615 2.301802 0.590551,
        2.155029 2.291307 0.590551,
        2.143300 2.306032 0.590551,
        2.157602 2.240148 0.590551,
        2.151326 2.227927 0.590551,
        2.116231 2.319910 0.590551,
        2.118646 2.319028 0.590551,
        2.130726 2.314615 0.590551,
        2.143300 2.218656 0.590551,
        2.130613 2.209585 0.590551,
        2.118646 2.204950 0.590551,
        2.159448 2.279828 0.590551,
        2.161414 2.263418 0.590551,
        2.160850 2.253924 0.590551,
        1.857469 2.215524 0.590551,
        1.857469 2.201831 0.590551,
        1.858098 2.200818 0.590551,
        1.858098 2.322948 0.590551,
        1.806769 2.322948 0.590551,
        1.809636 2.321935 0.590551,
        1.806769 2.321935 0.590551,
        1.806769 2.200818 0.590551,
        1.806769 2.201831 0.590551,
        1.794131 2.201831 0.590551,
        1.794131 2.321935 0.590551,
        -1.825767 2.200818 0.590551,
        -1.830756 2.238718 0.590551,
        -2.066293 2.474254 0.590551,
        -1.985956 2.440978 0.590551,
        -1.916969 2.388042 0.590551,
        -1.867020 2.322948 0.590551,
        -1.864033 2.319055 0.590551,
        -2.152506 2.485605 0.590551,
        -2.570035 2.639841 0.590551,
        -2.238718 2.474254 0.590551,
        -2.474254 2.238718 0.590551,
        -2.440978 2.319055 0.590551,
        -2.639841 2.322948 0.590551,
        -2.437990 2.322948 0.590551,
        -2.639841 2.570035 0.590551,
        -2.388042 2.388042 0.590551,
        -2.319055 2.440978 0.590551,
        -2.479244 2.200818 0.590551,
        -2.639841 2.200818 0.590551,
        -2.485605 2.152506 0.590551,
        -2.639841 2.115222 0.590551,
        -2.480696 2.115222 0.590551,
        -2.474254 2.066293 0.590551,
        -2.639841 1.990083 0.590551,
        -2.442687 1.990083 0.590551,
        -1.864033 1.985956 0.590551,
        -1.916969 1.916969 0.590551,
        -1.862324 1.990083 0.590551,
        -2.238718 1.830756 0.590551,
        -2.319055 1.864033 0.590551,
        -2.639841 0.000000 0.590551,
        -2.388042 1.916969 0.590551,
        -2.440978 1.985956 0.590551,
        -1.985956 1.864033 0.590551,
        -2.066293 1.830756 0.590551,
        -2.152506 1.819406 0.590551,
        -1.819406 2.152506 0.590551,
        -1.824315 2.115222 0.590551,
        -1.830756 2.066293 0.590551,
        2.639841 0.000000 0.590551,
        2.474254 -2.066293 0.590551,
        2.639841 -2.460856 0.590551,
        2.485605 -2.152506 0.590551,
        2.388042 -1.916969 0.590551,
        2.202692 -1.826013 0.590551,
        2.238718 -1.830756 0.590551,
        2.315152 0.000000 0.590551,
        2.315152 -1.862416 0.590551,
        2.319055 -1.864033 0.590551,
        2.202692 0.000000 0.590551,
        2.164745 0.000000 0.590551,
        2.164745 -1.821018 0.590551,
        2.052285 0.000000 0.590551,
        2.066293 -1.830756 0.590551,
        2.118646 0.000000 0.590551,
        2.118646 -1.823864 0.590551,
        2.152506 -1.819406 0.590551,
        1.957372 0.000000 0.590551,
        1.985956 -1.864033 0.590551,
        2.052285 -1.836559 0.590551,
        1.860554 -1.994355 0.590551,
        1.864033 -1.985956 0.590551,
        1.916969 -1.916969 0.590551,
        1.947179 -1.893788 0.590551,
        1.957372 -1.885967 0.590551,
        1.858098 -2.304726 0.590551,
        1.830756 -2.238718 0.590551,
        1.806769 -2.460856 0.590551,
        1.858098 -2.000284 0.590551,
        1.858098 0.000000 0.590551,
        1.830756 -2.066293 0.590551,
        1.806769 0.000000 0.590551,
        1.819406 -2.152506 0.590551,
        1.864033 -2.319055 0.590551,
        1.860554 -2.310656 0.590551,
        1.860554 -2.460856 0.590551,
        1.858098 -2.460856 0.590551,
        1.916969 -2.388042 0.590551,
        2.033945 -2.460856 0.590551,
        1.985956 -2.440978 0.590551,
        1.957372 -2.419044 0.590551,
        2.066293 -2.474254 0.590551,
        2.052285 -2.639841 0.590551,
        2.118646 -2.481147 0.590551,
        2.118646 -2.639841 0.590551,
        2.152506 -2.485605 0.590551,
        2.164745 -2.639841 0.590551,
        2.164745 -2.483993 0.590551,
        2.202692 -2.639841 0.590551,
        2.202692 -2.478997 0.590551,
        2.238718 -2.474254 0.590551,
        2.315152 -2.639841 0.590551,
        2.271066 -2.460856 0.590551,
        2.440978 -2.319055 0.590551,
        2.388042 -2.388042 0.590551,
        2.315152 -2.460856 0.590551,
        2.319055 -2.440978 0.590551,
        2.315152 -2.442594 0.590551,
        2.570035 -2.639841 0.590551,
        2.639841 -2.570035 0.590551,
        -0.334222 -2.460856 0.590551,
        -2.639841 -2.460856 0.590551,
        -2.639841 -2.471609 0.590551,
        1.952306 2.221664 0.590551,
        1.952306 2.206805 0.590551,
        1.957372 2.200818 0.590551,
        1.921297 2.213620 0.590551,
        1.928376 2.213957 0.590551,
        1.947179 2.305121 0.590551,
        1.941728 2.216758 0.590551,
        1.947179 2.219286 0.590551,
        1.949312 2.304391 0.590551,
        1.952306 2.302839 0.590551,
        1.957372 2.322948 0.590551,
        1.908920 2.307770 0.590551,
        1.899472 2.303403 0.590551,
        1.891271 2.296637 0.590551,
        1.890365 2.295641 0.590551,
        1.884584 2.287271 0.590551,
        1.880586 2.276859 0.590551,
        1.878653 2.260532 0.590551,
        1.878671 2.258846 0.590551,
        1.880648 2.244293 0.590551,
        1.893190 2.223586 0.590551,
        1.901141 2.218130 0.590551,
        1.909800 2.214930 0.590551,
        1.936923 2.308630 0.590551,
        1.923999 2.309961 0.590551,
        1.919373 2.309778 0.590551,
        1.884494 2.234572 0.590551,
        1.890442 2.226269 0.590551,
        1.935854 2.322948 0.590551,
        1.941353 2.322394 0.590551,
        1.947179 2.322948 0.590551,
        1.947179 2.320615 0.590551,
        1.952306 2.319049 0.590551,
        1.860554 2.639841 0.590551,
        1.915442 2.322948 0.590551,
        1.947179 2.639841 0.590551,
        1.923845 2.323961 0.590551,
        1.926006 2.323942 0.590551,
        1.869563 2.227670 0.590551,
        1.864701 2.240242 0.590551,
        1.860554 2.200818 0.590551,
        1.894032 2.317034 0.590551,
        1.906601 2.321882 0.590551,
        1.860554 2.322948 0.590551,
        1.886650 2.208695 0.590551,
        1.897857 2.203144 0.590551,
        1.908224 2.200818 0.590551,
        1.877793 2.216199 0.590551,
        1.876703 2.217393 0.590551,
        1.862381 2.259611 0.590551,
        1.862788 2.268238 0.590551,
        1.865911 2.283481 0.590551,
        1.872016 2.296545 0.590551,
        1.879728 2.306277 0.590551,
        1.882409 2.308853 0.590551,
        1.910685 2.200266 0.590551,
        1.860554 2.115222 0.590551,
        1.919056 2.199805 0.590551,
        1.947179 2.115222 0.590551,
        1.929654 2.200818 0.590551,
        1.937362 2.201555 0.590551,
        1.858098 2.024990 0.590551,
        1.858728 2.024990 0.590551,
        1.858728 2.011297 0.590551,
        1.860554 1.990083 0.590551,
        1.809636 2.079148 0.590551,
        1.852587 2.079148 0.590551,
        1.858098 2.115222 0.590551,
        1.852587 2.065393 0.590551,
        1.809636 2.065393 0.590551,
        1.809636 2.024990 0.590551,
        1.855995 2.131402 0.590551,
        1.855995 2.117586 0.590551,
        1.809636 2.115222 0.590551,
        1.809636 2.117586 0.590551,
        1.858098 1.990083 0.590551,
        1.858098 2.011297 0.590551,
        1.806769 1.990083 0.590551,
        1.806769 2.011297 0.590551,
        1.794131 2.011297 0.590551,
        1.794131 2.115222 0.590551,
        1.794131 2.131402 0.590551,
        1.806769 2.131402 0.590551,
        2.052285 2.076190 0.590551,
        2.067436 2.032604 0.590551,
        2.071520 2.032481 0.590551,
        2.110541 2.097078 0.590551,
        2.069278 2.025543 0.590551,
        2.069678 2.025543 0.590551,
        2.070369 2.028483 0.590551,
        1.972592 2.010686 0.590551,
        1.962437 2.014306 0.590551,
        1.957372 1.990083 0.590551,
        1.962437 2.029841 0.590551,
        1.957372 2.115222 0.590551,
        2.015336 2.048815 0.590551,
        2.018144 2.044670 0.590551,
        2.094945 2.097078 0.590551,
        2.052285 2.115222 0.590551,
        2.045024 2.097078 0.590551,
        2.028200 2.097078 0.590551,
        2.019749 2.040235 0.590551,
        2.020371 2.034630 0.590551,
        2.019655 2.028586 0.590551,
        2.017808 2.023819 0.590551,
        2.052285 1.990463 0.590551,
        1.964915 2.084151 0.590551,
        1.967710 2.088217 0.590551,
        1.984416 2.097730 0.590551,
        1.995933 2.099042 0.590551,
        2.005487 2.098281 0.590551,
        2.016257 2.095235 0.590551,
        2.016257 2.080621 0.590551,
        2.051946 1.990083 0.590551,
        2.015004 2.019851 0.590551,
        2.010700 2.016087 0.590551,
        2.006321 2.013485 0.590551,
        1.998125 2.010594 0.590551,
        1.985709 2.009271 0.590551,
        1.966797 2.060358 0.590551,
        1.964835 2.063493 0.590551,
        1.963176 2.068087 0.590551,
        1.962530 2.073928 0.590551,
        1.963123 2.079307 0.590551,
        1.972170 2.092226 0.590551,
        1.976258 2.094702 0.590551,
        1.977008 2.022840 0.590551,
        1.985310 2.048999 0.590551,
        1.967609 2.026581 0.590551,
        1.976343 2.053109 0.590551,
        1.969258 2.057784 0.590551,
        1.994459 2.086823 0.590551,
        1.990006 2.086489 0.590551,
        1.978033 2.075279 0.590551,
        1.985981 2.085424 0.590551,
        1.982608 2.083630 0.590551,
        1.978171 2.073278 0.590551,
        1.978768 2.070941 0.590551,
        1.979851 2.068911 0.590551,
        1.981319 2.067297 0.590551,
        1.986622 2.063981 0.590551,
        2.005022 2.085531 0.590551,
        1.995933 2.059928 0.590551,
        2.013528 2.082222 0.590551,
        2.001758 2.057572 0.590551,
        2.011749 2.052015 0.590551,
        1.980338 2.081624 0.590551,
        1.979048 2.079709 0.590551,
        1.978306 2.077679 0.590551,
        1.987183 2.021552 0.590551,
        1.987847 2.021556 0.590551,
        1.995188 2.044862 0.590551,
        1.995559 2.022420 0.590551,
        2.004928 2.033157 0.590551,
        2.004781 2.035028 0.590551,
        1.999441 2.023841 0.590551,
        2.000812 2.024673 0.590551,
        2.002539 2.026206 0.590551,
        2.003852 2.028148 0.590551,
        2.004617 2.030287 0.590551,
        2.004097 2.037377 0.590551,
        2.002934 2.039372 0.590551,
        2.001060 2.041323 0.590551,
        2.052305 1.990485 0.590551,
        2.043448 1.984193 0.590551,
        2.046743 1.985429 0.590551,
        2.049504 1.987346 0.590551,
        2.041002 1.970894 0.590551,
        2.037681 1.971013 0.590551,
        2.031301 1.972122 0.590551,
        2.031301 1.985508 0.590551,
        2.034378 1.984500 0.590551,
        2.039836 1.983789 0.590551,
        2.064802 1.985078 0.590551,
        2.059296 1.978467 0.590551,
        2.058271 1.977527 0.590551,
        2.053017 1.973854 0.590551,
        2.052285 1.973576 0.590551,
        2.047080 1.971593 0.590551,
        2.052285 -2.468452 0.590551,
        1.957372 -2.639841 0.590551,
        1.947179 -2.639841 0.590551,
        1.860554 -2.639841 0.590551,
        1.858098 -2.639841 0.590551,
        1.806769 -2.639841 0.590551,
        1.744950 -2.639841 0.590551,
        1.744950 -2.460856 0.590551,
        -0.334222 -2.639841 0.590551,
        -2.471609 -2.639841 0.590551,
        2.456078 -2.639841 0.590551,
        -2.381765 -2.110511 0.590551,
        -2.342263 -2.080201 0.590551,
        -2.296263 -2.061147 0.590551,
        -2.081722 -2.150013 0.590551,
        -2.062669 -2.196013 0.590551,
        -2.056169 -2.245377 0.590551,
        -2.062669 -2.294742 0.590551,
        -2.342263 -2.410554 0.590551,
        -2.381765 -2.380243 0.590551,
        -2.412075 -2.340742 0.590551,
        -2.431129 -2.294742 0.590551,
        -2.246898 -2.054648 0.590551,
        -2.197534 -2.061147 0.590551,
        -2.151534 -2.080201 0.590551,
        -2.112033 -2.110511 0.590551,
        -2.081722 -2.340742 0.590551,
        -2.112033 -2.380243 0.590551,
        -2.151534 -2.410554 0.590551,
        -2.437628 -2.245377 0.590551,
        -2.431129 -2.196013 0.590551,
        -2.412075 -2.150013 0.590551,
        -2.197534 -2.429607 0.590551,
        -2.246898 -2.436106 0.590551,
        -2.296263 -2.429607 0.590551,
        1.942052 2.011297 0.590551,
        1.942052 2.066499 0.590551,
        1.881508 2.076446 0.590551,
        1.881508 2.091060 0.590551,
        1.927007 2.011297 0.590551,
        1.935179 2.089939 0.590551,
        1.938310 2.085194 0.590551,
        1.940730 2.078563 0.590551,
        1.891329 2.010316 0.590551,
        1.885561 2.012491 0.590551,
        1.875687 2.022354 0.590551,
        1.873867 2.027443 0.590551,
        1.919921 2.098260 0.590551,
        1.926308 2.096358 0.590551,
        1.931324 2.093531 0.590551,
        1.880495 2.016026 0.590551,
        1.878812 2.017731 0.590551,
        1.873126 2.034262 0.590551,
        1.873894 2.041618 0.590551,
        1.875782 2.047075 0.590551,
        1.878988 2.051946 0.590551,
        1.883504 2.055973 0.590551,
        1.889750 2.059279 0.590551,
        1.891292 2.082691 0.590551,
        1.901587 2.062262 0.590551,
        1.914727 2.086289 0.590551,
        1.909630 2.086823 0.590551,
        1.900695 2.085897 0.590551,
        1.919498 2.015863 0.590551,
        1.914191 2.012337 0.590551,
        1.908093 2.010131 0.590551,
        1.900328 2.009271 0.590551,
        1.886463 2.093794 0.590551,
        1.897999 2.097714 0.590551,
        1.911043 2.099042 0.590551,
        1.927007 2.024560 0.590551,
        1.926609 2.024560 0.590551,
        1.924250 2.020973 0.590551,
        1.927007 2.065823 0.590551,
        1.926484 2.072475 0.590551,
        1.924929 2.077832 0.590551,
        1.923161 2.080930 0.590551,
        1.920887 2.083349 0.590551,
        1.918217 2.085070 0.590551,
        1.809636 2.215524 0.590551,
        2.040941 2.201831 0.590551,
        1.976345 2.201831 0.590551,
        2.040941 2.215524 0.590551,
        2.038209 2.308119 0.590551,
        1.976345 2.321935 0.590551,
        2.038209 2.321935 0.590551,
        1.991849 2.255927 0.590551,
        1.991849 2.215524 0.590551,
        2.034801 2.255927 0.590551,
        2.034801 2.269681 0.590551,
        1.991849 2.269681 0.590551,
        1.991849 2.308119 0.590551,
        2.456078 2.322948 0.590551,
        2.315152 2.322948 0.590551,
        2.213821 2.321935 0.590551,
        2.639841 2.570035 0.590551,
        2.639841 2.322948 0.590551,
        2.639841 2.200818 0.590551,
        2.639841 2.115222 0.590551,
        2.639841 1.990083 0.590551,
        1.858098 2.639841 0.590551,
        1.806769 2.639841 0.590551,
        2.570035 2.639841 0.590551,
        2.456078 2.639841 0.590551,
        2.315152 2.639841 0.590551,
        2.202692 2.639841 0.590551,
        2.164745 2.639841 0.590551,
        2.118646 2.639841 0.590551,
        2.052285 2.639841 0.590551,
        1.957372 2.639841 0.590551,
        -2.585495 2.755906 0.285433,
        -2.585495 2.755906 0.344488,
        -2.401575 2.755906 0.285433,
        -2.401575 2.755906 0.344488,
        -2.322835 2.755906 0.344488,
        -2.204724 2.755906 0.344488,
        -2.322835 2.755906 0.285433,
        -2.204724 2.755906 0.285433,
        -2.125984 2.755906 0.344488,
        -2.007874 2.755906 0.344488,
        -2.125984 2.755906 0.285433,
        -2.007874 2.755906 0.285433,
        -1.929134 2.755906 0.344488,
        -1.811024 2.755906 0.344488,
        -1.929134 2.755906 0.285433,
        -1.811024 2.755906 0.285433,
        -1.732283 2.755906 0.344488,
        -1.614173 2.755906 0.344488,
        -1.732283 2.755906 0.285433,
        -1.614173 2.755906 0.285433,
        -1.535433 2.755906 0.344488,
        -1.417323 2.755906 0.344488,
        -1.535433 2.755906 0.285433,
        -1.417323 2.755906 0.285433,
        -1.338583 2.755906 0.344488,
        -1.220472 2.755906 0.344488,
        -1.338583 2.755906 0.285433,
        -1.220472 2.755906 0.285433,
        -1.141732 2.755906 0.344488,
        -1.023622 2.755906 0.344488,
        -1.141732 2.755906 0.285433,
        -1.023622 2.755906 0.285433,
        -0.944882 2.755906 0.344488,
        -0.826772 2.755906 0.344488,
        -0.944882 2.755906 0.285433,
        -0.826772 2.755906 0.285433,
        -0.748031 2.755906 0.344488,
        -0.629921 2.755906 0.344488,
        -0.748031 2.755906 0.285433,
        -0.629921 2.755906 0.285433,
        -0.551181 2.755906 0.344488,
        -0.433071 2.755906 0.344488,
        -0.551181 2.755906 0.285433,
        -0.433071 2.755906 0.285433,
        -0.354331 2.755906 0.344488,
        -0.236220 2.755906 0.344488,
        -0.354331 2.755906 0.285433,
        -0.236220 2.755906 0.285433,
        -0.157480 2.755906 0.344488,
        -0.039370 2.755906 0.344488,
        -0.157480 2.755906 0.285433,
        -0.039370 2.755906 0.285433,
        0.039370 2.755906 0.344488,
        0.157480 2.755906 0.344488,
        0.039370 2.755906 0.285433,
        0.157480 2.755906 0.285433,
        0.236220 2.755906 0.344488,
        0.354331 2.755906 0.344488,
        0.236220 2.755906 0.285433,
        0.354331 2.755906 0.285433,
        0.433071 2.755906 0.344488,
        0.551181 2.755906 0.344488,
        0.433071 2.755906 0.285433,
        0.551181 2.755906 0.285433,
        0.629921 2.755906 0.344488,
        0.748031 2.755906 0.344488,
        0.629921 2.755906 0.285433,
        0.748031 2.755906 0.285433,
        0.826772 2.755906 0.344488,
        0.944882 2.755906 0.344488,
        0.826772 2.755906 0.285433,
        0.944882 2.755906 0.285433,
        1.023622 2.755906 0.344488,
        1.141732 2.755906 0.344488,
        1.023622 2.755906 0.285433,
        1.141732 2.755906 0.285433,
        1.220472 2.755906 0.344488,
        1.338583 2.755906 0.344488,
        1.220472 2.755906 0.285433,
        1.338583 2.755906 0.285433,
        1.417323 2.755906 0.344488,
        1.535433 2.755906 0.344488,
        1.417323 2.755906 0.285433,
        1.535433 2.755906 0.285433,
        1.614173 2.755906 0.344488,
        1.732283 2.755906 0.344488,
        1.614173 2.755906 0.285433,
        1.732283 2.755906 0.285433,
        1.811024 2.755906 0.344488,
        1.929134 2.755906 0.344488,
        1.811024 2.755906 0.285433,
        1.929134 2.755906 0.285433,
        2.007874 2.755906 0.344488,
        2.125984 2.755906 0.344488,
        2.007874 2.755906 0.285433,
        2.125984 2.755906 0.285433,
        2.204724 2.755906 0.344488,
        2.322835 2.755906 0.344488,
        2.204724 2.755906 0.285433,
        2.322835 2.755906 0.285433,
        2.755906 2.585495 0.285433,
        2.755906 2.585495 0.344488,
        2.755906 2.401575 0.285433,
        2.755906 2.401575 0.344488,
        2.755906 2.322835 0.344488,
        2.755906 2.204724 0.344488,
        2.755906 2.322835 0.285433,
        2.755906 2.204724 0.285433,
        2.755906 2.125984 0.344488,
        2.755906 2.007874 0.344488,
        2.755906 2.125984 0.285433,
        2.755906 2.007874 0.285433,
        2.755906 1.929134 0.344488,
        2.755906 1.811024 0.344488,
        2.755906 1.929134 0.285433,
        2.755906 1.811024 0.285433,
        2.755906 1.732283 0.344488,
        2.755906 1.614173 0.344488,
        2.755906 1.732283 0.285433,
        2.755906 1.614173 0.285433,
        2.755906 1.535433 0.344488,
        2.755906 1.417323 0.344488,
        2.755906 1.535433 0.285433,
        2.755906 1.417323 0.285433,
        2.755906 1.338583 0.344488,
        2.755906 1.220472 0.344488,
        2.755906 1.338583 0.285433,
        2.755906 1.220472 0.285433,
        2.755906 1.141732 0.344488,
        2.755906 1.023622 0.344488,
        2.755906 1.141732 0.285433,
        2.755906 1.023622 0.285433,
        2.755906 0.944882 0.344488,
        2.755906 0.826772 0.344488,
        2.755906 0.944882 0.285433,
        2.755906 0.826772 0.285433,
        2.755906 0.748031 0.344488,
        2.755906 0.629921 0.344488,
        2.755906 0.748031 0.285433,
        2.755906 0.629921 0.285433,
        2.755906 0.551181 0.344488,
        2.755906 0.433071 0.344488,
        2.755906 0.551181 0.285433,
        2.755906 0.433071 0.285433,
        2.755906 0.354331 0.344488,
        2.755906 0.236220 0.344488,
        2.755906 0.354331 0.285433,
        2.755906 0.236220 0.285433,
        2.755906 0.157480 0.344488,
        2.755906 0.039370 0.344488,
        2.755906 0.157480 0.285433,
        2.755906 0.039370 0.285433,
        2.755906 -0.039370 0.344488,
        2.755906 -0.157480 0.344488,
        2.755906 -0.039370 0.285433,
        2.755906 -0.157480 0.285433,
        2.755906 -0.236220 0.344488,
        2.755906 -0.354331 0.344488,
        2.755906 -0.236220 0.285433,
        2.755906 -0.354331 0.285433,
        2.755906 -0.433071 0.344488,
        2.755906 -0.551181 0.344488,
        2.755906 -0.433071 0.285433,
        2.755906 -0.551181 0.285433,
        2.755906 -0.629921 0.344488,
        2.755906 -0.748031 0.344488,
        2.755906 -0.629921 0.285433,
        2.755906 -0.748031 0.285433,
        2.755906 -0.826772 0.344488,
        2.755906 -0.944882 0.344488,
        2.755906 -0.826772 0.285433,
        2.755906 -0.944882 0.285433,
        2.755906 -1.023622 0.344488,
        2.755906 -1.141732 0.344488,
        2.755906 -1.023622 0.285433,
        2.755906 -1.141732 0.285433,
        2.755906 -1.220472 0.344488,
        2.755906 -1.338583 0.344488,
        2.755906 -1.220472 0.285433,
        2.755906 -1.338583 0.285433,
        2.755906 -1.417323 0.344488,
        2.755906 -1.535433 0.344488,
        2.755906 -1.417323 0.285433,
        2.755906 -1.535433 0.285433,
        2.755906 -1.614173 0.344488,
        2.755906 -1.732283 0.344488,
        2.755906 -1.614173 0.285433,
        2.755906 -1.732283 0.285433,
        2.755906 -1.811024 0.344488,
        2.755906 -1.929134 0.344488,
        2.755906 -1.811024 0.285433,
        2.755906 -1.929134 0.285433,
        2.755906 -2.007874 0.344488,
        2.755906 -2.125984 0.344488,
        2.755906 -2.007874 0.285433,
        2.755906 -2.125984 0.285433,
        2.755906 -2.204724 0.344488,
        2.755906 -2.322835 0.344488,
        2.755906 -2.204724 0.285433,
        2.755906 -2.322835 0.285433,
        2.585495 -2.755906 0.285433,
        2.585495 -2.755906 0.344488,
        2.401575 -2.755906 0.285433,
        2.401575 -2.755906 0.344488,
        2.322835 -2.755906 0.344488,
        2.204724 -2.755906 0.344488,
        2.322835 -2.755906 0.285433,
        2.204724 -2.755906 0.285433,
        2.125984 -2.755906 0.344488,
        2.007874 -2.755906 0.344488,
        2.125984 -2.755906 0.285433,
        2.007874 -2.755906 0.285433,
        1.929134 -2.755906 0.344488,
        1.811024 -2.755906 0.344488,
        1.929134 -2.755906 0.285433,
        1.811024 -2.755906 0.285433,
        1.732283 -2.755906 0.344488,
        1.614173 -2.755906 0.344488,
        1.732283 -2.755906 0.285433,
        1.614173 -2.755906 0.285433,
        1.535433 -2.755906 0.344488,
        1.417323 -2.755906 0.344488,
        1.535433 -2.755906 0.285433,
        1.417323 -2.755906 0.285433,
        1.338583 -2.755906 0.344488,
        1.220472 -2.755906 0.344488,
        1.338583 -2.755906 0.285433,
        1.220472 -2.755906 0.285433,
        1.141732 -2.755906 0.344488,
        1.023622 -2.755906 0.344488,
        1.141732 -2.755906 0.285433,
        1.023622 -2.755906 0.285433,
        0.944882 -2.755906 0.344488,
        0.826772 -2.755906 0.344488,
        0.944882 -2.755906 0.285433,
        0.826772 -2.755906 0.285433,
        0.748031 -2.755906 0.344488,
        0.629921 -2.755906 0.344488,
        0.748031 -2.755906 0.285433,
        0.629921 -2.755906 0.285433,
        0.551181 -2.755906 0.344488,
        0.433071 -2.755906 0.344488,
        0.551181 -2.755906 0.285433,
        0.433071 -2.755906 0.285433,
        0.354331 -2.755906 0.344488,
        0.236220 -2.755906 0.344488,
        0.354331 -2.755906 0.285433,
        0.236220 -2.755906 0.285433,
        0.157480 -2.755906 0.344488,
        0.039370 -2.755906 0.344488,
        0.157480 -2.755906 0.285433,
        0.039370 -2.755906 0.285433,
        -0.039370 -2.755906 0.344488,
        -0.157480 -2.755906 0.344488,
        -0.039370 -2.755906 0.285433,
        -0.157480 -2.755906 0.285433,
        -0.236220 -2.755906 0.344488,
        -0.354331 -2.755906 0.344488,
        -0.236220 -2.755906 0.285433,
        -0.354331 -2.755906 0.285433,
        -0.433071 -2.755906 0.344488,
        -0.551181 -2.755906 0.344488,
        -0.433071 -2.755906 0.285433,
        -0.551181 -2.755906 0.285433,
        -0.629921 -2.755906 0.344488,
        -0.748031 -2.755906 0.344488,
        -0.629921 -2.755906 0.285433,
        -0.748031 -2.755906 0.285433,
        -0.826772 -2.755906 0.344488,
        -0.944882 -2.755906 0.344488,
        -0.826772 -2.755906 0.285433,
        -0.944882 -2.755906 0.285433,
        -1.023622 -2.755906 0.344488,
        -1.141732 -2.755906 0.344488,
        -1.023622 -2.755906 0.285433,
        -1.141732 -2.755906 0.285433,
        -1.220472 -2.755906 0.344488,
        -1.338583 -2.755906 0.344488,
        -1.220472 -2.755906 0.285433,
        -1.338583 -2.755906 0.285433,
        -1.417323 -2.755906 0.344488,
        -1.535433 -2.755906 0.344488,
        -1.417323 -2.755906 0.285433,
        -1.535433 -2.755906 0.285433,
        -1.614173 -2.755906 0.344488,
        -1.732283 -2.755906 0.344488,
        -1.614173 -2.755906 0.285433,
        -1.732283 -2.755906 0.285433,
        -1.811024 -2.755906 0.344488,
        -1.929134 -2.755906 0.344488,
        -1.811024 -2.755906 0.285433,
        -1.929134 -2.755906 0.285433,
        -2.007874 -2.755906 0.344488,
        -2.125984 -2.755906 0.344488,
        -2.007874 -2.755906 0.285433,
        -2.125984 -2.755906 0.285433,
        -2.204724 -2.755906 0.344488,
        -2.322835 -2.755906 0.344488,
        -2.204724 -2.755906 0.285433,
        -2.322835 -2.755906 0.285433,
        -2.755906 -2.487070 0.285433,
        -2.755906 -2.487070 0.344488,
        -2.755906 -2.401575 0.285433,
        -2.755906 -2.401575 0.344488,
        -2.755906 -2.322835 0.344488,
        -2.755906 -2.204724 0.344488,
        -2.755906 -2.322835 0.285433,
        -2.755906 -2.204724 0.285433,
        -2.755906 -2.125984 0.344488,
        -2.755906 -2.007874 0.344488,
        -2.755906 -2.125984 0.285433,
        -2.755906 -2.007874 0.285433,
        -2.755906 -1.929134 0.344488,
        -2.755906 -1.811024 0.344488,
        -2.755906 -1.929134 0.285433,
        -2.755906 -1.811024 0.285433,
        -2.755906 -1.732283 0.344488,
        -2.755906 -1.614173 0.344488,
        -2.755906 -1.732283 0.285433,
        -2.755906 -1.614173 0.285433,
        -2.755906 -1.535433 0.344488,
        -2.755906 -1.417323 0.344488,
        -2.755906 -1.535433 0.285433,
        -2.755906 -1.417323 0.285433,
        -2.755906 -1.338583 0.344488,
        -2.755906 -1.220472 0.344488,
        -2.755906 -1.338583 0.285433,
        -2.755906 -1.220472 0.285433,
        -2.755906 -1.141732 0.344488,
        -2.755906 -1.023622 0.344488,
        -2.755906 -1.141732 0.285433,
        -2.755906 -1.023622 0.285433,
        -2.755906 -0.944882 0.344488,
        -2.755906 -0.826772 0.344488,
        -2.755906 -0.944882 0.285433,
        -2.755906 -0.826772 0.285433,
        -2.755906 -0.748031 0.344488,
        -2.755906 -0.629921 0.344488,
        -2.755906 -0.748031 0.285433,
        -2.755906 -0.629921 0.285433,
        -2.755906 -0.551181 0.344488,
        -2.755906 -0.433071 0.344488,
        -2.755906 -0.551181 0.285433,
        -2.755906 -0.433071 0.285433,
        -2.755906 -0.354331 0.344488,
        -2.755906 -0.236220 0.344488,
        -2.755906 -0.354331 0.285433,
        -2.755906 -0.236220 0.285433,
        -2.755906 -0.157480 0.344488,
        -2.755906 -0.039370 0.344488,
        -2.755906 -0.157480 0.285433,
        -2.755906 -0.039370 0.285433,
        -2.755906 0.039370 0.344488,
        -2.755906 0.157480 0.344488,
        -2.755906 0.039370 0.285433,
        -2.755906 0.157480 0.285433,
        -2.755906 0.236220 0.344488,
        -2.755906 0.354331 0.344488,
        -2.755906 0.236220 0.285433,
        -2.755906 0.354331 0.285433,
        -2.755906 0.433071 0.344488,
        -2.755906 0.551181 0.344488,
        -2.755906 0.433071 0.285433,
        -2.755906 0.551181 0.285433,
        -2.755906 0.629921 0.344488,
        -2.755906 0.748031 0.344488,
        -2.755906 0.629921 0.285433,
        -2.755906 0.748031 0.285433,
        -2.755906 0.826772 0.344488,
        -2.755906 0.944882 0.344488,
        -2.755906 0.826772 0.285433,
        -2.755906 0.944882 0.285433,
        -2.755906 1.023622 0.344488,
        -2.755906 1.141732 0.344488,
        -2.755906 1.023622 0.285433,
        -2.755906 1.141732 0.285433,
        -2.755906 1.220472 0.344488,
        -2.755906 1.338583 0.344488,
        -2.755906 1.220472 0.285433,
        -2.755906 1.338583 0.285433,
        -2.755906 1.417323 0.344488,
        -2.755906 1.535433 0.344488,
        -2.755906 1.417323 0.285433,
        -2.755906 1.535433 0.285433,
        -2.755906 1.614173 0.344488,
        -2.755906 1.732283 0.344488,
        -2.755906 1.614173 0.285433,
        -2.755906 1.732283 0.285433,
        -2.755906 1.811024 0.344488,
        -2.755906 1.929134 0.344488,
        -2.755906 1.811024 0.285433,
        -2.755906 1.929134 0.285433,
        -2.755906 2.007874 0.344488,
        -2.755906 2.125984 0.344488,
        -2.755906 2.007874 0.285433,
        -2.755906 2.125984 0.285433,
        -2.755906 2.204724 0.344488,
        -2.755906 2.322835 0.344488,
        -2.755906 2.204724 0.285433,
        -2.755906 2.322835 0.285433,
        2.755906 -2.401575 0.344488,
        2.755906 -2.585495 0.344488,
        2.755906 -2.401575 0.285433,
        2.755906 -2.585495 0.285433,
        2.401575 2.755906 0.344488,
        2.585495 2.755906 0.344488,
        2.401575 2.755906 0.285433,
        2.585495 2.755906 0.285433,
        -2.755906 2.401575 0.344488,
        -2.755906 2.585495 0.344488,
        -2.755906 2.401575 0.285433,
        -2.755906 2.585495 0.285433,
        -2.401575 -2.755906 0.344488,
        -2.487070 -2.755906 0.344488,
        -2.401575 -2.755906 0.285433,
        -2.487070 -2.755906 0.285433,
        2.570035 -2.639841 0.039370,
        -2.471609 -2.639841 0.039370,
        -2.639841 -2.471609 0.039370,
        2.639841 2.570035 0.039370,
        2.639841 -2.570035 0.039370,
        2.570035 2.639841 0.039370,
        -2.570035 2.639841 0.039370,
        -2.639841 2.570035 0.039370,
        2.641173 -2.732843 0.285433,
        2.732843 -2.641173 0.285433,
        2.641173 -2.732843 0.344488,
        2.732843 -2.641173 0.344488,
        2.732843 2.641173 0.285433,
        2.641173 2.732843 0.285433,
        2.732843 2.641173 0.344488,
        2.641173 2.732843 0.344488,
        -2.732843 2.641173 0.344488,
        -2.641173 2.732843 0.344488,
        -2.732843 2.641173 0.285433,
        -2.641173 2.732843 0.285433,
        -2.542748 -2.732843 0.344488,
        -2.732843 -2.542748 0.344488,
        -2.542748 -2.732843 0.285433,
        -2.732843 -2.542748 0.285433,
        -2.640667 2.733344 0.285418,
        -2.624496 2.694302 0.101739,
        -2.694302 2.624496 0.101739,
        -2.733344 2.640667 0.285418,
        2.586206 2.755902 0.285418,
        2.570035 2.716860 0.101739,
        -2.570035 2.716860 0.101739,
        -2.586206 2.755902 0.285418,
        -2.755902 2.586206 0.285418,
        -2.716860 2.570035 0.101739,
        -2.716860 -2.471609 0.101739,
        -2.755902 -2.487781 0.285418,
        2.733344 2.640667 0.285418,
        2.694302 2.624496 0.101739,
        2.624496 2.694302 0.101739,
        2.640667 2.733344 0.285418,
        -2.733344 -2.542242 0.285418,
        -2.694302 -2.526070 0.101739,
        -2.526070 -2.694302 0.101739,
        -2.542242 -2.733344 0.285418,
        2.755902 -2.586206 0.285418,
        2.716860 -2.570035 0.101739,
        2.716860 2.570035 0.101739,
        2.755902 2.586206 0.285418,
        -2.487781 -2.755902 0.285418,
        -2.471609 -2.716860 0.101739,
        2.570035 -2.716860 0.101739,
        2.586206 -2.755902 0.285418,
        2.640667 -2.733344 0.285418,
        2.624496 -2.694302 0.101739,
        2.694302 -2.624496 0.101739,
        2.733344 -2.640667 0.285418,
        2.733344 -2.640667 0.344503,
        2.694302 -2.624496 0.528182,
        2.624496 -2.694302 0.528182,
        2.640667 -2.733344 0.344503,
        2.755902 -2.586206 0.344503,
        2.716860 -2.570035 0.528182,
        2.716860 2.570035 0.528182,
        2.755902 2.586206 0.344503,
        -2.471609 -2.716860 0.528182,
        -2.487781 -2.755902 0.344503,
        2.570035 -2.716860 0.528182,
        2.586206 -2.755902 0.344503,
        2.640667 2.733344 0.344503,
        2.624496 2.694302 0.528182,
        2.694302 2.624496 0.528182,
        2.733344 2.640667 0.344503,
        -2.542242 -2.733344 0.344503,
        -2.526070 -2.694302 0.528182,
        -2.694302 -2.526070 0.528182,
        -2.733344 -2.542242 0.344503,
        2.586206 2.755902 0.344503,
        2.570035 2.716860 0.528182,
        -2.570035 2.716860 0.528182,
        -2.586206 2.755902 0.344503,
        -2.716860 2.570035 0.528182,
        -2.755902 2.586206 0.344503,
        -2.716860 -2.471609 0.528182,
        -2.755902 -2.487781 0.344503,
        -2.733344 2.640667 0.344503,
        -2.694302 2.624496 0.528182,
        -2.624496 2.694302 0.528182,
        -2.640667 2.733344 0.344503,
        -2.690461 -2.522230 0.544602,
        -2.522230 -2.690461 0.544602,
        -2.690266 -2.522035 0.545057,
        -2.522035 -2.690266 0.545057,
        -2.683902 -2.515670 0.559950,
        -2.515670 -2.683902 0.559950,
        -2.683691 -2.515460 0.560255,
        -2.515460 -2.683691 0.560255,
        -2.675056 -2.506825 0.572801,
        -2.506825 -2.675056 0.572801,
        -2.674866 -2.506635 0.572973,
        -2.506635 -2.674866 0.572973,
        -2.664384 -2.496153 0.582488,
        -2.496153 -2.664384 0.582488,
        -2.664243 -2.496011 0.582559,
        -2.496011 -2.664243 0.582559,
        -2.652439 -2.484208 0.588509,
        -2.484208 -2.652439 0.588509,
        -2.652365 -2.484133 0.588521,
        -2.484133 -2.652365 0.588521,
        -2.703330 -2.514000 0.529039,
        -2.699364 -2.511381 0.544602,
        -2.706313 -2.510013 0.529321,
        -2.705979 -2.499005 0.544602,
        -2.710156 -2.500735 0.529321,
        -2.713999 -2.491457 0.529321,
        -2.710053 -2.485576 0.544602,
        -2.714709 -2.486528 0.529039,
        -2.711428 -2.471609 0.544602,
        -2.657315 -2.475085 0.588509,
        -2.657552 -2.471609 0.588521,
        -2.654655 -2.481508 0.588509,
        -2.668701 -2.490893 0.582488,
        -2.657658 -2.471609 0.588509,
        -2.674350 -2.471609 0.582559,
        -2.673884 -2.478381 0.582488,
        -2.681250 -2.499278 0.572801,
        -2.674551 -2.471609 0.582488,
        -2.689374 -2.471609 0.572973,
        -2.688686 -2.481325 0.572801,
        -2.691650 -2.506228 0.559950,
        -2.656302 -2.478428 0.588509,
        -2.671909 -2.484892 0.582488,
        -2.685852 -2.490668 0.572801,
        -2.697409 -2.495455 0.559950,
        -2.700955 -2.483766 0.559950,
        -2.689643 -2.471609 0.572801,
        -2.701854 -2.471609 0.560255,
        -2.702152 -2.471609 0.559950,
        -2.711153 -2.471609 0.545057,
        -2.486528 -2.714709 0.529039,
        -2.485576 -2.710053 0.544602,
        -2.491457 -2.713999 0.529321,
        -2.499005 -2.705979 0.544602,
        -2.500735 -2.710156 0.529321,
        -2.510013 -2.706313 0.529321,
        -2.511381 -2.699364 0.544602,
        -2.514000 -2.703330 0.529039,
        -2.481508 -2.654655 0.588509,
        -2.471609 -2.657658 0.588509,
        -2.475085 -2.657315 0.588509,
        -2.471609 -2.674350 0.582559,
        -2.478381 -2.673884 0.582488,
        -2.490893 -2.668701 0.582488,
        -2.481325 -2.688686 0.572801,
        -2.471609 -2.689374 0.572973,
        -2.471609 -2.674551 0.582488,
        -2.499278 -2.681250 0.572801,
        -2.471609 -2.711153 0.545057,
        -2.471609 -2.702152 0.559950,
        -2.483766 -2.700955 0.559950,
        -2.471609 -2.701854 0.560255,
        -2.471609 -2.689643 0.572801,
        -2.478428 -2.656302 0.588509,
        -2.484892 -2.671909 0.582488,
        -2.490668 -2.685852 0.572801,
        -2.495455 -2.697409 0.559950,
        -2.506228 -2.691650 0.559950,
        -2.471609 -2.657552 0.588521,
        -2.471609 -2.711428 0.544602,
        -2.711428 2.570035 0.544602,
        -2.711153 2.570035 0.545057,
        -2.702152 2.570035 0.559950,
        -2.701854 2.570035 0.560255,
        -2.689643 2.570035 0.572801,
        -2.689374 2.570035 0.572973,
        -2.674551 2.570035 0.582488,
        -2.674350 2.570035 0.582559,
        -2.657658 2.570035 0.588509,
        -2.657552 2.570035 0.588521,
        -2.745333 -2.526422 0.345074,
        -2.745474 -2.526234 0.345080,
        -2.753222 -2.507449 0.345077,
        -2.753133 -2.507667 0.345077,
        -2.507445 -2.753193 0.345074,
        -2.507678 -2.753161 0.345080,
        -2.526440 -2.745356 0.345077,
        -2.526223 -2.745447 0.345077,
        2.570035 -2.711428 0.544602,
        2.570035 -2.711153 0.545057,
        2.570035 -2.702152 0.559950,
        2.570035 -2.701854 0.560255,
        2.570035 -2.689643 0.572801,
        2.570035 -2.689374 0.572973,
        2.570035 -2.674551 0.582488,
        2.570035 -2.674350 0.582559,
        2.570035 -2.657658 0.588509,
        2.570035 -2.657552 0.588521,
        -2.706313 2.608438 0.529321,
        -2.706321 2.608418 0.529321,
        -2.701837 2.605828 0.544602,
        -2.708989 2.588563 0.544602,
        -2.713991 2.589903 0.529321,
        -2.713999 2.589882 0.529321,
        -2.657051 2.574646 0.588509,
        -2.655271 2.578943 0.588509,
        -2.652365 2.582559 0.588521,
        -2.673368 2.579018 0.582488,
        -2.652439 2.582633 0.588509,
        -2.664243 2.594437 0.582559,
        -2.669900 2.587390 0.582488,
        -2.687946 2.582924 0.572801,
        -2.664384 2.594578 0.582488,
        -2.674866 2.605060 0.572973,
        -2.682971 2.594936 0.572801,
        -2.700029 2.586162 0.559950,
        -2.675056 2.605250 0.572801,
        -2.683691 2.613885 0.560255,
        -2.693804 2.601190 0.559950,
        -2.690461 2.620655 0.544602,
        -2.690266 2.620460 0.545057,
        -2.683902 2.614095 0.559950,
        -2.745333 -2.526422 0.284848,
        -2.745474 -2.526234 0.284841,
        -2.753133 -2.507667 0.284844,
        -2.753222 -2.507449 0.284844,
        -2.526440 -2.745356 0.284844,
        -2.526223 -2.745447 0.284844,
        -2.507678 -2.753161 0.284841,
        -2.507445 -2.753193 0.284848,
        2.612426 -2.703330 0.529039,
        2.609807 -2.699364 0.544602,
        2.608438 -2.706313 0.529321,
        2.597430 -2.705979 0.544602,
        2.599160 -2.710156 0.529321,
        2.589882 -2.713999 0.529321,
        2.584001 -2.710053 0.544602,
        2.584954 -2.714709 0.529039,
        2.573510 -2.657315 0.588509,
        2.582633 -2.652439 0.588509,
        2.579933 -2.654655 0.588509,
        2.594437 -2.664243 0.582559,
        2.589319 -2.668701 0.582488,
        2.576806 -2.673884 0.582488,
        2.597703 -2.681250 0.572801,
        2.605060 -2.674866 0.572973,
        2.594578 -2.664384 0.582488,
        2.579751 -2.688686 0.572801,
        2.620460 -2.690266 0.545057,
        2.614095 -2.683902 0.559950,
        2.604653 -2.691650 0.559950,
        2.613885 -2.683691 0.560255,
        2.605250 -2.675056 0.572801,
        2.576853 -2.656302 0.588509,
        2.583318 -2.671909 0.582488,
        2.589093 -2.685852 0.572801,
        2.593880 -2.697409 0.559950,
        2.582191 -2.700955 0.559950,
        2.582559 -2.652365 0.588521,
        2.620655 -2.690461 0.544602,
        -2.620655 2.690461 0.544602,
        -2.620460 2.690266 0.545057,
        -2.614095 2.683902 0.559950,
        -2.613885 2.683691 0.560255,
        -2.605250 2.675056 0.572801,
        -2.605060 2.674866 0.572973,
        -2.594578 2.664384 0.582488,
        -2.594437 2.664243 0.582559,
        -2.582633 2.652439 0.588509,
        -2.582559 2.652365 0.588521,
        -2.753893 2.600787 0.344926,
        -2.753161 2.606104 0.345080,
        -2.749318 2.615381 0.345080,
        -2.745474 2.624659 0.345080,
        -2.742233 2.628936 0.344926,
        -2.714709 -2.486528 0.100883,
        -2.703330 -2.514000 0.100883,
        -2.706313 -2.510013 0.100600,
        -2.710156 -2.500735 0.100600,
        -2.713999 -2.491457 0.100600,
        -2.522230 -2.690461 0.085320,
        -2.690461 -2.522230 0.085320,
        -2.522035 -2.690266 0.084864,
        -2.690266 -2.522035 0.084864,
        -2.515670 -2.683902 0.069972,
        -2.683902 -2.515670 0.069972,
        -2.515460 -2.683691 0.069666,
        -2.683691 -2.515460 0.069666,
        -2.506825 -2.675056 0.057120,
        -2.675056 -2.506825 0.057120,
        -2.506635 -2.674866 0.056948,
        -2.674866 -2.506635 0.056948,
        -2.496153 -2.664384 0.047433,
        -2.664384 -2.496153 0.047433,
        -2.496011 -2.664243 0.047362,
        -2.664243 -2.496011 0.047362,
        -2.484208 -2.652439 0.041412,
        -2.652439 -2.484208 0.041412,
        -2.484133 -2.652365 0.041400,
        -2.652365 -2.484133 0.041400,
        -2.514000 -2.703330 0.100883,
        -2.486528 -2.714709 0.100883,
        -2.491457 -2.713999 0.100600,
        -2.500735 -2.710156 0.100600,
        -2.510013 -2.706313 0.100600,
        2.624847 -2.745333 0.345074,
        2.624659 -2.745474 0.345080,
        2.605874 -2.753222 0.345077,
        2.606092 -2.753133 0.345077,
        2.690461 -2.620655 0.544602,
        2.690266 -2.620460 0.545057,
        2.683902 -2.614095 0.559950,
        2.683691 -2.613885 0.560255,
        2.675056 -2.605250 0.572801,
        2.674866 -2.605060 0.572973,
        2.664384 -2.594578 0.582488,
        2.664243 -2.594437 0.582559,
        2.652439 -2.582633 0.588509,
        2.652365 -2.582559 0.588521,
        -2.612426 2.703330 0.529039,
        -2.609807 2.699364 0.544602,
        -2.608438 2.706313 0.529321,
        -2.597430 2.705979 0.544602,
        -2.599160 2.710156 0.529321,
        -2.589882 2.713999 0.529321,
        -2.584001 2.710053 0.544602,
        -2.584954 2.714709 0.529039,
        -2.570035 2.711428 0.544602,
        -2.573510 2.657315 0.588509,
        -2.570035 2.657552 0.588521,
        -2.579933 2.654655 0.588509,
        -2.589319 2.668701 0.582488,
        -2.570035 2.657658 0.588509,
        -2.570035 2.674350 0.582559,
        -2.576806 2.673884 0.582488,
        -2.597703 2.681250 0.572801,
        -2.570035 2.674551 0.582488,
        -2.570035 2.689374 0.572973,
        -2.579751 2.688686 0.572801,
        -2.604653 2.691650 0.559950,
        -2.576853 2.656302 0.588509,
        -2.583318 2.671909 0.582488,
        -2.589093 2.685852 0.572801,
        -2.593880 2.697409 0.559950,
        -2.582191 2.700955 0.559950,
        -2.570035 2.689643 0.572801,
        -2.570035 2.701854 0.560255,
        -2.570035 2.702152 0.559950,
        -2.570035 2.711153 0.545057,
        -2.753893 2.600787 0.284995,
        -2.753161 2.606104 0.284841,
        -2.749318 2.615381 0.284841,
        -2.745474 2.624659 0.284841,
        -2.742233 2.628936 0.284995,
        -2.657552 -2.471609 0.041400,
        -2.657315 -2.475085 0.041412,
        -2.705979 -2.499005 0.085320,
        -2.710053 -2.485576 0.085320,
        -2.699364 -2.511381 0.085320,
        -2.691650 -2.506228 0.069972,
        -2.711428 -2.471609 0.085320,
        -2.711153 -2.471609 0.084864,
        -2.700955 -2.483766 0.069972,
        -2.681250 -2.499278 0.057120,
        -2.702152 -2.471609 0.069972,
        -2.701854 -2.471609 0.069666,
        -2.688686 -2.481325 0.057120,
        -2.668701 -2.490893 0.047433,
        -2.689643 -2.471609 0.057120,
        -2.689374 -2.471609 0.056948,
        -2.673884 -2.478381 0.047433,
        -2.654655 -2.481508 0.041412,
        -2.697409 -2.495455 0.069972,
        -2.685852 -2.490668 0.057120,
        -2.671909 -2.484892 0.047433,
        -2.656302 -2.478428 0.041412,
        -2.674551 -2.471609 0.047433,
        -2.674350 -2.471609 0.047362,
        -2.657658 -2.471609 0.041412,
        -2.481508 -2.654655 0.041412,
        -2.499005 -2.705979 0.085320,
        -2.511381 -2.699364 0.085320,
        -2.471609 -2.711428 0.085320,
        -2.485576 -2.710053 0.085320,
        -2.471609 -2.711153 0.084864,
        -2.483766 -2.700955 0.069972,
        -2.506228 -2.691650 0.069972,
        -2.481325 -2.688686 0.057120,
        -2.471609 -2.701854 0.069666,
        -2.471609 -2.702152 0.069972,
        -2.499278 -2.681250 0.057120,
        -2.478381 -2.673884 0.047433,
        -2.471609 -2.689374 0.056948,
        -2.471609 -2.689643 0.057120,
        -2.490893 -2.668701 0.047433,
        -2.475085 -2.657315 0.041412,
        -2.471609 -2.674350 0.047362,
        -2.471609 -2.674551 0.047433,
        -2.495455 -2.697409 0.069972,
        -2.490668 -2.685852 0.057120,
        -2.484892 -2.671909 0.047433,
        -2.478428 -2.656302 0.041412,
        -2.471609 -2.657552 0.041400,
        -2.471609 -2.657658 0.041412,
        2.624847 -2.745333 0.284848,
        2.624659 -2.745474 0.284841,
        2.606092 -2.753133 0.284844,
        2.605874 -2.753222 0.284844,
        2.706313 -2.608438 0.529321,
        2.706321 -2.608418 0.529321,
        2.701837 -2.605828 0.544602,
        2.708989 -2.588563 0.544602,
        2.713991 -2.589903 0.529321,
        2.713999 -2.589882 0.529321,
        2.657051 -2.574646 0.588509,
        2.657658 -2.570035 0.588509,
        2.657552 -2.570035 0.588521,
        2.655271 -2.578943 0.588509,
        2.674350 -2.570035 0.582559,
        2.673368 -2.579018 0.582488,
        2.674551 -2.570035 0.582488,
        2.669900 -2.587390 0.582488,
        2.689374 -2.570035 0.572973,
        2.687946 -2.582924 0.572801,
        2.689643 -2.570035 0.572801,
        2.682971 -2.594936 0.572801,
        2.701854 -2.570035 0.560255,
        2.700029 -2.586162 0.559950,
        2.702152 -2.570035 0.559950,
        2.693804 -2.601190 0.559950,
        2.711153 -2.570035 0.545057,
        2.711428 -2.570035 0.544602,
        2.570035 2.711428 0.544602,
        2.570035 2.711153 0.545057,
        2.570035 2.702152 0.559950,
        2.570035 2.701854 0.560255,
        2.570035 2.689643 0.572801,
        2.570035 2.689374 0.572973,
        2.570035 2.674551 0.582488,
        2.570035 2.674350 0.582559,
        2.570035 2.657658 0.588509,
        2.570035 2.657552 0.588521,
        -2.624847 2.745333 0.345074,
        -2.624659 2.745474 0.345080,
        -2.605874 2.753222 0.345077,
        -2.606092 2.753133 0.345077,
        -2.706313 2.608438 0.100600,
        -2.706321 2.608418 0.100600,
        -2.713991 2.589903 0.100600,
        -2.713999 2.589882 0.100600,
        -2.711428 2.570035 0.085320,
        -2.711153 2.570035 0.084864,
        -2.702152 2.570035 0.069972,
        -2.701854 2.570035 0.069666,
        -2.689643 2.570035 0.057120,
        -2.689374 2.570035 0.056948,
        -2.674551 2.570035 0.047433,
        -2.674350 2.570035 0.047362,
        -2.657658 2.570035 0.041412,
        -2.657552 2.570035 0.041400,
        2.570035 -2.711428 0.085320,
        2.570035 -2.711153 0.084864,
        2.570035 -2.702152 0.069972,
        2.570035 -2.701854 0.069666,
        2.570035 -2.689643 0.057120,
        2.570035 -2.689374 0.056948,
        2.570035 -2.674551 0.047433,
        2.570035 -2.674350 0.047362,
        2.570035 -2.657658 0.041412,
        2.570035 -2.657552 0.041400,
        2.589882 -2.713999 0.100600,
        2.589903 -2.713991 0.100600,
        2.608418 -2.706321 0.100600,
        2.608438 -2.706313 0.100600,
        2.753893 -2.600787 0.344926,
        2.753161 -2.606104 0.345080,
        2.749318 -2.615381 0.345080,
        2.745474 -2.624659 0.345080,
        2.742233 -2.628936 0.344926,
        2.711428 2.570035 0.544602,
        2.711153 2.570035 0.545057,
        2.702152 2.570035 0.559950,
        2.701854 2.570035 0.560255,
        2.689643 2.570035 0.572801,
        2.689374 2.570035 0.572973,
        2.674551 2.570035 0.582488,
        2.674350 2.570035 0.582559,
        2.657658 2.570035 0.588509,
        2.657552 2.570035 0.588521,
        2.690461 2.620655 0.544602,
        2.620655 2.690461 0.544602,
        2.690266 2.620460 0.545057,
        2.620460 2.690266 0.545057,
        2.683902 2.614095 0.559950,
        2.614095 2.683902 0.559950,
        2.683691 2.613885 0.560255,
        2.613885 2.683691 0.560255,
        2.675056 2.605250 0.572801,
        2.605250 2.675056 0.572801,
        2.674866 2.605060 0.572973,
        2.605060 2.674866 0.572973,
        2.664384 2.594578 0.582488,
        2.594578 2.664384 0.582488,
        2.664243 2.594437 0.582559,
        2.594437 2.664243 0.582559,
        2.652439 2.582633 0.588509,
        2.582633 2.652439 0.588509,
        2.652365 2.582559 0.588521,
        2.582559 2.652365 0.588521,
        2.584954 2.714709 0.529039,
        2.584001 2.710053 0.544602,
        2.589882 2.713999 0.529321,
        2.597430 2.705979 0.544602,
        2.599160 2.710156 0.529321,
        2.608438 2.706313 0.529321,
        2.609807 2.699364 0.544602,
        2.612426 2.703330 0.529039,
        2.579933 2.654655 0.588509,
        2.573510 2.657315 0.588509,
        2.576806 2.673884 0.582488,
        2.589319 2.668701 0.582488,
        2.579751 2.688686 0.572801,
        2.597703 2.681250 0.572801,
        2.582191 2.700955 0.559950,
        2.576853 2.656302 0.588509,
        2.583318 2.671909 0.582488,
        2.589093 2.685852 0.572801,
        2.593880 2.697409 0.559950,
        2.604653 2.691650 0.559950,
        -2.605874 2.753222 0.284844,
        -2.606092 2.753133 0.284844,
        -2.624659 2.745474 0.284841,
        -2.624847 2.745333 0.284848,
        -2.664243 2.594437 0.047362,
        -2.652439 2.582633 0.041412,
        -2.655271 2.578943 0.041412,
        -2.673368 2.579018 0.047433,
        -2.674866 2.605060 0.056948,
        -2.664384 2.594578 0.047433,
        -2.669900 2.587390 0.047433,
        -2.687946 2.582924 0.057120,
        -2.683691 2.613885 0.069666,
        -2.675056 2.605250 0.057120,
        -2.682971 2.594936 0.057120,
        -2.690266 2.620460 0.084864,
        -2.683902 2.614095 0.069972,
        -2.693804 2.601190 0.069972,
        -2.700029 2.586162 0.069972,
        -2.708989 2.588563 0.085320,
        -2.701837 2.605828 0.085320,
        -2.690461 2.620655 0.085320,
        -2.657051 2.574646 0.041412,
        -2.652365 2.582559 0.041400,
        2.574646 -2.657051 0.041412,
        2.594437 -2.664243 0.047362,
        2.594578 -2.664384 0.047433,
        2.587390 -2.669900 0.047433,
        2.579018 -2.673368 0.047433,
        2.605060 -2.674866 0.056948,
        2.605250 -2.675056 0.057120,
        2.594936 -2.682971 0.057120,
        2.582924 -2.687946 0.057120,
        2.586162 -2.700029 0.069972,
        2.601190 -2.693804 0.069972,
        2.605828 -2.701837 0.085320,
        2.588563 -2.708989 0.085320,
        2.620655 -2.690461 0.085320,
        2.620460 -2.690266 0.084864,
        2.614095 -2.683902 0.069972,
        2.613885 -2.683691 0.069666,
        2.578943 -2.655271 0.041412,
        2.582559 -2.652365 0.041400,
        2.582633 -2.652439 0.041412,
        2.753893 -2.600787 0.284995,
        2.753161 -2.606104 0.284841,
        2.749318 -2.615381 0.284841,
        2.745474 -2.624659 0.284841,
        2.742233 -2.628936 0.284995,
        2.703330 2.612426 0.529039,
        2.699364 2.609807 0.544602,
        2.706313 2.608438 0.529321,
        2.705979 2.597430 0.544602,
        2.710156 2.599160 0.529321,
        2.713999 2.589882 0.529321,
        2.710053 2.584001 0.544602,
        2.714709 2.584954 0.529039,
        2.657315 2.573510 0.588509,
        2.654655 2.579933 0.588509,
        2.668701 2.589319 0.582488,
        2.673884 2.576806 0.582488,
        2.681250 2.597703 0.572801,
        2.688686 2.579751 0.572801,
        2.691650 2.604653 0.559950,
        2.656302 2.576853 0.588509,
        2.671909 2.583318 0.582488,
        2.685852 2.589093 0.572801,
        2.697409 2.593880 0.559950,
        2.700955 2.582191 0.559950,
        2.600787 2.753893 0.344926,
        2.628936 2.742233 0.344926,
        2.624659 2.745474 0.345080,
        2.615381 2.749318 0.345080,
        2.606104 2.753161 0.345080,
        -2.584954 2.714709 0.100883,
        -2.612426 2.703330 0.100883,
        -2.608438 2.706313 0.100600,
        -2.599160 2.710156 0.100600,
        -2.589882 2.713999 0.100600,
        -2.620655 2.690461 0.085320,
        -2.620460 2.690266 0.084864,
        -2.614095 2.683902 0.069972,
        -2.613885 2.683691 0.069666,
        -2.605250 2.675056 0.057120,
        -2.605060 2.674866 0.056948,
        -2.594578 2.664384 0.047433,
        -2.594437 2.664243 0.047362,
        -2.582633 2.652439 0.041412,
        -2.582559 2.652365 0.041400,
        2.690461 -2.620655 0.085320,
        2.690266 -2.620460 0.084864,
        2.683902 -2.614095 0.069972,
        2.683691 -2.613885 0.069666,
        2.675056 -2.605250 0.057120,
        2.674866 -2.605060 0.056948,
        2.664384 -2.594578 0.047433,
        2.664243 -2.594437 0.047362,
        2.652439 -2.582633 0.041412,
        2.652365 -2.582559 0.041400,
        2.714709 -2.584954 0.100883,
        2.713999 -2.589882 0.100600,
        2.710156 -2.599160 0.100600,
        2.706313 -2.608438 0.100600,
        2.703330 -2.612426 0.100883,
        2.753893 2.600787 0.344926,
        2.753161 2.606104 0.345080,
        2.749318 2.615381 0.345080,
        2.745474 2.624659 0.345080,
        2.742233 2.628936 0.344926,
        2.600787 2.753893 0.284995,
        2.606104 2.753161 0.284841,
        2.615381 2.749318 0.284841,
        2.624659 2.745474 0.284841,
        2.628936 2.742233 0.284995,
        -2.570035 2.657552 0.041400,
        -2.573510 2.657315 0.041412,
        -2.597430 2.705979 0.085320,
        -2.584001 2.710053 0.085320,
        -2.609807 2.699364 0.085320,
        -2.604653 2.691650 0.069972,
        -2.570035 2.711428 0.085320,
        -2.570035 2.711153 0.084864,
        -2.582191 2.700955 0.069972,
        -2.597703 2.681250 0.057120,
        -2.570035 2.702152 0.069972,
        -2.570035 2.701854 0.069666,
        -2.579751 2.688686 0.057120,
        -2.589319 2.668701 0.047433,
        -2.570035 2.689643 0.057120,
        -2.570035 2.689374 0.056948,
        -2.576806 2.673884 0.047433,
        -2.579933 2.654655 0.041412,
        -2.593880 2.697409 0.069972,
        -2.589093 2.685852 0.057120,
        -2.583318 2.671909 0.047433,
        -2.576853 2.656302 0.041412,
        -2.570035 2.674551 0.047433,
        -2.570035 2.674350 0.047362,
        -2.570035 2.657658 0.041412,
        2.654655 -2.579933 0.041412,
        2.705979 -2.597430 0.085320,
        2.699364 -2.609807 0.085320,
        2.711428 -2.570035 0.085320,
        2.710053 -2.584001 0.085320,
        2.711153 -2.570035 0.084864,
        2.700955 -2.582191 0.069972,
        2.691650 -2.604653 0.069972,
        2.688686 -2.579751 0.057120,
        2.701854 -2.570035 0.069666,
        2.702152 -2.570035 0.069972,
        2.681250 -2.597703 0.057120,
        2.673884 -2.576806 0.047433,
        2.689374 -2.570035 0.056948,
        2.689643 -2.570035 0.057120,
        2.668701 -2.589319 0.047433,
        2.657315 -2.573510 0.041412,
        2.674350 -2.570035 0.047362,
        2.674551 -2.570035 0.047433,
        2.697409 -2.593880 0.069972,
        2.685852 -2.589093 0.057120,
        2.671909 -2.583318 0.047433,
        2.656302 -2.576853 0.041412,
        2.657552 -2.570035 0.041400,
        2.657658 -2.570035 0.041412,
        2.753893 2.600787 0.284995,
        2.753161 2.606104 0.284841,
        2.749318 2.615381 0.284841,
        2.745474 2.624659 0.284841,
        2.742233 2.628936 0.284995,
        2.584954 2.714709 0.100883,
        2.589882 2.713999 0.100600,
        2.599160 2.710156 0.100600,
        2.608438 2.706313 0.100600,
        2.612426 2.703330 0.100883,
        2.570035 2.711428 0.085320,
        2.570035 2.711153 0.084864,
        2.570035 2.702152 0.069972,
        2.570035 2.701854 0.069666,
        2.570035 2.689643 0.057120,
        2.570035 2.689374 0.056948,
        2.570035 2.674551 0.047433,
        2.570035 2.674350 0.047362,
        2.570035 2.657658 0.041412,
        2.570035 2.657552 0.041400,
        2.711428 2.570035 0.085320,
        2.711153 2.570035 0.084864,
        2.702152 2.570035 0.069972,
        2.701854 2.570035 0.069666,
        2.689643 2.570035 0.057120,
        2.689374 2.570035 0.056948,
        2.674551 2.570035 0.047433,
        2.674350 2.570035 0.047362,
        2.657658 2.570035 0.041412,
        2.657552 2.570035 0.041400,
        2.713999 2.589882 0.100600,
        2.713991 2.589903 0.100600,
        2.706321 2.608418 0.100600,
        2.706313 2.608438 0.100600,
        2.582559 2.652365 0.041400,
        2.579933 2.654655 0.041412,
        2.597430 2.705979 0.085320,
        2.609807 2.699364 0.085320,
        2.584001 2.710053 0.085320,
        2.582191 2.700955 0.069972,
        2.620655 2.690461 0.085320,
        2.620460 2.690266 0.084864,
        2.604653 2.691650 0.069972,
        2.579751 2.688686 0.057120,
        2.614095 2.683902 0.069972,
        2.613885 2.683691 0.069666,
        2.597703 2.681250 0.057120,
        2.576806 2.673884 0.047433,
        2.605250 2.675056 0.057120,
        2.605060 2.674866 0.056948,
        2.589319 2.668701 0.047433,
        2.573510 2.657315 0.041412,
        2.593880 2.697409 0.069972,
        2.589093 2.685852 0.057120,
        2.583318 2.671909 0.047433,
        2.576853 2.656302 0.041412,
        2.594578 2.664384 0.047433,
        2.594437 2.664243 0.047362,
        2.582633 2.652439 0.041412,
        2.657051 2.574646 0.041412,
        2.664243 2.594437 0.047362,
        2.664384 2.594578 0.047433,
        2.669900 2.587390 0.047433,
        2.673368 2.579018 0.047433,
        2.674866 2.605060 0.056948,
        2.675056 2.605250 0.057120,
        2.682971 2.594936 0.057120,
        2.687946 2.582924 0.057120,
        2.700029 2.586162 0.069972,
        2.693804 2.601190 0.069972,
        2.701837 2.605828 0.085320,
        2.708989 2.588563 0.085320,
        2.690461 2.620655 0.085320,
        2.690266 2.620460 0.084864,
        2.683902 2.614095 0.069972,
        2.683691 2.613885 0.069666,
        2.655271 2.578943 0.041412,
        2.652365 2.582559 0.041400,
        2.652439 2.582633 0.041412,
      ]
    }
    coordIndex [
      0, 1, 2, -1,
      3, 4, 5, -1,
      6, 7, 8, -1,
      9, 10, 11, -1,
      12, 13, 14, -1,
      15, 16, 17, -1,
      18, 19, 20, -1,
      21, 22, 23, -1,
      24, 25, 26, -1,
      26, 25, 27, -1,
      26, 27, 28, -1,
      29, 30, 27, -1,
      27, 30, 31, -1,
      27, 31, 32, -1,
      32, 33, 27, -1,
      27, 33, 34, -1,
      27, 34, 28, -1,
      35, 36, 37, -1,
      37, 36, 38, -1,
      38, 36, 39, -1,
      39, 36, 40, -1,
      39, 40, 41, -1,
      41, 40, 42, -1,
      41, 42, 43, -1,
      44, 45, 42, -1,
      42, 45, 46, -1,
      42, 46, 47, -1,
      42, 48, 43, -1,
      43, 48, 49, -1,
      43, 49, 50, -1,
      50, 49, 51, -1,
      50, 51, 52, -1,
      47, 53, 42, -1,
      42, 53, 54, -1,
      42, 54, 48, -1,
      55, 56, 44, -1,
      44, 56, 57, -1,
      44, 57, 45, -1,
      58, 59, 60, -1,
      60, 59, 61, -1,
      60, 61, 62, -1,
      63, 64, 61, -1,
      61, 64, 65, -1,
      66, 67, 65, -1,
      65, 67, 68, -1,
      65, 68, 61, -1,
      61, 68, 69, -1,
      61, 69, 62, -1,
      70, 71, 72, -1,
      72, 71, 63, -1,
      73, 74, 75, -1,
      73, 75, 76, -1,
      74, 77, 75, -1,
      75, 77, 78, -1,
      75, 78, 72, -1,
      72, 78, 79, -1,
      72, 79, 70, -1,
      80, 81, 82, -1,
      83, 84, 85, -1,
      86, 87, 88, -1,
      80, 82, 89, -1,
      90, 91, 86, -1,
      86, 91, 92, -1,
      81, 93, 82, -1,
      82, 93, 94, -1,
      82, 94, 95, -1,
      83, 85, 86, -1,
      86, 85, 96, -1,
      86, 96, 90, -1,
      82, 97, 98, -1,
      99, 100, 101, -1,
      101, 100, 102, -1,
      101, 102, 82, -1,
      82, 102, 103, -1,
      82, 103, 89, -1,
      104, 105, 87, -1,
      87, 105, 106, -1,
      106, 107, 87, -1,
      87, 107, 108, -1,
      87, 108, 109, -1,
      109, 108, 99, -1,
      109, 99, 110, -1,
      110, 99, 101, -1,
      95, 111, 82, -1,
      82, 111, 112, -1,
      82, 112, 113, -1,
      92, 114, 86, -1,
      86, 114, 115, -1,
      86, 115, 87, -1,
      87, 115, 116, -1,
      87, 116, 104, -1,
      113, 117, 82, -1,
      82, 117, 118, -1,
      82, 118, 97, -1,
      119, 120, 121, -1,
      119, 121, 122, -1,
      98, 123, 82, -1,
      82, 123, 124, -1,
      82, 124, 125, -1,
      125, 124, 126, -1,
      125, 126, 127, -1,
      128, 129, 130, -1,
      130, 129, 131, -1,
      130, 131, 132, -1,
      133, 134, 135, -1,
      135, 134, 130, -1,
      135, 130, 136, -1,
      136, 130, 132, -1,
      125, 137, 138, -1,
      127, 139, 125, -1,
      125, 139, 140, -1,
      125, 140, 137, -1,
      141, 142, 143, -1,
      143, 142, 125, -1,
      143, 125, 144, -1,
      144, 125, 138, -1,
      141, 121, 142, -1,
      142, 121, 120, -1,
      142, 120, 23, -1,
      23, 120, 145, -1,
      23, 145, 21, -1,
      146, 147, 133, -1,
      133, 147, 148, -1,
      133, 148, 134, -1,
      146, 149, 147, -1,
      147, 149, 150, -1,
      147, 150, 151, -1,
      152, 153, 154, -1,
      153, 155, 154, -1,
      154, 155, 156, -1,
      154, 156, 157, -1,
      129, 154, 158, -1,
      128, 122, 129, -1,
      129, 122, 121, -1,
      129, 121, 154, -1,
      154, 121, 159, -1,
      154, 159, 152, -1,
      158, 160, 129, -1,
      129, 160, 161, -1,
      129, 161, 162, -1,
      157, 156, 163, -1,
      163, 156, 164, -1,
      163, 164, 165, -1,
      165, 164, 166, -1,
      165, 166, 167, -1,
      168, 169, 162, -1,
      162, 169, 170, -1,
      162, 170, 129, -1,
      24, 171, 25, -1,
      25, 171, 172, -1,
      25, 172, 83, -1,
      83, 172, 173, -1,
      83, 173, 84, -1,
      174, 175, 176, -1,
      176, 175, 177, -1,
      177, 175, 178, -1,
      177, 178, 179, -1,
      179, 178, 180, -1,
      179, 180, 181, -1,
      181, 180, 182, -1,
      181, 182, 183, -1,
      183, 182, 184, -1,
      183, 184, 185, -1,
      185, 184, 186, -1,
      185, 186, 187, -1,
      188, 189, 187, -1,
      187, 189, 174, -1,
      187, 174, 185, -1,
      185, 174, 176, -1,
      190, 191, 192, -1,
      193, 194, 177, -1,
      176, 195, 196, -1,
      176, 197, 191, -1,
      191, 197, 198, -1,
      191, 198, 192, -1,
      196, 199, 176, -1,
      176, 199, 200, -1,
      176, 200, 197, -1,
      194, 201, 177, -1,
      177, 201, 202, -1,
      177, 202, 176, -1,
      176, 202, 203, -1,
      176, 203, 195, -1,
      192, 204, 190, -1,
      190, 204, 205, -1,
      190, 205, 206, -1,
      206, 205, 207, -1,
      208, 209, 179, -1,
      179, 209, 210, -1,
      179, 210, 177, -1,
      177, 210, 211, -1,
      177, 211, 193, -1,
      212, 213, 214, -1,
      214, 213, 215, -1,
      214, 215, 216, -1,
      216, 215, 217, -1,
      218, 190, 219, -1,
      219, 190, 220, -1,
      219, 220, 221, -1,
      221, 220, 222, -1,
      223, 224, 225, -1,
      225, 224, 226, -1,
      227, 222, 228, -1,
      228, 222, 220, -1,
      228, 220, 229, -1,
      229, 220, 190, -1,
      229, 190, 230, -1,
      230, 190, 206, -1,
      230, 206, 231, -1,
      231, 206, 232, -1,
      231, 232, 226, -1,
      226, 232, 233, -1,
      226, 233, 225, -1,
      218, 213, 190, -1,
      190, 213, 212, -1,
      190, 212, 191, -1,
      191, 212, 234, -1,
      191, 234, 235, -1,
      235, 234, 236, -1,
      235, 236, 8, -1,
      8, 236, 223, -1,
      237, 238, 179, -1,
      179, 238, 239, -1,
      240, 241, 239, -1,
      239, 241, 206, -1,
      239, 206, 179, -1,
      179, 206, 207, -1,
      179, 207, 208, -1,
      241, 242, 206, -1,
      206, 242, 243, -1,
      206, 243, 232, -1,
      232, 243, 244, -1,
      232, 244, 245, -1,
      245, 244, 246, -1,
      245, 246, 247, -1,
      248, 249, 250, -1,
      251, 252, 253, -1,
      233, 254, 248, -1,
      250, 249, 253, -1,
      253, 249, 255, -1,
      253, 255, 251, -1,
      256, 257, 245, -1,
      256, 245, 258, -1,
      232, 259, 260, -1,
      251, 261, 252, -1,
      252, 261, 262, -1,
      252, 262, 245, -1,
      245, 262, 263, -1,
      245, 263, 258, -1,
      260, 264, 232, -1,
      232, 264, 265, -1,
      232, 265, 233, -1,
      233, 265, 266, -1,
      233, 266, 254, -1,
      257, 267, 245, -1,
      245, 267, 268, -1,
      245, 268, 232, -1,
      232, 268, 269, -1,
      232, 269, 259, -1,
      270, 271, 272, -1,
      273, 274, 275, -1,
      275, 274, 276, -1,
      272, 271, 277, -1,
      277, 271, 278, -1,
      277, 278, 279, -1,
      276, 274, 280, -1,
      280, 274, 27, -1,
      280, 27, 279, -1,
      279, 27, 25, -1,
      279, 25, 277, -1,
      58, 55, 59, -1,
      59, 55, 44, -1,
      59, 44, 281, -1,
      281, 44, 282, -1,
      283, 284, 40, -1,
      40, 284, 285, -1,
      40, 285, 42, -1,
      42, 285, 286, -1,
      42, 286, 44, -1,
      44, 286, 287, -1,
      44, 287, 282, -1,
      283, 40, 288, -1,
      288, 40, 289, -1,
      288, 289, 290, -1,
      291, 292, 293, -1,
      293, 292, 294, -1,
      293, 294, 295, -1,
      295, 294, 296, -1,
      295, 296, 289, -1,
      289, 296, 297, -1,
      289, 297, 290, -1,
      291, 293, 298, -1,
      298, 293, 299, -1,
      298, 299, 300, -1,
      300, 299, 301, -1,
      300, 301, 302, -1,
      302, 301, 303, -1,
      303, 301, 304, -1,
      303, 304, 305, -1,
      306, 307, 72, -1,
      63, 61, 72, -1,
      72, 61, 308, -1,
      72, 308, 306, -1,
      309, 310, 311, -1,
      311, 310, 312, -1,
      311, 312, 304, -1,
      304, 312, 313, -1,
      304, 313, 305, -1,
      307, 314, 72, -1,
      72, 314, 315, -1,
      72, 315, 311, -1,
      311, 315, 316, -1,
      311, 316, 309, -1,
      281, 317, 59, -1,
      59, 317, 318, -1,
      59, 318, 61, -1,
      61, 318, 319, -1,
      61, 319, 308, -1,
      320, 321, 322, -1,
      322, 321, 323, -1,
      322, 323, 18, -1,
      15, 17, 324, -1,
      325, 326, 327, -1,
      327, 326, 328, -1,
      327, 328, 17, -1,
      17, 328, 329, -1,
      17, 329, 324, -1,
      327, 330, 325, -1,
      325, 330, 331, -1,
      325, 331, 332, -1,
      333, 334, 335, -1,
      335, 334, 336, -1,
      335, 336, 331, -1,
      331, 336, 337, -1,
      331, 337, 332, -1,
      338, 339, 333, -1,
      333, 339, 340, -1,
      333, 340, 334, -1,
      341, 342, 0, -1,
      0, 342, 343, -1,
      0, 343, 1, -1,
      1, 343, 344, -1,
      1, 344, 345, -1,
      346, 347, 348, -1,
      349, 350, 351, -1,
      351, 350, 352, -1,
      351, 352, 353, -1,
      354, 355, 356, -1,
      356, 355, 346, -1,
      356, 346, 357, -1,
      357, 346, 348, -1,
      13, 12, 356, -1,
      356, 12, 358, -1,
      356, 358, 354, -1,
      359, 360, 14, -1,
      14, 360, 361, -1,
      14, 361, 12, -1,
      362, 363, 364, -1,
      364, 363, 365, -1,
      364, 365, 366, -1,
      366, 365, 367, -1,
      366, 367, 368, -1,
      368, 367, 369, -1,
      368, 369, 370, -1,
      370, 369, 371, -1,
      371, 369, 372, -1,
      371, 372, 373, -1,
      19, 374, 20, -1,
      20, 374, 375, -1,
      20, 375, 376, -1,
      376, 375, 377, -1,
      376, 377, 378, -1,
      18, 20, 322, -1,
      322, 20, 379, -1,
      322, 379, 380, -1,
      381, 382, 383, -1,
      384, 385, 386, -1,
      386, 385, 9, -1,
      387, 388, 389, -1,
      388, 390, 389, -1,
      389, 390, 391, -1,
      389, 391, 392, -1,
      392, 391, 384, -1,
      392, 384, 393, -1,
      393, 384, 386, -1,
      393, 386, 394, -1,
      395, 396, 397, -1,
      398, 399, 389, -1,
      389, 399, 400, -1,
      400, 401, 389, -1,
      389, 401, 402, -1,
      389, 402, 403, -1,
      404, 405, 389, -1,
      389, 405, 406, -1,
      389, 406, 387, -1,
      389, 407, 398, -1,
      398, 407, 408, -1,
      398, 408, 397, -1,
      397, 408, 409, -1,
      397, 409, 395, -1,
      403, 410, 389, -1,
      389, 410, 411, -1,
      389, 411, 404, -1,
      412, 413, 414, -1,
      414, 413, 415, -1,
      414, 415, 394, -1,
      394, 415, 416, -1,
      394, 416, 393, -1,
      417, 418, 419, -1,
      419, 418, 420, -1,
      419, 420, 421, -1,
      422, 423, 424, -1,
      425, 426, 427, -1,
      428, 424, 429, -1,
      429, 424, 430, -1,
      428, 431, 424, -1,
      424, 431, 432, -1,
      424, 432, 422, -1,
      433, 434, 427, -1,
      427, 434, 435, -1,
      427, 435, 436, -1,
      436, 437, 427, -1,
      427, 437, 438, -1,
      427, 438, 425, -1,
      439, 440, 441, -1,
      441, 440, 442, -1,
      441, 442, 443, -1,
      443, 442, 11, -1,
      443, 11, 444, -1,
      444, 11, 10, -1,
      445, 446, 440, -1,
      446, 447, 448, -1,
      449, 450, 451, -1,
      451, 450, 452, -1,
      453, 454, 452, -1,
      452, 454, 445, -1,
      452, 445, 451, -1,
      451, 445, 440, -1,
      455, 456, 451, -1,
      449, 451, 457, -1,
      457, 451, 456, -1,
      457, 456, 458, -1,
      448, 447, 459, -1,
      459, 447, 460, -1,
      459, 460, 461, -1,
      461, 460, 462, -1,
      461, 462, 86, -1,
      86, 462, 463, -1,
      86, 463, 83, -1,
      83, 463, 464, -1,
      83, 464, 25, -1,
      25, 464, 465, -1,
      25, 465, 277, -1,
      277, 465, 466, -1,
      277, 466, 272, -1,
      467, 468, 469, -1,
      223, 225, 8, -1,
      8, 225, 470, -1,
      8, 470, 6, -1,
      471, 472, 468, -1,
      468, 472, 473, -1,
      468, 473, 469, -1,
      474, 475, 476, -1,
      476, 475, 477, -1,
      476, 477, 478, -1,
      479, 480, 5, -1,
      469, 481, 467, -1,
      467, 481, 482, -1,
      467, 482, 483, -1,
      483, 482, 484, -1,
      480, 485, 5, -1,
      5, 485, 486, -1,
      5, 486, 487, -1,
      487, 488, 489, -1,
      478, 490, 491, -1,
      492, 493, 478, -1,
      478, 493, 494, -1,
      478, 494, 484, -1,
      484, 494, 495, -1,
      484, 495, 5, -1,
      5, 495, 496, -1,
      5, 496, 479, -1,
      489, 488, 497, -1,
      497, 488, 498, -1,
      497, 498, 499, -1,
      499, 500, 497, -1,
      497, 500, 501, -1,
      497, 501, 476, -1,
      476, 501, 502, -1,
      476, 502, 474, -1,
      503, 504, 477, -1,
      504, 505, 477, -1,
      477, 505, 506, -1,
      477, 506, 478, -1,
      478, 506, 507, -1,
      478, 507, 490, -1,
      491, 508, 478, -1,
      478, 508, 509, -1,
      478, 509, 492, -1,
      510, 511, 512, -1,
      512, 511, 513, -1,
      512, 513, 477, -1,
      477, 513, 514, -1,
      477, 514, 503, -1,
      515, 516, 517, -1,
      517, 516, 518, -1,
      517, 518, 519, -1,
      517, 520, 515, -1,
      515, 520, 521, -1,
      515, 521, 522, -1,
      522, 523, 515, -1,
      515, 523, 524, -1,
      515, 524, 525, -1,
      525, 524, 526, -1,
      525, 526, 527, -1,
      527, 526, 528, -1,
      527, 528, 496, -1,
      496, 528, 529, -1,
      496, 529, 479, -1,
      530, 531, 519, -1,
      519, 531, 532, -1,
      519, 532, 517, -1,
      510, 533, 511, -1,
      511, 533, 534, -1,
      511, 534, 535, -1,
      535, 534, 536, -1,
      535, 537, 538, -1,
      536, 539, 535, -1,
      535, 539, 540, -1,
      535, 540, 541, -1,
      541, 542, 535, -1,
      535, 542, 543, -1,
      535, 543, 537, -1,
      538, 544, 535, -1,
      535, 544, 545, -1,
      535, 545, 546, -1,
      487, 489, 5, -1,
      5, 489, 547, -1,
      5, 547, 3, -1,
      548, 549, 550, -1,
      551, 552, 338, -1,
      338, 552, 553, -1,
      338, 553, 476, -1,
      476, 553, 554, -1,
      476, 554, 497, -1,
      497, 554, 555, -1,
      497, 555, 550, -1,
      550, 555, 556, -1,
      550, 556, 548, -1,
      557, 558, 335, -1,
      558, 559, 335, -1,
      335, 559, 560, -1,
      335, 560, 333, -1,
      333, 560, 561, -1,
      333, 561, 338, -1,
      338, 561, 562, -1,
      338, 562, 551, -1,
      362, 563, 363, -1,
      363, 563, 359, -1,
      363, 359, 564, -1,
      564, 359, 14, -1,
      564, 14, 565, -1,
      565, 14, 13, -1,
      565, 13, 566, -1,
      566, 13, 356, -1,
      566, 356, 567, -1,
      567, 356, 357, -1,
      567, 357, 568, -1,
      568, 357, 348, -1,
      568, 348, 569, -1,
      569, 348, 570, -1,
      569, 570, 571, -1,
      571, 570, 381, -1,
      571, 381, 572, -1,
      572, 381, 383, -1,
      378, 373, 376, -1,
      376, 373, 372, -1,
      376, 372, 20, -1,
      20, 372, 573, -1,
      20, 573, 379, -1,
      574, 575, 311, -1,
      311, 575, 576, -1,
      577, 578, 381, -1,
      381, 578, 579, -1,
      381, 579, 580, -1,
      581, 582, 382, -1,
      382, 582, 583, -1,
      382, 583, 584, -1,
      576, 585, 311, -1,
      311, 585, 586, -1,
      311, 586, 72, -1,
      72, 586, 587, -1,
      72, 587, 588, -1,
      580, 589, 381, -1,
      381, 589, 590, -1,
      381, 590, 591, -1,
      584, 592, 382, -1,
      382, 592, 593, -1,
      382, 593, 311, -1,
      311, 593, 594, -1,
      311, 594, 574, -1,
      591, 595, 381, -1,
      381, 595, 596, -1,
      381, 596, 382, -1,
      382, 596, 597, -1,
      382, 597, 581, -1,
      347, 353, 348, -1,
      348, 353, 352, -1,
      348, 352, 570, -1,
      570, 352, 75, -1,
      570, 75, 381, -1,
      381, 75, 72, -1,
      381, 72, 577, -1,
      577, 72, 588, -1,
      88, 76, 86, -1,
      86, 76, 75, -1,
      86, 75, 461, -1,
      461, 75, 352, -1,
      461, 352, 459, -1,
      459, 352, 350, -1,
      459, 350, 448, -1,
      17, 185, 327, -1,
      327, 185, 176, -1,
      327, 176, 330, -1,
      330, 176, 191, -1,
      330, 191, 331, -1,
      331, 191, 235, -1,
      331, 235, 335, -1,
      335, 235, 8, -1,
      335, 8, 557, -1,
      557, 8, 7, -1,
      598, 2, 599, -1,
      599, 2, 442, -1,
      446, 448, 440, -1,
      440, 448, 600, -1,
      440, 600, 601, -1,
      349, 341, 350, -1,
      350, 341, 0, -1,
      350, 0, 448, -1,
      448, 0, 2, -1,
      448, 2, 602, -1,
      602, 2, 598, -1,
      603, 604, 442, -1,
      442, 604, 605, -1,
      442, 605, 599, -1,
      606, 607, 448, -1,
      448, 608, 609, -1,
      610, 611, 442, -1,
      442, 611, 612, -1,
      442, 612, 603, -1,
      607, 613, 448, -1,
      448, 613, 614, -1,
      448, 614, 608, -1,
      609, 615, 448, -1,
      448, 615, 616, -1,
      448, 616, 600, -1,
      600, 616, 617, -1,
      600, 617, 618, -1,
      618, 619, 600, -1,
      600, 619, 620, -1,
      600, 620, 621, -1,
      621, 620, 622, -1,
      623, 624, 622, -1,
      622, 624, 625, -1,
      622, 625, 621, -1,
      626, 627, 602, -1,
      602, 627, 628, -1,
      602, 628, 448, -1,
      448, 628, 629, -1,
      448, 629, 606, -1,
      601, 630, 440, -1,
      440, 630, 631, -1,
      440, 631, 442, -1,
      442, 631, 632, -1,
      442, 632, 610, -1,
      633, 634, 602, -1,
      602, 634, 635, -1,
      602, 635, 626, -1,
      636, 637, 622, -1,
      622, 637, 638, -1,
      622, 638, 639, -1,
      639, 640, 622, -1,
      622, 640, 641, -1,
      622, 641, 623, -1,
      439, 430, 440, -1,
      440, 430, 424, -1,
      440, 424, 451, -1,
      451, 424, 272, -1,
      451, 272, 455, -1,
      455, 272, 466, -1,
      9, 11, 386, -1,
      386, 11, 442, -1,
      386, 442, 478, -1,
      478, 442, 2, -1,
      478, 2, 476, -1,
      476, 2, 1, -1,
      476, 1, 338, -1,
      338, 1, 345, -1,
      338, 345, 339, -1,
      248, 250, 233, -1,
      233, 250, 482, -1,
      233, 482, 225, -1,
      225, 482, 481, -1,
      225, 481, 470, -1,
      423, 433, 424, -1,
      424, 433, 427, -1,
      424, 427, 272, -1,
      272, 427, 273, -1,
      272, 273, 270, -1,
      270, 273, 275, -1,
      270, 275, 642, -1,
      250, 643, 644, -1,
      643, 250, 645, -1,
      645, 250, 253, -1,
      645, 253, 646, -1,
      484, 482, 478, -1,
      478, 482, 250, -1,
      478, 250, 386, -1,
      386, 250, 644, -1,
      386, 644, 394, -1,
      394, 644, 647, -1,
      394, 647, 253, -1,
      253, 647, 648, -1,
      253, 648, 646, -1,
      649, 650, 651, -1,
      651, 650, 645, -1,
      651, 645, 652, -1,
      652, 645, 646, -1,
      652, 646, 653, -1,
      653, 646, 654, -1,
      181, 655, 179, -1,
      179, 655, 656, -1,
      179, 656, 237, -1,
      237, 656, 247, -1,
      237, 247, 657, -1,
      657, 247, 246, -1,
      658, 655, 659, -1,
      659, 655, 181, -1,
      659, 181, 660, -1,
      660, 181, 183, -1,
      660, 183, 661, -1,
      661, 183, 185, -1,
      661, 185, 662, -1,
      662, 185, 17, -1,
      662, 17, 320, -1,
      320, 17, 16, -1,
      320, 16, 321, -1,
      426, 418, 427, -1,
      427, 418, 417, -1,
      427, 417, 273, -1,
      273, 417, 663, -1,
      273, 663, 274, -1,
      274, 663, 664, -1,
      274, 664, 27, -1,
      27, 664, 36, -1,
      27, 36, 29, -1,
      29, 36, 35, -1,
      658, 665, 655, -1,
      655, 665, 666, -1,
      655, 666, 656, -1,
      656, 666, 667, -1,
      656, 667, 247, -1,
      247, 667, 668, -1,
      247, 668, 245, -1,
      245, 668, 669, -1,
      245, 669, 252, -1,
      252, 669, 670, -1,
      252, 670, 253, -1,
      253, 670, 671, -1,
      253, 671, 394, -1,
      394, 671, 672, -1,
      394, 672, 414, -1,
      414, 672, 419, -1,
      414, 419, 412, -1,
      412, 419, 421, -1,
      673, 674, 675, -1,
      675, 674, 676, -1,
      677, 678, 679, -1,
      679, 678, 680, -1,
      681, 682, 683, -1,
      683, 682, 684, -1,
      685, 686, 687, -1,
      687, 686, 688, -1,
      689, 690, 691, -1,
      691, 690, 692, -1,
      693, 694, 695, -1,
      695, 694, 696, -1,
      697, 698, 699, -1,
      699, 698, 700, -1,
      701, 702, 703, -1,
      703, 702, 704, -1,
      705, 706, 707, -1,
      707, 706, 708, -1,
      709, 710, 711, -1,
      711, 710, 712, -1,
      713, 714, 715, -1,
      715, 714, 716, -1,
      717, 718, 719, -1,
      719, 718, 720, -1,
      721, 722, 723, -1,
      723, 722, 724, -1,
      725, 726, 727, -1,
      727, 726, 728, -1,
      729, 730, 731, -1,
      731, 730, 732, -1,
      733, 734, 735, -1,
      735, 734, 736, -1,
      737, 738, 739, -1,
      739, 738, 740, -1,
      741, 742, 743, -1,
      743, 742, 744, -1,
      745, 746, 747, -1,
      747, 746, 748, -1,
      749, 750, 751, -1,
      751, 750, 752, -1,
      753, 754, 755, -1,
      755, 754, 756, -1,
      757, 758, 759, -1,
      759, 758, 760, -1,
      761, 762, 763, -1,
      763, 762, 764, -1,
      765, 766, 767, -1,
      767, 766, 768, -1,
      769, 770, 771, -1,
      771, 770, 772, -1,
      773, 774, 775, -1,
      775, 774, 776, -1,
      777, 778, 779, -1,
      779, 778, 780, -1,
      781, 782, 783, -1,
      783, 782, 784, -1,
      785, 786, 787, -1,
      787, 786, 788, -1,
      789, 790, 791, -1,
      791, 790, 792, -1,
      793, 794, 795, -1,
      795, 794, 796, -1,
      797, 798, 799, -1,
      799, 798, 800, -1,
      801, 802, 803, -1,
      803, 802, 804, -1,
      805, 806, 807, -1,
      807, 806, 808, -1,
      809, 810, 811, -1,
      811, 810, 812, -1,
      813, 814, 815, -1,
      815, 814, 816, -1,
      817, 818, 819, -1,
      819, 818, 820, -1,
      821, 822, 823, -1,
      823, 822, 824, -1,
      825, 826, 827, -1,
      827, 826, 828, -1,
      829, 830, 831, -1,
      831, 830, 832, -1,
      833, 834, 835, -1,
      835, 834, 836, -1,
      837, 838, 839, -1,
      839, 838, 840, -1,
      841, 842, 843, -1,
      843, 842, 844, -1,
      845, 846, 847, -1,
      847, 846, 848, -1,
      849, 850, 851, -1,
      851, 850, 852, -1,
      853, 854, 855, -1,
      855, 854, 856, -1,
      857, 858, 859, -1,
      859, 858, 860, -1,
      861, 862, 863, -1,
      863, 862, 864, -1,
      865, 866, 867, -1,
      867, 866, 868, -1,
      869, 870, 871, -1,
      871, 870, 872, -1,
      873, 874, 875, -1,
      875, 874, 876, -1,
      877, 878, 879, -1,
      879, 878, 880, -1,
      881, 882, 883, -1,
      883, 882, 884, -1,
      885, 886, 887, -1,
      887, 886, 888, -1,
      889, 890, 891, -1,
      891, 890, 892, -1,
      893, 894, 895, -1,
      895, 894, 896, -1,
      897, 898, 899, -1,
      899, 898, 900, -1,
      901, 902, 903, -1,
      903, 902, 904, -1,
      905, 906, 907, -1,
      907, 906, 908, -1,
      909, 910, 911, -1,
      911, 910, 912, -1,
      913, 914, 915, -1,
      915, 914, 916, -1,
      917, 918, 919, -1,
      919, 918, 920, -1,
      921, 922, 923, -1,
      923, 922, 924, -1,
      925, 926, 927, -1,
      927, 926, 928, -1,
      929, 930, 931, -1,
      931, 930, 932, -1,
      933, 934, 935, -1,
      935, 934, 936, -1,
      937, 938, 939, -1,
      939, 938, 940, -1,
      941, 942, 943, -1,
      943, 942, 944, -1,
      945, 946, 947, -1,
      947, 946, 948, -1,
      949, 950, 951, -1,
      951, 950, 952, -1,
      953, 954, 955, -1,
      955, 954, 956, -1,
      957, 958, 959, -1,
      959, 958, 960, -1,
      961, 962, 963, -1,
      963, 962, 964, -1,
      965, 966, 967, -1,
      967, 966, 968, -1,
      969, 970, 971, -1,
      971, 970, 972, -1,
      973, 974, 975, -1,
      975, 974, 976, -1,
      977, 978, 979, -1,
      979, 978, 980, -1,
      981, 982, 983, -1,
      983, 982, 984, -1,
      985, 986, 987, -1,
      987, 986, 988, -1,
      989, 990, 991, -1,
      991, 990, 992, -1,
      993, 994, 995, -1,
      995, 994, 996, -1,
      997, 998, 999, -1,
      999, 998, 1000, -1,
      1001, 1002, 1003, -1,
      1003, 1002, 1004, -1,
      1005, 1006, 1007, -1,
      1007, 1006, 1008, -1,
      1009, 1010, 1011, -1,
      1011, 1010, 1012, -1,
      1013, 1014, 1015, -1,
      1015, 1014, 1016, -1,
      1017, 1018, 1019, -1,
      1019, 1018, 1020, -1,
      1021, 1022, 1023, -1,
      1023, 1022, 1024, -1,
      1025, 1026, 1027, -1,
      1027, 1026, 1028, -1,
      1029, 1030, 1031, -1,
      1031, 1030, 1032, -1,
      1033, 1034, 1035, -1,
      1035, 1034, 1036, -1,
      1037, 1038, 1039, -1,
      1039, 1038, 1040, -1,
      1041, 1042, 1043, -1,
      1043, 1042, 1044, -1,
      1045, 1046, 1047, -1,
      1047, 1046, 1048, -1,
      1049, 1050, 1051, -1,
      1051, 1050, 1052, -1,
      1053, 1054, 1055, -1,
      1055, 1054, 1056, -1,
      1057, 1058, 1059, -1,
      1059, 1058, 1060, -1,
      1061, 1062, 1063, -1,
      1063, 1062, 1064, -1,
      1065, 1066, 1067, -1,
      1067, 1066, 1068, -1,
      1069, 1070, 1071, -1,
      1071, 1070, 1072, -1,
      1073, 1074, 1075, -1,
      1075, 1074, 1076, -1,
      1077, 1078, 1079, -1,
      1079, 1078, 1080, -1,
      1081, 1082, 1083, -1,
      1083, 1082, 1084, -1,
      1085, 1086, 1087, -1,
      1087, 1086, 1088, -1,
      1089, 1090, 1091, -1,
      1092, 1093, 1094, -1,
      1094, 1093, 1089, -1,
      1094, 1089, 1095, -1,
      1095, 1089, 1091, -1,
      1095, 1091, 1096, -1,
      1097, 1098, 1099, -1,
      1099, 1098, 1100, -1,
      1101, 1102, 1103, -1,
      1103, 1102, 1104, -1,
      1105, 1106, 1107, -1,
      1107, 1106, 1108, -1,
      1109, 1110, 1111, -1,
      1111, 1110, 1112, -1,
      1108, 1113, 1114, -1,
      1108, 1114, 1107, -1,
      1107, 1114, 1115, -1,
      1107, 1115, 1116, -1,
      1080, 1117, 1118, -1,
      675, 1119, 673, -1,
      673, 1119, 1120, -1,
      675, 679, 1119, -1,
      1119, 679, 680, -1,
      1119, 680, 683, -1,
      683, 684, 1119, -1,
      1119, 684, 687, -1,
      1119, 687, 688, -1,
      688, 691, 1119, -1,
      1119, 691, 692, -1,
      1119, 692, 695, -1,
      695, 696, 1119, -1,
      1119, 696, 699, -1,
      1119, 699, 700, -1,
      700, 703, 1119, -1,
      1119, 703, 704, -1,
      1119, 704, 707, -1,
      715, 716, 1118, -1,
      707, 708, 1119, -1,
      1119, 708, 711, -1,
      1119, 711, 1118, -1,
      1118, 711, 712, -1,
      1118, 712, 715, -1,
      716, 719, 1118, -1,
      1118, 719, 720, -1,
      1118, 720, 723, -1,
      723, 724, 1118, -1,
      1118, 724, 727, -1,
      1118, 727, 728, -1,
      728, 731, 1118, -1,
      1118, 731, 732, -1,
      1118, 732, 735, -1,
      735, 736, 1118, -1,
      1118, 736, 739, -1,
      1118, 739, 740, -1,
      740, 743, 1118, -1,
      1118, 743, 744, -1,
      1118, 744, 747, -1,
      747, 748, 1118, -1,
      1118, 748, 751, -1,
      1118, 751, 752, -1,
      752, 755, 1118, -1,
      1118, 755, 756, -1,
      1118, 756, 759, -1,
      759, 760, 1118, -1,
      1118, 760, 763, -1,
      1118, 763, 764, -1,
      764, 767, 1118, -1,
      1118, 767, 768, -1,
      1118, 768, 771, -1,
      771, 772, 1118, -1,
      1118, 772, 1079, -1,
      1118, 1079, 1080, -1,
      1084, 1121, 1122, -1,
      1123, 1124, 973, -1,
      973, 975, 1123, -1,
      1123, 975, 979, -1,
      1123, 979, 980, -1,
      980, 983, 1123, -1,
      1123, 983, 984, -1,
      1123, 984, 987, -1,
      987, 988, 1123, -1,
      1123, 988, 991, -1,
      1123, 991, 992, -1,
      992, 995, 1123, -1,
      1123, 995, 996, -1,
      1123, 996, 999, -1,
      999, 1000, 1123, -1,
      1123, 1000, 1003, -1,
      1123, 1003, 1004, -1,
      1004, 1007, 1123, -1,
      1123, 1007, 1008, -1,
      1123, 1008, 1011, -1,
      1011, 1012, 1123, -1,
      1123, 1012, 1015, -1,
      1123, 1015, 1122, -1,
      1122, 1015, 1016, -1,
      1016, 1019, 1122, -1,
      1122, 1019, 1020, -1,
      1122, 1020, 1023, -1,
      1023, 1024, 1122, -1,
      1122, 1024, 1027, -1,
      1122, 1027, 1028, -1,
      1028, 1031, 1122, -1,
      1122, 1031, 1032, -1,
      1122, 1032, 1035, -1,
      1035, 1036, 1122, -1,
      1122, 1036, 1039, -1,
      1122, 1039, 1040, -1,
      1040, 1043, 1122, -1,
      1122, 1043, 1044, -1,
      1122, 1044, 1047, -1,
      1047, 1048, 1122, -1,
      1122, 1048, 1051, -1,
      1122, 1051, 1052, -1,
      1052, 1055, 1122, -1,
      1122, 1055, 1056, -1,
      1122, 1056, 1059, -1,
      1059, 1060, 1122, -1,
      1122, 1060, 1063, -1,
      1122, 1063, 1064, -1,
      1064, 1067, 1122, -1,
      1122, 1067, 1068, -1,
      1122, 1068, 1071, -1,
      1071, 1072, 1122, -1,
      1122, 1072, 1083, -1,
      1122, 1083, 1084, -1,
      1101, 1125, 1126, -1,
      1101, 1126, 1102, -1,
      1102, 1126, 1127, -1,
      1102, 1127, 1128, -1,
      1112, 1129, 1130, -1,
      1112, 1130, 1111, -1,
      1111, 1130, 1131, -1,
      1111, 1131, 1132, -1,
      1076, 1133, 1134, -1,
      775, 1135, 773, -1,
      773, 1135, 1136, -1,
      775, 779, 1135, -1,
      1135, 779, 780, -1,
      1135, 780, 783, -1,
      783, 784, 1135, -1,
      1135, 784, 787, -1,
      1135, 787, 788, -1,
      788, 791, 1135, -1,
      1135, 791, 792, -1,
      1135, 792, 795, -1,
      795, 796, 1135, -1,
      1135, 796, 799, -1,
      1135, 799, 800, -1,
      800, 803, 1135, -1,
      1135, 803, 804, -1,
      1135, 804, 807, -1,
      815, 816, 1134, -1,
      807, 808, 1135, -1,
      1135, 808, 811, -1,
      1135, 811, 1134, -1,
      1134, 811, 812, -1,
      1134, 812, 815, -1,
      816, 819, 1134, -1,
      1134, 819, 820, -1,
      1134, 820, 823, -1,
      823, 824, 1134, -1,
      1134, 824, 827, -1,
      1134, 827, 828, -1,
      828, 831, 1134, -1,
      1134, 831, 832, -1,
      1134, 832, 835, -1,
      835, 836, 1134, -1,
      1134, 836, 839, -1,
      1134, 839, 840, -1,
      840, 843, 1134, -1,
      1134, 843, 844, -1,
      1134, 844, 847, -1,
      847, 848, 1134, -1,
      1134, 848, 851, -1,
      1134, 851, 852, -1,
      852, 855, 1134, -1,
      1134, 855, 856, -1,
      1134, 856, 859, -1,
      859, 860, 1134, -1,
      1134, 860, 863, -1,
      1134, 863, 864, -1,
      864, 867, 1134, -1,
      1134, 867, 868, -1,
      1134, 868, 871, -1,
      871, 872, 1134, -1,
      1134, 872, 1075, -1,
      1134, 1075, 1076, -1,
      1088, 1137, 1138, -1,
      875, 1139, 873, -1,
      873, 1139, 1140, -1,
      875, 879, 1139, -1,
      1139, 879, 880, -1,
      1139, 880, 883, -1,
      883, 884, 1139, -1,
      1139, 884, 887, -1,
      1139, 887, 888, -1,
      888, 891, 1139, -1,
      1139, 891, 892, -1,
      1139, 892, 895, -1,
      895, 896, 1139, -1,
      1139, 896, 899, -1,
      1139, 899, 900, -1,
      900, 903, 1139, -1,
      1139, 903, 904, -1,
      1139, 904, 907, -1,
      915, 916, 1138, -1,
      907, 908, 1139, -1,
      1139, 908, 911, -1,
      1139, 911, 1138, -1,
      1138, 911, 912, -1,
      1138, 912, 915, -1,
      916, 919, 1138, -1,
      1138, 919, 920, -1,
      1138, 920, 923, -1,
      923, 924, 1138, -1,
      1138, 924, 927, -1,
      1138, 927, 928, -1,
      928, 931, 1138, -1,
      1138, 931, 932, -1,
      1138, 932, 935, -1,
      935, 936, 1138, -1,
      1138, 936, 939, -1,
      1138, 939, 940, -1,
      940, 943, 1138, -1,
      1138, 943, 944, -1,
      1138, 944, 947, -1,
      947, 948, 1138, -1,
      1138, 948, 951, -1,
      1138, 951, 952, -1,
      952, 955, 1138, -1,
      1138, 955, 956, -1,
      1138, 956, 959, -1,
      959, 960, 1138, -1,
      1138, 960, 963, -1,
      1138, 963, 964, -1,
      964, 967, 1138, -1,
      1138, 967, 968, -1,
      1138, 968, 971, -1,
      971, 972, 1138, -1,
      1138, 972, 1087, -1,
      1138, 1087, 1088, -1,
      1141, 1142, 1097, -1,
      1097, 1142, 1143, -1,
      1097, 1143, 1098, -1,
      1098, 1143, 1144, -1,
      1145, 1146, 1100, -1,
      1100, 1146, 1147, -1,
      1100, 1147, 1099, -1,
      1099, 1147, 1148, -1,
      1149, 1074, 1150, -1,
      1150, 1074, 1073, -1,
      1150, 1073, 870, -1,
      870, 869, 1150, -1,
      1150, 869, 866, -1,
      1150, 866, 865, -1,
      865, 862, 1150, -1,
      1150, 862, 861, -1,
      1150, 861, 858, -1,
      858, 857, 1150, -1,
      1150, 857, 854, -1,
      1150, 854, 853, -1,
      853, 850, 1150, -1,
      1150, 850, 849, -1,
      1150, 849, 846, -1,
      846, 845, 1150, -1,
      1150, 845, 842, -1,
      1150, 842, 841, -1,
      841, 838, 1150, -1,
      1150, 838, 837, -1,
      1150, 837, 834, -1,
      834, 833, 1150, -1,
      1150, 833, 830, -1,
      1150, 830, 829, -1,
      829, 826, 1150, -1,
      1150, 826, 825, -1,
      1150, 825, 1151, -1,
      825, 822, 1151, -1,
      1151, 822, 821, -1,
      1151, 821, 818, -1,
      818, 817, 1151, -1,
      1151, 817, 814, -1,
      1151, 814, 813, -1,
      813, 810, 1151, -1,
      1151, 810, 809, -1,
      1151, 809, 806, -1,
      806, 805, 1151, -1,
      1151, 805, 802, -1,
      1151, 802, 801, -1,
      801, 798, 1151, -1,
      1151, 798, 797, -1,
      1151, 797, 794, -1,
      794, 793, 1151, -1,
      1151, 793, 790, -1,
      1151, 790, 789, -1,
      789, 786, 1151, -1,
      1151, 786, 785, -1,
      1151, 785, 782, -1,
      782, 781, 1151, -1,
      1151, 781, 778, -1,
      1151, 778, 777, -1,
      777, 776, 1151, -1,
      1151, 776, 774, -1,
      1151, 774, 1152, -1,
      1153, 1154, 1086, -1,
      1086, 1085, 1153, -1,
      1153, 1085, 970, -1,
      1153, 970, 969, -1,
      969, 966, 1153, -1,
      1153, 966, 965, -1,
      1153, 965, 962, -1,
      962, 961, 1153, -1,
      1153, 961, 958, -1,
      1153, 958, 957, -1,
      957, 954, 1153, -1,
      1153, 954, 953, -1,
      1153, 953, 950, -1,
      950, 949, 1153, -1,
      1153, 949, 946, -1,
      1153, 946, 945, -1,
      945, 942, 1153, -1,
      1153, 942, 941, -1,
      1153, 941, 938, -1,
      938, 937, 1153, -1,
      1153, 937, 934, -1,
      1153, 934, 933, -1,
      933, 930, 1153, -1,
      1153, 930, 929, -1,
      1153, 929, 926, -1,
      926, 925, 1153, -1,
      1153, 925, 922, -1,
      1153, 922, 1155, -1,
      1155, 922, 921, -1,
      1155, 921, 918, -1,
      918, 917, 1155, -1,
      1155, 917, 914, -1,
      1155, 914, 913, -1,
      913, 910, 1155, -1,
      1155, 910, 909, -1,
      1155, 909, 906, -1,
      906, 905, 1155, -1,
      1155, 905, 902, -1,
      1155, 902, 901, -1,
      901, 898, 1155, -1,
      1155, 898, 897, -1,
      1155, 897, 894, -1,
      894, 893, 1155, -1,
      1155, 893, 890, -1,
      1155, 890, 889, -1,
      889, 886, 1155, -1,
      1155, 886, 885, -1,
      1155, 885, 882, -1,
      882, 881, 1155, -1,
      1155, 881, 878, -1,
      1155, 878, 877, -1,
      877, 876, 1155, -1,
      1155, 876, 874, -1,
      1155, 874, 1156, -1,
      1104, 1157, 1158, -1,
      1104, 1158, 1103, -1,
      1103, 1158, 1159, -1,
      1103, 1159, 1160, -1,
      1109, 1161, 1162, -1,
      1109, 1162, 1110, -1,
      1110, 1162, 1163, -1,
      1110, 1163, 1164, -1,
      1165, 1078, 1166, -1,
      1166, 1078, 1077, -1,
      1166, 1077, 770, -1,
      770, 769, 1166, -1,
      1166, 769, 766, -1,
      1166, 766, 765, -1,
      765, 762, 1166, -1,
      1166, 762, 761, -1,
      1166, 761, 758, -1,
      758, 757, 1166, -1,
      1166, 757, 754, -1,
      1166, 754, 753, -1,
      753, 750, 1166, -1,
      1166, 750, 749, -1,
      1166, 749, 746, -1,
      746, 745, 1166, -1,
      1166, 745, 742, -1,
      1166, 742, 741, -1,
      741, 738, 1166, -1,
      1166, 738, 737, -1,
      1166, 737, 734, -1,
      734, 733, 1166, -1,
      1166, 733, 730, -1,
      1166, 730, 729, -1,
      729, 726, 1166, -1,
      1166, 726, 725, -1,
      1166, 725, 1167, -1,
      725, 722, 1167, -1,
      1167, 722, 721, -1,
      1167, 721, 718, -1,
      718, 717, 1167, -1,
      1167, 717, 714, -1,
      1167, 714, 713, -1,
      713, 710, 1167, -1,
      1167, 710, 709, -1,
      1167, 709, 706, -1,
      706, 705, 1167, -1,
      1167, 705, 702, -1,
      1167, 702, 701, -1,
      701, 698, 1167, -1,
      1167, 698, 697, -1,
      1167, 697, 694, -1,
      694, 693, 1167, -1,
      1167, 693, 690, -1,
      1167, 690, 689, -1,
      689, 686, 1167, -1,
      1167, 686, 685, -1,
      1167, 685, 682, -1,
      682, 681, 1167, -1,
      1167, 681, 678, -1,
      1167, 678, 677, -1,
      677, 676, 1167, -1,
      1167, 676, 674, -1,
      1167, 674, 1168, -1,
      1081, 1169, 1082, -1,
      1082, 1169, 1170, -1,
      1081, 1070, 1169, -1,
      1169, 1070, 1069, -1,
      1169, 1069, 1066, -1,
      1066, 1065, 1169, -1,
      1169, 1065, 1062, -1,
      1169, 1062, 1061, -1,
      1061, 1058, 1169, -1,
      1169, 1058, 1057, -1,
      1169, 1057, 1054, -1,
      1054, 1053, 1169, -1,
      1169, 1053, 1050, -1,
      1169, 1050, 1049, -1,
      1049, 1046, 1169, -1,
      1169, 1046, 1045, -1,
      1169, 1045, 1042, -1,
      1042, 1041, 1169, -1,
      1169, 1041, 1038, -1,
      1169, 1038, 1037, -1,
      1037, 1034, 1169, -1,
      1169, 1034, 1033, -1,
      1169, 1033, 1030, -1,
      1030, 1029, 1169, -1,
      1169, 1029, 1026, -1,
      1169, 1026, 1171, -1,
      1171, 1026, 1025, -1,
      1025, 1022, 1171, -1,
      1171, 1022, 1021, -1,
      1171, 1021, 1018, -1,
      1018, 1017, 1171, -1,
      1171, 1017, 1014, -1,
      1171, 1014, 1013, -1,
      1013, 1010, 1171, -1,
      1171, 1010, 1009, -1,
      1171, 1009, 1006, -1,
      1006, 1005, 1171, -1,
      1171, 1005, 1002, -1,
      1171, 1002, 1001, -1,
      1001, 998, 1171, -1,
      1171, 998, 997, -1,
      1171, 997, 994, -1,
      994, 993, 1171, -1,
      1171, 993, 990, -1,
      1171, 990, 989, -1,
      989, 986, 1171, -1,
      1171, 986, 985, -1,
      1171, 985, 982, -1,
      982, 981, 1171, -1,
      1171, 981, 978, -1,
      1171, 978, 977, -1,
      977, 976, 1171, -1,
      1171, 976, 974, -1,
      1171, 974, 1172, -1,
      1105, 1173, 1174, -1,
      1105, 1174, 1106, -1,
      1106, 1174, 1175, -1,
      1106, 1175, 1176, -1,
      1163, 1162, 1177, -1,
      1177, 1162, 1178, -1,
      1177, 1178, 1179, -1,
      1179, 1178, 1180, -1,
      1179, 1180, 1181, -1,
      1181, 1180, 1182, -1,
      1181, 1182, 1183, -1,
      1183, 1182, 1184, -1,
      1183, 1184, 1185, -1,
      1185, 1184, 1186, -1,
      1185, 1186, 1187, -1,
      1187, 1186, 1188, -1,
      1187, 1188, 1189, -1,
      1189, 1188, 1190, -1,
      1189, 1190, 1191, -1,
      1191, 1190, 1192, -1,
      1191, 1192, 1193, -1,
      1193, 1192, 1194, -1,
      1193, 1194, 1195, -1,
      1194, 1196, 1195, -1,
      1195, 1196, 572, -1,
      1195, 572, 383, -1,
      1197, 1198, 1199, -1,
      1199, 1198, 1200, -1,
      1199, 1200, 1201, -1,
      1201, 1200, 1202, -1,
      1202, 1200, 1203, -1,
      1202, 1203, 1204, -1,
      1204, 1203, 1205, -1,
      1204, 1205, 1171, -1,
      1206, 383, 1207, -1,
      1193, 1208, 1191, -1,
      1191, 1208, 1209, -1,
      1207, 1210, 1206, -1,
      1206, 1210, 1211, -1,
      1206, 1211, 1212, -1,
      1213, 1187, 1209, -1,
      1209, 1187, 1189, -1,
      1209, 1189, 1191, -1,
      1211, 1214, 1212, -1,
      1212, 1214, 1215, -1,
      1212, 1215, 1216, -1,
      1179, 1181, 1217, -1,
      1217, 1181, 1183, -1,
      1217, 1183, 1213, -1,
      1213, 1183, 1185, -1,
      1213, 1185, 1187, -1,
      1208, 1218, 1209, -1,
      1209, 1218, 1219, -1,
      1209, 1219, 1213, -1,
      1213, 1219, 1220, -1,
      1213, 1220, 1217, -1,
      1217, 1220, 1221, -1,
      1222, 1221, 1216, -1,
      1216, 1221, 1220, -1,
      1216, 1220, 1212, -1,
      1212, 1220, 1219, -1,
      1212, 1219, 1206, -1,
      1206, 1219, 1218, -1,
      1206, 1218, 383, -1,
      1208, 383, 1218, -1,
      1193, 1195, 1208, -1,
      1208, 1195, 383, -1,
      1197, 1163, 1198, -1,
      1198, 1163, 1177, -1,
      1198, 1177, 1179, -1,
      1215, 1223, 1216, -1,
      1216, 1223, 1224, -1,
      1216, 1224, 1222, -1,
      1222, 1224, 1225, -1,
      1222, 1225, 1226, -1,
      1179, 1217, 1198, -1,
      1198, 1217, 1221, -1,
      1198, 1221, 1200, -1,
      1200, 1221, 1222, -1,
      1200, 1222, 1203, -1,
      1203, 1222, 1226, -1,
      1203, 1226, 1205, -1,
      1227, 1228, 1229, -1,
      1229, 1228, 1230, -1,
      1229, 1230, 1231, -1,
      1231, 1230, 1232, -1,
      1232, 1230, 1233, -1,
      1232, 1233, 1234, -1,
      1234, 1233, 1178, -1,
      1234, 1178, 1162, -1,
      1235, 572, 1196, -1,
      1236, 1237, 1238, -1,
      1238, 1237, 1239, -1,
      1196, 1194, 1235, -1,
      1235, 1194, 1192, -1,
      1235, 1192, 1240, -1,
      1241, 1242, 1239, -1,
      1239, 1242, 1243, -1,
      1239, 1243, 1238, -1,
      1192, 1190, 1240, -1,
      1240, 1190, 1188, -1,
      1240, 1188, 1244, -1,
      1245, 1246, 1247, -1,
      1247, 1246, 1248, -1,
      1247, 1248, 1241, -1,
      1241, 1248, 1249, -1,
      1241, 1249, 1242, -1,
      1237, 1250, 1239, -1,
      1239, 1250, 1251, -1,
      1239, 1251, 1241, -1,
      1241, 1251, 1252, -1,
      1241, 1252, 1247, -1,
      1247, 1252, 1253, -1,
      1254, 1253, 1244, -1,
      1244, 1253, 1252, -1,
      1244, 1252, 1240, -1,
      1240, 1252, 1251, -1,
      1240, 1251, 1235, -1,
      1235, 1251, 1250, -1,
      1235, 1250, 572, -1,
      1237, 572, 1250, -1,
      1236, 1255, 1237, -1,
      1237, 1255, 572, -1,
      1227, 1153, 1228, -1,
      1228, 1153, 1256, -1,
      1228, 1256, 1245, -1,
      1188, 1186, 1244, -1,
      1244, 1186, 1184, -1,
      1244, 1184, 1254, -1,
      1254, 1184, 1182, -1,
      1254, 1182, 1180, -1,
      1245, 1247, 1228, -1,
      1228, 1247, 1253, -1,
      1228, 1253, 1230, -1,
      1230, 1253, 1254, -1,
      1230, 1254, 1233, -1,
      1233, 1254, 1180, -1,
      1233, 1180, 1178, -1,
      1169, 1171, 1257, -1,
      1257, 1171, 1205, -1,
      1257, 1205, 1258, -1,
      1258, 1205, 1226, -1,
      1258, 1226, 1259, -1,
      1259, 1226, 1225, -1,
      1259, 1225, 1260, -1,
      1260, 1225, 1224, -1,
      1260, 1224, 1261, -1,
      1261, 1224, 1223, -1,
      1261, 1223, 1262, -1,
      1262, 1223, 1215, -1,
      1262, 1215, 1263, -1,
      1263, 1215, 1214, -1,
      1263, 1214, 1264, -1,
      1264, 1214, 1211, -1,
      1264, 1211, 1265, -1,
      1265, 1211, 1210, -1,
      1265, 1210, 1266, -1,
      1210, 1207, 1266, -1,
      1266, 1207, 383, -1,
      1266, 383, 295, -1,
      1164, 1163, 1267, -1,
      1267, 1163, 1197, -1,
      1267, 1197, 1268, -1,
      1171, 1172, 1204, -1,
      1204, 1172, 1269, -1,
      1204, 1269, 1202, -1,
      1202, 1269, 1270, -1,
      1202, 1270, 1201, -1,
      1201, 1270, 1268, -1,
      1201, 1268, 1199, -1,
      1199, 1268, 1197, -1,
      1154, 1153, 1271, -1,
      1271, 1153, 1227, -1,
      1271, 1227, 1272, -1,
      1162, 1161, 1234, -1,
      1234, 1161, 1273, -1,
      1234, 1273, 1232, -1,
      1232, 1273, 1274, -1,
      1232, 1274, 1231, -1,
      1231, 1274, 1272, -1,
      1231, 1272, 1229, -1,
      1229, 1272, 1227, -1,
      1153, 1155, 1256, -1,
      1256, 1155, 1275, -1,
      1256, 1275, 1245, -1,
      1245, 1275, 1276, -1,
      1245, 1276, 1246, -1,
      1246, 1276, 1277, -1,
      1246, 1277, 1248, -1,
      1248, 1277, 1278, -1,
      1248, 1278, 1249, -1,
      1249, 1278, 1279, -1,
      1249, 1279, 1242, -1,
      1242, 1279, 1280, -1,
      1242, 1280, 1243, -1,
      1243, 1280, 1281, -1,
      1243, 1281, 1238, -1,
      1238, 1281, 1282, -1,
      1238, 1282, 1236, -1,
      1236, 1282, 1283, -1,
      1236, 1283, 1255, -1,
      1283, 1284, 1255, -1,
      1255, 1284, 379, -1,
      1255, 379, 572, -1,
      1285, 1286, 1287, -1,
      1288, 1289, 1290, -1,
      1291, 1265, 1266, -1,
      1292, 295, 1293, -1,
      1265, 1291, 1264, -1,
      1264, 1291, 1294, -1,
      1264, 1294, 1263, -1,
      1293, 1295, 1292, -1,
      1292, 1295, 1296, -1,
      1292, 1296, 1297, -1,
      1263, 1294, 1262, -1,
      1262, 1294, 1298, -1,
      1262, 1298, 1261, -1,
      1296, 1299, 1297, -1,
      1297, 1299, 1300, -1,
      1297, 1300, 1301, -1,
      1261, 1298, 1260, -1,
      1260, 1298, 1302, -1,
      1260, 1302, 1259, -1,
      1300, 1303, 1301, -1,
      1301, 1303, 1304, -1,
      1301, 1304, 1305, -1,
      1259, 1302, 1258, -1,
      1258, 1302, 1288, -1,
      1258, 1288, 1257, -1,
      1257, 1288, 1290, -1,
      1257, 1290, 1169, -1,
      1286, 1289, 1287, -1,
      1287, 1289, 1288, -1,
      1287, 1288, 1305, -1,
      1305, 1288, 1302, -1,
      1305, 1302, 1301, -1,
      1301, 1302, 1298, -1,
      1301, 1298, 1297, -1,
      1297, 1298, 1294, -1,
      1297, 1294, 1292, -1,
      1292, 1294, 1291, -1,
      1292, 1291, 295, -1,
      1266, 295, 1291, -1,
      1174, 1285, 1306, -1,
      1306, 1285, 1287, -1,
      1306, 1287, 1307, -1,
      1307, 1287, 1305, -1,
      1307, 1305, 1308, -1,
      1308, 1305, 1304, -1,
      1112, 1110, 1129, -1,
      1129, 1110, 1164, -1,
      1129, 1164, 1309, -1,
      1309, 1164, 1267, -1,
      1309, 1267, 1310, -1,
      1310, 1267, 1268, -1,
      1310, 1268, 1311, -1,
      1311, 1268, 1270, -1,
      1311, 1270, 1312, -1,
      1312, 1270, 1269, -1,
      1312, 1269, 1124, -1,
      1124, 1269, 1172, -1,
      1124, 1172, 973, -1,
      973, 1172, 974, -1,
      1109, 1111, 1161, -1,
      1161, 1111, 1132, -1,
      1161, 1132, 1273, -1,
      1273, 1132, 1313, -1,
      1273, 1313, 1274, -1,
      1274, 1313, 1314, -1,
      1274, 1314, 1272, -1,
      1272, 1314, 1315, -1,
      1272, 1315, 1271, -1,
      1271, 1315, 1316, -1,
      1271, 1316, 1154, -1,
      1154, 1316, 1137, -1,
      1154, 1137, 1086, -1,
      1086, 1137, 1088, -1,
      1317, 1318, 1319, -1,
      1319, 1318, 1320, -1,
      1319, 1320, 1321, -1,
      1321, 1320, 1322, -1,
      1322, 1320, 1323, -1,
      1322, 1323, 1324, -1,
      1324, 1323, 1275, -1,
      1324, 1275, 1155, -1,
      1325, 379, 1284, -1,
      1326, 1327, 1328, -1,
      1328, 1327, 1329, -1,
      1284, 1283, 1325, -1,
      1325, 1283, 1282, -1,
      1325, 1282, 1330, -1,
      1331, 1332, 1329, -1,
      1329, 1332, 1333, -1,
      1329, 1333, 1328, -1,
      1282, 1281, 1330, -1,
      1330, 1281, 1280, -1,
      1330, 1280, 1334, -1,
      1335, 1336, 1337, -1,
      1337, 1336, 1338, -1,
      1337, 1338, 1331, -1,
      1331, 1338, 1339, -1,
      1331, 1339, 1332, -1,
      1327, 1340, 1329, -1,
      1329, 1340, 1341, -1,
      1329, 1341, 1331, -1,
      1331, 1341, 1342, -1,
      1331, 1342, 1337, -1,
      1337, 1342, 1343, -1,
      1344, 1343, 1334, -1,
      1334, 1343, 1342, -1,
      1334, 1342, 1330, -1,
      1330, 1342, 1341, -1,
      1330, 1341, 1325, -1,
      1325, 1341, 1340, -1,
      1325, 1340, 379, -1,
      1327, 379, 1340, -1,
      1326, 1345, 1327, -1,
      1327, 1345, 379, -1,
      1317, 1147, 1318, -1,
      1318, 1147, 1346, -1,
      1318, 1346, 1335, -1,
      1280, 1279, 1334, -1,
      1334, 1279, 1278, -1,
      1334, 1278, 1344, -1,
      1344, 1278, 1277, -1,
      1344, 1277, 1276, -1,
      1335, 1337, 1318, -1,
      1318, 1337, 1343, -1,
      1318, 1343, 1320, -1,
      1320, 1343, 1344, -1,
      1320, 1344, 1323, -1,
      1323, 1344, 1276, -1,
      1323, 1276, 1275, -1,
      1175, 1174, 1347, -1,
      1347, 1174, 1306, -1,
      1347, 1306, 1348, -1,
      1348, 1306, 1307, -1,
      1348, 1307, 1349, -1,
      1349, 1307, 1308, -1,
      1349, 1308, 1350, -1,
      1350, 1308, 1304, -1,
      1350, 1304, 1351, -1,
      1351, 1304, 1303, -1,
      1351, 1303, 1352, -1,
      1352, 1303, 1300, -1,
      1352, 1300, 1353, -1,
      1353, 1300, 1299, -1,
      1353, 1299, 1354, -1,
      1354, 1299, 1296, -1,
      1354, 1296, 1355, -1,
      1355, 1296, 1295, -1,
      1355, 1295, 1356, -1,
      1295, 1293, 1356, -1,
      1356, 1293, 295, -1,
      1356, 295, 289, -1,
      1170, 1169, 1357, -1,
      1357, 1169, 1290, -1,
      1357, 1290, 1358, -1,
      1358, 1290, 1359, -1,
      1359, 1290, 1289, -1,
      1359, 1289, 1360, -1,
      1289, 1286, 1360, -1,
      1360, 1286, 1285, -1,
      1360, 1285, 1361, -1,
      1361, 1285, 1174, -1,
      1361, 1174, 1173, -1,
      1124, 1123, 1312, -1,
      1312, 1123, 1362, -1,
      1312, 1362, 1311, -1,
      1130, 1129, 1363, -1,
      1363, 1129, 1309, -1,
      1363, 1309, 1364, -1,
      1364, 1309, 1310, -1,
      1364, 1310, 1365, -1,
      1365, 1310, 1311, -1,
      1365, 1311, 1366, -1,
      1366, 1311, 1362, -1,
      1131, 1130, 1367, -1,
      1367, 1130, 1368, -1,
      1367, 1368, 1369, -1,
      1369, 1368, 1370, -1,
      1369, 1370, 1371, -1,
      1371, 1370, 1372, -1,
      1371, 1372, 1373, -1,
      1373, 1372, 1374, -1,
      1373, 1374, 1375, -1,
      1375, 1374, 1376, -1,
      1375, 1376, 1377, -1,
      1377, 1376, 1378, -1,
      1377, 1378, 1379, -1,
      1379, 1378, 1380, -1,
      1379, 1380, 1381, -1,
      1381, 1380, 1382, -1,
      1381, 1382, 1383, -1,
      1383, 1382, 1384, -1,
      1383, 1384, 1385, -1,
      1384, 1386, 1385, -1,
      1385, 1386, 1091, -1,
      1385, 1091, 1090, -1,
      1132, 1131, 1313, -1,
      1313, 1131, 1387, -1,
      1313, 1387, 1314, -1,
      1138, 1137, 1388, -1,
      1388, 1137, 1316, -1,
      1388, 1316, 1389, -1,
      1389, 1316, 1315, -1,
      1389, 1315, 1390, -1,
      1390, 1315, 1314, -1,
      1390, 1314, 1391, -1,
      1391, 1314, 1387, -1,
      1148, 1147, 1392, -1,
      1392, 1147, 1317, -1,
      1392, 1317, 1393, -1,
      1155, 1156, 1324, -1,
      1324, 1156, 1394, -1,
      1324, 1394, 1322, -1,
      1322, 1394, 1395, -1,
      1322, 1395, 1321, -1,
      1321, 1395, 1393, -1,
      1321, 1393, 1319, -1,
      1319, 1393, 1317, -1,
      1147, 1146, 1346, -1,
      1346, 1146, 1396, -1,
      1346, 1396, 1335, -1,
      1335, 1396, 1397, -1,
      1335, 1397, 1336, -1,
      1336, 1397, 1398, -1,
      1336, 1398, 1338, -1,
      1338, 1398, 1399, -1,
      1338, 1399, 1339, -1,
      1339, 1399, 1400, -1,
      1339, 1400, 1332, -1,
      1332, 1400, 1401, -1,
      1332, 1401, 1333, -1,
      1333, 1401, 1402, -1,
      1333, 1402, 1328, -1,
      1328, 1402, 1403, -1,
      1328, 1403, 1326, -1,
      1326, 1403, 1404, -1,
      1326, 1404, 1345, -1,
      1404, 1405, 1345, -1,
      1345, 1405, 380, -1,
      1345, 380, 379, -1,
      1406, 1407, 1408, -1,
      1408, 1407, 1409, -1,
      1408, 1409, 1410, -1,
      1410, 1409, 1411, -1,
      1411, 1409, 1412, -1,
      1411, 1412, 1413, -1,
      1413, 1412, 1414, -1,
      1413, 1414, 1167, -1,
      1415, 289, 1416, -1,
      1355, 1417, 1354, -1,
      1354, 1417, 1418, -1,
      1416, 1419, 1415, -1,
      1415, 1419, 1420, -1,
      1415, 1420, 1421, -1,
      1422, 1352, 1418, -1,
      1418, 1352, 1353, -1,
      1418, 1353, 1354, -1,
      1420, 1423, 1421, -1,
      1421, 1423, 1424, -1,
      1421, 1424, 1425, -1,
      1348, 1349, 1426, -1,
      1426, 1349, 1350, -1,
      1426, 1350, 1422, -1,
      1422, 1350, 1351, -1,
      1422, 1351, 1352, -1,
      1417, 1427, 1418, -1,
      1418, 1427, 1428, -1,
      1418, 1428, 1422, -1,
      1422, 1428, 1429, -1,
      1422, 1429, 1426, -1,
      1426, 1429, 1430, -1,
      1431, 1430, 1425, -1,
      1425, 1430, 1429, -1,
      1425, 1429, 1421, -1,
      1421, 1429, 1428, -1,
      1421, 1428, 1415, -1,
      1415, 1428, 1427, -1,
      1415, 1427, 289, -1,
      1417, 289, 1427, -1,
      1355, 1356, 1417, -1,
      1417, 1356, 289, -1,
      1406, 1175, 1407, -1,
      1407, 1175, 1347, -1,
      1407, 1347, 1348, -1,
      1424, 1432, 1425, -1,
      1425, 1432, 1433, -1,
      1425, 1433, 1431, -1,
      1431, 1433, 1434, -1,
      1431, 1434, 1435, -1,
      1348, 1426, 1407, -1,
      1407, 1426, 1430, -1,
      1407, 1430, 1409, -1,
      1409, 1430, 1431, -1,
      1409, 1431, 1412, -1,
      1412, 1431, 1435, -1,
      1412, 1435, 1414, -1,
      1084, 1082, 1121, -1,
      1121, 1082, 1170, -1,
      1121, 1170, 1436, -1,
      1436, 1170, 1357, -1,
      1436, 1357, 1437, -1,
      1437, 1357, 1358, -1,
      1437, 1358, 1438, -1,
      1438, 1358, 1359, -1,
      1438, 1359, 1439, -1,
      1439, 1359, 1360, -1,
      1439, 1360, 1440, -1,
      1440, 1360, 1361, -1,
      1440, 1361, 1116, -1,
      1116, 1361, 1173, -1,
      1116, 1173, 1107, -1,
      1107, 1173, 1105, -1,
      1441, 1091, 1442, -1,
      1364, 1365, 1443, -1,
      1366, 1362, 1444, -1,
      1444, 1362, 1123, -1,
      1130, 1363, 1368, -1,
      1368, 1363, 1445, -1,
      1368, 1445, 1370, -1,
      1370, 1445, 1446, -1,
      1123, 1447, 1444, -1,
      1444, 1447, 1448, -1,
      1444, 1448, 1449, -1,
      1450, 1374, 1446, -1,
      1446, 1374, 1372, -1,
      1446, 1372, 1370, -1,
      1448, 1451, 1449, -1,
      1449, 1451, 1452, -1,
      1449, 1452, 1453, -1,
      1454, 1378, 1450, -1,
      1450, 1378, 1376, -1,
      1450, 1376, 1374, -1,
      1452, 1455, 1453, -1,
      1453, 1455, 1456, -1,
      1453, 1456, 1457, -1,
      1458, 1382, 1454, -1,
      1454, 1382, 1380, -1,
      1454, 1380, 1378, -1,
      1365, 1366, 1443, -1,
      1443, 1366, 1444, -1,
      1443, 1444, 1459, -1,
      1459, 1444, 1449, -1,
      1459, 1449, 1460, -1,
      1460, 1449, 1453, -1,
      1460, 1453, 1461, -1,
      1461, 1453, 1457, -1,
      1461, 1457, 1462, -1,
      1462, 1457, 1442, -1,
      1462, 1442, 1091, -1,
      1091, 1386, 1458, -1,
      1458, 1386, 1384, -1,
      1458, 1384, 1382, -1,
      1456, 1463, 1457, -1,
      1457, 1463, 1464, -1,
      1457, 1464, 1442, -1,
      1442, 1464, 1465, -1,
      1442, 1465, 1441, -1,
      1363, 1364, 1445, -1,
      1445, 1364, 1443, -1,
      1445, 1443, 1446, -1,
      1446, 1443, 1459, -1,
      1446, 1459, 1450, -1,
      1450, 1459, 1460, -1,
      1450, 1460, 1454, -1,
      1454, 1460, 1461, -1,
      1454, 1461, 1458, -1,
      1458, 1461, 1462, -1,
      1458, 1462, 1091, -1,
      1385, 1090, 1466, -1,
      1389, 1390, 1467, -1,
      1391, 1387, 1468, -1,
      1468, 1387, 1131, -1,
      1138, 1388, 1469, -1,
      1469, 1388, 1470, -1,
      1469, 1470, 1471, -1,
      1471, 1470, 1472, -1,
      1131, 1367, 1468, -1,
      1468, 1367, 1369, -1,
      1468, 1369, 1473, -1,
      1474, 1475, 1472, -1,
      1472, 1475, 1476, -1,
      1472, 1476, 1471, -1,
      1369, 1371, 1473, -1,
      1473, 1371, 1373, -1,
      1473, 1373, 1477, -1,
      1478, 1479, 1474, -1,
      1474, 1479, 1480, -1,
      1474, 1480, 1475, -1,
      1373, 1375, 1477, -1,
      1477, 1375, 1377, -1,
      1477, 1377, 1481, -1,
      1482, 1483, 1478, -1,
      1478, 1483, 1484, -1,
      1478, 1484, 1479, -1,
      1390, 1391, 1467, -1,
      1467, 1391, 1468, -1,
      1467, 1468, 1485, -1,
      1485, 1468, 1473, -1,
      1485, 1473, 1486, -1,
      1486, 1473, 1477, -1,
      1486, 1477, 1487, -1,
      1487, 1477, 1481, -1,
      1487, 1481, 1488, -1,
      1488, 1481, 1466, -1,
      1488, 1466, 1090, -1,
      1090, 1489, 1482, -1,
      1482, 1489, 1490, -1,
      1482, 1490, 1483, -1,
      1377, 1379, 1481, -1,
      1481, 1379, 1381, -1,
      1481, 1381, 1466, -1,
      1466, 1381, 1383, -1,
      1466, 1383, 1385, -1,
      1388, 1389, 1470, -1,
      1470, 1389, 1467, -1,
      1470, 1467, 1472, -1,
      1472, 1467, 1485, -1,
      1472, 1485, 1474, -1,
      1474, 1485, 1486, -1,
      1474, 1486, 1478, -1,
      1478, 1486, 1487, -1,
      1478, 1487, 1482, -1,
      1482, 1487, 1488, -1,
      1482, 1488, 1090, -1,
      1097, 1099, 1141, -1,
      1141, 1099, 1148, -1,
      1141, 1148, 1491, -1,
      1491, 1148, 1392, -1,
      1491, 1392, 1492, -1,
      1492, 1392, 1393, -1,
      1492, 1393, 1493, -1,
      1493, 1393, 1395, -1,
      1493, 1395, 1494, -1,
      1494, 1395, 1394, -1,
      1494, 1394, 1140, -1,
      1140, 1394, 1156, -1,
      1140, 1156, 873, -1,
      873, 1156, 874, -1,
      1495, 1496, 1497, -1,
      1498, 1499, 1500, -1,
      1501, 1502, 1503, -1,
      1504, 380, 1405, -1,
      1502, 1501, 1505, -1,
      1505, 1501, 1506, -1,
      1505, 1506, 1507, -1,
      1405, 1404, 1504, -1,
      1504, 1404, 1403, -1,
      1504, 1403, 1508, -1,
      1507, 1506, 1509, -1,
      1509, 1506, 1510, -1,
      1509, 1510, 1511, -1,
      1403, 1402, 1508, -1,
      1508, 1402, 1401, -1,
      1508, 1401, 1512, -1,
      1511, 1510, 1513, -1,
      1513, 1510, 1514, -1,
      1513, 1514, 1515, -1,
      1401, 1400, 1512, -1,
      1512, 1400, 1399, -1,
      1512, 1399, 1516, -1,
      1515, 1514, 1517, -1,
      1517, 1514, 1498, -1,
      1517, 1498, 1518, -1,
      1518, 1498, 1500, -1,
      1518, 1500, 1150, -1,
      1496, 1499, 1497, -1,
      1497, 1499, 1498, -1,
      1497, 1498, 1516, -1,
      1516, 1498, 1514, -1,
      1516, 1514, 1512, -1,
      1512, 1514, 1510, -1,
      1512, 1510, 1508, -1,
      1508, 1510, 1506, -1,
      1508, 1506, 1504, -1,
      1504, 1506, 1501, -1,
      1504, 1501, 380, -1,
      1503, 380, 1501, -1,
      1146, 1495, 1396, -1,
      1396, 1495, 1497, -1,
      1396, 1497, 1397, -1,
      1397, 1497, 1516, -1,
      1397, 1516, 1398, -1,
      1398, 1516, 1399, -1,
      1166, 1167, 1519, -1,
      1519, 1167, 1414, -1,
      1519, 1414, 1520, -1,
      1520, 1414, 1435, -1,
      1520, 1435, 1521, -1,
      1521, 1435, 1434, -1,
      1521, 1434, 1522, -1,
      1522, 1434, 1433, -1,
      1522, 1433, 1523, -1,
      1523, 1433, 1432, -1,
      1523, 1432, 1524, -1,
      1524, 1432, 1424, -1,
      1524, 1424, 1525, -1,
      1525, 1424, 1423, -1,
      1525, 1423, 1526, -1,
      1526, 1423, 1420, -1,
      1526, 1420, 1527, -1,
      1527, 1420, 1419, -1,
      1527, 1419, 1528, -1,
      1419, 1416, 1528, -1,
      1528, 1416, 289, -1,
      1528, 289, 665, -1,
      1176, 1175, 1529, -1,
      1529, 1175, 1406, -1,
      1529, 1406, 1530, -1,
      1167, 1168, 1413, -1,
      1413, 1168, 1531, -1,
      1413, 1531, 1411, -1,
      1411, 1531, 1532, -1,
      1411, 1532, 1410, -1,
      1410, 1532, 1530, -1,
      1410, 1530, 1408, -1,
      1408, 1530, 1406, -1,
      1116, 1115, 1440, -1,
      1440, 1115, 1533, -1,
      1440, 1533, 1439, -1,
      1439, 1533, 1438, -1,
      1533, 1534, 1438, -1,
      1438, 1534, 1535, -1,
      1438, 1535, 1437, -1,
      1437, 1535, 1536, -1,
      1437, 1536, 1436, -1,
      1436, 1536, 1122, -1,
      1436, 1122, 1121, -1,
      1123, 1122, 1447, -1,
      1447, 1122, 1537, -1,
      1447, 1537, 1448, -1,
      1448, 1537, 1538, -1,
      1448, 1538, 1451, -1,
      1451, 1538, 1539, -1,
      1451, 1539, 1452, -1,
      1452, 1539, 1540, -1,
      1452, 1540, 1455, -1,
      1455, 1540, 1541, -1,
      1455, 1541, 1456, -1,
      1456, 1541, 1542, -1,
      1456, 1542, 1463, -1,
      1463, 1542, 1543, -1,
      1463, 1543, 1464, -1,
      1464, 1543, 1544, -1,
      1464, 1544, 1465, -1,
      1465, 1544, 1545, -1,
      1465, 1545, 1441, -1,
      1545, 1546, 1441, -1,
      1441, 1546, 1096, -1,
      1441, 1096, 1091, -1,
      1139, 1138, 1547, -1,
      1547, 1138, 1469, -1,
      1547, 1469, 1548, -1,
      1548, 1469, 1471, -1,
      1548, 1471, 1549, -1,
      1549, 1471, 1476, -1,
      1549, 1476, 1550, -1,
      1550, 1476, 1475, -1,
      1550, 1475, 1551, -1,
      1551, 1475, 1480, -1,
      1551, 1480, 1552, -1,
      1552, 1480, 1479, -1,
      1552, 1479, 1553, -1,
      1553, 1479, 1484, -1,
      1553, 1484, 1554, -1,
      1554, 1484, 1483, -1,
      1554, 1483, 1555, -1,
      1555, 1483, 1490, -1,
      1555, 1490, 1556, -1,
      1490, 1489, 1556, -1,
      1556, 1489, 1090, -1,
      1556, 1090, 1089, -1,
      1140, 1139, 1494, -1,
      1494, 1139, 1557, -1,
      1558, 1492, 1557, -1,
      1557, 1492, 1493, -1,
      1557, 1493, 1494, -1,
      1558, 1559, 1492, -1,
      1492, 1559, 1560, -1,
      1492, 1560, 1491, -1,
      1491, 1560, 1142, -1,
      1491, 1142, 1141, -1,
      1149, 1150, 1561, -1,
      1561, 1150, 1500, -1,
      1561, 1500, 1562, -1,
      1562, 1500, 1563, -1,
      1563, 1500, 1499, -1,
      1563, 1499, 1564, -1,
      1499, 1496, 1564, -1,
      1564, 1496, 1495, -1,
      1564, 1495, 1565, -1,
      1565, 1495, 1146, -1,
      1565, 1146, 1145, -1,
      1150, 1151, 1518, -1,
      1518, 1151, 1566, -1,
      1518, 1566, 1517, -1,
      1517, 1566, 1567, -1,
      1517, 1567, 1515, -1,
      1515, 1567, 1568, -1,
      1515, 1568, 1513, -1,
      1513, 1568, 1569, -1,
      1513, 1569, 1511, -1,
      1511, 1569, 1570, -1,
      1511, 1570, 1509, -1,
      1509, 1570, 1571, -1,
      1509, 1571, 1507, -1,
      1507, 1571, 1572, -1,
      1507, 1572, 1505, -1,
      1505, 1572, 1573, -1,
      1505, 1573, 1502, -1,
      1502, 1573, 1574, -1,
      1502, 1574, 1503, -1,
      1574, 1575, 1503, -1,
      1503, 1575, 658, -1,
      1503, 658, 380, -1,
      1159, 1158, 1576, -1,
      1576, 1158, 1577, -1,
      1576, 1577, 1578, -1,
      1578, 1577, 1579, -1,
      1578, 1579, 1580, -1,
      1580, 1579, 1581, -1,
      1580, 1581, 1582, -1,
      1582, 1581, 1583, -1,
      1582, 1583, 1584, -1,
      1584, 1583, 1585, -1,
      1584, 1585, 1586, -1,
      1586, 1585, 1587, -1,
      1586, 1587, 1588, -1,
      1588, 1587, 1589, -1,
      1588, 1589, 1590, -1,
      1590, 1589, 1591, -1,
      1590, 1591, 1592, -1,
      1592, 1591, 1593, -1,
      1592, 1593, 1594, -1,
      1593, 1595, 1594, -1,
      1594, 1595, 665, -1,
      1594, 665, 658, -1,
      1596, 1597, 1598, -1,
      1598, 1597, 1599, -1,
      1598, 1599, 1600, -1,
      1600, 1599, 1601, -1,
      1601, 1599, 1602, -1,
      1601, 1602, 1603, -1,
      1603, 1602, 1577, -1,
      1603, 1577, 1158, -1,
      1604, 665, 1595, -1,
      1527, 1605, 1526, -1,
      1526, 1605, 1606, -1,
      1595, 1593, 1604, -1,
      1604, 1593, 1591, -1,
      1604, 1591, 1607, -1,
      1608, 1524, 1606, -1,
      1606, 1524, 1525, -1,
      1606, 1525, 1526, -1,
      1591, 1589, 1607, -1,
      1607, 1589, 1587, -1,
      1607, 1587, 1609, -1,
      1520, 1521, 1610, -1,
      1610, 1521, 1522, -1,
      1610, 1522, 1608, -1,
      1608, 1522, 1523, -1,
      1608, 1523, 1524, -1,
      1605, 1611, 1606, -1,
      1606, 1611, 1612, -1,
      1606, 1612, 1608, -1,
      1608, 1612, 1613, -1,
      1608, 1613, 1610, -1,
      1610, 1613, 1614, -1,
      1615, 1614, 1609, -1,
      1609, 1614, 1613, -1,
      1609, 1613, 1607, -1,
      1607, 1613, 1612, -1,
      1607, 1612, 1604, -1,
      1604, 1612, 1611, -1,
      1604, 1611, 665, -1,
      1605, 665, 1611, -1,
      1527, 1528, 1605, -1,
      1605, 1528, 665, -1,
      1596, 1166, 1597, -1,
      1597, 1166, 1519, -1,
      1597, 1519, 1520, -1,
      1587, 1585, 1609, -1,
      1609, 1585, 1583, -1,
      1609, 1583, 1615, -1,
      1615, 1583, 1581, -1,
      1615, 1581, 1579, -1,
      1520, 1610, 1597, -1,
      1597, 1610, 1614, -1,
      1597, 1614, 1599, -1,
      1599, 1614, 1615, -1,
      1599, 1615, 1602, -1,
      1602, 1615, 1579, -1,
      1602, 1579, 1577, -1,
      674, 673, 1168, -1,
      1168, 673, 1120, -1,
      1168, 1120, 1531, -1,
      1531, 1120, 1616, -1,
      1531, 1616, 1532, -1,
      1532, 1616, 1617, -1,
      1532, 1617, 1530, -1,
      1530, 1617, 1618, -1,
      1530, 1618, 1529, -1,
      1529, 1618, 1619, -1,
      1529, 1619, 1176, -1,
      1176, 1619, 1113, -1,
      1176, 1113, 1106, -1,
      1106, 1113, 1108, -1,
      1620, 1621, 1622, -1,
      1544, 1543, 1623, -1,
      1624, 1625, 1626, -1,
      1542, 1541, 1627, -1,
      1628, 1629, 1630, -1,
      1631, 1632, 1633, -1,
      1634, 1635, 1636, -1,
      1115, 1637, 1533, -1,
      1533, 1637, 1636, -1,
      1533, 1636, 1534, -1,
      1534, 1636, 1635, -1,
      1534, 1635, 1535, -1,
      1535, 1635, 1536, -1,
      1122, 1536, 1537, -1,
      1537, 1536, 1635, -1,
      1537, 1635, 1538, -1,
      1538, 1635, 1634, -1,
      1538, 1634, 1539, -1,
      1539, 1634, 1540, -1,
      1541, 1540, 1627, -1,
      1627, 1540, 1634, -1,
      1627, 1634, 1633, -1,
      1633, 1634, 1636, -1,
      1633, 1636, 1631, -1,
      1631, 1636, 1637, -1,
      1543, 1542, 1623, -1,
      1623, 1542, 1627, -1,
      1623, 1627, 1630, -1,
      1630, 1627, 1633, -1,
      1630, 1633, 1628, -1,
      1628, 1633, 1632, -1,
      1629, 1624, 1630, -1,
      1630, 1624, 1626, -1,
      1630, 1626, 1623, -1,
      1623, 1626, 1638, -1,
      1623, 1638, 1544, -1,
      1096, 1546, 1638, -1,
      1638, 1546, 1545, -1,
      1638, 1545, 1544, -1,
      1625, 1620, 1626, -1,
      1626, 1620, 1622, -1,
      1626, 1622, 1638, -1,
      1638, 1622, 1096, -1,
      1621, 1639, 1622, -1,
      1622, 1639, 1096, -1,
      1554, 1555, 1640, -1,
      1641, 1642, 1643, -1,
      1552, 1553, 1644, -1,
      1645, 1646, 1647, -1,
      1550, 1551, 1648, -1,
      1548, 1549, 1649, -1,
      1650, 1651, 1652, -1,
      1139, 1547, 1557, -1,
      1557, 1547, 1652, -1,
      1557, 1652, 1558, -1,
      1558, 1652, 1651, -1,
      1558, 1651, 1559, -1,
      1559, 1651, 1560, -1,
      1142, 1560, 1653, -1,
      1653, 1560, 1651, -1,
      1653, 1651, 1654, -1,
      1654, 1651, 1650, -1,
      1654, 1650, 1655, -1,
      1655, 1650, 1656, -1,
      1646, 1656, 1647, -1,
      1647, 1656, 1650, -1,
      1647, 1650, 1649, -1,
      1649, 1650, 1652, -1,
      1649, 1652, 1548, -1,
      1548, 1652, 1547, -1,
      1642, 1645, 1643, -1,
      1643, 1645, 1647, -1,
      1643, 1647, 1648, -1,
      1648, 1647, 1649, -1,
      1648, 1649, 1550, -1,
      1550, 1649, 1549, -1,
      1551, 1552, 1648, -1,
      1648, 1552, 1644, -1,
      1648, 1644, 1643, -1,
      1643, 1644, 1657, -1,
      1643, 1657, 1641, -1,
      1089, 1658, 1657, -1,
      1657, 1658, 1659, -1,
      1657, 1659, 1641, -1,
      1553, 1554, 1644, -1,
      1644, 1554, 1640, -1,
      1644, 1640, 1657, -1,
      1657, 1640, 1089, -1,
      1555, 1556, 1640, -1,
      1640, 1556, 1089, -1,
      1076, 1074, 1133, -1,
      1133, 1074, 1149, -1,
      1133, 1149, 1660, -1,
      1660, 1149, 1561, -1,
      1660, 1561, 1661, -1,
      1661, 1561, 1562, -1,
      1661, 1562, 1662, -1,
      1662, 1562, 1563, -1,
      1662, 1563, 1663, -1,
      1663, 1563, 1564, -1,
      1663, 1564, 1664, -1,
      1664, 1564, 1565, -1,
      1664, 1565, 1144, -1,
      1144, 1565, 1145, -1,
      1144, 1145, 1098, -1,
      1098, 1145, 1100, -1,
      1665, 1666, 1667, -1,
      1667, 1666, 1668, -1,
      1667, 1668, 1669, -1,
      1669, 1668, 1670, -1,
      1670, 1668, 1671, -1,
      1670, 1671, 1672, -1,
      1672, 1671, 1566, -1,
      1672, 1566, 1151, -1,
      1673, 658, 1575, -1,
      1592, 1674, 1590, -1,
      1590, 1674, 1675, -1,
      1575, 1574, 1673, -1,
      1673, 1574, 1573, -1,
      1673, 1573, 1676, -1,
      1677, 1586, 1675, -1,
      1675, 1586, 1588, -1,
      1675, 1588, 1590, -1,
      1573, 1572, 1676, -1,
      1676, 1572, 1571, -1,
      1676, 1571, 1678, -1,
      1578, 1580, 1679, -1,
      1679, 1580, 1582, -1,
      1679, 1582, 1677, -1,
      1677, 1582, 1584, -1,
      1677, 1584, 1586, -1,
      1674, 1680, 1675, -1,
      1675, 1680, 1681, -1,
      1675, 1681, 1677, -1,
      1677, 1681, 1682, -1,
      1677, 1682, 1679, -1,
      1679, 1682, 1683, -1,
      1684, 1683, 1678, -1,
      1678, 1683, 1682, -1,
      1678, 1682, 1676, -1,
      1676, 1682, 1681, -1,
      1676, 1681, 1673, -1,
      1673, 1681, 1680, -1,
      1673, 1680, 658, -1,
      1674, 658, 1680, -1,
      1592, 1594, 1674, -1,
      1674, 1594, 658, -1,
      1665, 1159, 1666, -1,
      1666, 1159, 1576, -1,
      1666, 1576, 1578, -1,
      1571, 1570, 1678, -1,
      1678, 1570, 1569, -1,
      1678, 1569, 1684, -1,
      1684, 1569, 1568, -1,
      1684, 1568, 1567, -1,
      1578, 1679, 1666, -1,
      1666, 1679, 1683, -1,
      1666, 1683, 1668, -1,
      1668, 1683, 1684, -1,
      1668, 1684, 1671, -1,
      1671, 1684, 1567, -1,
      1671, 1567, 1566, -1,
      1598, 1685, 1596, -1,
      1596, 1685, 1165, -1,
      1596, 1165, 1166, -1,
      1158, 1157, 1603, -1,
      1603, 1157, 1686, -1,
      1603, 1686, 1601, -1,
      1601, 1686, 1687, -1,
      1601, 1687, 1600, -1,
      1600, 1687, 1688, -1,
      1600, 1688, 1598, -1,
      1598, 1688, 1689, -1,
      1598, 1689, 1685, -1,
      1120, 1119, 1616, -1,
      1616, 1119, 1690, -1,
      1616, 1690, 1617, -1,
      1114, 1113, 1691, -1,
      1691, 1113, 1619, -1,
      1691, 1619, 1692, -1,
      1692, 1619, 1618, -1,
      1692, 1618, 1693, -1,
      1693, 1618, 1617, -1,
      1693, 1617, 1694, -1,
      1694, 1617, 1690, -1,
      1115, 1114, 1637, -1,
      1637, 1114, 1695, -1,
      1637, 1695, 1631, -1,
      1631, 1695, 1696, -1,
      1631, 1696, 1632, -1,
      1632, 1696, 1697, -1,
      1632, 1697, 1628, -1,
      1628, 1697, 1698, -1,
      1628, 1698, 1629, -1,
      1629, 1698, 1699, -1,
      1629, 1699, 1624, -1,
      1624, 1699, 1700, -1,
      1624, 1700, 1625, -1,
      1625, 1700, 1701, -1,
      1625, 1701, 1620, -1,
      1620, 1701, 1702, -1,
      1620, 1702, 1621, -1,
      1621, 1702, 1703, -1,
      1621, 1703, 1639, -1,
      1703, 1704, 1639, -1,
      1639, 1704, 1095, -1,
      1639, 1095, 1096, -1,
      1143, 1142, 1705, -1,
      1705, 1142, 1653, -1,
      1705, 1653, 1706, -1,
      1706, 1653, 1654, -1,
      1706, 1654, 1707, -1,
      1707, 1654, 1655, -1,
      1707, 1655, 1708, -1,
      1708, 1655, 1656, -1,
      1708, 1656, 1709, -1,
      1709, 1656, 1646, -1,
      1709, 1646, 1710, -1,
      1710, 1646, 1645, -1,
      1710, 1645, 1711, -1,
      1711, 1645, 1642, -1,
      1711, 1642, 1712, -1,
      1712, 1642, 1641, -1,
      1712, 1641, 1713, -1,
      1713, 1641, 1659, -1,
      1713, 1659, 1714, -1,
      1659, 1658, 1714, -1,
      1714, 1658, 1089, -1,
      1714, 1089, 1093, -1,
      1134, 1133, 1715, -1,
      1715, 1133, 1660, -1,
      1715, 1660, 1716, -1,
      1716, 1660, 1661, -1,
      1716, 1661, 1717, -1,
      1717, 1661, 1662, -1,
      1717, 1662, 1718, -1,
      1718, 1662, 1663, -1,
      1718, 1663, 1719, -1,
      1719, 1663, 1664, -1,
      1719, 1664, 1143, -1,
      1143, 1664, 1144, -1,
      1151, 1152, 1672, -1,
      1672, 1152, 1720, -1,
      1672, 1720, 1670, -1,
      1670, 1720, 1721, -1,
      1670, 1721, 1669, -1,
      1669, 1721, 1722, -1,
      1669, 1722, 1667, -1,
      1667, 1722, 1723, -1,
      1667, 1723, 1665, -1,
      1665, 1723, 1724, -1,
      1665, 1724, 1159, -1,
      1159, 1724, 1160, -1,
      1080, 1078, 1117, -1,
      1117, 1078, 1165, -1,
      1117, 1165, 1725, -1,
      1725, 1165, 1685, -1,
      1725, 1685, 1726, -1,
      1726, 1685, 1689, -1,
      1726, 1689, 1727, -1,
      1727, 1689, 1688, -1,
      1727, 1688, 1728, -1,
      1728, 1688, 1687, -1,
      1728, 1687, 1729, -1,
      1729, 1687, 1686, -1,
      1729, 1686, 1128, -1,
      1128, 1686, 1157, -1,
      1128, 1157, 1102, -1,
      1102, 1157, 1104, -1,
      1730, 1095, 1731, -1,
      1692, 1693, 1732, -1,
      1694, 1690, 1733, -1,
      1733, 1690, 1119, -1,
      1114, 1691, 1695, -1,
      1695, 1691, 1734, -1,
      1695, 1734, 1696, -1,
      1696, 1734, 1735, -1,
      1119, 1736, 1733, -1,
      1733, 1736, 1737, -1,
      1733, 1737, 1738, -1,
      1739, 1698, 1735, -1,
      1735, 1698, 1697, -1,
      1735, 1697, 1696, -1,
      1737, 1740, 1738, -1,
      1738, 1740, 1741, -1,
      1738, 1741, 1742, -1,
      1743, 1700, 1739, -1,
      1739, 1700, 1699, -1,
      1739, 1699, 1698, -1,
      1741, 1744, 1742, -1,
      1742, 1744, 1745, -1,
      1742, 1745, 1746, -1,
      1747, 1702, 1743, -1,
      1743, 1702, 1701, -1,
      1743, 1701, 1700, -1,
      1693, 1694, 1732, -1,
      1732, 1694, 1733, -1,
      1732, 1733, 1748, -1,
      1748, 1733, 1738, -1,
      1748, 1738, 1749, -1,
      1749, 1738, 1742, -1,
      1749, 1742, 1750, -1,
      1750, 1742, 1746, -1,
      1750, 1746, 1751, -1,
      1751, 1746, 1731, -1,
      1751, 1731, 1095, -1,
      1095, 1704, 1747, -1,
      1747, 1704, 1703, -1,
      1747, 1703, 1702, -1,
      1745, 1752, 1746, -1,
      1746, 1752, 1753, -1,
      1746, 1753, 1731, -1,
      1731, 1753, 1754, -1,
      1731, 1754, 1730, -1,
      1691, 1692, 1734, -1,
      1734, 1692, 1732, -1,
      1734, 1732, 1735, -1,
      1735, 1732, 1748, -1,
      1735, 1748, 1739, -1,
      1739, 1748, 1749, -1,
      1739, 1749, 1743, -1,
      1743, 1749, 1750, -1,
      1743, 1750, 1747, -1,
      1747, 1750, 1751, -1,
      1747, 1751, 1095, -1,
      1714, 1093, 1755, -1,
      1716, 1717, 1756, -1,
      1718, 1719, 1757, -1,
      1757, 1719, 1143, -1,
      1134, 1715, 1758, -1,
      1758, 1715, 1759, -1,
      1758, 1759, 1760, -1,
      1760, 1759, 1761, -1,
      1143, 1705, 1757, -1,
      1757, 1705, 1706, -1,
      1757, 1706, 1762, -1,
      1763, 1764, 1761, -1,
      1761, 1764, 1765, -1,
      1761, 1765, 1760, -1,
      1706, 1707, 1762, -1,
      1762, 1707, 1708, -1,
      1762, 1708, 1766, -1,
      1767, 1768, 1763, -1,
      1763, 1768, 1769, -1,
      1763, 1769, 1764, -1,
      1708, 1709, 1766, -1,
      1766, 1709, 1710, -1,
      1766, 1710, 1770, -1,
      1771, 1772, 1767, -1,
      1767, 1772, 1773, -1,
      1767, 1773, 1768, -1,
      1717, 1718, 1756, -1,
      1756, 1718, 1757, -1,
      1756, 1757, 1774, -1,
      1774, 1757, 1762, -1,
      1774, 1762, 1775, -1,
      1775, 1762, 1766, -1,
      1775, 1766, 1776, -1,
      1776, 1766, 1770, -1,
      1776, 1770, 1777, -1,
      1777, 1770, 1755, -1,
      1777, 1755, 1093, -1,
      1093, 1778, 1771, -1,
      1771, 1778, 1779, -1,
      1771, 1779, 1772, -1,
      1710, 1711, 1770, -1,
      1770, 1711, 1712, -1,
      1770, 1712, 1755, -1,
      1755, 1712, 1713, -1,
      1755, 1713, 1714, -1,
      1715, 1716, 1759, -1,
      1759, 1716, 1756, -1,
      1759, 1756, 1761, -1,
      1761, 1756, 1774, -1,
      1761, 1774, 1763, -1,
      1763, 1774, 1775, -1,
      1763, 1775, 1767, -1,
      1767, 1775, 1776, -1,
      1767, 1776, 1771, -1,
      1771, 1776, 1777, -1,
      1771, 1777, 1093, -1,
      774, 773, 1152, -1,
      1152, 773, 1136, -1,
      1152, 1136, 1720, -1,
      1720, 1136, 1780, -1,
      1720, 1780, 1721, -1,
      1721, 1780, 1781, -1,
      1721, 1781, 1722, -1,
      1722, 1781, 1782, -1,
      1722, 1782, 1723, -1,
      1723, 1782, 1783, -1,
      1723, 1783, 1724, -1,
      1724, 1783, 1784, -1,
      1724, 1784, 1160, -1,
      1160, 1784, 1125, -1,
      1160, 1125, 1103, -1,
      1103, 1125, 1101, -1,
      1118, 1117, 1785, -1,
      1785, 1117, 1725, -1,
      1785, 1725, 1786, -1,
      1786, 1725, 1726, -1,
      1786, 1726, 1787, -1,
      1787, 1726, 1727, -1,
      1787, 1727, 1788, -1,
      1788, 1727, 1728, -1,
      1788, 1728, 1789, -1,
      1789, 1728, 1729, -1,
      1789, 1729, 1127, -1,
      1127, 1729, 1128, -1,
      1119, 1118, 1736, -1,
      1736, 1118, 1790, -1,
      1736, 1790, 1737, -1,
      1737, 1790, 1791, -1,
      1737, 1791, 1740, -1,
      1740, 1791, 1792, -1,
      1740, 1792, 1741, -1,
      1741, 1792, 1793, -1,
      1741, 1793, 1744, -1,
      1744, 1793, 1794, -1,
      1744, 1794, 1745, -1,
      1745, 1794, 1795, -1,
      1745, 1795, 1752, -1,
      1752, 1795, 1796, -1,
      1752, 1796, 1753, -1,
      1753, 1796, 1797, -1,
      1753, 1797, 1754, -1,
      1754, 1797, 1798, -1,
      1754, 1798, 1730, -1,
      1798, 1799, 1730, -1,
      1730, 1799, 1094, -1,
      1730, 1094, 1095, -1,
      1135, 1134, 1800, -1,
      1800, 1134, 1758, -1,
      1800, 1758, 1801, -1,
      1801, 1758, 1760, -1,
      1801, 1760, 1802, -1,
      1802, 1760, 1765, -1,
      1802, 1765, 1803, -1,
      1803, 1765, 1764, -1,
      1803, 1764, 1804, -1,
      1804, 1764, 1769, -1,
      1804, 1769, 1805, -1,
      1805, 1769, 1768, -1,
      1805, 1768, 1806, -1,
      1806, 1768, 1773, -1,
      1806, 1773, 1807, -1,
      1807, 1773, 1772, -1,
      1807, 1772, 1808, -1,
      1808, 1772, 1779, -1,
      1808, 1779, 1809, -1,
      1779, 1778, 1809, -1,
      1809, 1778, 1093, -1,
      1809, 1093, 1092, -1,
      1136, 1135, 1780, -1,
      1780, 1135, 1810, -1,
      1780, 1810, 1781, -1,
      1781, 1810, 1782, -1,
      1782, 1810, 1811, -1,
      1782, 1811, 1783, -1,
      1811, 1812, 1783, -1,
      1783, 1812, 1813, -1,
      1783, 1813, 1784, -1,
      1784, 1813, 1126, -1,
      1784, 1126, 1125, -1,
      1814, 1094, 1815, -1,
      1786, 1787, 1816, -1,
      1788, 1789, 1817, -1,
      1817, 1789, 1127, -1,
      1118, 1785, 1790, -1,
      1790, 1785, 1818, -1,
      1790, 1818, 1791, -1,
      1791, 1818, 1819, -1,
      1127, 1820, 1817, -1,
      1817, 1820, 1821, -1,
      1817, 1821, 1822, -1,
      1823, 1793, 1819, -1,
      1819, 1793, 1792, -1,
      1819, 1792, 1791, -1,
      1821, 1824, 1822, -1,
      1822, 1824, 1825, -1,
      1822, 1825, 1826, -1,
      1827, 1795, 1823, -1,
      1823, 1795, 1794, -1,
      1823, 1794, 1793, -1,
      1825, 1828, 1826, -1,
      1826, 1828, 1829, -1,
      1826, 1829, 1830, -1,
      1831, 1797, 1827, -1,
      1827, 1797, 1796, -1,
      1827, 1796, 1795, -1,
      1787, 1788, 1816, -1,
      1816, 1788, 1817, -1,
      1816, 1817, 1832, -1,
      1832, 1817, 1822, -1,
      1832, 1822, 1833, -1,
      1833, 1822, 1826, -1,
      1833, 1826, 1834, -1,
      1834, 1826, 1830, -1,
      1834, 1830, 1835, -1,
      1835, 1830, 1815, -1,
      1835, 1815, 1094, -1,
      1094, 1799, 1831, -1,
      1831, 1799, 1798, -1,
      1831, 1798, 1797, -1,
      1829, 1836, 1830, -1,
      1830, 1836, 1837, -1,
      1830, 1837, 1815, -1,
      1815, 1837, 1838, -1,
      1815, 1838, 1814, -1,
      1785, 1786, 1818, -1,
      1818, 1786, 1816, -1,
      1818, 1816, 1819, -1,
      1819, 1816, 1832, -1,
      1819, 1832, 1823, -1,
      1823, 1832, 1833, -1,
      1823, 1833, 1827, -1,
      1827, 1833, 1834, -1,
      1827, 1834, 1831, -1,
      1831, 1834, 1835, -1,
      1831, 1835, 1094, -1,
      1807, 1808, 1839, -1,
      1840, 1841, 1842, -1,
      1805, 1806, 1843, -1,
      1844, 1845, 1846, -1,
      1803, 1804, 1847, -1,
      1801, 1802, 1848, -1,
      1849, 1850, 1851, -1,
      1135, 1800, 1810, -1,
      1810, 1800, 1851, -1,
      1810, 1851, 1811, -1,
      1811, 1851, 1850, -1,
      1811, 1850, 1812, -1,
      1812, 1850, 1813, -1,
      1126, 1813, 1852, -1,
      1852, 1813, 1850, -1,
      1852, 1850, 1853, -1,
      1853, 1850, 1849, -1,
      1853, 1849, 1854, -1,
      1854, 1849, 1855, -1,
      1845, 1855, 1846, -1,
      1846, 1855, 1849, -1,
      1846, 1849, 1848, -1,
      1848, 1849, 1851, -1,
      1848, 1851, 1801, -1,
      1801, 1851, 1800, -1,
      1841, 1844, 1842, -1,
      1842, 1844, 1846, -1,
      1842, 1846, 1847, -1,
      1847, 1846, 1848, -1,
      1847, 1848, 1803, -1,
      1803, 1848, 1802, -1,
      1804, 1805, 1847, -1,
      1847, 1805, 1843, -1,
      1847, 1843, 1842, -1,
      1842, 1843, 1856, -1,
      1842, 1856, 1840, -1,
      1092, 1857, 1856, -1,
      1856, 1857, 1858, -1,
      1856, 1858, 1840, -1,
      1806, 1807, 1843, -1,
      1843, 1807, 1839, -1,
      1843, 1839, 1856, -1,
      1856, 1839, 1092, -1,
      1808, 1809, 1839, -1,
      1839, 1809, 1092, -1,
      1127, 1126, 1820, -1,
      1820, 1126, 1852, -1,
      1820, 1852, 1821, -1,
      1821, 1852, 1853, -1,
      1821, 1853, 1824, -1,
      1824, 1853, 1854, -1,
      1824, 1854, 1825, -1,
      1825, 1854, 1855, -1,
      1825, 1855, 1828, -1,
      1828, 1855, 1845, -1,
      1828, 1845, 1829, -1,
      1829, 1845, 1844, -1,
      1829, 1844, 1836, -1,
      1836, 1844, 1841, -1,
      1836, 1841, 1837, -1,
      1837, 1841, 1840, -1,
      1837, 1840, 1838, -1,
      1838, 1840, 1858, -1,
      1838, 1858, 1814, -1,
      1858, 1857, 1814, -1,
      1814, 1857, 1092, -1,
      1814, 1092, 1094, -1,
    ]
  }
}

Shape {
  appearance Appearance {
    material Material {
      diffuseColor 0.6471 0.6196 0.5882
      specularColor 0.4510 0.4353 0.4118
      ambientIntensity 0.2
      transparency 0.0000
      shininess 0.5
    }
  }
  geometry IndexedFaceSet {
    ccw TRUE
    solid FALSE
    coord DEF co Coordinate {
      point [
        -2.401575 2.755906 0.285433,
        -2.401575 2.755906 0.344488,
        -2.322835 2.755906 0.344488,
        -2.204724 2.755906 0.344488,
        -2.322835 2.755906 0.285433,
        -2.204724 2.755906 0.285433,
        -2.125984 2.755906 0.344488,
        -2.007874 2.755906 0.344488,
        -2.125984 2.755906 0.285433,
        -2.007874 2.755906 0.285433,
        -1.929134 2.755906 0.344488,
        -1.811024 2.755906 0.344488,
        -1.929134 2.755906 0.285433,
        -1.811024 2.755906 0.285433,
        -1.732283 2.755906 0.344488,
        -1.614173 2.755906 0.344488,
        -1.732283 2.755906 0.285433,
        -1.614173 2.755906 0.285433,
        -1.535433 2.755906 0.344488,
        -1.417323 2.755906 0.344488,
        -1.535433 2.755906 0.285433,
        -1.417323 2.755906 0.285433,
        -1.338583 2.755906 0.344488,
        -1.220472 2.755906 0.344488,
        -1.338583 2.755906 0.285433,
        -1.220472 2.755906 0.285433,
        -1.141732 2.755906 0.344488,
        -1.023622 2.755906 0.344488,
        -1.141732 2.755906 0.285433,
        -1.023622 2.755906 0.285433,
        -0.944882 2.755906 0.344488,
        -0.826772 2.755906 0.344488,
        -0.944882 2.755906 0.285433,
        -0.826772 2.755906 0.285433,
        -0.748031 2.755906 0.344488,
        -0.629921 2.755906 0.344488,
        -0.748031 2.755906 0.285433,
        -0.629921 2.755906 0.285433,
        -0.551181 2.755906 0.344488,
        -0.433071 2.755906 0.344488,
        -0.551181 2.755906 0.285433,
        -0.433071 2.755906 0.285433,
        -0.354331 2.755906 0.344488,
        -0.236220 2.755906 0.344488,
        -0.354331 2.755906 0.285433,
        -0.236220 2.755906 0.285433,
        -0.157480 2.755906 0.344488,
        -0.039370 2.755906 0.344488,
        -0.157480 2.755906 0.285433,
        -0.039370 2.755906 0.285433,
        0.039370 2.755906 0.344488,
        0.157480 2.755906 0.344488,
        0.039370 2.755906 0.285433,
        0.157480 2.755906 0.285433,
        0.236220 2.755906 0.344488,
        0.354331 2.755906 0.344488,
        0.236220 2.755906 0.285433,
        0.354331 2.755906 0.285433,
        0.433071 2.755906 0.344488,
        0.551181 2.755906 0.344488,
        0.433071 2.755906 0.285433,
        0.551181 2.755906 0.285433,
        0.629921 2.755906 0.344488,
        0.748031 2.755906 0.344488,
        0.629921 2.755906 0.285433,
        0.748031 2.755906 0.285433,
        0.826772 2.755906 0.344488,
        0.944882 2.755906 0.344488,
        0.826772 2.755906 0.285433,
        0.944882 2.755906 0.285433,
        1.023622 2.755906 0.344488,
        1.141732 2.755906 0.344488,
        1.023622 2.755906 0.285433,
        1.141732 2.755906 0.285433,
        1.220472 2.755906 0.344488,
        1.338583 2.755906 0.344488,
        1.220472 2.755906 0.285433,
        1.338583 2.755906 0.285433,
        1.417323 2.755906 0.344488,
        1.535433 2.755906 0.344488,
        1.417323 2.755906 0.285433,
        1.535433 2.755906 0.285433,
        1.614173 2.755906 0.344488,
        1.732283 2.755906 0.344488,
        1.614173 2.755906 0.285433,
        1.732283 2.755906 0.285433,
        1.811024 2.755906 0.344488,
        1.929134 2.755906 0.344488,
        1.811024 2.755906 0.285433,
        1.929134 2.755906 0.285433,
        2.007874 2.755906 0.344488,
        2.125984 2.755906 0.344488,
        2.007874 2.755906 0.285433,
        2.125984 2.755906 0.285433,
        2.204724 2.755906 0.344488,
        2.322835 2.755906 0.344488,
        2.204724 2.755906 0.285433,
        2.322835 2.755906 0.285433,
        2.755906 2.401575 0.285433,
        2.755906 2.401575 0.344488,
        2.755906 2.322835 0.344488,
        2.755906 2.204724 0.344488,
        2.755906 2.322835 0.285433,
        2.755906 2.204724 0.285433,
        2.755906 2.125984 0.344488,
        2.755906 2.007874 0.344488,
        2.755906 2.125984 0.285433,
        2.755906 2.007874 0.285433,
        2.755906 1.929134 0.344488,
        2.755906 1.811024 0.344488,
        2.755906 1.929134 0.285433,
        2.755906 1.811024 0.285433,
        2.755906 1.732283 0.344488,
        2.755906 1.614173 0.344488,
        2.755906 1.732283 0.285433,
        2.755906 1.614173 0.285433,
        2.755906 1.535433 0.344488,
        2.755906 1.417323 0.344488,
        2.755906 1.535433 0.285433,
        2.755906 1.417323 0.285433,
        2.755906 1.338583 0.344488,
        2.755906 1.220472 0.344488,
        2.755906 1.338583 0.285433,
        2.755906 1.220472 0.285433,
        2.755906 1.141732 0.344488,
        2.755906 1.023622 0.344488,
        2.755906 1.141732 0.285433,
        2.755906 1.023622 0.285433,
        2.755906 0.944882 0.344488,
        2.755906 0.826772 0.344488,
        2.755906 0.944882 0.285433,
        2.755906 0.826772 0.285433,
        2.755906 0.748031 0.344488,
        2.755906 0.629921 0.344488,
        2.755906 0.748031 0.285433,
        2.755906 0.629921 0.285433,
        2.755906 0.551181 0.344488,
        2.755906 0.433071 0.344488,
        2.755906 0.551181 0.285433,
        2.755906 0.433071 0.285433,
        2.755906 0.354331 0.344488,
        2.755906 0.236220 0.344488,
        2.755906 0.354331 0.285433,
        2.755906 0.236220 0.285433,
        2.755906 0.157480 0.344488,
        2.755906 0.039370 0.344488,
        2.755906 0.157480 0.285433,
        2.755906 0.039370 0.285433,
        2.755906 -0.039370 0.344488,
        2.755906 -0.157480 0.344488,
        2.755906 -0.039370 0.285433,
        2.755906 -0.157480 0.285433,
        2.755906 -0.236220 0.344488,
        2.755906 -0.354331 0.344488,
        2.755906 -0.236220 0.285433,
        2.755906 -0.354331 0.285433,
        2.755906 -0.433071 0.344488,
        2.755906 -0.551181 0.344488,
        2.755906 -0.433071 0.285433,
        2.755906 -0.551181 0.285433,
        2.755906 -0.629921 0.344488,
        2.755906 -0.748031 0.344488,
        2.755906 -0.629921 0.285433,
        2.755906 -0.748031 0.285433,
        2.755906 -0.826772 0.344488,
        2.755906 -0.944882 0.344488,
        2.755906 -0.826772 0.285433,
        2.755906 -0.944882 0.285433,
        2.755906 -1.023622 0.344488,
        2.755906 -1.141732 0.344488,
        2.755906 -1.023622 0.285433,
        2.755906 -1.141732 0.285433,
        2.755906 -1.220472 0.344488,
        2.755906 -1.338583 0.344488,
        2.755906 -1.220472 0.285433,
        2.755906 -1.338583 0.285433,
        2.755906 -1.417323 0.344488,
        2.755906 -1.535433 0.344488,
        2.755906 -1.417323 0.285433,
        2.755906 -1.535433 0.285433,
        2.755906 -1.614173 0.344488,
        2.755906 -1.732283 0.344488,
        2.755906 -1.614173 0.285433,
        2.755906 -1.732283 0.285433,
        2.755906 -1.811024 0.344488,
        2.755906 -1.929134 0.344488,
        2.755906 -1.811024 0.285433,
        2.755906 -1.929134 0.285433,
        2.755906 -2.007874 0.344488,
        2.755906 -2.125984 0.344488,
        2.755906 -2.007874 0.285433,
        2.755906 -2.125984 0.285433,
        2.755906 -2.204724 0.344488,
        2.755906 -2.322835 0.344488,
        2.755906 -2.204724 0.285433,
        2.755906 -2.322835 0.285433,
        2.401575 -2.755906 0.285433,
        2.401575 -2.755906 0.344488,
        2.322835 -2.755906 0.344488,
        2.204724 -2.755906 0.344488,
        2.322835 -2.755906 0.285433,
        2.204724 -2.755906 0.285433,
        2.125984 -2.755906 0.344488,
        2.007874 -2.755906 0.344488,
        2.125984 -2.755906 0.285433,
        2.007874 -2.755906 0.285433,
        1.929134 -2.755906 0.344488,
        1.811024 -2.755906 0.344488,
        1.929134 -2.755906 0.285433,
        1.811024 -2.755906 0.285433,
        1.732283 -2.755906 0.344488,
        1.614173 -2.755906 0.344488,
        1.732283 -2.755906 0.285433,
        1.614173 -2.755906 0.285433,
        1.535433 -2.755906 0.344488,
        1.417323 -2.755906 0.344488,
        1.535433 -2.755906 0.285433,
        1.417323 -2.755906 0.285433,
        1.338583 -2.755906 0.344488,
        1.220472 -2.755906 0.344488,
        1.338583 -2.755906 0.285433,
        1.220472 -2.755906 0.285433,
        1.141732 -2.755906 0.344488,
        1.023622 -2.755906 0.344488,
        1.141732 -2.755906 0.285433,
        1.023622 -2.755906 0.285433,
        0.944882 -2.755906 0.344488,
        0.826772 -2.755906 0.344488,
        0.944882 -2.755906 0.285433,
        0.826772 -2.755906 0.285433,
        0.748031 -2.755906 0.344488,
        0.629921 -2.755906 0.344488,
        0.748031 -2.755906 0.285433,
        0.629921 -2.755906 0.285433,
        0.551181 -2.755906 0.344488,
        0.433071 -2.755906 0.344488,
        0.551181 -2.755906 0.285433,
        0.433071 -2.755906 0.285433,
        0.354331 -2.755906 0.344488,
        0.236220 -2.755906 0.344488,
        0.354331 -2.755906 0.285433,
        0.236220 -2.755906 0.285433,
        0.157480 -2.755906 0.344488,
        0.039370 -2.755906 0.344488,
        0.157480 -2.755906 0.285433,
        0.039370 -2.755906 0.285433,
        -0.039370 -2.755906 0.344488,
        -0.157480 -2.755906 0.344488,
        -0.039370 -2.755906 0.285433,
        -0.157480 -2.755906 0.285433,
        -0.236220 -2.755906 0.344488,
        -0.354331 -2.755906 0.344488,
        -0.236220 -2.755906 0.285433,
        -0.354331 -2.755906 0.285433,
        -0.433071 -2.755906 0.344488,
        -0.551181 -2.755906 0.344488,
        -0.433071 -2.755906 0.285433,
        -0.551181 -2.755906 0.285433,
        -0.629921 -2.755906 0.344488,
        -0.748031 -2.755906 0.344488,
        -0.629921 -2.755906 0.285433,
        -0.748031 -2.755906 0.285433,
        -0.826772 -2.755906 0.344488,
        -0.944882 -2.755906 0.344488,
        -0.826772 -2.755906 0.285433,
        -0.944882 -2.755906 0.285433,
        -1.023622 -2.755906 0.344488,
        -1.141732 -2.755906 0.344488,
        -1.023622 -2.755906 0.285433,
        -1.141732 -2.755906 0.285433,
        -1.220472 -2.755906 0.344488,
        -1.338583 -2.755906 0.344488,
        -1.220472 -2.755906 0.285433,
        -1.338583 -2.755906 0.285433,
        -1.417323 -2.755906 0.344488,
        -1.535433 -2.755906 0.344488,
        -1.417323 -2.755906 0.285433,
        -1.535433 -2.755906 0.285433,
        -1.614173 -2.755906 0.344488,
        -1.732283 -2.755906 0.344488,
        -1.614173 -2.755906 0.285433,
        -1.732283 -2.755906 0.285433,
        -1.811024 -2.755906 0.344488,
        -1.929134 -2.755906 0.344488,
        -1.811024 -2.755906 0.285433,
        -1.929134 -2.755906 0.285433,
        -2.007874 -2.755906 0.344488,
        -2.125984 -2.755906 0.344488,
        -2.007874 -2.755906 0.285433,
        -2.125984 -2.755906 0.285433,
        -2.204724 -2.755906 0.344488,
        -2.322835 -2.755906 0.344488,
        -2.204724 -2.755906 0.285433,
        -2.322835 -2.755906 0.285433,
        -2.755906 -2.401575 0.285433,
        -2.755906 -2.401575 0.344488,
        -2.755906 -2.322835 0.344488,
        -2.755906 -2.204724 0.344488,
        -2.755906 -2.322835 0.285433,
        -2.755906 -2.204724 0.285433,
        -2.755906 -2.125984 0.344488,
        -2.755906 -2.007874 0.344488,
        -2.755906 -2.125984 0.285433,
        -2.755906 -2.007874 0.285433,
        -2.755906 -1.929134 0.344488,
        -2.755906 -1.811024 0.344488,
        -2.755906 -1.929134 0.285433,
        -2.755906 -1.811024 0.285433,
        -2.755906 -1.732283 0.344488,
        -2.755906 -1.614173 0.344488,
        -2.755906 -1.732283 0.285433,
        -2.755906 -1.614173 0.285433,
        -2.755906 -1.535433 0.344488,
        -2.755906 -1.417323 0.344488,
        -2.755906 -1.535433 0.285433,
        -2.755906 -1.417323 0.285433,
        -2.755906 -1.338583 0.344488,
        -2.755906 -1.220472 0.344488,
        -2.755906 -1.338583 0.285433,
        -2.755906 -1.220472 0.285433,
        -2.755906 -1.141732 0.344488,
        -2.755906 -1.023622 0.344488,
        -2.755906 -1.141732 0.285433,
        -2.755906 -1.023622 0.285433,
        -2.755906 -0.944882 0.344488,
        -2.755906 -0.826772 0.344488,
        -2.755906 -0.944882 0.285433,
        -2.755906 -0.826772 0.285433,
        -2.755906 -0.748031 0.344488,
        -2.755906 -0.629921 0.344488,
        -2.755906 -0.748031 0.285433,
        -2.755906 -0.629921 0.285433,
        -2.755906 -0.551181 0.344488,
        -2.755906 -0.433071 0.344488,
        -2.755906 -0.551181 0.285433,
        -2.755906 -0.433071 0.285433,
        -2.755906 -0.354331 0.344488,
        -2.755906 -0.236220 0.344488,
        -2.755906 -0.354331 0.285433,
        -2.755906 -0.236220 0.285433,
        -2.755906 -0.157480 0.344488,
        -2.755906 -0.039370 0.344488,
        -2.755906 -0.157480 0.285433,
        -2.755906 -0.039370 0.285433,
        -2.755906 0.039370 0.344488,
        -2.755906 0.157480 0.344488,
        -2.755906 0.039370 0.285433,
        -2.755906 0.157480 0.285433,
        -2.755906 0.236220 0.344488,
        -2.755906 0.354331 0.344488,
        -2.755906 0.236220 0.285433,
        -2.755906 0.354331 0.285433,
        -2.755906 0.433071 0.344488,
        -2.755906 0.551181 0.344488,
        -2.755906 0.433071 0.285433,
        -2.755906 0.551181 0.285433,
        -2.755906 0.629921 0.344488,
        -2.755906 0.748031 0.344488,
        -2.755906 0.629921 0.285433,
        -2.755906 0.748031 0.285433,
        -2.755906 0.826772 0.344488,
        -2.755906 0.944882 0.344488,
        -2.755906 0.826772 0.285433,
        -2.755906 0.944882 0.285433,
        -2.755906 1.023622 0.344488,
        -2.755906 1.141732 0.344488,
        -2.755906 1.023622 0.285433,
        -2.755906 1.141732 0.285433,
        -2.755906 1.220472 0.344488,
        -2.755906 1.338583 0.344488,
        -2.755906 1.220472 0.285433,
        -2.755906 1.338583 0.285433,
        -2.755906 1.417323 0.344488,
        -2.755906 1.535433 0.344488,
        -2.755906 1.417323 0.285433,
        -2.755906 1.535433 0.285433,
        -2.755906 1.614173 0.344488,
        -2.755906 1.732283 0.344488,
        -2.755906 1.614173 0.285433,
        -2.755906 1.732283 0.285433,
        -2.755906 1.811024 0.344488,
        -2.755906 1.929134 0.344488,
        -2.755906 1.811024 0.285433,
        -2.755906 1.929134 0.285433,
        -2.755906 2.007874 0.344488,
        -2.755906 2.125984 0.344488,
        -2.755906 2.007874 0.285433,
        -2.755906 2.125984 0.285433,
        -2.755906 2.204724 0.344488,
        -2.755906 2.322835 0.344488,
        -2.755906 2.204724 0.285433,
        -2.755906 2.322835 0.285433,
        2.755906 -2.401575 0.344488,
        2.755906 -2.401575 0.285433,
        2.401575 2.755906 0.344488,
        2.401575 2.755906 0.285433,
        -2.755906 2.401575 0.344488,
        -2.755906 2.401575 0.285433,
        -2.401575 -2.755906 0.344488,
        -2.401575 -2.755906 0.285433,
        -2.803318 2.401575 0.344488,
        -2.803318 2.401575 0.285433,
        -2.826245 2.401575 0.341470,
        -2.809709 2.401575 0.284733,
        -2.847609 2.401575 0.332620,
        -3.149606 2.401575 0.000000,
        -3.149606 2.401575 0.059055,
        -2.970428 2.401575 0.000000,
        -2.970428 2.401575 0.059055,
        -2.947502 2.401575 0.003019,
        -2.962786 2.401575 0.060061,
        -2.926137 2.401575 0.011868,
        -2.955665 2.401575 0.063011,
        -2.907791 2.401575 0.025945,
        -2.949550 2.401575 0.067704,
        -2.893714 2.401575 0.044291,
        -2.944857 2.401575 0.073819,
        -2.884865 2.401575 0.065656,
        -2.941907 2.401575 0.080941,
        -2.831839 2.401575 0.263548,
        -2.888882 2.401575 0.278832,
        -2.829509 2.401575 0.269540,
        -2.880033 2.401575 0.300197,
        -2.825937 2.401575 0.274885,
        -2.865955 2.401575 0.318543,
        -2.821293 2.401575 0.279331,
        -2.815797 2.401575 0.282667,
        -2.803318 2.322835 0.285433,
        -2.803318 2.322835 0.344488,
        -2.809709 2.322835 0.284733,
        -2.826245 2.322835 0.341470,
        -2.815797 2.322835 0.282667,
        -2.847609 2.322835 0.332620,
        -3.149606 2.322835 0.059055,
        -3.149606 2.322835 0.000000,
        -2.970428 2.322835 0.059055,
        -2.970428 2.322835 0.000000,
        -2.962786 2.322835 0.060061,
        -2.947502 2.322835 0.003019,
        -2.955665 2.322835 0.063011,
        -2.926137 2.322835 0.011868,
        -2.949550 2.322835 0.067704,
        -2.907791 2.322835 0.025945,
        -2.944857 2.322835 0.073819,
        -2.893714 2.322835 0.044291,
        -2.941907 2.322835 0.080941,
        -2.884865 2.322835 0.065656,
        -2.888882 2.322835 0.278832,
        -2.831839 2.322835 0.263548,
        -2.880033 2.322835 0.300197,
        -2.829509 2.322835 0.269540,
        -2.865955 2.322835 0.318543,
        -2.825937 2.322835 0.274885,
        -2.821293 2.322835 0.279331,
        -2.803318 2.204724 0.344488,
        -2.803318 2.204724 0.285433,
        -2.826245 2.204724 0.341470,
        -2.809709 2.204724 0.284733,
        -2.847609 2.204724 0.332620,
        -3.149606 2.204724 0.000000,
        -3.149606 2.204724 0.059055,
        -2.970428 2.204724 0.000000,
        -2.970428 2.204724 0.059055,
        -2.947502 2.204724 0.003019,
        -2.962786 2.204724 0.060061,
        -2.926137 2.204724 0.011868,
        -2.955665 2.204724 0.063011,
        -2.907791 2.204724 0.025945,
        -2.949550 2.204724 0.067704,
        -2.893714 2.204724 0.044291,
        -2.944857 2.204724 0.073819,
        -2.884865 2.204724 0.065656,
        -2.941907 2.204724 0.080941,
        -2.831839 2.204724 0.263548,
        -2.888882 2.204724 0.278832,
        -2.829509 2.204724 0.269540,
        -2.880033 2.204724 0.300197,
        -2.825937 2.204724 0.274885,
        -2.865955 2.204724 0.318543,
        -2.821293 2.204724 0.279331,
        -2.815797 2.204724 0.282667,
        -2.803318 2.125984 0.285433,
        -2.803318 2.125984 0.344488,
        -2.809709 2.125984 0.284733,
        -2.826245 2.125984 0.341470,
        -2.815797 2.125984 0.282667,
        -2.847609 2.125984 0.332620,
        -3.149606 2.125984 0.059055,
        -3.149606 2.125984 0.000000,
        -2.970428 2.125984 0.059055,
        -2.970428 2.125984 0.000000,
        -2.962786 2.125984 0.060061,
        -2.947502 2.125984 0.003019,
        -2.955665 2.125984 0.063011,
        -2.926137 2.125984 0.011868,
        -2.949550 2.125984 0.067704,
        -2.907791 2.125984 0.025945,
        -2.944857 2.125984 0.073819,
        -2.893714 2.125984 0.044291,
        -2.941907 2.125984 0.080941,
        -2.884865 2.125984 0.065656,
        -2.888882 2.125984 0.278832,
        -2.831839 2.125984 0.263548,
        -2.880033 2.125984 0.300197,
        -2.829509 2.125984 0.269540,
        -2.865955 2.125984 0.318543,
        -2.825937 2.125984 0.274885,
        -2.821293 2.125984 0.279331,
        -2.803318 2.007874 0.344488,
        -2.803318 2.007874 0.285433,
        -2.826245 2.007874 0.341470,
        -2.809709 2.007874 0.284733,
        -2.847609 2.007874 0.332620,
        -3.149606 2.007874 0.000000,
        -3.149606 2.007874 0.059055,
        -2.970428 2.007874 0.000000,
        -2.970428 2.007874 0.059055,
        -2.947502 2.007874 0.003019,
        -2.962786 2.007874 0.060061,
        -2.926137 2.007874 0.011868,
        -2.955665 2.007874 0.063011,
        -2.907791 2.007874 0.025945,
        -2.949550 2.007874 0.067704,
        -2.893714 2.007874 0.044291,
        -2.944857 2.007874 0.073819,
        -2.884865 2.007874 0.065656,
        -2.941907 2.007874 0.080941,
        -2.831839 2.007874 0.263548,
        -2.888882 2.007874 0.278832,
        -2.829509 2.007874 0.269540,
        -2.880033 2.007874 0.300197,
        -2.825937 2.007874 0.274885,
        -2.865955 2.007874 0.318543,
        -2.821293 2.007874 0.279331,
        -2.815797 2.007874 0.282667,
        -2.803318 1.929134 0.285433,
        -2.803318 1.929134 0.344488,
        -2.809709 1.929134 0.284733,
        -2.826245 1.929134 0.341470,
        -2.815797 1.929134 0.282667,
        -2.847609 1.929134 0.332620,
        -3.149606 1.929134 0.059055,
        -3.149606 1.929134 0.000000,
        -2.970428 1.929134 0.059055,
        -2.970428 1.929134 0.000000,
        -2.962786 1.929134 0.060061,
        -2.947502 1.929134 0.003019,
        -2.955665 1.929134 0.063011,
        -2.926137 1.929134 0.011868,
        -2.949550 1.929134 0.067704,
        -2.907791 1.929134 0.025945,
        -2.944857 1.929134 0.073819,
        -2.893714 1.929134 0.044291,
        -2.941907 1.929134 0.080941,
        -2.884865 1.929134 0.065656,
        -2.888882 1.929134 0.278832,
        -2.831839 1.929134 0.263548,
        -2.880033 1.929134 0.300197,
        -2.829509 1.929134 0.269540,
        -2.865955 1.929134 0.318543,
        -2.825937 1.929134 0.274885,
        -2.821293 1.929134 0.279331,
        -2.803318 1.811024 0.344488,
        -2.803318 1.811024 0.285433,
        -2.826245 1.811024 0.341470,
        -2.809709 1.811024 0.284733,
        -2.847609 1.811024 0.332620,
        -3.149606 1.811024 0.000000,
        -3.149606 1.811024 0.059055,
        -2.970428 1.811024 0.000000,
        -2.970428 1.811024 0.059055,
        -2.947502 1.811024 0.003019,
        -2.962786 1.811024 0.060061,
        -2.926137 1.811024 0.011868,
        -2.955665 1.811024 0.063011,
        -2.907791 1.811024 0.025945,
        -2.949550 1.811024 0.067704,
        -2.893714 1.811024 0.044291,
        -2.944857 1.811024 0.073819,
        -2.884865 1.811024 0.065656,
        -2.941907 1.811024 0.080941,
        -2.831839 1.811024 0.263548,
        -2.888882 1.811024 0.278832,
        -2.829509 1.811024 0.269540,
        -2.880033 1.811024 0.300197,
        -2.825937 1.811024 0.274885,
        -2.865955 1.811024 0.318543,
        -2.821293 1.811024 0.279331,
        -2.815797 1.811024 0.282667,
        -2.803318 1.732283 0.285433,
        -2.803318 1.732283 0.344488,
        -2.809709 1.732283 0.284733,
        -2.826245 1.732283 0.341470,
        -2.815797 1.732283 0.282667,
        -2.847609 1.732283 0.332620,
        -3.149606 1.732283 0.059055,
        -3.149606 1.732283 0.000000,
        -2.970428 1.732283 0.059055,
        -2.970428 1.732283 0.000000,
        -2.962786 1.732283 0.060061,
        -2.947502 1.732283 0.003019,
        -2.955665 1.732283 0.063011,
        -2.926137 1.732283 0.011868,
        -2.949550 1.732283 0.067704,
        -2.907791 1.732283 0.025945,
        -2.944857 1.732283 0.073819,
        -2.893714 1.732283 0.044291,
        -2.941907 1.732283 0.080941,
        -2.884865 1.732283 0.065656,
        -2.888882 1.732283 0.278832,
        -2.831839 1.732283 0.263548,
        -2.880033 1.732283 0.300197,
        -2.829509 1.732283 0.269540,
        -2.865955 1.732283 0.318543,
        -2.825937 1.732283 0.274885,
        -2.821293 1.732283 0.279331,
        -2.803318 1.614173 0.344488,
        -2.803318 1.614173 0.285433,
        -2.826245 1.614173 0.341470,
        -2.809709 1.614173 0.284733,
        -2.847609 1.614173 0.332620,
        -3.149606 1.614173 0.000000,
        -3.149606 1.614173 0.059055,
        -2.970428 1.614173 0.000000,
        -2.970428 1.614173 0.059055,
        -2.947502 1.614173 0.003019,
        -2.962786 1.614173 0.060061,
        -2.926137 1.614173 0.011868,
        -2.955665 1.614173 0.063011,
        -2.907791 1.614173 0.025945,
        -2.949550 1.614173 0.067704,
        -2.893714 1.614173 0.044291,
        -2.944857 1.614173 0.073819,
        -2.884865 1.614173 0.065656,
        -2.941907 1.614173 0.080941,
        -2.831839 1.614173 0.263548,
        -2.888882 1.614173 0.278832,
        -2.829509 1.614173 0.269540,
        -2.880033 1.614173 0.300197,
        -2.825937 1.614173 0.274885,
        -2.865955 1.614173 0.318543,
        -2.821293 1.614173 0.279331,
        -2.815797 1.614173 0.282667,
        -2.803318 1.535433 0.285433,
        -2.803318 1.535433 0.344488,
        -2.809709 1.535433 0.284733,
        -2.826245 1.535433 0.341470,
        -2.815797 1.535433 0.282667,
        -2.847609 1.535433 0.332620,
        -3.149606 1.535433 0.059055,
        -3.149606 1.535433 0.000000,
        -2.970428 1.535433 0.059055,
        -2.970428 1.535433 0.000000,
        -2.962786 1.535433 0.060061,
        -2.947502 1.535433 0.003019,
        -2.955665 1.535433 0.063011,
        -2.926137 1.535433 0.011868,
        -2.949550 1.535433 0.067704,
        -2.907791 1.535433 0.025945,
        -2.944857 1.535433 0.073819,
        -2.893714 1.535433 0.044291,
        -2.941907 1.535433 0.080941,
        -2.884865 1.535433 0.065656,
        -2.888882 1.535433 0.278832,
        -2.831839 1.535433 0.263548,
        -2.880033 1.535433 0.300197,
        -2.829509 1.535433 0.269540,
        -2.865955 1.535433 0.318543,
        -2.825937 1.535433 0.274885,
        -2.821293 1.535433 0.279331,
        -2.803318 1.417323 0.344488,
        -2.803318 1.417323 0.285433,
        -2.826245 1.417323 0.341470,
        -2.809709 1.417323 0.284733,
        -2.847609 1.417323 0.332620,
        -3.149606 1.417323 0.000000,
        -3.149606 1.417323 0.059055,
        -2.970428 1.417323 0.000000,
        -2.970428 1.417323 0.059055,
        -2.947502 1.417323 0.003019,
        -2.962786 1.417323 0.060061,
        -2.926137 1.417323 0.011868,
        -2.955665 1.417323 0.063011,
        -2.907791 1.417323 0.025945,
        -2.949550 1.417323 0.067704,
        -2.893714 1.417323 0.044291,
        -2.944857 1.417323 0.073819,
        -2.884865 1.417323 0.065656,
        -2.941907 1.417323 0.080941,
        -2.831839 1.417323 0.263548,
        -2.888882 1.417323 0.278832,
        -2.829509 1.417323 0.269540,
        -2.880033 1.417323 0.300197,
        -2.825937 1.417323 0.274885,
        -2.865955 1.417323 0.318543,
        -2.821293 1.417323 0.279331,
        -2.815797 1.417323 0.282667,
        -2.803318 1.338583 0.285433,
        -2.803318 1.338583 0.344488,
        -2.809709 1.338583 0.284733,
        -2.826245 1.338583 0.341470,
        -2.815797 1.338583 0.282667,
        -2.847609 1.338583 0.332620,
        -3.149606 1.338583 0.059055,
        -3.149606 1.338583 0.000000,
        -2.970428 1.338583 0.059055,
        -2.970428 1.338583 0.000000,
        -2.962786 1.338583 0.060061,
        -2.947502 1.338583 0.003019,
        -2.955665 1.338583 0.063011,
        -2.926137 1.338583 0.011868,
        -2.949550 1.338583 0.067704,
        -2.907791 1.338583 0.025945,
        -2.944857 1.338583 0.073819,
        -2.893714 1.338583 0.044291,
        -2.941907 1.338583 0.080941,
        -2.884865 1.338583 0.065656,
        -2.888882 1.338583 0.278832,
        -2.831839 1.338583 0.263548,
        -2.880033 1.338583 0.300197,
        -2.829509 1.338583 0.269540,
        -2.865955 1.338583 0.318543,
        -2.825937 1.338583 0.274885,
        -2.821293 1.338583 0.279331,
        -2.803318 1.220472 0.344488,
        -2.803318 1.220472 0.285433,
        -2.826245 1.220472 0.341470,
        -2.809709 1.220472 0.284733,
        -2.847609 1.220472 0.332620,
        -3.149606 1.220472 0.000000,
        -3.149606 1.220472 0.059055,
        -2.970428 1.220472 0.000000,
        -2.970428 1.220472 0.059055,
        -2.947502 1.220472 0.003019,
        -2.962786 1.220472 0.060061,
        -2.926137 1.220472 0.011868,
        -2.955665 1.220472 0.063011,
        -2.907791 1.220472 0.025945,
        -2.949550 1.220472 0.067704,
        -2.893714 1.220472 0.044291,
        -2.944857 1.220472 0.073819,
        -2.884865 1.220472 0.065656,
        -2.941907 1.220472 0.080941,
        -2.831839 1.220472 0.263548,
        -2.888882 1.220472 0.278832,
        -2.829509 1.220472 0.269540,
        -2.880033 1.220472 0.300197,
        -2.825937 1.220472 0.274885,
        -2.865955 1.220472 0.318543,
        -2.821293 1.220472 0.279331,
        -2.815797 1.220472 0.282667,
        -2.803318 1.141732 0.285433,
        -2.803318 1.141732 0.344488,
        -2.809709 1.141732 0.284733,
        -2.826245 1.141732 0.341470,
        -2.815797 1.141732 0.282667,
        -2.847609 1.141732 0.332620,
        -3.149606 1.141732 0.059055,
        -3.149606 1.141732 0.000000,
        -2.970428 1.141732 0.059055,
        -2.970428 1.141732 0.000000,
        -2.962786 1.141732 0.060061,
        -2.947502 1.141732 0.003019,
        -2.955665 1.141732 0.063011,
        -2.926137 1.141732 0.011868,
        -2.949550 1.141732 0.067704,
        -2.907791 1.141732 0.025945,
        -2.944857 1.141732 0.073819,
        -2.893714 1.141732 0.044291,
        -2.941907 1.141732 0.080941,
        -2.884865 1.141732 0.065656,
        -2.888882 1.141732 0.278832,
        -2.831839 1.141732 0.263548,
        -2.880033 1.141732 0.300197,
        -2.829509 1.141732 0.269540,
        -2.865955 1.141732 0.318543,
        -2.825937 1.141732 0.274885,
        -2.821293 1.141732 0.279331,
        -2.803318 1.023622 0.344488,
        -2.803318 1.023622 0.285433,
        -2.826245 1.023622 0.341470,
        -2.809709 1.023622 0.284733,
        -2.847609 1.023622 0.332620,
        -3.149606 1.023622 0.000000,
        -3.149606 1.023622 0.059055,
        -2.970428 1.023622 0.000000,
        -2.970428 1.023622 0.059055,
        -2.947502 1.023622 0.003019,
        -2.962786 1.023622 0.060061,
        -2.926137 1.023622 0.011868,
        -2.955665 1.023622 0.063011,
        -2.907791 1.023622 0.025945,
        -2.949550 1.023622 0.067704,
        -2.893714 1.023622 0.044291,
        -2.944857 1.023622 0.073819,
        -2.884865 1.023622 0.065656,
        -2.941907 1.023622 0.080941,
        -2.831839 1.023622 0.263548,
        -2.888882 1.023622 0.278832,
        -2.829509 1.023622 0.269540,
        -2.880033 1.023622 0.300197,
        -2.825937 1.023622 0.274885,
        -2.865955 1.023622 0.318543,
        -2.821293 1.023622 0.279331,
        -2.815797 1.023622 0.282667,
        -2.803318 0.944882 0.285433,
        -2.803318 0.944882 0.344488,
        -2.809709 0.944882 0.284733,
        -2.826245 0.944882 0.341470,
        -2.815797 0.944882 0.282667,
        -2.847609 0.944882 0.332620,
        -3.149606 0.944882 0.059055,
        -3.149606 0.944882 0.000000,
        -2.970428 0.944882 0.059055,
        -2.970428 0.944882 0.000000,
        -2.962786 0.944882 0.060061,
        -2.947502 0.944882 0.003019,
        -2.955665 0.944882 0.063011,
        -2.926137 0.944882 0.011868,
        -2.949550 0.944882 0.067704,
        -2.907791 0.944882 0.025945,
        -2.944857 0.944882 0.073819,
        -2.893714 0.944882 0.044291,
        -2.941907 0.944882 0.080941,
        -2.884865 0.944882 0.065656,
        -2.888882 0.944882 0.278832,
        -2.831839 0.944882 0.263548,
        -2.880033 0.944882 0.300197,
        -2.829509 0.944882 0.269540,
        -2.865955 0.944882 0.318543,
        -2.825937 0.944882 0.274885,
        -2.821293 0.944882 0.279331,
        -2.803318 0.826772 0.344488,
        -2.803318 0.826772 0.285433,
        -2.826245 0.826772 0.341470,
        -2.809709 0.826772 0.284733,
        -2.847609 0.826772 0.332620,
        -3.149606 0.826772 0.000000,
        -3.149606 0.826772 0.059055,
        -2.970428 0.826772 0.000000,
        -2.970428 0.826772 0.059055,
        -2.947502 0.826772 0.003019,
        -2.962786 0.826772 0.060061,
        -2.926137 0.826772 0.011868,
        -2.955665 0.826772 0.063011,
        -2.907791 0.826772 0.025945,
        -2.949550 0.826772 0.067704,
        -2.893714 0.826772 0.044291,
        -2.944857 0.826772 0.073819,
        -2.884865 0.826772 0.065656,
        -2.941907 0.826772 0.080941,
        -2.831839 0.826772 0.263548,
        -2.888882 0.826772 0.278832,
        -2.829509 0.826772 0.269540,
        -2.880033 0.826772 0.300197,
        -2.825937 0.826772 0.274885,
        -2.865955 0.826772 0.318543,
        -2.821293 0.826772 0.279331,
        -2.815797 0.826772 0.282667,
        -2.803318 0.748031 0.285433,
        -2.803318 0.748031 0.344488,
        -2.809709 0.748031 0.284733,
        -2.826245 0.748031 0.341470,
        -2.815797 0.748031 0.282667,
        -2.847609 0.748031 0.332620,
        -3.149606 0.748031 0.059055,
        -3.149606 0.748031 0.000000,
        -2.970428 0.748031 0.059055,
        -2.970428 0.748031 0.000000,
        -2.962786 0.748031 0.060061,
        -2.947502 0.748031 0.003019,
        -2.955665 0.748031 0.063011,
        -2.926137 0.748031 0.011868,
        -2.949550 0.748031 0.067704,
        -2.907791 0.748031 0.025945,
        -2.944857 0.748031 0.073819,
        -2.893714 0.748031 0.044291,
        -2.941907 0.748031 0.080941,
        -2.884865 0.748031 0.065656,
        -2.888882 0.748031 0.278832,
        -2.831839 0.748031 0.263548,
        -2.880033 0.748031 0.300197,
        -2.829509 0.748031 0.269540,
        -2.865955 0.748031 0.318543,
        -2.825937 0.748031 0.274885,
        -2.821293 0.748031 0.279331,
        -2.803318 0.629921 0.344488,
        -2.803318 0.629921 0.285433,
        -2.826245 0.629921 0.341470,
        -2.809709 0.629921 0.284733,
        -2.847609 0.629921 0.332620,
        -3.149606 0.629921 0.000000,
        -3.149606 0.629921 0.059055,
        -2.970428 0.629921 0.000000,
        -2.970428 0.629921 0.059055,
        -2.947502 0.629921 0.003019,
        -2.962786 0.629921 0.060061,
        -2.926137 0.629921 0.011868,
        -2.955665 0.629921 0.063011,
        -2.907791 0.629921 0.025945,
        -2.949550 0.629921 0.067704,
        -2.893714 0.629921 0.044291,
        -2.944857 0.629921 0.073819,
        -2.884865 0.629921 0.065656,
        -2.941907 0.629921 0.080941,
        -2.831839 0.629921 0.263548,
        -2.888882 0.629921 0.278832,
        -2.829509 0.629921 0.269540,
        -2.880033 0.629921 0.300197,
        -2.825937 0.629921 0.274885,
        -2.865955 0.629921 0.318543,
        -2.821293 0.629921 0.279331,
        -2.815797 0.629921 0.282667,
        -2.803318 0.551181 0.285433,
        -2.803318 0.551181 0.344488,
        -2.809709 0.551181 0.284733,
        -2.826245 0.551181 0.341470,
        -2.815797 0.551181 0.282667,
        -2.847609 0.551181 0.332620,
        -3.149606 0.551181 0.059055,
        -3.149606 0.551181 0.000000,
        -2.970428 0.551181 0.059055,
        -2.970428 0.551181 0.000000,
        -2.962786 0.551181 0.060061,
        -2.947502 0.551181 0.003019,
        -2.955665 0.551181 0.063011,
        -2.926137 0.551181 0.011868,
        -2.949550 0.551181 0.067704,
        -2.907791 0.551181 0.025945,
        -2.944857 0.551181 0.073819,
        -2.893714 0.551181 0.044291,
        -2.941907 0.551181 0.080941,
        -2.884865 0.551181 0.065656,
        -2.888882 0.551181 0.278832,
        -2.831839 0.551181 0.263548,
        -2.880033 0.551181 0.300197,
        -2.829509 0.551181 0.269540,
        -2.865955 0.551181 0.318543,
        -2.825937 0.551181 0.274885,
        -2.821293 0.551181 0.279331,
        -2.803318 0.433071 0.344488,
        -2.803318 0.433071 0.285433,
        -2.826245 0.433071 0.341470,
        -2.809709 0.433071 0.284733,
        -2.847609 0.433071 0.332620,
        -3.149606 0.433071 0.000000,
        -3.149606 0.433071 0.059055,
        -2.970428 0.433071 0.000000,
        -2.970428 0.433071 0.059055,
        -2.947502 0.433071 0.003019,
        -2.962786 0.433071 0.060061,
        -2.926137 0.433071 0.011868,
        -2.955665 0.433071 0.063011,
        -2.907791 0.433071 0.025945,
        -2.949550 0.433071 0.067704,
        -2.893714 0.433071 0.044291,
        -2.944857 0.433071 0.073819,
        -2.884865 0.433071 0.065656,
        -2.941907 0.433071 0.080941,
        -2.831839 0.433071 0.263548,
        -2.888882 0.433071 0.278832,
        -2.829509 0.433071 0.269540,
        -2.880033 0.433071 0.300197,
        -2.825937 0.433071 0.274885,
        -2.865955 0.433071 0.318543,
        -2.821293 0.433071 0.279331,
        -2.815797 0.433071 0.282667,
        -2.803318 0.354331 0.285433,
        -2.803318 0.354331 0.344488,
        -2.809709 0.354331 0.284733,
        -2.826245 0.354331 0.341470,
        -2.815797 0.354331 0.282667,
        -2.847609 0.354331 0.332620,
        -3.149606 0.354331 0.059055,
        -3.149606 0.354331 0.000000,
        -2.970428 0.354331 0.059055,
        -2.970428 0.354331 0.000000,
        -2.962786 0.354331 0.060061,
        -2.947502 0.354331 0.003019,
        -2.955665 0.354331 0.063011,
        -2.926137 0.354331 0.011868,
        -2.949550 0.354331 0.067704,
        -2.907791 0.354331 0.025945,
        -2.944857 0.354331 0.073819,
        -2.893714 0.354331 0.044291,
        -2.941907 0.354331 0.080941,
        -2.884865 0.354331 0.065656,
        -2.888882 0.354331 0.278832,
        -2.831839 0.354331 0.263548,
        -2.880033 0.354331 0.300197,
        -2.829509 0.354331 0.269540,
        -2.865955 0.354331 0.318543,
        -2.825937 0.354331 0.274885,
        -2.821293 0.354331 0.279331,
        -2.803318 0.236220 0.344488,
        -2.803318 0.236220 0.285433,
        -2.826245 0.236220 0.341470,
        -2.809709 0.236220 0.284733,
        -2.847609 0.236220 0.332620,
        -3.149606 0.236220 0.000000,
        -3.149606 0.236220 0.059055,
        -2.970428 0.236220 0.000000,
        -2.970428 0.236220 0.059055,
        -2.947502 0.236220 0.003019,
        -2.962786 0.236220 0.060061,
        -2.926137 0.236220 0.011868,
        -2.955665 0.236220 0.063011,
        -2.907791 0.236220 0.025945,
        -2.949550 0.236220 0.067704,
        -2.893714 0.236220 0.044291,
        -2.944857 0.236220 0.073819,
        -2.884865 0.236220 0.065656,
        -2.941907 0.236220 0.080941,
        -2.831839 0.236220 0.263548,
        -2.888882 0.236220 0.278832,
        -2.829509 0.236220 0.269540,
        -2.880033 0.236220 0.300197,
        -2.825937 0.236220 0.274885,
        -2.865955 0.236220 0.318543,
        -2.821293 0.236220 0.279331,
        -2.815797 0.236220 0.282667,
        -2.803318 0.157480 0.285433,
        -2.803318 0.157480 0.344488,
        -2.809709 0.157480 0.284733,
        -2.826245 0.157480 0.341470,
        -2.815797 0.157480 0.282667,
        -2.847609 0.157480 0.332620,
        -3.149606 0.157480 0.059055,
        -3.149606 0.157480 0.000000,
        -2.970428 0.157480 0.059055,
        -2.970428 0.157480 0.000000,
        -2.962786 0.157480 0.060061,
        -2.947502 0.157480 0.003019,
        -2.955665 0.157480 0.063011,
        -2.926137 0.157480 0.011868,
        -2.949550 0.157480 0.067704,
        -2.907791 0.157480 0.025945,
        -2.944857 0.157480 0.073819,
        -2.893714 0.157480 0.044291,
        -2.941907 0.157480 0.080941,
        -2.884865 0.157480 0.065656,
        -2.888882 0.157480 0.278832,
        -2.831839 0.157480 0.263548,
        -2.880033 0.157480 0.300197,
        -2.829509 0.157480 0.269540,
        -2.865955 0.157480 0.318543,
        -2.825937 0.157480 0.274885,
        -2.821293 0.157480 0.279331,
        -2.803318 0.039370 0.344488,
        -2.803318 0.039370 0.285433,
        -2.826245 0.039370 0.341470,
        -2.809709 0.039370 0.284733,
        -2.847609 0.039370 0.332620,
        -3.149606 0.039370 0.000000,
        -3.149606 0.039370 0.059055,
        -2.970428 0.039370 0.000000,
        -2.970428 0.039370 0.059055,
        -2.947502 0.039370 0.003019,
        -2.962786 0.039370 0.060061,
        -2.926137 0.039370 0.011868,
        -2.955665 0.039370 0.063011,
        -2.907791 0.039370 0.025945,
        -2.949550 0.039370 0.067704,
        -2.893714 0.039370 0.044291,
        -2.944857 0.039370 0.073819,
        -2.884865 0.039370 0.065656,
        -2.941907 0.039370 0.080941,
        -2.831839 0.039370 0.263548,
        -2.888882 0.039370 0.278832,
        -2.829509 0.039370 0.269540,
        -2.880033 0.039370 0.300197,
        -2.825937 0.039370 0.274885,
        -2.865955 0.039370 0.318543,
        -2.821293 0.039370 0.279331,
        -2.815797 0.039370 0.282667,
        -2.803318 -0.039370 0.285433,
        -2.803318 -0.039370 0.344488,
        -2.809709 -0.039370 0.284733,
        -2.826245 -0.039370 0.341470,
        -2.815797 -0.039370 0.282667,
        -2.847609 -0.039370 0.332620,
        -3.149606 -0.039370 0.059055,
        -3.149606 -0.039370 0.000000,
        -2.970428 -0.039370 0.059055,
        -2.970428 -0.039370 0.000000,
        -2.962786 -0.039370 0.060061,
        -2.947502 -0.039370 0.003019,
        -2.955665 -0.039370 0.063011,
        -2.926137 -0.039370 0.011868,
        -2.949550 -0.039370 0.067704,
        -2.907791 -0.039370 0.025945,
        -2.944857 -0.039370 0.073819,
        -2.893714 -0.039370 0.044291,
        -2.941907 -0.039370 0.080941,
        -2.884865 -0.039370 0.065656,
        -2.888882 -0.039370 0.278832,
        -2.831839 -0.039370 0.263548,
        -2.880033 -0.039370 0.300197,
        -2.829509 -0.039370 0.269540,
        -2.865955 -0.039370 0.318543,
        -2.825937 -0.039370 0.274885,
        -2.821293 -0.039370 0.279331,
        -2.803318 -0.157480 0.344488,
        -2.803318 -0.157480 0.285433,
        -2.826245 -0.157480 0.341470,
        -2.809709 -0.157480 0.284733,
        -2.847609 -0.157480 0.332620,
        -3.149606 -0.157480 0.000000,
        -3.149606 -0.157480 0.059055,
        -2.970428 -0.157480 0.000000,
        -2.970428 -0.157480 0.059055,
        -2.947502 -0.157480 0.003019,
        -2.962786 -0.157480 0.060061,
        -2.926137 -0.157480 0.011868,
        -2.955665 -0.157480 0.063011,
        -2.907791 -0.157480 0.025945,
        -2.949550 -0.157480 0.067704,
        -2.893714 -0.157480 0.044291,
        -2.944857 -0.157480 0.073819,
        -2.884865 -0.157480 0.065656,
        -2.941907 -0.157480 0.080941,
        -2.831839 -0.157480 0.263548,
        -2.888882 -0.157480 0.278832,
        -2.829509 -0.157480 0.269540,
        -2.880033 -0.157480 0.300197,
        -2.825937 -0.157480 0.274885,
        -2.865955 -0.157480 0.318543,
        -2.821293 -0.157480 0.279331,
        -2.815797 -0.157480 0.282667,
        -2.803318 -0.236220 0.285433,
        -2.803318 -0.236220 0.344488,
        -2.809709 -0.236220 0.284733,
        -2.826245 -0.236220 0.341470,
        -2.815797 -0.236220 0.282667,
        -2.847609 -0.236220 0.332620,
        -3.149606 -0.236220 0.059055,
        -3.149606 -0.236220 0.000000,
        -2.970428 -0.236220 0.059055,
        -2.970428 -0.236220 0.000000,
        -2.962786 -0.236220 0.060061,
        -2.947502 -0.236220 0.003019,
        -2.955665 -0.236220 0.063011,
        -2.926137 -0.236220 0.011868,
        -2.949550 -0.236220 0.067704,
        -2.907791 -0.236220 0.025945,
        -2.944857 -0.236220 0.073819,
        -2.893714 -0.236220 0.044291,
        -2.941907 -0.236220 0.080941,
        -2.884865 -0.236220 0.065656,
        -2.888882 -0.236220 0.278832,
        -2.831839 -0.236220 0.263548,
        -2.880033 -0.236220 0.300197,
        -2.829509 -0.236220 0.269540,
        -2.865955 -0.236220 0.318543,
        -2.825937 -0.236220 0.274885,
        -2.821293 -0.236220 0.279331,
        -2.803318 -0.354331 0.344488,
        -2.803318 -0.354331 0.285433,
        -2.826245 -0.354331 0.341470,
        -2.809709 -0.354331 0.284733,
        -2.847609 -0.354331 0.332620,
        -3.149606 -0.354331 0.000000,
        -3.149606 -0.354331 0.059055,
        -2.970428 -0.354331 0.000000,
        -2.970428 -0.354331 0.059055,
        -2.947502 -0.354331 0.003019,
        -2.962786 -0.354331 0.060061,
        -2.926137 -0.354331 0.011868,
        -2.955665 -0.354331 0.063011,
        -2.907791 -0.354331 0.025945,
        -2.949550 -0.354331 0.067704,
        -2.893714 -0.354331 0.044291,
        -2.944857 -0.354331 0.073819,
        -2.884865 -0.354331 0.065656,
        -2.941907 -0.354331 0.080941,
        -2.831839 -0.354331 0.263548,
        -2.888882 -0.354331 0.278832,
        -2.829509 -0.354331 0.269540,
        -2.880033 -0.354331 0.300197,
        -2.825937 -0.354331 0.274885,
        -2.865955 -0.354331 0.318543,
        -2.821293 -0.354331 0.279331,
        -2.815797 -0.354331 0.282667,
        -2.803318 -0.433071 0.285433,
        -2.803318 -0.433071 0.344488,
        -2.809709 -0.433071 0.284733,
        -2.826245 -0.433071 0.341470,
        -2.815797 -0.433071 0.282667,
        -2.847609 -0.433071 0.332620,
        -3.149606 -0.433071 0.059055,
        -3.149606 -0.433071 0.000000,
        -2.970428 -0.433071 0.059055,
        -2.970428 -0.433071 0.000000,
        -2.962786 -0.433071 0.060061,
        -2.947502 -0.433071 0.003019,
        -2.955665 -0.433071 0.063011,
        -2.926137 -0.433071 0.011868,
        -2.949550 -0.433071 0.067704,
        -2.907791 -0.433071 0.025945,
        -2.944857 -0.433071 0.073819,
        -2.893714 -0.433071 0.044291,
        -2.941907 -0.433071 0.080941,
        -2.884865 -0.433071 0.065656,
        -2.888882 -0.433071 0.278832,
        -2.831839 -0.433071 0.263548,
        -2.880033 -0.433071 0.300197,
        -2.829509 -0.433071 0.269540,
        -2.865955 -0.433071 0.318543,
        -2.825937 -0.433071 0.274885,
        -2.821293 -0.433071 0.279331,
        -2.803318 -0.551181 0.344488,
        -2.803318 -0.551181 0.285433,
        -2.826245 -0.551181 0.341470,
        -2.809709 -0.551181 0.284733,
        -2.847609 -0.551181 0.332620,
        -3.149606 -0.551181 0.000000,
        -3.149606 -0.551181 0.059055,
        -2.970428 -0.551181 0.000000,
        -2.970428 -0.551181 0.059055,
        -2.947502 -0.551181 0.003019,
        -2.962786 -0.551181 0.060061,
        -2.926137 -0.551181 0.011868,
        -2.955665 -0.551181 0.063011,
        -2.907791 -0.551181 0.025945,
        -2.949550 -0.551181 0.067704,
        -2.893714 -0.551181 0.044291,
        -2.944857 -0.551181 0.073819,
        -2.884865 -0.551181 0.065656,
        -2.941907 -0.551181 0.080941,
        -2.831839 -0.551181 0.263548,
        -2.888882 -0.551181 0.278832,
        -2.829509 -0.551181 0.269540,
        -2.880033 -0.551181 0.300197,
        -2.825937 -0.551181 0.274885,
        -2.865955 -0.551181 0.318543,
        -2.821293 -0.551181 0.279331,
        -2.815797 -0.551181 0.282667,
        -2.803318 -0.629921 0.285433,
        -2.803318 -0.629921 0.344488,
        -2.809709 -0.629921 0.284733,
        -2.826245 -0.629921 0.341470,
        -2.815797 -0.629921 0.282667,
        -2.847609 -0.629921 0.332620,
        -3.149606 -0.629921 0.059055,
        -3.149606 -0.629921 0.000000,
        -2.970428 -0.629921 0.059055,
        -2.970428 -0.629921 0.000000,
        -2.962786 -0.629921 0.060061,
        -2.947502 -0.629921 0.003019,
        -2.955665 -0.629921 0.063011,
        -2.926137 -0.629921 0.011868,
        -2.949550 -0.629921 0.067704,
        -2.907791 -0.629921 0.025945,
        -2.944857 -0.629921 0.073819,
        -2.893714 -0.629921 0.044291,
        -2.941907 -0.629921 0.080941,
        -2.884865 -0.629921 0.065656,
        -2.888882 -0.629921 0.278832,
        -2.831839 -0.629921 0.263548,
        -2.880033 -0.629921 0.300197,
        -2.829509 -0.629921 0.269540,
        -2.865955 -0.629921 0.318543,
        -2.825937 -0.629921 0.274885,
        -2.821293 -0.629921 0.279331,
        -2.803318 -0.748031 0.344488,
        -2.803318 -0.748031 0.285433,
        -2.826245 -0.748031 0.341470,
        -2.809709 -0.748031 0.284733,
        -2.847609 -0.748031 0.332620,
        -3.149606 -0.748031 0.000000,
        -3.149606 -0.748031 0.059055,
        -2.970428 -0.748031 0.000000,
        -2.970428 -0.748031 0.059055,
        -2.947502 -0.748031 0.003019,
        -2.962786 -0.748031 0.060061,
        -2.926137 -0.748031 0.011868,
        -2.955665 -0.748031 0.063011,
        -2.907791 -0.748031 0.025945,
        -2.949550 -0.748031 0.067704,
        -2.893714 -0.748031 0.044291,
        -2.944857 -0.748031 0.073819,
        -2.884865 -0.748031 0.065656,
        -2.941907 -0.748031 0.080941,
        -2.831839 -0.748031 0.263548,
        -2.888882 -0.748031 0.278832,
        -2.829509 -0.748031 0.269540,
        -2.880033 -0.748031 0.300197,
        -2.825937 -0.748031 0.274885,
        -2.865955 -0.748031 0.318543,
        -2.821293 -0.748031 0.279331,
        -2.815797 -0.748031 0.282667,
        -2.803318 -0.826772 0.285433,
        -2.803318 -0.826772 0.344488,
        -2.809709 -0.826772 0.284733,
        -2.826245 -0.826772 0.341470,
        -2.815797 -0.826772 0.282667,
        -2.847609 -0.826772 0.332620,
        -3.149606 -0.826772 0.059055,
        -3.149606 -0.826772 0.000000,
        -2.970428 -0.826772 0.059055,
        -2.970428 -0.826772 0.000000,
        -2.962786 -0.826772 0.060061,
        -2.947502 -0.826772 0.003019,
        -2.955665 -0.826772 0.063011,
        -2.926137 -0.826772 0.011868,
        -2.949550 -0.826772 0.067704,
        -2.907791 -0.826772 0.025945,
        -2.944857 -0.826772 0.073819,
        -2.893714 -0.826772 0.044291,
        -2.941907 -0.826772 0.080941,
        -2.884865 -0.826772 0.065656,
        -2.888882 -0.826772 0.278832,
        -2.831839 -0.826772 0.263548,
        -2.880033 -0.826772 0.300197,
        -2.829509 -0.826772 0.269540,
        -2.865955 -0.826772 0.318543,
        -2.825937 -0.826772 0.274885,
        -2.821293 -0.826772 0.279331,
        -2.803318 -0.944882 0.344488,
        -2.803318 -0.944882 0.285433,
        -2.826245 -0.944882 0.341470,
        -2.809709 -0.944882 0.284733,
        -2.847609 -0.944882 0.332620,
        -3.149606 -0.944882 0.000000,
        -3.149606 -0.944882 0.059055,
        -2.970428 -0.944882 0.000000,
        -2.970428 -0.944882 0.059055,
        -2.947502 -0.944882 0.003019,
        -2.962786 -0.944882 0.060061,
        -2.926137 -0.944882 0.011868,
        -2.955665 -0.944882 0.063011,
        -2.907791 -0.944882 0.025945,
        -2.949550 -0.944882 0.067704,
        -2.893714 -0.944882 0.044291,
        -2.944857 -0.944882 0.073819,
        -2.884865 -0.944882 0.065656,
        -2.941907 -0.944882 0.080941,
        -2.831839 -0.944882 0.263548,
        -2.888882 -0.944882 0.278832,
        -2.829509 -0.944882 0.269540,
        -2.880033 -0.944882 0.300197,
        -2.825937 -0.944882 0.274885,
        -2.865955 -0.944882 0.318543,
        -2.821293 -0.944882 0.279331,
        -2.815797 -0.944882 0.282667,
        -2.803318 -1.023622 0.285433,
        -2.803318 -1.023622 0.344488,
        -2.809709 -1.023622 0.284733,
        -2.826245 -1.023622 0.341470,
        -2.815797 -1.023622 0.282667,
        -2.847609 -1.023622 0.332620,
        -3.149606 -1.023622 0.059055,
        -3.149606 -1.023622 0.000000,
        -2.970428 -1.023622 0.059055,
        -2.970428 -1.023622 0.000000,
        -2.962786 -1.023622 0.060061,
        -2.947502 -1.023622 0.003019,
        -2.955665 -1.023622 0.063011,
        -2.926137 -1.023622 0.011868,
        -2.949550 -1.023622 0.067704,
        -2.907791 -1.023622 0.025945,
        -2.944857 -1.023622 0.073819,
        -2.893714 -1.023622 0.044291,
        -2.941907 -1.023622 0.080941,
        -2.884865 -1.023622 0.065656,
        -2.888882 -1.023622 0.278832,
        -2.831839 -1.023622 0.263548,
        -2.880033 -1.023622 0.300197,
        -2.829509 -1.023622 0.269540,
        -2.865955 -1.023622 0.318543,
        -2.825937 -1.023622 0.274885,
        -2.821293 -1.023622 0.279331,
        -2.803318 -1.141732 0.344488,
        -2.803318 -1.141732 0.285433,
        -2.826245 -1.141732 0.341470,
        -2.809709 -1.141732 0.284733,
        -2.847609 -1.141732 0.332620,
        -3.149606 -1.141732 0.000000,
        -3.149606 -1.141732 0.059055,
        -2.970428 -1.141732 0.000000,
        -2.970428 -1.141732 0.059055,
        -2.947502 -1.141732 0.003019,
        -2.962786 -1.141732 0.060061,
        -2.926137 -1.141732 0.011868,
        -2.955665 -1.141732 0.063011,
        -2.907791 -1.141732 0.025945,
        -2.949550 -1.141732 0.067704,
        -2.893714 -1.141732 0.044291,
        -2.944857 -1.141732 0.073819,
        -2.884865 -1.141732 0.065656,
        -2.941907 -1.141732 0.080941,
        -2.831839 -1.141732 0.263548,
        -2.888882 -1.141732 0.278832,
        -2.829509 -1.141732 0.269540,
        -2.880033 -1.141732 0.300197,
        -2.825937 -1.141732 0.274885,
        -2.865955 -1.141732 0.318543,
        -2.821293 -1.141732 0.279331,
        -2.815797 -1.141732 0.282667,
        -2.803318 -1.220472 0.285433,
        -2.803318 -1.220472 0.344488,
        -2.809709 -1.220472 0.284733,
        -2.826245 -1.220472 0.341470,
        -2.815797 -1.220472 0.282667,
        -2.847609 -1.220472 0.332620,
        -3.149606 -1.220472 0.059055,
        -3.149606 -1.220472 0.000000,
        -2.970428 -1.220472 0.059055,
        -2.970428 -1.220472 0.000000,
        -2.962786 -1.220472 0.060061,
        -2.947502 -1.220472 0.003019,
        -2.955665 -1.220472 0.063011,
        -2.926137 -1.220472 0.011868,
        -2.949550 -1.220472 0.067704,
        -2.907791 -1.220472 0.025945,
        -2.944857 -1.220472 0.073819,
        -2.893714 -1.220472 0.044291,
        -2.941907 -1.220472 0.080941,
        -2.884865 -1.220472 0.065656,
        -2.888882 -1.220472 0.278832,
        -2.831839 -1.220472 0.263548,
        -2.880033 -1.220472 0.300197,
        -2.829509 -1.220472 0.269540,
        -2.865955 -1.220472 0.318543,
        -2.825937 -1.220472 0.274885,
        -2.821293 -1.220472 0.279331,
        -2.803318 -1.338583 0.344488,
        -2.803318 -1.338583 0.285433,
        -2.826245 -1.338583 0.341470,
        -2.809709 -1.338583 0.284733,
        -2.847609 -1.338583 0.332620,
        -3.149606 -1.338583 0.000000,
        -3.149606 -1.338583 0.059055,
        -2.970428 -1.338583 0.000000,
        -2.970428 -1.338583 0.059055,
        -2.947502 -1.338583 0.003019,
        -2.962786 -1.338583 0.060061,
        -2.926137 -1.338583 0.011868,
        -2.955665 -1.338583 0.063011,
        -2.907791 -1.338583 0.025945,
        -2.949550 -1.338583 0.067704,
        -2.893714 -1.338583 0.044291,
        -2.944857 -1.338583 0.073819,
        -2.884865 -1.338583 0.065656,
        -2.941907 -1.338583 0.080941,
        -2.831839 -1.338583 0.263548,
        -2.888882 -1.338583 0.278832,
        -2.829509 -1.338583 0.269540,
        -2.880033 -1.338583 0.300197,
        -2.825937 -1.338583 0.274885,
        -2.865955 -1.338583 0.318543,
        -2.821293 -1.338583 0.279331,
        -2.815797 -1.338583 0.282667,
        -2.803318 -1.417323 0.285433,
        -2.803318 -1.417323 0.344488,
        -2.809709 -1.417323 0.284733,
        -2.826245 -1.417323 0.341470,
        -2.815797 -1.417323 0.282667,
        -2.847609 -1.417323 0.332620,
        -3.149606 -1.417323 0.059055,
        -3.149606 -1.417323 0.000000,
        -2.970428 -1.417323 0.059055,
        -2.970428 -1.417323 0.000000,
        -2.962786 -1.417323 0.060061,
        -2.947502 -1.417323 0.003019,
        -2.955665 -1.417323 0.063011,
        -2.926137 -1.417323 0.011868,
        -2.949550 -1.417323 0.067704,
        -2.907791 -1.417323 0.025945,
        -2.944857 -1.417323 0.073819,
        -2.893714 -1.417323 0.044291,
        -2.941907 -1.417323 0.080941,
        -2.884865 -1.417323 0.065656,
        -2.888882 -1.417323 0.278832,
        -2.831839 -1.417323 0.263548,
        -2.880033 -1.417323 0.300197,
        -2.829509 -1.417323 0.269540,
        -2.865955 -1.417323 0.318543,
        -2.825937 -1.417323 0.274885,
        -2.821293 -1.417323 0.279331,
        -2.803318 -1.535433 0.344488,
        -2.803318 -1.535433 0.285433,
        -2.826245 -1.535433 0.341470,
        -2.809709 -1.535433 0.284733,
        -2.847609 -1.535433 0.332620,
        -3.149606 -1.535433 0.000000,
        -3.149606 -1.535433 0.059055,
        -2.970428 -1.535433 0.000000,
        -2.970428 -1.535433 0.059055,
        -2.947502 -1.535433 0.003019,
        -2.962786 -1.535433 0.060061,
        -2.926137 -1.535433 0.011868,
        -2.955665 -1.535433 0.063011,
        -2.907791 -1.535433 0.025945,
        -2.949550 -1.535433 0.067704,
        -2.893714 -1.535433 0.044291,
        -2.944857 -1.535433 0.073819,
        -2.884865 -1.535433 0.065656,
        -2.941907 -1.535433 0.080941,
        -2.831839 -1.535433 0.263548,
        -2.888882 -1.535433 0.278832,
        -2.829509 -1.535433 0.269540,
        -2.880033 -1.535433 0.300197,
        -2.825937 -1.535433 0.274885,
        -2.865955 -1.535433 0.318543,
        -2.821293 -1.535433 0.279331,
        -2.815797 -1.535433 0.282667,
        -2.803318 -1.614173 0.285433,
        -2.803318 -1.614173 0.344488,
        -2.809709 -1.614173 0.284733,
        -2.826245 -1.614173 0.341470,
        -2.815797 -1.614173 0.282667,
        -2.847609 -1.614173 0.332620,
        -3.149606 -1.614173 0.059055,
        -3.149606 -1.614173 0.000000,
        -2.970428 -1.614173 0.059055,
        -2.970428 -1.614173 0.000000,
        -2.962786 -1.614173 0.060061,
        -2.947502 -1.614173 0.003019,
        -2.955665 -1.614173 0.063011,
        -2.926137 -1.614173 0.011868,
        -2.949550 -1.614173 0.067704,
        -2.907791 -1.614173 0.025945,
        -2.944857 -1.614173 0.073819,
        -2.893714 -1.614173 0.044291,
        -2.941907 -1.614173 0.080941,
        -2.884865 -1.614173 0.065656,
        -2.888882 -1.614173 0.278832,
        -2.831839 -1.614173 0.263548,
        -2.880033 -1.614173 0.300197,
        -2.829509 -1.614173 0.269540,
        -2.865955 -1.614173 0.318543,
        -2.825937 -1.614173 0.274885,
        -2.821293 -1.614173 0.279331,
        -2.803318 -1.732283 0.344488,
        -2.803318 -1.732283 0.285433,
        -2.826245 -1.732283 0.341470,
        -2.809709 -1.732283 0.284733,
        -2.847609 -1.732283 0.332620,
        -3.149606 -1.732283 0.000000,
        -3.149606 -1.732283 0.059055,
        -2.970428 -1.732283 0.000000,
        -2.970428 -1.732283 0.059055,
        -2.947502 -1.732283 0.003019,
        -2.962786 -1.732283 0.060061,
        -2.926137 -1.732283 0.011868,
        -2.955665 -1.732283 0.063011,
        -2.907791 -1.732283 0.025945,
        -2.949550 -1.732283 0.067704,
        -2.893714 -1.732283 0.044291,
        -2.944857 -1.732283 0.073819,
        -2.884865 -1.732283 0.065656,
        -2.941907 -1.732283 0.080941,
        -2.831839 -1.732283 0.263548,
        -2.888882 -1.732283 0.278832,
        -2.829509 -1.732283 0.269540,
        -2.880033 -1.732283 0.300197,
        -2.825937 -1.732283 0.274885,
        -2.865955 -1.732283 0.318543,
        -2.821293 -1.732283 0.279331,
        -2.815797 -1.732283 0.282667,
        -2.803318 -1.811024 0.285433,
        -2.803318 -1.811024 0.344488,
        -2.809709 -1.811024 0.284733,
        -2.826245 -1.811024 0.341470,
        -2.815797 -1.811024 0.282667,
        -2.847609 -1.811024 0.332620,
        -3.149606 -1.811024 0.059055,
        -3.149606 -1.811024 0.000000,
        -2.970428 -1.811024 0.059055,
        -2.970428 -1.811024 0.000000,
        -2.962786 -1.811024 0.060061,
        -2.947502 -1.811024 0.003019,
        -2.955665 -1.811024 0.063011,
        -2.926137 -1.811024 0.011868,
        -2.949550 -1.811024 0.067704,
        -2.907791 -1.811024 0.025945,
        -2.944857 -1.811024 0.073819,
        -2.893714 -1.811024 0.044291,
        -2.941907 -1.811024 0.080941,
        -2.884865 -1.811024 0.065656,
        -2.888882 -1.811024 0.278832,
        -2.831839 -1.811024 0.263548,
        -2.880033 -1.811024 0.300197,
        -2.829509 -1.811024 0.269540,
        -2.865955 -1.811024 0.318543,
        -2.825937 -1.811024 0.274885,
        -2.821293 -1.811024 0.279331,
        -2.803318 -1.929134 0.344488,
        -2.803318 -1.929134 0.285433,
        -2.826245 -1.929134 0.341470,
        -2.809709 -1.929134 0.284733,
        -2.847609 -1.929134 0.332620,
        -3.149606 -1.929134 0.000000,
        -3.149606 -1.929134 0.059055,
        -2.970428 -1.929134 0.000000,
        -2.970428 -1.929134 0.059055,
        -2.947502 -1.929134 0.003019,
        -2.962786 -1.929134 0.060061,
        -2.926137 -1.929134 0.011868,
        -2.955665 -1.929134 0.063011,
        -2.907791 -1.929134 0.025945,
        -2.949550 -1.929134 0.067704,
        -2.893714 -1.929134 0.044291,
        -2.944857 -1.929134 0.073819,
        -2.884865 -1.929134 0.065656,
        -2.941907 -1.929134 0.080941,
        -2.831839 -1.929134 0.263548,
        -2.888882 -1.929134 0.278832,
        -2.829509 -1.929134 0.269540,
        -2.880033 -1.929134 0.300197,
        -2.825937 -1.929134 0.274885,
        -2.865955 -1.929134 0.318543,
        -2.821293 -1.929134 0.279331,
        -2.815797 -1.929134 0.282667,
        -2.803318 -2.007874 0.285433,
        -2.803318 -2.007874 0.344488,
        -2.809709 -2.007874 0.284733,
        -2.826245 -2.007874 0.341470,
        -2.815797 -2.007874 0.282667,
        -2.847609 -2.007874 0.332620,
        -3.149606 -2.007874 0.059055,
        -3.149606 -2.007874 0.000000,
        -2.970428 -2.007874 0.059055,
        -2.970428 -2.007874 0.000000,
        -2.962786 -2.007874 0.060061,
        -2.947502 -2.007874 0.003019,
        -2.955665 -2.007874 0.063011,
        -2.926137 -2.007874 0.011868,
        -2.949550 -2.007874 0.067704,
        -2.907791 -2.007874 0.025945,
        -2.944857 -2.007874 0.073819,
        -2.893714 -2.007874 0.044291,
        -2.941907 -2.007874 0.080941,
        -2.884865 -2.007874 0.065656,
        -2.888882 -2.007874 0.278832,
        -2.831839 -2.007874 0.263548,
        -2.880033 -2.007874 0.300197,
        -2.829509 -2.007874 0.269540,
        -2.865955 -2.007874 0.318543,
        -2.825937 -2.007874 0.274885,
        -2.821293 -2.007874 0.279331,
        -2.803318 -2.125984 0.344488,
        -2.803318 -2.125984 0.285433,
        -2.826245 -2.125984 0.341470,
        -2.809709 -2.125984 0.284733,
        -2.847609 -2.125984 0.332620,
        -3.149606 -2.125984 0.000000,
        -3.149606 -2.125984 0.059055,
        -2.970428 -2.125984 0.000000,
        -2.970428 -2.125984 0.059055,
        -2.947502 -2.125984 0.003019,
        -2.962786 -2.125984 0.060061,
        -2.926137 -2.125984 0.011868,
        -2.955665 -2.125984 0.063011,
        -2.907791 -2.125984 0.025945,
        -2.949550 -2.125984 0.067704,
        -2.893714 -2.125984 0.044291,
        -2.944857 -2.125984 0.073819,
        -2.884865 -2.125984 0.065656,
        -2.941907 -2.125984 0.080941,
        -2.831839 -2.125984 0.263548,
        -2.888882 -2.125984 0.278832,
        -2.829509 -2.125984 0.269540,
        -2.880033 -2.125984 0.300197,
        -2.825937 -2.125984 0.274885,
        -2.865955 -2.125984 0.318543,
        -2.821293 -2.125984 0.279331,
        -2.815797 -2.125984 0.282667,
        -2.803318 -2.204724 0.285433,
        -2.803318 -2.204724 0.344488,
        -2.809709 -2.204724 0.284733,
        -2.826245 -2.204724 0.341470,
        -2.815797 -2.204724 0.282667,
        -2.847609 -2.204724 0.332620,
        -3.149606 -2.204724 0.059055,
        -3.149606 -2.204724 0.000000,
        -2.970428 -2.204724 0.059055,
        -2.970428 -2.204724 0.000000,
        -2.962786 -2.204724 0.060061,
        -2.947502 -2.204724 0.003019,
        -2.955665 -2.204724 0.063011,
        -2.926137 -2.204724 0.011868,
        -2.949550 -2.204724 0.067704,
        -2.907791 -2.204724 0.025945,
        -2.944857 -2.204724 0.073819,
        -2.893714 -2.204724 0.044291,
        -2.941907 -2.204724 0.080941,
        -2.884865 -2.204724 0.065656,
        -2.888882 -2.204724 0.278832,
        -2.831839 -2.204724 0.263548,
        -2.880033 -2.204724 0.300197,
        -2.829509 -2.204724 0.269540,
        -2.865955 -2.204724 0.318543,
        -2.825937 -2.204724 0.274885,
        -2.821293 -2.204724 0.279331,
        -2.803318 -2.322835 0.344488,
        -2.803318 -2.322835 0.285433,
        -2.826245 -2.322835 0.341470,
        -2.809709 -2.322835 0.284733,
        -2.847609 -2.322835 0.332620,
        -3.149606 -2.322835 0.000000,
        -3.149606 -2.322835 0.059055,
        -2.970428 -2.322835 0.000000,
        -2.970428 -2.322835 0.059055,
        -2.947502 -2.322835 0.003019,
        -2.962786 -2.322835 0.060061,
        -2.926137 -2.322835 0.011868,
        -2.955665 -2.322835 0.063011,
        -2.907791 -2.322835 0.025945,
        -2.949550 -2.322835 0.067704,
        -2.893714 -2.322835 0.044291,
        -2.944857 -2.322835 0.073819,
        -2.884865 -2.322835 0.065656,
        -2.941907 -2.322835 0.080941,
        -2.831839 -2.322835 0.263548,
        -2.888882 -2.322835 0.278832,
        -2.829509 -2.322835 0.269540,
        -2.880033 -2.322835 0.300197,
        -2.825937 -2.322835 0.274885,
        -2.865955 -2.322835 0.318543,
        -2.821293 -2.322835 0.279331,
        -2.815797 -2.322835 0.282667,
        -2.803318 -2.401575 0.285433,
        -2.803318 -2.401575 0.344488,
        -2.809709 -2.401575 0.284733,
        -2.826245 -2.401575 0.341470,
        -2.815797 -2.401575 0.282667,
        -2.847609 -2.401575 0.332620,
        -3.149606 -2.401575 0.059055,
        -3.149606 -2.401575 0.000000,
        -2.970428 -2.401575 0.059055,
        -2.970428 -2.401575 0.000000,
        -2.962786 -2.401575 0.060061,
        -2.947502 -2.401575 0.003019,
        -2.955665 -2.401575 0.063011,
        -2.926137 -2.401575 0.011868,
        -2.949550 -2.401575 0.067704,
        -2.907791 -2.401575 0.025945,
        -2.944857 -2.401575 0.073819,
        -2.893714 -2.401575 0.044291,
        -2.941907 -2.401575 0.080941,
        -2.884865 -2.401575 0.065656,
        -2.888882 -2.401575 0.278832,
        -2.831839 -2.401575 0.263548,
        -2.880033 -2.401575 0.300197,
        -2.829509 -2.401575 0.269540,
        -2.865955 -2.401575 0.318543,
        -2.825937 -2.401575 0.274885,
        -2.821293 -2.401575 0.279331,
        -2.401575 -2.803318 0.344488,
        -2.401575 -2.803318 0.285433,
        -2.401575 -2.826245 0.341470,
        -2.401575 -2.809709 0.284733,
        -2.401575 -2.847609 0.332620,
        -2.401575 -3.149606 0.000000,
        -2.401575 -3.149606 0.059055,
        -2.401575 -2.970428 0.000000,
        -2.401575 -2.970428 0.059055,
        -2.401575 -2.947502 0.003019,
        -2.401575 -2.962786 0.060061,
        -2.401575 -2.926137 0.011868,
        -2.401575 -2.955665 0.063011,
        -2.401575 -2.907791 0.025945,
        -2.401575 -2.949550 0.067704,
        -2.401575 -2.893714 0.044291,
        -2.401575 -2.944857 0.073819,
        -2.401575 -2.884865 0.065656,
        -2.401575 -2.941907 0.080941,
        -2.401575 -2.831839 0.263548,
        -2.401575 -2.888882 0.278832,
        -2.401575 -2.829509 0.269540,
        -2.401575 -2.880033 0.300197,
        -2.401575 -2.825937 0.274885,
        -2.401575 -2.865955 0.318543,
        -2.401575 -2.821293 0.279331,
        -2.401575 -2.815797 0.282667,
        -2.322835 -2.803318 0.285433,
        -2.322835 -2.803318 0.344488,
        -2.322835 -2.809709 0.284733,
        -2.322835 -2.826245 0.341470,
        -2.322835 -2.815797 0.282667,
        -2.322835 -2.847609 0.332620,
        -2.322835 -3.149606 0.059055,
        -2.322835 -3.149606 0.000000,
        -2.322835 -2.970428 0.059055,
        -2.322835 -2.970428 0.000000,
        -2.322835 -2.962786 0.060061,
        -2.322835 -2.947502 0.003019,
        -2.322835 -2.955665 0.063011,
        -2.322835 -2.926137 0.011868,
        -2.322835 -2.949550 0.067704,
        -2.322835 -2.907791 0.025945,
        -2.322835 -2.944857 0.073819,
        -2.322835 -2.893714 0.044291,
        -2.322835 -2.941907 0.080941,
        -2.322835 -2.884865 0.065656,
        -2.322835 -2.888882 0.278832,
        -2.322835 -2.831839 0.263548,
        -2.322835 -2.880033 0.300197,
        -2.322835 -2.829509 0.269540,
        -2.322835 -2.865955 0.318543,
        -2.322835 -2.825937 0.274885,
        -2.322835 -2.821293 0.279331,
        -2.204724 -2.803318 0.344488,
        -2.204724 -2.803318 0.285433,
        -2.204724 -2.826245 0.341470,
        -2.204724 -2.809709 0.284733,
        -2.204724 -2.847609 0.332620,
        -2.204724 -3.149606 0.000000,
        -2.204724 -3.149606 0.059055,
        -2.204724 -2.970428 0.000000,
        -2.204724 -2.970428 0.059055,
        -2.204724 -2.947502 0.003019,
        -2.204724 -2.962786 0.060061,
        -2.204724 -2.926137 0.011868,
        -2.204724 -2.955665 0.063011,
        -2.204724 -2.907791 0.025945,
        -2.204724 -2.949550 0.067704,
        -2.204724 -2.893714 0.044291,
        -2.204724 -2.944857 0.073819,
        -2.204724 -2.884865 0.065656,
        -2.204724 -2.941907 0.080941,
        -2.204724 -2.831839 0.263548,
        -2.204724 -2.888882 0.278832,
        -2.204724 -2.829509 0.269540,
        -2.204724 -2.880033 0.300197,
        -2.204724 -2.825937 0.274885,
        -2.204724 -2.865955 0.318543,
        -2.204724 -2.821293 0.279331,
        -2.204724 -2.815797 0.282667,
        -2.125984 -2.803318 0.285433,
        -2.125984 -2.803318 0.344488,
        -2.125984 -2.809709 0.284733,
        -2.125984 -2.826245 0.341470,
        -2.125984 -2.815797 0.282667,
        -2.125984 -2.847609 0.332620,
        -2.125984 -3.149606 0.059055,
        -2.125984 -3.149606 0.000000,
        -2.125984 -2.970428 0.059055,
        -2.125984 -2.970428 0.000000,
        -2.125984 -2.962786 0.060061,
        -2.125984 -2.947502 0.003019,
        -2.125984 -2.955665 0.063011,
        -2.125984 -2.926137 0.011868,
        -2.125984 -2.949550 0.067704,
        -2.125984 -2.907791 0.025945,
        -2.125984 -2.944857 0.073819,
        -2.125984 -2.893714 0.044291,
        -2.125984 -2.941907 0.080941,
        -2.125984 -2.884865 0.065656,
        -2.125984 -2.888882 0.278832,
        -2.125984 -2.831839 0.263548,
        -2.125984 -2.880033 0.300197,
        -2.125984 -2.829509 0.269540,
        -2.125984 -2.865955 0.318543,
        -2.125984 -2.825937 0.274885,
        -2.125984 -2.821293 0.279331,
        -2.007874 -2.803318 0.344488,
        -2.007874 -2.803318 0.285433,
        -2.007874 -2.826245 0.341470,
        -2.007874 -2.809709 0.284733,
        -2.007874 -2.847609 0.332620,
        -2.007874 -3.149606 0.000000,
        -2.007874 -3.149606 0.059055,
        -2.007874 -2.970428 0.000000,
        -2.007874 -2.970428 0.059055,
        -2.007874 -2.947502 0.003019,
        -2.007874 -2.962786 0.060061,
        -2.007874 -2.926137 0.011868,
        -2.007874 -2.955665 0.063011,
        -2.007874 -2.907791 0.025945,
        -2.007874 -2.949550 0.067704,
        -2.007874 -2.893714 0.044291,
        -2.007874 -2.944857 0.073819,
        -2.007874 -2.884865 0.065656,
        -2.007874 -2.941907 0.080941,
        -2.007874 -2.831839 0.263548,
        -2.007874 -2.888882 0.278832,
        -2.007874 -2.829509 0.269540,
        -2.007874 -2.880033 0.300197,
        -2.007874 -2.825937 0.274885,
        -2.007874 -2.865955 0.318543,
        -2.007874 -2.821293 0.279331,
        -2.007874 -2.815797 0.282667,
        -1.929134 -2.803318 0.285433,
        -1.929134 -2.803318 0.344488,
        -1.929134 -2.809709 0.284733,
        -1.929134 -2.826245 0.341470,
        -1.929134 -2.815797 0.282667,
        -1.929134 -2.847609 0.332620,
        -1.929134 -3.149606 0.059055,
        -1.929134 -3.149606 0.000000,
        -1.929134 -2.970428 0.059055,
        -1.929134 -2.970428 0.000000,
        -1.929134 -2.962786 0.060061,
        -1.929134 -2.947502 0.003019,
        -1.929134 -2.955665 0.063011,
        -1.929134 -2.926137 0.011868,
        -1.929134 -2.949550 0.067704,
        -1.929134 -2.907791 0.025945,
        -1.929134 -2.944857 0.073819,
        -1.929134 -2.893714 0.044291,
        -1.929134 -2.941907 0.080941,
        -1.929134 -2.884865 0.065656,
        -1.929134 -2.888882 0.278832,
        -1.929134 -2.831839 0.263548,
        -1.929134 -2.880033 0.300197,
        -1.929134 -2.829509 0.269540,
        -1.929134 -2.865955 0.318543,
        -1.929134 -2.825937 0.274885,
        -1.929134 -2.821293 0.279331,
        -1.811024 -2.803318 0.344488,
        -1.811024 -2.803318 0.285433,
        -1.811024 -2.826245 0.341470,
        -1.811024 -2.809709 0.284733,
        -1.811024 -2.847609 0.332620,
        -1.811024 -3.149606 0.000000,
        -1.811024 -3.149606 0.059055,
        -1.811024 -2.970428 0.000000,
        -1.811024 -2.970428 0.059055,
        -1.811024 -2.947502 0.003019,
        -1.811024 -2.962786 0.060061,
        -1.811024 -2.926137 0.011868,
        -1.811024 -2.955665 0.063011,
        -1.811024 -2.907791 0.025945,
        -1.811024 -2.949550 0.067704,
        -1.811024 -2.893714 0.044291,
        -1.811024 -2.944857 0.073819,
        -1.811024 -2.884865 0.065656,
        -1.811024 -2.941907 0.080941,
        -1.811024 -2.831839 0.263548,
        -1.811024 -2.888882 0.278832,
        -1.811024 -2.829509 0.269540,
        -1.811024 -2.880033 0.300197,
        -1.811024 -2.825937 0.274885,
        -1.811024 -2.865955 0.318543,
        -1.811024 -2.821293 0.279331,
        -1.811024 -2.815797 0.282667,
        -1.732283 -2.803318 0.285433,
        -1.732283 -2.803318 0.344488,
        -1.732283 -2.809709 0.284733,
        -1.732283 -2.826245 0.341470,
        -1.732283 -2.815797 0.282667,
        -1.732283 -2.847609 0.332620,
        -1.732283 -3.149606 0.059055,
        -1.732283 -3.149606 0.000000,
        -1.732283 -2.970428 0.059055,
        -1.732283 -2.970428 0.000000,
        -1.732283 -2.962786 0.060061,
        -1.732283 -2.947502 0.003019,
        -1.732283 -2.955665 0.063011,
        -1.732283 -2.926137 0.011868,
        -1.732283 -2.949550 0.067704,
        -1.732283 -2.907791 0.025945,
        -1.732283 -2.944857 0.073819,
        -1.732283 -2.893714 0.044291,
        -1.732283 -2.941907 0.080941,
        -1.732283 -2.884865 0.065656,
        -1.732283 -2.888882 0.278832,
        -1.732283 -2.831839 0.263548,
        -1.732283 -2.880033 0.300197,
        -1.732283 -2.829509 0.269540,
        -1.732283 -2.865955 0.318543,
        -1.732283 -2.825937 0.274885,
        -1.732283 -2.821293 0.279331,
        -1.614173 -2.803318 0.344488,
        -1.614173 -2.803318 0.285433,
        -1.614173 -2.826245 0.341470,
        -1.614173 -2.809709 0.284733,
        -1.614173 -2.847609 0.332620,
        -1.614173 -3.149606 0.000000,
        -1.614173 -3.149606 0.059055,
        -1.614173 -2.970428 0.000000,
        -1.614173 -2.970428 0.059055,
        -1.614173 -2.947502 0.003019,
        -1.614173 -2.962786 0.060061,
        -1.614173 -2.926137 0.011868,
        -1.614173 -2.955665 0.063011,
        -1.614173 -2.907791 0.025945,
        -1.614173 -2.949550 0.067704,
        -1.614173 -2.893714 0.044291,
        -1.614173 -2.944857 0.073819,
        -1.614173 -2.884865 0.065656,
        -1.614173 -2.941907 0.080941,
        -1.614173 -2.831839 0.263548,
        -1.614173 -2.888882 0.278832,
        -1.614173 -2.829509 0.269540,
        -1.614173 -2.880033 0.300197,
        -1.614173 -2.825937 0.274885,
        -1.614173 -2.865955 0.318543,
        -1.614173 -2.821293 0.279331,
        -1.614173 -2.815797 0.282667,
        -1.535433 -2.803318 0.285433,
        -1.535433 -2.803318 0.344488,
        -1.535433 -2.809709 0.284733,
        -1.535433 -2.826245 0.341470,
        -1.535433 -2.815797 0.282667,
        -1.535433 -2.847609 0.332620,
        -1.535433 -3.149606 0.059055,
        -1.535433 -3.149606 0.000000,
        -1.535433 -2.970428 0.059055,
        -1.535433 -2.970428 0.000000,
        -1.535433 -2.962786 0.060061,
        -1.535433 -2.947502 0.003019,
        -1.535433 -2.955665 0.063011,
        -1.535433 -2.926137 0.011868,
        -1.535433 -2.949550 0.067704,
        -1.535433 -2.907791 0.025945,
        -1.535433 -2.944857 0.073819,
        -1.535433 -2.893714 0.044291,
        -1.535433 -2.941907 0.080941,
        -1.535433 -2.884865 0.065656,
        -1.535433 -2.888882 0.278832,
        -1.535433 -2.831839 0.263548,
        -1.535433 -2.880033 0.300197,
        -1.535433 -2.829509 0.269540,
        -1.535433 -2.865955 0.318543,
        -1.535433 -2.825937 0.274885,
        -1.535433 -2.821293 0.279331,
        -1.417323 -2.803318 0.344488,
        -1.417323 -2.803318 0.285433,
        -1.417323 -2.826245 0.341470,
        -1.417323 -2.809709 0.284733,
        -1.417323 -2.847609 0.332620,
        -1.417323 -3.149606 0.000000,
        -1.417323 -3.149606 0.059055,
        -1.417323 -2.970428 0.000000,
        -1.417323 -2.970428 0.059055,
        -1.417323 -2.947502 0.003019,
        -1.417323 -2.962786 0.060061,
        -1.417323 -2.926137 0.011868,
        -1.417323 -2.955665 0.063011,
        -1.417323 -2.907791 0.025945,
        -1.417323 -2.949550 0.067704,
        -1.417323 -2.893714 0.044291,
        -1.417323 -2.944857 0.073819,
        -1.417323 -2.884865 0.065656,
        -1.417323 -2.941907 0.080941,
        -1.417323 -2.831839 0.263548,
        -1.417323 -2.888882 0.278832,
        -1.417323 -2.829509 0.269540,
        -1.417323 -2.880033 0.300197,
        -1.417323 -2.825937 0.274885,
        -1.417323 -2.865955 0.318543,
        -1.417323 -2.821293 0.279331,
        -1.417323 -2.815797 0.282667,
        -1.338583 -2.803318 0.285433,
        -1.338583 -2.803318 0.344488,
        -1.338583 -2.809709 0.284733,
        -1.338583 -2.826245 0.341470,
        -1.338583 -2.815797 0.282667,
        -1.338583 -2.847609 0.332620,
        -1.338583 -3.149606 0.059055,
        -1.338583 -3.149606 0.000000,
        -1.338583 -2.970428 0.059055,
        -1.338583 -2.970428 0.000000,
        -1.338583 -2.962786 0.060061,
        -1.338583 -2.947502 0.003019,
        -1.338583 -2.955665 0.063011,
        -1.338583 -2.926137 0.011868,
        -1.338583 -2.949550 0.067704,
        -1.338583 -2.907791 0.025945,
        -1.338583 -2.944857 0.073819,
        -1.338583 -2.893714 0.044291,
        -1.338583 -2.941907 0.080941,
        -1.338583 -2.884865 0.065656,
        -1.338583 -2.888882 0.278832,
        -1.338583 -2.831839 0.263548,
        -1.338583 -2.880033 0.300197,
        -1.338583 -2.829509 0.269540,
        -1.338583 -2.865955 0.318543,
        -1.338583 -2.825937 0.274885,
        -1.338583 -2.821293 0.279331,
        -1.220472 -2.803318 0.344488,
        -1.220472 -2.803318 0.285433,
        -1.220472 -2.826245 0.341470,
        -1.220472 -2.809709 0.284733,
        -1.220472 -2.847609 0.332620,
        -1.220472 -3.149606 0.000000,
        -1.220472 -3.149606 0.059055,
        -1.220472 -2.970428 0.000000,
        -1.220472 -2.970428 0.059055,
        -1.220472 -2.947502 0.003019,
        -1.220472 -2.962786 0.060061,
        -1.220472 -2.926137 0.011868,
        -1.220472 -2.955665 0.063011,
        -1.220472 -2.907791 0.025945,
        -1.220472 -2.949550 0.067704,
        -1.220472 -2.893714 0.044291,
        -1.220472 -2.944857 0.073819,
        -1.220472 -2.884865 0.065656,
        -1.220472 -2.941907 0.080941,
        -1.220472 -2.831839 0.263548,
        -1.220472 -2.888882 0.278832,
        -1.220472 -2.829509 0.269540,
        -1.220472 -2.880033 0.300197,
        -1.220472 -2.825937 0.274885,
        -1.220472 -2.865955 0.318543,
        -1.220472 -2.821293 0.279331,
        -1.220472 -2.815797 0.282667,
        -1.141732 -2.803318 0.285433,
        -1.141732 -2.803318 0.344488,
        -1.141732 -2.809709 0.284733,
        -1.141732 -2.826245 0.341470,
        -1.141732 -2.815797 0.282667,
        -1.141732 -2.847609 0.332620,
        -1.141732 -3.149606 0.059055,
        -1.141732 -3.149606 0.000000,
        -1.141732 -2.970428 0.059055,
        -1.141732 -2.970428 0.000000,
        -1.141732 -2.962786 0.060061,
        -1.141732 -2.947502 0.003019,
        -1.141732 -2.955665 0.063011,
        -1.141732 -2.926137 0.011868,
        -1.141732 -2.949550 0.067704,
        -1.141732 -2.907791 0.025945,
        -1.141732 -2.944857 0.073819,
        -1.141732 -2.893714 0.044291,
        -1.141732 -2.941907 0.080941,
        -1.141732 -2.884865 0.065656,
        -1.141732 -2.888882 0.278832,
        -1.141732 -2.831839 0.263548,
        -1.141732 -2.880033 0.300197,
        -1.141732 -2.829509 0.269540,
        -1.141732 -2.865955 0.318543,
        -1.141732 -2.825937 0.274885,
        -1.141732 -2.821293 0.279331,
        -1.023622 -2.803318 0.344488,
        -1.023622 -2.803318 0.285433,
        -1.023622 -2.826245 0.341470,
        -1.023622 -2.809709 0.284733,
        -1.023622 -2.847609 0.332620,
        -1.023622 -3.149606 0.000000,
        -1.023622 -3.149606 0.059055,
        -1.023622 -2.970428 0.000000,
        -1.023622 -2.970428 0.059055,
        -1.023622 -2.947502 0.003019,
        -1.023622 -2.962786 0.060061,
        -1.023622 -2.926137 0.011868,
        -1.023622 -2.955665 0.063011,
        -1.023622 -2.907791 0.025945,
        -1.023622 -2.949550 0.067704,
        -1.023622 -2.893714 0.044291,
        -1.023622 -2.944857 0.073819,
        -1.023622 -2.884865 0.065656,
        -1.023622 -2.941907 0.080941,
        -1.023622 -2.831839 0.263548,
        -1.023622 -2.888882 0.278832,
        -1.023622 -2.829509 0.269540,
        -1.023622 -2.880033 0.300197,
        -1.023622 -2.825937 0.274885,
        -1.023622 -2.865955 0.318543,
        -1.023622 -2.821293 0.279331,
        -1.023622 -2.815797 0.282667,
        -0.944882 -2.803318 0.285433,
        -0.944882 -2.803318 0.344488,
        -0.944882 -2.809709 0.284733,
        -0.944882 -2.826245 0.341470,
        -0.944882 -2.815797 0.282667,
        -0.944882 -2.847609 0.332620,
        -0.944882 -3.149606 0.059055,
        -0.944882 -3.149606 0.000000,
        -0.944882 -2.970428 0.059055,
        -0.944882 -2.970428 0.000000,
        -0.944882 -2.962786 0.060061,
        -0.944882 -2.947502 0.003019,
        -0.944882 -2.955665 0.063011,
        -0.944882 -2.926137 0.011868,
        -0.944882 -2.949550 0.067704,
        -0.944882 -2.907791 0.025945,
        -0.944882 -2.944857 0.073819,
        -0.944882 -2.893714 0.044291,
        -0.944882 -2.941907 0.080941,
        -0.944882 -2.884865 0.065656,
        -0.944882 -2.888882 0.278832,
        -0.944882 -2.831839 0.263548,
        -0.944882 -2.880033 0.300197,
        -0.944882 -2.829509 0.269540,
        -0.944882 -2.865955 0.318543,
        -0.944882 -2.825937 0.274885,
        -0.944882 -2.821293 0.279331,
        -0.826772 -2.803318 0.344488,
        -0.826772 -2.803318 0.285433,
        -0.826772 -2.826245 0.341470,
        -0.826772 -2.809709 0.284733,
        -0.826772 -2.847609 0.332620,
        -0.826772 -3.149606 0.000000,
        -0.826772 -3.149606 0.059055,
        -0.826772 -2.970428 0.000000,
        -0.826772 -2.970428 0.059055,
        -0.826772 -2.947502 0.003019,
        -0.826772 -2.962786 0.060061,
        -0.826772 -2.926137 0.011868,
        -0.826772 -2.955665 0.063011,
        -0.826772 -2.907791 0.025945,
        -0.826772 -2.949550 0.067704,
        -0.826772 -2.893714 0.044291,
        -0.826772 -2.944857 0.073819,
        -0.826772 -2.884865 0.065656,
        -0.826772 -2.941907 0.080941,
        -0.826772 -2.831839 0.263548,
        -0.826772 -2.888882 0.278832,
        -0.826772 -2.829509 0.269540,
        -0.826772 -2.880033 0.300197,
        -0.826772 -2.825937 0.274885,
        -0.826772 -2.865955 0.318543,
        -0.826772 -2.821293 0.279331,
        -0.826772 -2.815797 0.282667,
        -0.748031 -2.803318 0.285433,
        -0.748031 -2.803318 0.344488,
        -0.748031 -2.809709 0.284733,
        -0.748031 -2.826245 0.341470,
        -0.748031 -2.815797 0.282667,
        -0.748031 -2.847609 0.332620,
        -0.748031 -3.149606 0.059055,
        -0.748031 -3.149606 0.000000,
        -0.748031 -2.970428 0.059055,
        -0.748031 -2.970428 0.000000,
        -0.748031 -2.962786 0.060061,
        -0.748031 -2.947502 0.003019,
        -0.748031 -2.955665 0.063011,
        -0.748031 -2.926137 0.011868,
        -0.748031 -2.949550 0.067704,
        -0.748031 -2.907791 0.025945,
        -0.748031 -2.944857 0.073819,
        -0.748031 -2.893714 0.044291,
        -0.748031 -2.941907 0.080941,
        -0.748031 -2.884865 0.065656,
        -0.748031 -2.888882 0.278832,
        -0.748031 -2.831839 0.263548,
        -0.748031 -2.880033 0.300197,
        -0.748031 -2.829509 0.269540,
        -0.748031 -2.865955 0.318543,
        -0.748031 -2.825937 0.274885,
        -0.748031 -2.821293 0.279331,
        -0.629921 -2.803318 0.344488,
        -0.629921 -2.803318 0.285433,
        -0.629921 -2.826245 0.341470,
        -0.629921 -2.809709 0.284733,
        -0.629921 -2.847609 0.332620,
        -0.629921 -3.149606 0.000000,
        -0.629921 -3.149606 0.059055,
        -0.629921 -2.970428 0.000000,
        -0.629921 -2.970428 0.059055,
        -0.629921 -2.947502 0.003019,
        -0.629921 -2.962786 0.060061,
        -0.629921 -2.926137 0.011868,
        -0.629921 -2.955665 0.063011,
        -0.629921 -2.907791 0.025945,
        -0.629921 -2.949550 0.067704,
        -0.629921 -2.893714 0.044291,
        -0.629921 -2.944857 0.073819,
        -0.629921 -2.884865 0.065656,
        -0.629921 -2.941907 0.080941,
        -0.629921 -2.831839 0.263548,
        -0.629921 -2.888882 0.278832,
        -0.629921 -2.829509 0.269540,
        -0.629921 -2.880033 0.300197,
        -0.629921 -2.825937 0.274885,
        -0.629921 -2.865955 0.318543,
        -0.629921 -2.821293 0.279331,
        -0.629921 -2.815797 0.282667,
        -0.551181 -2.803318 0.285433,
        -0.551181 -2.803318 0.344488,
        -0.551181 -2.809709 0.284733,
        -0.551181 -2.826245 0.341470,
        -0.551181 -2.815797 0.282667,
        -0.551181 -2.847609 0.332620,
        -0.551181 -3.149606 0.059055,
        -0.551181 -3.149606 0.000000,
        -0.551181 -2.970428 0.059055,
        -0.551181 -2.970428 0.000000,
        -0.551181 -2.962786 0.060061,
        -0.551181 -2.947502 0.003019,
        -0.551181 -2.955665 0.063011,
        -0.551181 -2.926137 0.011868,
        -0.551181 -2.949550 0.067704,
        -0.551181 -2.907791 0.025945,
        -0.551181 -2.944857 0.073819,
        -0.551181 -2.893714 0.044291,
        -0.551181 -2.941907 0.080941,
        -0.551181 -2.884865 0.065656,
        -0.551181 -2.888882 0.278832,
        -0.551181 -2.831839 0.263548,
        -0.551181 -2.880033 0.300197,
        -0.551181 -2.829509 0.269540,
        -0.551181 -2.865955 0.318543,
        -0.551181 -2.825937 0.274885,
        -0.551181 -2.821293 0.279331,
        -0.433071 -2.803318 0.344488,
        -0.433071 -2.803318 0.285433,
        -0.433071 -2.826245 0.341470,
        -0.433071 -2.809709 0.284733,
        -0.433071 -2.847609 0.332620,
        -0.433071 -3.149606 0.000000,
        -0.433071 -3.149606 0.059055,
        -0.433071 -2.970428 0.000000,
        -0.433071 -2.970428 0.059055,
        -0.433071 -2.947502 0.003019,
        -0.433071 -2.962786 0.060061,
        -0.433071 -2.926137 0.011868,
        -0.433071 -2.955665 0.063011,
        -0.433071 -2.907791 0.025945,
        -0.433071 -2.949550 0.067704,
        -0.433071 -2.893714 0.044291,
        -0.433071 -2.944857 0.073819,
        -0.433071 -2.884865 0.065656,
        -0.433071 -2.941907 0.080941,
        -0.433071 -2.831839 0.263548,
        -0.433071 -2.888882 0.278832,
        -0.433071 -2.829509 0.269540,
        -0.433071 -2.880033 0.300197,
        -0.433071 -2.825937 0.274885,
        -0.433071 -2.865955 0.318543,
        -0.433071 -2.821293 0.279331,
        -0.433071 -2.815797 0.282667,
        -0.354331 -2.803318 0.285433,
        -0.354331 -2.803318 0.344488,
        -0.354331 -2.809709 0.284733,
        -0.354331 -2.826245 0.341470,
        -0.354331 -2.815797 0.282667,
        -0.354331 -2.847609 0.332620,
        -0.354331 -3.149606 0.059055,
        -0.354331 -3.149606 0.000000,
        -0.354331 -2.970428 0.059055,
        -0.354331 -2.970428 0.000000,
        -0.354331 -2.962786 0.060061,
        -0.354331 -2.947502 0.003019,
        -0.354331 -2.955665 0.063011,
        -0.354331 -2.926137 0.011868,
        -0.354331 -2.949550 0.067704,
        -0.354331 -2.907791 0.025945,
        -0.354331 -2.944857 0.073819,
        -0.354331 -2.893714 0.044291,
        -0.354331 -2.941907 0.080941,
        -0.354331 -2.884865 0.065656,
        -0.354331 -2.888882 0.278832,
        -0.354331 -2.831839 0.263548,
        -0.354331 -2.880033 0.300197,
        -0.354331 -2.829509 0.269540,
        -0.354331 -2.865955 0.318543,
        -0.354331 -2.825937 0.274885,
        -0.354331 -2.821293 0.279331,
        -0.236220 -2.803318 0.344488,
        -0.236220 -2.803318 0.285433,
        -0.236220 -2.826245 0.341470,
        -0.236220 -2.809709 0.284733,
        -0.236220 -2.847609 0.332620,
        -0.236220 -3.149606 0.000000,
        -0.236220 -3.149606 0.059055,
        -0.236220 -2.970428 0.000000,
        -0.236220 -2.970428 0.059055,
        -0.236220 -2.947502 0.003019,
        -0.236220 -2.962786 0.060061,
        -0.236220 -2.926137 0.011868,
        -0.236220 -2.955665 0.063011,
        -0.236220 -2.907791 0.025945,
        -0.236220 -2.949550 0.067704,
        -0.236220 -2.893714 0.044291,
        -0.236220 -2.944857 0.073819,
        -0.236220 -2.884865 0.065656,
        -0.236220 -2.941907 0.080941,
        -0.236220 -2.831839 0.263548,
        -0.236220 -2.888882 0.278832,
        -0.236220 -2.829509 0.269540,
        -0.236220 -2.880033 0.300197,
        -0.236220 -2.825937 0.274885,
        -0.236220 -2.865955 0.318543,
        -0.236220 -2.821293 0.279331,
        -0.236220 -2.815797 0.282667,
        -0.157480 -2.803318 0.285433,
        -0.157480 -2.803318 0.344488,
        -0.157480 -2.809709 0.284733,
        -0.157480 -2.826245 0.341470,
        -0.157480 -2.815797 0.282667,
        -0.157480 -2.847609 0.332620,
        -0.157480 -3.149606 0.059055,
        -0.157480 -3.149606 0.000000,
        -0.157480 -2.970428 0.059055,
        -0.157480 -2.970428 0.000000,
        -0.157480 -2.962786 0.060061,
        -0.157480 -2.947502 0.003019,
        -0.157480 -2.955665 0.063011,
        -0.157480 -2.926137 0.011868,
        -0.157480 -2.949550 0.067704,
        -0.157480 -2.907791 0.025945,
        -0.157480 -2.944857 0.073819,
        -0.157480 -2.893714 0.044291,
        -0.157480 -2.941907 0.080941,
        -0.157480 -2.884865 0.065656,
        -0.157480 -2.888882 0.278832,
        -0.157480 -2.831839 0.263548,
        -0.157480 -2.880033 0.300197,
        -0.157480 -2.829509 0.269540,
        -0.157480 -2.865955 0.318543,
        -0.157480 -2.825937 0.274885,
        -0.157480 -2.821293 0.279331,
        -0.039370 -2.803318 0.344488,
        -0.039370 -2.803318 0.285433,
        -0.039370 -2.826245 0.341470,
        -0.039370 -2.809709 0.284733,
        -0.039370 -2.847609 0.332620,
        -0.039370 -3.149606 0.000000,
        -0.039370 -3.149606 0.059055,
        -0.039370 -2.970428 0.000000,
        -0.039370 -2.970428 0.059055,
        -0.039370 -2.947502 0.003019,
        -0.039370 -2.962786 0.060061,
        -0.039370 -2.926137 0.011868,
        -0.039370 -2.955665 0.063011,
        -0.039370 -2.907791 0.025945,
        -0.039370 -2.949550 0.067704,
        -0.039370 -2.893714 0.044291,
        -0.039370 -2.944857 0.073819,
        -0.039370 -2.884865 0.065656,
        -0.039370 -2.941907 0.080941,
        -0.039370 -2.831839 0.263548,
        -0.039370 -2.888882 0.278832,
        -0.039370 -2.829509 0.269540,
        -0.039370 -2.880033 0.300197,
        -0.039370 -2.825937 0.274885,
        -0.039370 -2.865955 0.318543,
        -0.039370 -2.821293 0.279331,
        -0.039370 -2.815797 0.282667,
        0.039370 -2.803318 0.285433,
        0.039370 -2.803318 0.344488,
        0.039370 -2.809709 0.284733,
        0.039370 -2.826245 0.341470,
        0.039370 -2.815797 0.282667,
        0.039370 -2.847609 0.332620,
        0.039370 -3.149606 0.059055,
        0.039370 -3.149606 0.000000,
        0.039370 -2.970428 0.059055,
        0.039370 -2.970428 0.000000,
        0.039370 -2.962786 0.060061,
        0.039370 -2.947502 0.003019,
        0.039370 -2.955665 0.063011,
        0.039370 -2.926137 0.011868,
        0.039370 -2.949550 0.067704,
        0.039370 -2.907791 0.025945,
        0.039370 -2.944857 0.073819,
        0.039370 -2.893714 0.044291,
        0.039370 -2.941907 0.080941,
        0.039370 -2.884865 0.065656,
        0.039370 -2.888882 0.278832,
        0.039370 -2.831839 0.263548,
        0.039370 -2.880033 0.300197,
        0.039370 -2.829509 0.269540,
        0.039370 -2.865955 0.318543,
        0.039370 -2.825937 0.274885,
        0.039370 -2.821293 0.279331,
        0.157480 -2.803318 0.344488,
        0.157480 -2.803318 0.285433,
        0.157480 -2.826245 0.341470,
        0.157480 -2.809709 0.284733,
        0.157480 -2.847609 0.332620,
        0.157480 -3.149606 0.000000,
        0.157480 -3.149606 0.059055,
        0.157480 -2.970428 0.000000,
        0.157480 -2.970428 0.059055,
        0.157480 -2.947502 0.003019,
        0.157480 -2.962786 0.060061,
        0.157480 -2.926137 0.011868,
        0.157480 -2.955665 0.063011,
        0.157480 -2.907791 0.025945,
        0.157480 -2.949550 0.067704,
        0.157480 -2.893714 0.044291,
        0.157480 -2.944857 0.073819,
        0.157480 -2.884865 0.065656,
        0.157480 -2.941907 0.080941,
        0.157480 -2.831839 0.263548,
        0.157480 -2.888882 0.278832,
        0.157480 -2.829509 0.269540,
        0.157480 -2.880033 0.300197,
        0.157480 -2.825937 0.274885,
        0.157480 -2.865955 0.318543,
        0.157480 -2.821293 0.279331,
        0.157480 -2.815797 0.282667,
        0.236220 -2.803318 0.285433,
        0.236220 -2.803318 0.344488,
        0.236220 -2.809709 0.284733,
        0.236220 -2.826245 0.341470,
        0.236220 -2.815797 0.282667,
        0.236220 -2.847609 0.332620,
        0.236220 -3.149606 0.059055,
        0.236220 -3.149606 0.000000,
        0.236220 -2.970428 0.059055,
        0.236220 -2.970428 0.000000,
        0.236220 -2.962786 0.060061,
        0.236220 -2.947502 0.003019,
        0.236220 -2.955665 0.063011,
        0.236220 -2.926137 0.011868,
        0.236220 -2.949550 0.067704,
        0.236220 -2.907791 0.025945,
        0.236220 -2.944857 0.073819,
        0.236220 -2.893714 0.044291,
        0.236220 -2.941907 0.080941,
        0.236220 -2.884865 0.065656,
        0.236220 -2.888882 0.278832,
        0.236220 -2.831839 0.263548,
        0.236220 -2.880033 0.300197,
        0.236220 -2.829509 0.269540,
        0.236220 -2.865955 0.318543,
        0.236220 -2.825937 0.274885,
        0.236220 -2.821293 0.279331,
        0.354331 -2.803318 0.344488,
        0.354331 -2.803318 0.285433,
        0.354331 -2.826245 0.341470,
        0.354331 -2.809709 0.284733,
        0.354331 -2.847609 0.332620,
        0.354331 -3.149606 0.000000,
        0.354331 -3.149606 0.059055,
        0.354331 -2.970428 0.000000,
        0.354331 -2.970428 0.059055,
        0.354331 -2.947502 0.003019,
        0.354331 -2.962786 0.060061,
        0.354331 -2.926137 0.011868,
        0.354331 -2.955665 0.063011,
        0.354331 -2.907791 0.025945,
        0.354331 -2.949550 0.067704,
        0.354331 -2.893714 0.044291,
        0.354331 -2.944857 0.073819,
        0.354331 -2.884865 0.065656,
        0.354331 -2.941907 0.080941,
        0.354331 -2.831839 0.263548,
        0.354331 -2.888882 0.278832,
        0.354331 -2.829509 0.269540,
        0.354331 -2.880033 0.300197,
        0.354331 -2.825937 0.274885,
        0.354331 -2.865955 0.318543,
        0.354331 -2.821293 0.279331,
        0.354331 -2.815797 0.282667,
        0.433071 -2.803318 0.285433,
        0.433071 -2.803318 0.344488,
        0.433071 -2.809709 0.284733,
        0.433071 -2.826245 0.341470,
        0.433071 -2.815797 0.282667,
        0.433071 -2.847609 0.332620,
        0.433071 -3.149606 0.059055,
        0.433071 -3.149606 0.000000,
        0.433071 -2.970428 0.059055,
        0.433071 -2.970428 0.000000,
        0.433071 -2.962786 0.060061,
        0.433071 -2.947502 0.003019,
        0.433071 -2.955665 0.063011,
        0.433071 -2.926137 0.011868,
        0.433071 -2.949550 0.067704,
        0.433071 -2.907791 0.025945,
        0.433071 -2.944857 0.073819,
        0.433071 -2.893714 0.044291,
        0.433071 -2.941907 0.080941,
        0.433071 -2.884865 0.065656,
        0.433071 -2.888882 0.278832,
        0.433071 -2.831839 0.263548,
        0.433071 -2.880033 0.300197,
        0.433071 -2.829509 0.269540,
        0.433071 -2.865955 0.318543,
        0.433071 -2.825937 0.274885,
        0.433071 -2.821293 0.279331,
        0.551181 -2.803318 0.344488,
        0.551181 -2.803318 0.285433,
        0.551181 -2.826245 0.341470,
        0.551181 -2.809709 0.284733,
        0.551181 -2.847609 0.332620,
        0.551181 -3.149606 0.000000,
        0.551181 -3.149606 0.059055,
        0.551181 -2.970428 0.000000,
        0.551181 -2.970428 0.059055,
        0.551181 -2.947502 0.003019,
        0.551181 -2.962786 0.060061,
        0.551181 -2.926137 0.011868,
        0.551181 -2.955665 0.063011,
        0.551181 -2.907791 0.025945,
        0.551181 -2.949550 0.067704,
        0.551181 -2.893714 0.044291,
        0.551181 -2.944857 0.073819,
        0.551181 -2.884865 0.065656,
        0.551181 -2.941907 0.080941,
        0.551181 -2.831839 0.263548,
        0.551181 -2.888882 0.278832,
        0.551181 -2.829509 0.269540,
        0.551181 -2.880033 0.300197,
        0.551181 -2.825937 0.274885,
        0.551181 -2.865955 0.318543,
        0.551181 -2.821293 0.279331,
        0.551181 -2.815797 0.282667,
        0.629921 -2.803318 0.285433,
        0.629921 -2.803318 0.344488,
        0.629921 -2.809709 0.284733,
        0.629921 -2.826245 0.341470,
        0.629921 -2.815797 0.282667,
        0.629921 -2.847609 0.332620,
        0.629921 -3.149606 0.059055,
        0.629921 -3.149606 0.000000,
        0.629921 -2.970428 0.059055,
        0.629921 -2.970428 0.000000,
        0.629921 -2.962786 0.060061,
        0.629921 -2.947502 0.003019,
        0.629921 -2.955665 0.063011,
        0.629921 -2.926137 0.011868,
        0.629921 -2.949550 0.067704,
        0.629921 -2.907791 0.025945,
        0.629921 -2.944857 0.073819,
        0.629921 -2.893714 0.044291,
        0.629921 -2.941907 0.080941,
        0.629921 -2.884865 0.065656,
        0.629921 -2.888882 0.278832,
        0.629921 -2.831839 0.263548,
        0.629921 -2.880033 0.300197,
        0.629921 -2.829509 0.269540,
        0.629921 -2.865955 0.318543,
        0.629921 -2.825937 0.274885,
        0.629921 -2.821293 0.279331,
        0.748031 -2.803318 0.344488,
        0.748031 -2.803318 0.285433,
        0.748031 -2.826245 0.341470,
        0.748031 -2.809709 0.284733,
        0.748031 -2.847609 0.332620,
        0.748031 -3.149606 0.000000,
        0.748031 -3.149606 0.059055,
        0.748031 -2.970428 0.000000,
        0.748031 -2.970428 0.059055,
        0.748031 -2.947502 0.003019,
        0.748031 -2.962786 0.060061,
        0.748031 -2.926137 0.011868,
        0.748031 -2.955665 0.063011,
        0.748031 -2.907791 0.025945,
        0.748031 -2.949550 0.067704,
        0.748031 -2.893714 0.044291,
        0.748031 -2.944857 0.073819,
        0.748031 -2.884865 0.065656,
        0.748031 -2.941907 0.080941,
        0.748031 -2.831839 0.263548,
        0.748031 -2.888882 0.278832,
        0.748031 -2.829509 0.269540,
        0.748031 -2.880033 0.300197,
        0.748031 -2.825937 0.274885,
        0.748031 -2.865955 0.318543,
        0.748031 -2.821293 0.279331,
        0.748031 -2.815797 0.282667,
        0.826772 -2.803318 0.285433,
        0.826772 -2.803318 0.344488,
        0.826772 -2.809709 0.284733,
        0.826772 -2.826245 0.341470,
        0.826772 -2.815797 0.282667,
        0.826772 -2.847609 0.332620,
        0.826772 -3.149606 0.059055,
        0.826772 -3.149606 0.000000,
        0.826772 -2.970428 0.059055,
        0.826772 -2.970428 0.000000,
        0.826772 -2.962786 0.060061,
        0.826772 -2.947502 0.003019,
        0.826772 -2.955665 0.063011,
        0.826772 -2.926137 0.011868,
        0.826772 -2.949550 0.067704,
        0.826772 -2.907791 0.025945,
        0.826772 -2.944857 0.073819,
        0.826772 -2.893714 0.044291,
        0.826772 -2.941907 0.080941,
        0.826772 -2.884865 0.065656,
        0.826772 -2.888882 0.278832,
        0.826772 -2.831839 0.263548,
        0.826772 -2.880033 0.300197,
        0.826772 -2.829509 0.269540,
        0.826772 -2.865955 0.318543,
        0.826772 -2.825937 0.274885,
        0.826772 -2.821293 0.279331,
        0.944882 -2.803318 0.344488,
        0.944882 -2.803318 0.285433,
        0.944882 -2.826245 0.341470,
        0.944882 -2.809709 0.284733,
        0.944882 -2.847609 0.332620,
        0.944882 -3.149606 0.000000,
        0.944882 -3.149606 0.059055,
        0.944882 -2.970428 0.000000,
        0.944882 -2.970428 0.059055,
        0.944882 -2.947502 0.003019,
        0.944882 -2.962786 0.060061,
        0.944882 -2.926137 0.011868,
        0.944882 -2.955665 0.063011,
        0.944882 -2.907791 0.025945,
        0.944882 -2.949550 0.067704,
        0.944882 -2.893714 0.044291,
        0.944882 -2.944857 0.073819,
        0.944882 -2.884865 0.065656,
        0.944882 -2.941907 0.080941,
        0.944882 -2.831839 0.263548,
        0.944882 -2.888882 0.278832,
        0.944882 -2.829509 0.269540,
        0.944882 -2.880033 0.300197,
        0.944882 -2.825937 0.274885,
        0.944882 -2.865955 0.318543,
        0.944882 -2.821293 0.279331,
        0.944882 -2.815797 0.282667,
        1.023622 -2.803318 0.285433,
        1.023622 -2.803318 0.344488,
        1.023622 -2.809709 0.284733,
        1.023622 -2.826245 0.341470,
        1.023622 -2.815797 0.282667,
        1.023622 -2.847609 0.332620,
        1.023622 -3.149606 0.059055,
        1.023622 -3.149606 0.000000,
        1.023622 -2.970428 0.059055,
        1.023622 -2.970428 0.000000,
        1.023622 -2.962786 0.060061,
        1.023622 -2.947502 0.003019,
        1.023622 -2.955665 0.063011,
        1.023622 -2.926137 0.011868,
        1.023622 -2.949550 0.067704,
        1.023622 -2.907791 0.025945,
        1.023622 -2.944857 0.073819,
        1.023622 -2.893714 0.044291,
        1.023622 -2.941907 0.080941,
        1.023622 -2.884865 0.065656,
        1.023622 -2.888882 0.278832,
        1.023622 -2.831839 0.263548,
        1.023622 -2.880033 0.300197,
        1.023622 -2.829509 0.269540,
        1.023622 -2.865955 0.318543,
        1.023622 -2.825937 0.274885,
        1.023622 -2.821293 0.279331,
        1.141732 -2.803318 0.344488,
        1.141732 -2.803318 0.285433,
        1.141732 -2.826245 0.341470,
        1.141732 -2.809709 0.284733,
        1.141732 -2.847609 0.332620,
        1.141732 -3.149606 0.000000,
        1.141732 -3.149606 0.059055,
        1.141732 -2.970428 0.000000,
        1.141732 -2.970428 0.059055,
        1.141732 -2.947502 0.003019,
        1.141732 -2.962786 0.060061,
        1.141732 -2.926137 0.011868,
        1.141732 -2.955665 0.063011,
        1.141732 -2.907791 0.025945,
        1.141732 -2.949550 0.067704,
        1.141732 -2.893714 0.044291,
        1.141732 -2.944857 0.073819,
        1.141732 -2.884865 0.065656,
        1.141732 -2.941907 0.080941,
        1.141732 -2.831839 0.263548,
        1.141732 -2.888882 0.278832,
        1.141732 -2.829509 0.269540,
        1.141732 -2.880033 0.300197,
        1.141732 -2.825937 0.274885,
        1.141732 -2.865955 0.318543,
        1.141732 -2.821293 0.279331,
        1.141732 -2.815797 0.282667,
        1.220472 -2.803318 0.285433,
        1.220472 -2.803318 0.344488,
        1.220472 -2.809709 0.284733,
        1.220472 -2.826245 0.341470,
        1.220472 -2.815797 0.282667,
        1.220472 -2.847609 0.332620,
        1.220472 -3.149606 0.059055,
        1.220472 -3.149606 0.000000,
        1.220472 -2.970428 0.059055,
        1.220472 -2.970428 0.000000,
        1.220472 -2.962786 0.060061,
        1.220472 -2.947502 0.003019,
        1.220472 -2.955665 0.063011,
        1.220472 -2.926137 0.011868,
        1.220472 -2.949550 0.067704,
        1.220472 -2.907791 0.025945,
        1.220472 -2.944857 0.073819,
        1.220472 -2.893714 0.044291,
        1.220472 -2.941907 0.080941,
        1.220472 -2.884865 0.065656,
        1.220472 -2.888882 0.278832,
        1.220472 -2.831839 0.263548,
        1.220472 -2.880033 0.300197,
        1.220472 -2.829509 0.269540,
        1.220472 -2.865955 0.318543,
        1.220472 -2.825937 0.274885,
        1.220472 -2.821293 0.279331,
        1.338583 -2.803318 0.344488,
        1.338583 -2.803318 0.285433,
        1.338583 -2.826245 0.341470,
        1.338583 -2.809709 0.284733,
        1.338583 -2.847609 0.332620,
        1.338583 -3.149606 0.000000,
        1.338583 -3.149606 0.059055,
        1.338583 -2.970428 0.000000,
        1.338583 -2.970428 0.059055,
        1.338583 -2.947502 0.003019,
        1.338583 -2.962786 0.060061,
        1.338583 -2.926137 0.011868,
        1.338583 -2.955665 0.063011,
        1.338583 -2.907791 0.025945,
        1.338583 -2.949550 0.067704,
        1.338583 -2.893714 0.044291,
        1.338583 -2.944857 0.073819,
        1.338583 -2.884865 0.065656,
        1.338583 -2.941907 0.080941,
        1.338583 -2.831839 0.263548,
        1.338583 -2.888882 0.278832,
        1.338583 -2.829509 0.269540,
        1.338583 -2.880033 0.300197,
        1.338583 -2.825937 0.274885,
        1.338583 -2.865955 0.318543,
        1.338583 -2.821293 0.279331,
        1.338583 -2.815797 0.282667,
        1.417323 -2.803318 0.285433,
        1.417323 -2.803318 0.344488,
        1.417323 -2.809709 0.284733,
        1.417323 -2.826245 0.341470,
        1.417323 -2.815797 0.282667,
        1.417323 -2.847609 0.332620,
        1.417323 -3.149606 0.059055,
        1.417323 -3.149606 0.000000,
        1.417323 -2.970428 0.059055,
        1.417323 -2.970428 0.000000,
        1.417323 -2.962786 0.060061,
        1.417323 -2.947502 0.003019,
        1.417323 -2.955665 0.063011,
        1.417323 -2.926137 0.011868,
        1.417323 -2.949550 0.067704,
        1.417323 -2.907791 0.025945,
        1.417323 -2.944857 0.073819,
        1.417323 -2.893714 0.044291,
        1.417323 -2.941907 0.080941,
        1.417323 -2.884865 0.065656,
        1.417323 -2.888882 0.278832,
        1.417323 -2.831839 0.263548,
        1.417323 -2.880033 0.300197,
        1.417323 -2.829509 0.269540,
        1.417323 -2.865955 0.318543,
        1.417323 -2.825937 0.274885,
        1.417323 -2.821293 0.279331,
        1.535433 -2.803318 0.344488,
        1.535433 -2.803318 0.285433,
        1.535433 -2.826245 0.341470,
        1.535433 -2.809709 0.284733,
        1.535433 -2.847609 0.332620,
        1.535433 -3.149606 0.000000,
        1.535433 -3.149606 0.059055,
        1.535433 -2.970428 0.000000,
        1.535433 -2.970428 0.059055,
        1.535433 -2.947502 0.003019,
        1.535433 -2.962786 0.060061,
        1.535433 -2.926137 0.011868,
        1.535433 -2.955665 0.063011,
        1.535433 -2.907791 0.025945,
        1.535433 -2.949550 0.067704,
        1.535433 -2.893714 0.044291,
        1.535433 -2.944857 0.073819,
        1.535433 -2.884865 0.065656,
        1.535433 -2.941907 0.080941,
        1.535433 -2.831839 0.263548,
        1.535433 -2.888882 0.278832,
        1.535433 -2.829509 0.269540,
        1.535433 -2.880033 0.300197,
        1.535433 -2.825937 0.274885,
        1.535433 -2.865955 0.318543,
        1.535433 -2.821293 0.279331,
        1.535433 -2.815797 0.282667,
        1.614173 -2.803318 0.285433,
        1.614173 -2.803318 0.344488,
        1.614173 -2.809709 0.284733,
        1.614173 -2.826245 0.341470,
        1.614173 -2.815797 0.282667,
        1.614173 -2.847609 0.332620,
        1.614173 -3.149606 0.059055,
        1.614173 -3.149606 0.000000,
        1.614173 -2.970428 0.059055,
        1.614173 -2.970428 0.000000,
        1.614173 -2.962786 0.060061,
        1.614173 -2.947502 0.003019,
        1.614173 -2.955665 0.063011,
        1.614173 -2.926137 0.011868,
        1.614173 -2.949550 0.067704,
        1.614173 -2.907791 0.025945,
        1.614173 -2.944857 0.073819,
        1.614173 -2.893714 0.044291,
        1.614173 -2.941907 0.080941,
        1.614173 -2.884865 0.065656,
        1.614173 -2.888882 0.278832,
        1.614173 -2.831839 0.263548,
        1.614173 -2.880033 0.300197,
        1.614173 -2.829509 0.269540,
        1.614173 -2.865955 0.318543,
        1.614173 -2.825937 0.274885,
        1.614173 -2.821293 0.279331,
        1.732283 -2.803318 0.344488,
        1.732283 -2.803318 0.285433,
        1.732283 -2.826245 0.341470,
        1.732283 -2.809709 0.284733,
        1.732283 -2.847609 0.332620,
        1.732283 -3.149606 0.000000,
        1.732283 -3.149606 0.059055,
        1.732283 -2.970428 0.000000,
        1.732283 -2.970428 0.059055,
        1.732283 -2.947502 0.003019,
        1.732283 -2.962786 0.060061,
        1.732283 -2.926137 0.011868,
        1.732283 -2.955665 0.063011,
        1.732283 -2.907791 0.025945,
        1.732283 -2.949550 0.067704,
        1.732283 -2.893714 0.044291,
        1.732283 -2.944857 0.073819,
        1.732283 -2.884865 0.065656,
        1.732283 -2.941907 0.080941,
        1.732283 -2.831839 0.263548,
        1.732283 -2.888882 0.278832,
        1.732283 -2.829509 0.269540,
        1.732283 -2.880033 0.300197,
        1.732283 -2.825937 0.274885,
        1.732283 -2.865955 0.318543,
        1.732283 -2.821293 0.279331,
        1.732283 -2.815797 0.282667,
        1.811024 -2.803318 0.285433,
        1.811024 -2.803318 0.344488,
        1.811024 -2.809709 0.284733,
        1.811024 -2.826245 0.341470,
        1.811024 -2.815797 0.282667,
        1.811024 -2.847609 0.332620,
        1.811024 -3.149606 0.059055,
        1.811024 -3.149606 0.000000,
        1.811024 -2.970428 0.059055,
        1.811024 -2.970428 0.000000,
        1.811024 -2.962786 0.060061,
        1.811024 -2.947502 0.003019,
        1.811024 -2.955665 0.063011,
        1.811024 -2.926137 0.011868,
        1.811024 -2.949550 0.067704,
        1.811024 -2.907791 0.025945,
        1.811024 -2.944857 0.073819,
        1.811024 -2.893714 0.044291,
        1.811024 -2.941907 0.080941,
        1.811024 -2.884865 0.065656,
        1.811024 -2.888882 0.278832,
        1.811024 -2.831839 0.263548,
        1.811024 -2.880033 0.300197,
        1.811024 -2.829509 0.269540,
        1.811024 -2.865955 0.318543,
        1.811024 -2.825937 0.274885,
        1.811024 -2.821293 0.279331,
        1.929134 -2.803318 0.344488,
        1.929134 -2.803318 0.285433,
        1.929134 -2.826245 0.341470,
        1.929134 -2.809709 0.284733,
        1.929134 -2.847609 0.332620,
        1.929134 -3.149606 0.000000,
        1.929134 -3.149606 0.059055,
        1.929134 -2.970428 0.000000,
        1.929134 -2.970428 0.059055,
        1.929134 -2.947502 0.003019,
        1.929134 -2.962786 0.060061,
        1.929134 -2.926137 0.011868,
        1.929134 -2.955665 0.063011,
        1.929134 -2.907791 0.025945,
        1.929134 -2.949550 0.067704,
        1.929134 -2.893714 0.044291,
        1.929134 -2.944857 0.073819,
        1.929134 -2.884865 0.065656,
        1.929134 -2.941907 0.080941,
        1.929134 -2.831839 0.263548,
        1.929134 -2.888882 0.278832,
        1.929134 -2.829509 0.269540,
        1.929134 -2.880033 0.300197,
        1.929134 -2.825937 0.274885,
        1.929134 -2.865955 0.318543,
        1.929134 -2.821293 0.279331,
        1.929134 -2.815797 0.282667,
        2.007874 -2.803318 0.285433,
        2.007874 -2.803318 0.344488,
        2.007874 -2.809709 0.284733,
        2.007874 -2.826245 0.341470,
        2.007874 -2.815797 0.282667,
        2.007874 -2.847609 0.332620,
        2.007874 -3.149606 0.059055,
        2.007874 -3.149606 0.000000,
        2.007874 -2.970428 0.059055,
        2.007874 -2.970428 0.000000,
        2.007874 -2.962786 0.060061,
        2.007874 -2.947502 0.003019,
        2.007874 -2.955665 0.063011,
        2.007874 -2.926137 0.011868,
        2.007874 -2.949550 0.067704,
        2.007874 -2.907791 0.025945,
        2.007874 -2.944857 0.073819,
        2.007874 -2.893714 0.044291,
        2.007874 -2.941907 0.080941,
        2.007874 -2.884865 0.065656,
        2.007874 -2.888882 0.278832,
        2.007874 -2.831839 0.263548,
        2.007874 -2.880033 0.300197,
        2.007874 -2.829509 0.269540,
        2.007874 -2.865955 0.318543,
        2.007874 -2.825937 0.274885,
        2.007874 -2.821293 0.279331,
        2.125984 -2.803318 0.344488,
        2.125984 -2.803318 0.285433,
        2.125984 -2.826245 0.341470,
        2.125984 -2.809709 0.284733,
        2.125984 -2.847609 0.332620,
        2.125984 -3.149606 0.000000,
        2.125984 -3.149606 0.059055,
        2.125984 -2.970428 0.000000,
        2.125984 -2.970428 0.059055,
        2.125984 -2.947502 0.003019,
        2.125984 -2.962786 0.060061,
        2.125984 -2.926137 0.011868,
        2.125984 -2.955665 0.063011,
        2.125984 -2.907791 0.025945,
        2.125984 -2.949550 0.067704,
        2.125984 -2.893714 0.044291,
        2.125984 -2.944857 0.073819,
        2.125984 -2.884865 0.065656,
        2.125984 -2.941907 0.080941,
        2.125984 -2.831839 0.263548,
        2.125984 -2.888882 0.278832,
        2.125984 -2.829509 0.269540,
        2.125984 -2.880033 0.300197,
        2.125984 -2.825937 0.274885,
        2.125984 -2.865955 0.318543,
        2.125984 -2.821293 0.279331,
        2.125984 -2.815797 0.282667,
        2.204724 -2.803318 0.285433,
        2.204724 -2.803318 0.344488,
        2.204724 -2.809709 0.284733,
        2.204724 -2.826245 0.341470,
        2.204724 -2.815797 0.282667,
        2.204724 -2.847609 0.332620,
        2.204724 -3.149606 0.059055,
        2.204724 -3.149606 0.000000,
        2.204724 -2.970428 0.059055,
        2.204724 -2.970428 0.000000,
        2.204724 -2.962786 0.060061,
        2.204724 -2.947502 0.003019,
        2.204724 -2.955665 0.063011,
        2.204724 -2.926137 0.011868,
        2.204724 -2.949550 0.067704,
        2.204724 -2.907791 0.025945,
        2.204724 -2.944857 0.073819,
        2.204724 -2.893714 0.044291,
        2.204724 -2.941907 0.080941,
        2.204724 -2.884865 0.065656,
        2.204724 -2.888882 0.278832,
        2.204724 -2.831839 0.263548,
        2.204724 -2.880033 0.300197,
        2.204724 -2.829509 0.269540,
        2.204724 -2.865955 0.318543,
        2.204724 -2.825937 0.274885,
        2.204724 -2.821293 0.279331,
        2.322835 -2.803318 0.344488,
        2.322835 -2.803318 0.285433,
        2.322835 -2.826245 0.341470,
        2.322835 -2.809709 0.284733,
        2.322835 -2.847609 0.332620,
        2.322835 -3.149606 0.000000,
        2.322835 -3.149606 0.059055,
        2.322835 -2.970428 0.000000,
        2.322835 -2.970428 0.059055,
        2.322835 -2.947502 0.003019,
        2.322835 -2.962786 0.060061,
        2.322835 -2.926137 0.011868,
        2.322835 -2.955665 0.063011,
        2.322835 -2.907791 0.025945,
        2.322835 -2.949550 0.067704,
        2.322835 -2.893714 0.044291,
        2.322835 -2.944857 0.073819,
        2.322835 -2.884865 0.065656,
        2.322835 -2.941907 0.080941,
        2.322835 -2.831839 0.263548,
        2.322835 -2.888882 0.278832,
        2.322835 -2.829509 0.269540,
        2.322835 -2.880033 0.300197,
        2.322835 -2.825937 0.274885,
        2.322835 -2.865955 0.318543,
        2.322835 -2.821293 0.279331,
        2.322835 -2.815797 0.282667,
        2.401575 -2.803318 0.285433,
        2.401575 -2.803318 0.344488,
        2.401575 -2.809709 0.284733,
        2.401575 -2.826245 0.341470,
        2.401575 -2.815797 0.282667,
        2.401575 -2.847609 0.332620,
        2.401575 -3.149606 0.059055,
        2.401575 -3.149606 0.000000,
        2.401575 -2.970428 0.059055,
        2.401575 -2.970428 0.000000,
        2.401575 -2.962786 0.060061,
        2.401575 -2.947502 0.003019,
        2.401575 -2.955665 0.063011,
        2.401575 -2.926137 0.011868,
        2.401575 -2.949550 0.067704,
        2.401575 -2.907791 0.025945,
        2.401575 -2.944857 0.073819,
        2.401575 -2.893714 0.044291,
        2.401575 -2.941907 0.080941,
        2.401575 -2.884865 0.065656,
        2.401575 -2.888882 0.278832,
        2.401575 -2.831839 0.263548,
        2.401575 -2.880033 0.300197,
        2.401575 -2.829509 0.269540,
        2.401575 -2.865955 0.318543,
        2.401575 -2.825937 0.274885,
        2.401575 -2.821293 0.279331,
        2.803318 -2.401575 0.344488,
        2.803318 -2.401575 0.285433,
        2.826245 -2.401575 0.341470,
        2.809709 -2.401575 0.284733,
        2.847609 -2.401575 0.332620,
        3.149606 -2.401575 0.000000,
        3.149606 -2.401575 0.059055,
        2.970428 -2.401575 0.000000,
        2.970428 -2.401575 0.059055,
        2.947502 -2.401575 0.003019,
        2.962786 -2.401575 0.060061,
        2.926137 -2.401575 0.011868,
        2.955665 -2.401575 0.063011,
        2.907791 -2.401575 0.025945,
        2.949550 -2.401575 0.067704,
        2.893714 -2.401575 0.044291,
        2.944857 -2.401575 0.073819,
        2.884865 -2.401575 0.065656,
        2.941907 -2.401575 0.080941,
        2.831839 -2.401575 0.263548,
        2.888882 -2.401575 0.278832,
        2.829509 -2.401575 0.269540,
        2.880033 -2.401575 0.300197,
        2.825937 -2.401575 0.274885,
        2.865955 -2.401575 0.318543,
        2.821293 -2.401575 0.279331,
        2.815797 -2.401575 0.282667,
        2.803318 -2.322835 0.285433,
        2.803318 -2.322835 0.344488,
        2.809709 -2.322835 0.284733,
        2.826245 -2.322835 0.341470,
        2.815797 -2.322835 0.282667,
        2.847609 -2.322835 0.332620,
        3.149606 -2.322835 0.059055,
        3.149606 -2.322835 0.000000,
        2.970428 -2.322835 0.059055,
        2.970428 -2.322835 0.000000,
        2.962786 -2.322835 0.060061,
        2.947502 -2.322835 0.003019,
        2.955665 -2.322835 0.063011,
        2.926137 -2.322835 0.011868,
        2.949550 -2.322835 0.067704,
        2.907791 -2.322835 0.025945,
        2.944857 -2.322835 0.073819,
        2.893714 -2.322835 0.044291,
        2.941907 -2.322835 0.080941,
        2.884865 -2.322835 0.065656,
        2.888882 -2.322835 0.278832,
        2.831839 -2.322835 0.263548,
        2.880033 -2.322835 0.300197,
        2.829509 -2.322835 0.269540,
        2.865955 -2.322835 0.318543,
        2.825937 -2.322835 0.274885,
        2.821293 -2.322835 0.279331,
        2.803318 -2.204724 0.344488,
        2.803318 -2.204724 0.285433,
        2.826245 -2.204724 0.341470,
        2.809709 -2.204724 0.284733,
        2.847609 -2.204724 0.332620,
        3.149606 -2.204724 0.000000,
        3.149606 -2.204724 0.059055,
        2.970428 -2.204724 0.000000,
        2.970428 -2.204724 0.059055,
        2.947502 -2.204724 0.003019,
        2.962786 -2.204724 0.060061,
        2.926137 -2.204724 0.011868,
        2.955665 -2.204724 0.063011,
        2.907791 -2.204724 0.025945,
        2.949550 -2.204724 0.067704,
        2.893714 -2.204724 0.044291,
        2.944857 -2.204724 0.073819,
        2.884865 -2.204724 0.065656,
        2.941907 -2.204724 0.080941,
        2.831839 -2.204724 0.263548,
        2.888882 -2.204724 0.278832,
        2.829509 -2.204724 0.269540,
        2.880033 -2.204724 0.300197,
        2.825937 -2.204724 0.274885,
        2.865955 -2.204724 0.318543,
        2.821293 -2.204724 0.279331,
        2.815797 -2.204724 0.282667,
        2.803318 -2.125984 0.285433,
        2.803318 -2.125984 0.344488,
        2.809709 -2.125984 0.284733,
        2.826245 -2.125984 0.341470,
        2.815797 -2.125984 0.282667,
        2.847609 -2.125984 0.332620,
        3.149606 -2.125984 0.059055,
        3.149606 -2.125984 0.000000,
        2.970428 -2.125984 0.059055,
        2.970428 -2.125984 0.000000,
        2.962786 -2.125984 0.060061,
        2.947502 -2.125984 0.003019,
        2.955665 -2.125984 0.063011,
        2.926137 -2.125984 0.011868,
        2.949550 -2.125984 0.067704,
        2.907791 -2.125984 0.025945,
        2.944857 -2.125984 0.073819,
        2.893714 -2.125984 0.044291,
        2.941907 -2.125984 0.080941,
        2.884865 -2.125984 0.065656,
        2.888882 -2.125984 0.278832,
        2.831839 -2.125984 0.263548,
        2.880033 -2.125984 0.300197,
        2.829509 -2.125984 0.269540,
        2.865955 -2.125984 0.318543,
        2.825937 -2.125984 0.274885,
        2.821293 -2.125984 0.279331,
        2.803318 -2.007874 0.344488,
        2.803318 -2.007874 0.285433,
        2.826245 -2.007874 0.341470,
        2.809709 -2.007874 0.284733,
        2.847609 -2.007874 0.332620,
        3.149606 -2.007874 0.000000,
        3.149606 -2.007874 0.059055,
        2.970428 -2.007874 0.000000,
        2.970428 -2.007874 0.059055,
        2.947502 -2.007874 0.003019,
        2.962786 -2.007874 0.060061,
        2.926137 -2.007874 0.011868,
        2.955665 -2.007874 0.063011,
        2.907791 -2.007874 0.025945,
        2.949550 -2.007874 0.067704,
        2.893714 -2.007874 0.044291,
        2.944857 -2.007874 0.073819,
        2.884865 -2.007874 0.065656,
        2.941907 -2.007874 0.080941,
        2.831839 -2.007874 0.263548,
        2.888882 -2.007874 0.278832,
        2.829509 -2.007874 0.269540,
        2.880033 -2.007874 0.300197,
        2.825937 -2.007874 0.274885,
        2.865955 -2.007874 0.318543,
        2.821293 -2.007874 0.279331,
        2.815797 -2.007874 0.282667,
        2.803318 -1.929134 0.285433,
        2.803318 -1.929134 0.344488,
        2.809709 -1.929134 0.284733,
        2.826245 -1.929134 0.341470,
        2.815797 -1.929134 0.282667,
        2.847609 -1.929134 0.332620,
        3.149606 -1.929134 0.059055,
        3.149606 -1.929134 0.000000,
        2.970428 -1.929134 0.059055,
        2.970428 -1.929134 0.000000,
        2.962786 -1.929134 0.060061,
        2.947502 -1.929134 0.003019,
        2.955665 -1.929134 0.063011,
        2.926137 -1.929134 0.011868,
        2.949550 -1.929134 0.067704,
        2.907791 -1.929134 0.025945,
        2.944857 -1.929134 0.073819,
        2.893714 -1.929134 0.044291,
        2.941907 -1.929134 0.080941,
        2.884865 -1.929134 0.065656,
        2.888882 -1.929134 0.278832,
        2.831839 -1.929134 0.263548,
        2.880033 -1.929134 0.300197,
        2.829509 -1.929134 0.269540,
        2.865955 -1.929134 0.318543,
        2.825937 -1.929134 0.274885,
        2.821293 -1.929134 0.279331,
        2.803318 -1.811024 0.344488,
        2.803318 -1.811024 0.285433,
        2.826245 -1.811024 0.341470,
        2.809709 -1.811024 0.284733,
        2.847609 -1.811024 0.332620,
        3.149606 -1.811024 0.000000,
        3.149606 -1.811024 0.059055,
        2.970428 -1.811024 0.000000,
        2.970428 -1.811024 0.059055,
        2.947502 -1.811024 0.003019,
        2.962786 -1.811024 0.060061,
        2.926137 -1.811024 0.011868,
        2.955665 -1.811024 0.063011,
        2.907791 -1.811024 0.025945,
        2.949550 -1.811024 0.067704,
        2.893714 -1.811024 0.044291,
        2.944857 -1.811024 0.073819,
        2.884865 -1.811024 0.065656,
        2.941907 -1.811024 0.080941,
        2.831839 -1.811024 0.263548,
        2.888882 -1.811024 0.278832,
        2.829509 -1.811024 0.269540,
        2.880033 -1.811024 0.300197,
        2.825937 -1.811024 0.274885,
        2.865955 -1.811024 0.318543,
        2.821293 -1.811024 0.279331,
        2.815797 -1.811024 0.282667,
        2.803318 -1.732283 0.285433,
        2.803318 -1.732283 0.344488,
        2.809709 -1.732283 0.284733,
        2.826245 -1.732283 0.341470,
        2.815797 -1.732283 0.282667,
        2.847609 -1.732283 0.332620,
        3.149606 -1.732283 0.059055,
        3.149606 -1.732283 0.000000,
        2.970428 -1.732283 0.059055,
        2.970428 -1.732283 0.000000,
        2.962786 -1.732283 0.060061,
        2.947502 -1.732283 0.003019,
        2.955665 -1.732283 0.063011,
        2.926137 -1.732283 0.011868,
        2.949550 -1.732283 0.067704,
        2.907791 -1.732283 0.025945,
        2.944857 -1.732283 0.073819,
        2.893714 -1.732283 0.044291,
        2.941907 -1.732283 0.080941,
        2.884865 -1.732283 0.065656,
        2.888882 -1.732283 0.278832,
        2.831839 -1.732283 0.263548,
        2.880033 -1.732283 0.300197,
        2.829509 -1.732283 0.269540,
        2.865955 -1.732283 0.318543,
        2.825937 -1.732283 0.274885,
        2.821293 -1.732283 0.279331,
        2.803318 -1.614173 0.344488,
        2.803318 -1.614173 0.285433,
        2.826245 -1.614173 0.341470,
        2.809709 -1.614173 0.284733,
        2.847609 -1.614173 0.332620,
        3.149606 -1.614173 0.000000,
        3.149606 -1.614173 0.059055,
        2.970428 -1.614173 0.000000,
        2.970428 -1.614173 0.059055,
        2.947502 -1.614173 0.003019,
        2.962786 -1.614173 0.060061,
        2.926137 -1.614173 0.011868,
        2.955665 -1.614173 0.063011,
        2.907791 -1.614173 0.025945,
        2.949550 -1.614173 0.067704,
        2.893714 -1.614173 0.044291,
        2.944857 -1.614173 0.073819,
        2.884865 -1.614173 0.065656,
        2.941907 -1.614173 0.080941,
        2.831839 -1.614173 0.263548,
        2.888882 -1.614173 0.278832,
        2.829509 -1.614173 0.269540,
        2.880033 -1.614173 0.300197,
        2.825937 -1.614173 0.274885,
        2.865955 -1.614173 0.318543,
        2.821293 -1.614173 0.279331,
        2.815797 -1.614173 0.282667,
        2.803318 -1.535433 0.285433,
        2.803318 -1.535433 0.344488,
        2.809709 -1.535433 0.284733,
        2.826245 -1.535433 0.341470,
        2.815797 -1.535433 0.282667,
        2.847609 -1.535433 0.332620,
        3.149606 -1.535433 0.059055,
        3.149606 -1.535433 0.000000,
        2.970428 -1.535433 0.059055,
        2.970428 -1.535433 0.000000,
        2.962786 -1.535433 0.060061,
        2.947502 -1.535433 0.003019,
        2.955665 -1.535433 0.063011,
        2.926137 -1.535433 0.011868,
        2.949550 -1.535433 0.067704,
        2.907791 -1.535433 0.025945,
        2.944857 -1.535433 0.073819,
        2.893714 -1.535433 0.044291,
        2.941907 -1.535433 0.080941,
        2.884865 -1.535433 0.065656,
        2.888882 -1.535433 0.278832,
        2.831839 -1.535433 0.263548,
        2.880033 -1.535433 0.300197,
        2.829509 -1.535433 0.269540,
        2.865955 -1.535433 0.318543,
        2.825937 -1.535433 0.274885,
        2.821293 -1.535433 0.279331,
        2.803318 -1.417323 0.344488,
        2.803318 -1.417323 0.285433,
        2.826245 -1.417323 0.341470,
        2.809709 -1.417323 0.284733,
        2.847609 -1.417323 0.332620,
        3.149606 -1.417323 0.000000,
        3.149606 -1.417323 0.059055,
        2.970428 -1.417323 0.000000,
        2.970428 -1.417323 0.059055,
        2.947502 -1.417323 0.003019,
        2.962786 -1.417323 0.060061,
        2.926137 -1.417323 0.011868,
        2.955665 -1.417323 0.063011,
        2.907791 -1.417323 0.025945,
        2.949550 -1.417323 0.067704,
        2.893714 -1.417323 0.044291,
        2.944857 -1.417323 0.073819,
        2.884865 -1.417323 0.065656,
        2.941907 -1.417323 0.080941,
        2.831839 -1.417323 0.263548,
        2.888882 -1.417323 0.278832,
        2.829509 -1.417323 0.269540,
        2.880033 -1.417323 0.300197,
        2.825937 -1.417323 0.274885,
        2.865955 -1.417323 0.318543,
        2.821293 -1.417323 0.279331,
        2.815797 -1.417323 0.282667,
        2.803318 -1.338583 0.285433,
        2.803318 -1.338583 0.344488,
        2.809709 -1.338583 0.284733,
        2.826245 -1.338583 0.341470,
        2.815797 -1.338583 0.282667,
        2.847609 -1.338583 0.332620,
        3.149606 -1.338583 0.059055,
        3.149606 -1.338583 0.000000,
        2.970428 -1.338583 0.059055,
        2.970428 -1.338583 0.000000,
        2.962786 -1.338583 0.060061,
        2.947502 -1.338583 0.003019,
        2.955665 -1.338583 0.063011,
        2.926137 -1.338583 0.011868,
        2.949550 -1.338583 0.067704,
        2.907791 -1.338583 0.025945,
        2.944857 -1.338583 0.073819,
        2.893714 -1.338583 0.044291,
        2.941907 -1.338583 0.080941,
        2.884865 -1.338583 0.065656,
        2.888882 -1.338583 0.278832,
        2.831839 -1.338583 0.263548,
        2.880033 -1.338583 0.300197,
        2.829509 -1.338583 0.269540,
        2.865955 -1.338583 0.318543,
        2.825937 -1.338583 0.274885,
        2.821293 -1.338583 0.279331,
        2.803318 -1.220472 0.344488,
        2.803318 -1.220472 0.285433,
        2.826245 -1.220472 0.341470,
        2.809709 -1.220472 0.284733,
        2.847609 -1.220472 0.332620,
        3.149606 -1.220472 0.000000,
        3.149606 -1.220472 0.059055,
        2.970428 -1.220472 0.000000,
        2.970428 -1.220472 0.059055,
        2.947502 -1.220472 0.003019,
        2.962786 -1.220472 0.060061,
        2.926137 -1.220472 0.011868,
        2.955665 -1.220472 0.063011,
        2.907791 -1.220472 0.025945,
        2.949550 -1.220472 0.067704,
        2.893714 -1.220472 0.044291,
        2.944857 -1.220472 0.073819,
        2.884865 -1.220472 0.065656,
        2.941907 -1.220472 0.080941,
        2.831839 -1.220472 0.263548,
        2.888882 -1.220472 0.278832,
        2.829509 -1.220472 0.269540,
        2.880033 -1.220472 0.300197,
        2.825937 -1.220472 0.274885,
        2.865955 -1.220472 0.318543,
        2.821293 -1.220472 0.279331,
        2.815797 -1.220472 0.282667,
        2.803318 -1.141732 0.285433,
        2.803318 -1.141732 0.344488,
        2.809709 -1.141732 0.284733,
        2.826245 -1.141732 0.341470,
        2.815797 -1.141732 0.282667,
        2.847609 -1.141732 0.332620,
        3.149606 -1.141732 0.059055,
        3.149606 -1.141732 0.000000,
        2.970428 -1.141732 0.059055,
        2.970428 -1.141732 0.000000,
        2.962786 -1.141732 0.060061,
        2.947502 -1.141732 0.003019,
        2.955665 -1.141732 0.063011,
        2.926137 -1.141732 0.011868,
        2.949550 -1.141732 0.067704,
        2.907791 -1.141732 0.025945,
        2.944857 -1.141732 0.073819,
        2.893714 -1.141732 0.044291,
        2.941907 -1.141732 0.080941,
        2.884865 -1.141732 0.065656,
        2.888882 -1.141732 0.278832,
        2.831839 -1.141732 0.263548,
        2.880033 -1.141732 0.300197,
        2.829509 -1.141732 0.269540,
        2.865955 -1.141732 0.318543,
        2.825937 -1.141732 0.274885,
        2.821293 -1.141732 0.279331,
        2.803318 -1.023622 0.344488,
        2.803318 -1.023622 0.285433,
        2.826245 -1.023622 0.341470,
        2.809709 -1.023622 0.284733,
        2.847609 -1.023622 0.332620,
        3.149606 -1.023622 0.000000,
        3.149606 -1.023622 0.059055,
        2.970428 -1.023622 0.000000,
        2.970428 -1.023622 0.059055,
        2.947502 -1.023622 0.003019,
        2.962786 -1.023622 0.060061,
        2.926137 -1.023622 0.011868,
        2.955665 -1.023622 0.063011,
        2.907791 -1.023622 0.025945,
        2.949550 -1.023622 0.067704,
        2.893714 -1.023622 0.044291,
        2.944857 -1.023622 0.073819,
        2.884865 -1.023622 0.065656,
        2.941907 -1.023622 0.080941,
        2.831839 -1.023622 0.263548,
        2.888882 -1.023622 0.278832,
        2.829509 -1.023622 0.269540,
        2.880033 -1.023622 0.300197,
        2.825937 -1.023622 0.274885,
        2.865955 -1.023622 0.318543,
        2.821293 -1.023622 0.279331,
        2.815797 -1.023622 0.282667,
        2.803318 -0.944882 0.285433,
        2.803318 -0.944882 0.344488,
        2.809709 -0.944882 0.284733,
        2.826245 -0.944882 0.341470,
        2.815797 -0.944882 0.282667,
        2.847609 -0.944882 0.332620,
        3.149606 -0.944882 0.059055,
        3.149606 -0.944882 0.000000,
        2.970428 -0.944882 0.059055,
        2.970428 -0.944882 0.000000,
        2.962786 -0.944882 0.060061,
        2.947502 -0.944882 0.003019,
        2.955665 -0.944882 0.063011,
        2.926137 -0.944882 0.011868,
        2.949550 -0.944882 0.067704,
        2.907791 -0.944882 0.025945,
        2.944857 -0.944882 0.073819,
        2.893714 -0.944882 0.044291,
        2.941907 -0.944882 0.080941,
        2.884865 -0.944882 0.065656,
        2.888882 -0.944882 0.278832,
        2.831839 -0.944882 0.263548,
        2.880033 -0.944882 0.300197,
        2.829509 -0.944882 0.269540,
        2.865955 -0.944882 0.318543,
        2.825937 -0.944882 0.274885,
        2.821293 -0.944882 0.279331,
        2.803318 -0.826772 0.344488,
        2.803318 -0.826772 0.285433,
        2.826245 -0.826772 0.341470,
        2.809709 -0.826772 0.284733,
        2.847609 -0.826772 0.332620,
        3.149606 -0.826772 0.000000,
        3.149606 -0.826772 0.059055,
        2.970428 -0.826772 0.000000,
        2.970428 -0.826772 0.059055,
        2.947502 -0.826772 0.003019,
        2.962786 -0.826772 0.060061,
        2.926137 -0.826772 0.011868,
        2.955665 -0.826772 0.063011,
        2.907791 -0.826772 0.025945,
        2.949550 -0.826772 0.067704,
        2.893714 -0.826772 0.044291,
        2.944857 -0.826772 0.073819,
        2.884865 -0.826772 0.065656,
        2.941907 -0.826772 0.080941,
        2.831839 -0.826772 0.263548,
        2.888882 -0.826772 0.278832,
        2.829509 -0.826772 0.269540,
        2.880033 -0.826772 0.300197,
        2.825937 -0.826772 0.274885,
        2.865955 -0.826772 0.318543,
        2.821293 -0.826772 0.279331,
        2.815797 -0.826772 0.282667,
        2.803318 -0.748031 0.285433,
        2.803318 -0.748031 0.344488,
        2.809709 -0.748031 0.284733,
        2.826245 -0.748031 0.341470,
        2.815797 -0.748031 0.282667,
        2.847609 -0.748031 0.332620,
        3.149606 -0.748031 0.059055,
        3.149606 -0.748031 0.000000,
        2.970428 -0.748031 0.059055,
        2.970428 -0.748031 0.000000,
        2.962786 -0.748031 0.060061,
        2.947502 -0.748031 0.003019,
        2.955665 -0.748031 0.063011,
        2.926137 -0.748031 0.011868,
        2.949550 -0.748031 0.067704,
        2.907791 -0.748031 0.025945,
        2.944857 -0.748031 0.073819,
        2.893714 -0.748031 0.044291,
        2.941907 -0.748031 0.080941,
        2.884865 -0.748031 0.065656,
        2.888882 -0.748031 0.278832,
        2.831839 -0.748031 0.263548,
        2.880033 -0.748031 0.300197,
        2.829509 -0.748031 0.269540,
        2.865955 -0.748031 0.318543,
        2.825937 -0.748031 0.274885,
        2.821293 -0.748031 0.279331,
        2.803318 -0.629921 0.344488,
        2.803318 -0.629921 0.285433,
        2.826245 -0.629921 0.341470,
        2.809709 -0.629921 0.284733,
        2.847609 -0.629921 0.332620,
        3.149606 -0.629921 0.000000,
        3.149606 -0.629921 0.059055,
        2.970428 -0.629921 0.000000,
        2.970428 -0.629921 0.059055,
        2.947502 -0.629921 0.003019,
        2.962786 -0.629921 0.060061,
        2.926137 -0.629921 0.011868,
        2.955665 -0.629921 0.063011,
        2.907791 -0.629921 0.025945,
        2.949550 -0.629921 0.067704,
        2.893714 -0.629921 0.044291,
        2.944857 -0.629921 0.073819,
        2.884865 -0.629921 0.065656,
        2.941907 -0.629921 0.080941,
        2.831839 -0.629921 0.263548,
        2.888882 -0.629921 0.278832,
        2.829509 -0.629921 0.269540,
        2.880033 -0.629921 0.300197,
        2.825937 -0.629921 0.274885,
        2.865955 -0.629921 0.318543,
        2.821293 -0.629921 0.279331,
        2.815797 -0.629921 0.282667,
        2.803318 -0.551181 0.285433,
        2.803318 -0.551181 0.344488,
        2.809709 -0.551181 0.284733,
        2.826245 -0.551181 0.341470,
        2.815797 -0.551181 0.282667,
        2.847609 -0.551181 0.332620,
        3.149606 -0.551181 0.059055,
        3.149606 -0.551181 0.000000,
        2.970428 -0.551181 0.059055,
        2.970428 -0.551181 0.000000,
        2.962786 -0.551181 0.060061,
        2.947502 -0.551181 0.003019,
        2.955665 -0.551181 0.063011,
        2.926137 -0.551181 0.011868,
        2.949550 -0.551181 0.067704,
        2.907791 -0.551181 0.025945,
        2.944857 -0.551181 0.073819,
        2.893714 -0.551181 0.044291,
        2.941907 -0.551181 0.080941,
        2.884865 -0.551181 0.065656,
        2.888882 -0.551181 0.278832,
        2.831839 -0.551181 0.263548,
        2.880033 -0.551181 0.300197,
        2.829509 -0.551181 0.269540,
        2.865955 -0.551181 0.318543,
        2.825937 -0.551181 0.274885,
        2.821293 -0.551181 0.279331,
        2.803318 -0.433071 0.344488,
        2.803318 -0.433071 0.285433,
        2.826245 -0.433071 0.341470,
        2.809709 -0.433071 0.284733,
        2.847609 -0.433071 0.332620,
        3.149606 -0.433071 0.000000,
        3.149606 -0.433071 0.059055,
        2.970428 -0.433071 0.000000,
        2.970428 -0.433071 0.059055,
        2.947502 -0.433071 0.003019,
        2.962786 -0.433071 0.060061,
        2.926137 -0.433071 0.011868,
        2.955665 -0.433071 0.063011,
        2.907791 -0.433071 0.025945,
        2.949550 -0.433071 0.067704,
        2.893714 -0.433071 0.044291,
        2.944857 -0.433071 0.073819,
        2.884865 -0.433071 0.065656,
        2.941907 -0.433071 0.080941,
        2.831839 -0.433071 0.263548,
        2.888882 -0.433071 0.278832,
        2.829509 -0.433071 0.269540,
        2.880033 -0.433071 0.300197,
        2.825937 -0.433071 0.274885,
        2.865955 -0.433071 0.318543,
        2.821293 -0.433071 0.279331,
        2.815797 -0.433071 0.282667,
        2.803318 -0.354331 0.285433,
        2.803318 -0.354331 0.344488,
        2.809709 -0.354331 0.284733,
        2.826245 -0.354331 0.341470,
        2.815797 -0.354331 0.282667,
        2.847609 -0.354331 0.332620,
        3.149606 -0.354331 0.059055,
        3.149606 -0.354331 0.000000,
        2.970428 -0.354331 0.059055,
        2.970428 -0.354331 0.000000,
        2.962786 -0.354331 0.060061,
        2.947502 -0.354331 0.003019,
        2.955665 -0.354331 0.063011,
        2.926137 -0.354331 0.011868,
        2.949550 -0.354331 0.067704,
        2.907791 -0.354331 0.025945,
        2.944857 -0.354331 0.073819,
        2.893714 -0.354331 0.044291,
        2.941907 -0.354331 0.080941,
        2.884865 -0.354331 0.065656,
        2.888882 -0.354331 0.278832,
        2.831839 -0.354331 0.263548,
        2.880033 -0.354331 0.300197,
        2.829509 -0.354331 0.269540,
        2.865955 -0.354331 0.318543,
        2.825937 -0.354331 0.274885,
        2.821293 -0.354331 0.279331,
        2.803318 -0.236220 0.344488,
        2.803318 -0.236220 0.285433,
        2.826245 -0.236220 0.341470,
        2.809709 -0.236220 0.284733,
        2.847609 -0.236220 0.332620,
        3.149606 -0.236220 0.000000,
        3.149606 -0.236220 0.059055,
        2.970428 -0.236220 0.000000,
        2.970428 -0.236220 0.059055,
        2.947502 -0.236220 0.003019,
        2.962786 -0.236220 0.060061,
        2.926137 -0.236220 0.011868,
        2.955665 -0.236220 0.063011,
        2.907791 -0.236220 0.025945,
        2.949550 -0.236220 0.067704,
        2.893714 -0.236220 0.044291,
        2.944857 -0.236220 0.073819,
        2.884865 -0.236220 0.065656,
        2.941907 -0.236220 0.080941,
        2.831839 -0.236220 0.263548,
        2.888882 -0.236220 0.278832,
        2.829509 -0.236220 0.269540,
        2.880033 -0.236220 0.300197,
        2.825937 -0.236220 0.274885,
        2.865955 -0.236220 0.318543,
        2.821293 -0.236220 0.279331,
        2.815797 -0.236220 0.282667,
        2.803318 -0.157480 0.285433,
        2.803318 -0.157480 0.344488,
        2.809709 -0.157480 0.284733,
        2.826245 -0.157480 0.341470,
        2.815797 -0.157480 0.282667,
        2.847609 -0.157480 0.332620,
        3.149606 -0.157480 0.059055,
        3.149606 -0.157480 0.000000,
        2.970428 -0.157480 0.059055,
        2.970428 -0.157480 0.000000,
        2.962786 -0.157480 0.060061,
        2.947502 -0.157480 0.003019,
        2.955665 -0.157480 0.063011,
        2.926137 -0.157480 0.011868,
        2.949550 -0.157480 0.067704,
        2.907791 -0.157480 0.025945,
        2.944857 -0.157480 0.073819,
        2.893714 -0.157480 0.044291,
        2.941907 -0.157480 0.080941,
        2.884865 -0.157480 0.065656,
        2.888882 -0.157480 0.278832,
        2.831839 -0.157480 0.263548,
        2.880033 -0.157480 0.300197,
        2.829509 -0.157480 0.269540,
        2.865955 -0.157480 0.318543,
        2.825937 -0.157480 0.274885,
        2.821293 -0.157480 0.279331,
        2.803318 -0.039370 0.344488,
        2.803318 -0.039370 0.285433,
        2.826245 -0.039370 0.341470,
        2.809709 -0.039370 0.284733,
        2.847609 -0.039370 0.332620,
        3.149606 -0.039370 0.000000,
        3.149606 -0.039370 0.059055,
        2.970428 -0.039370 0.000000,
        2.970428 -0.039370 0.059055,
        2.947502 -0.039370 0.003019,
        2.962786 -0.039370 0.060061,
        2.926137 -0.039370 0.011868,
        2.955665 -0.039370 0.063011,
        2.907791 -0.039370 0.025945,
        2.949550 -0.039370 0.067704,
        2.893714 -0.039370 0.044291,
        2.944857 -0.039370 0.073819,
        2.884865 -0.039370 0.065656,
        2.941907 -0.039370 0.080941,
        2.831839 -0.039370 0.263548,
        2.888882 -0.039370 0.278832,
        2.829509 -0.039370 0.269540,
        2.880033 -0.039370 0.300197,
        2.825937 -0.039370 0.274885,
        2.865955 -0.039370 0.318543,
        2.821293 -0.039370 0.279331,
        2.815797 -0.039370 0.282667,
        2.803318 0.039370 0.285433,
        2.803318 0.039370 0.344488,
        2.809709 0.039370 0.284733,
        2.826245 0.039370 0.341470,
        2.815797 0.039370 0.282667,
        2.847609 0.039370 0.332620,
        3.149606 0.039370 0.059055,
        3.149606 0.039370 0.000000,
        2.970428 0.039370 0.059055,
        2.970428 0.039370 0.000000,
        2.962786 0.039370 0.060061,
        2.947502 0.039370 0.003019,
        2.955665 0.039370 0.063011,
        2.926137 0.039370 0.011868,
        2.949550 0.039370 0.067704,
        2.907791 0.039370 0.025945,
        2.944857 0.039370 0.073819,
        2.893714 0.039370 0.044291,
        2.941907 0.039370 0.080941,
        2.884865 0.039370 0.065656,
        2.888882 0.039370 0.278832,
        2.831839 0.039370 0.263548,
        2.880033 0.039370 0.300197,
        2.829509 0.039370 0.269540,
        2.865955 0.039370 0.318543,
        2.825937 0.039370 0.274885,
        2.821293 0.039370 0.279331,
        2.803318 0.157480 0.344488,
        2.803318 0.157480 0.285433,
        2.826245 0.157480 0.341470,
        2.809709 0.157480 0.284733,
        2.847609 0.157480 0.332620,
        3.149606 0.157480 0.000000,
        3.149606 0.157480 0.059055,
        2.970428 0.157480 0.000000,
        2.970428 0.157480 0.059055,
        2.947502 0.157480 0.003019,
        2.962786 0.157480 0.060061,
        2.926137 0.157480 0.011868,
        2.955665 0.157480 0.063011,
        2.907791 0.157480 0.025945,
        2.949550 0.157480 0.067704,
        2.893714 0.157480 0.044291,
        2.944857 0.157480 0.073819,
        2.884865 0.157480 0.065656,
        2.941907 0.157480 0.080941,
        2.831839 0.157480 0.263548,
        2.888882 0.157480 0.278832,
        2.829509 0.157480 0.269540,
        2.880033 0.157480 0.300197,
        2.825937 0.157480 0.274885,
        2.865955 0.157480 0.318543,
        2.821293 0.157480 0.279331,
        2.815797 0.157480 0.282667,
        2.803318 0.236220 0.285433,
        2.803318 0.236220 0.344488,
        2.809709 0.236220 0.284733,
        2.826245 0.236220 0.341470,
        2.815797 0.236220 0.282667,
        2.847609 0.236220 0.332620,
        3.149606 0.236220 0.059055,
        3.149606 0.236220 0.000000,
        2.970428 0.236220 0.059055,
        2.970428 0.236220 0.000000,
        2.962786 0.236220 0.060061,
        2.947502 0.236220 0.003019,
        2.955665 0.236220 0.063011,
        2.926137 0.236220 0.011868,
        2.949550 0.236220 0.067704,
        2.907791 0.236220 0.025945,
        2.944857 0.236220 0.073819,
        2.893714 0.236220 0.044291,
        2.941907 0.236220 0.080941,
        2.884865 0.236220 0.065656,
        2.888882 0.236220 0.278832,
        2.831839 0.236220 0.263548,
        2.880033 0.236220 0.300197,
        2.829509 0.236220 0.269540,
        2.865955 0.236220 0.318543,
        2.825937 0.236220 0.274885,
        2.821293 0.236220 0.279331,
        2.803318 0.354331 0.344488,
        2.803318 0.354331 0.285433,
        2.826245 0.354331 0.341470,
        2.809709 0.354331 0.284733,
        2.847609 0.354331 0.332620,
        3.149606 0.354331 0.000000,
        3.149606 0.354331 0.059055,
        2.970428 0.354331 0.000000,
        2.970428 0.354331 0.059055,
        2.947502 0.354331 0.003019,
        2.962786 0.354331 0.060061,
        2.926137 0.354331 0.011868,
        2.955665 0.354331 0.063011,
        2.907791 0.354331 0.025945,
        2.949550 0.354331 0.067704,
        2.893714 0.354331 0.044291,
        2.944857 0.354331 0.073819,
        2.884865 0.354331 0.065656,
        2.941907 0.354331 0.080941,
        2.831839 0.354331 0.263548,
        2.888882 0.354331 0.278832,
        2.829509 0.354331 0.269540,
        2.880033 0.354331 0.300197,
        2.825937 0.354331 0.274885,
        2.865955 0.354331 0.318543,
        2.821293 0.354331 0.279331,
        2.815797 0.354331 0.282667,
        2.803318 0.433071 0.285433,
        2.803318 0.433071 0.344488,
        2.809709 0.433071 0.284733,
        2.826245 0.433071 0.341470,
        2.815797 0.433071 0.282667,
        2.847609 0.433071 0.332620,
        3.149606 0.433071 0.059055,
        3.149606 0.433071 0.000000,
        2.970428 0.433071 0.059055,
        2.970428 0.433071 0.000000,
        2.962786 0.433071 0.060061,
        2.947502 0.433071 0.003019,
        2.955665 0.433071 0.063011,
        2.926137 0.433071 0.011868,
        2.949550 0.433071 0.067704,
        2.907791 0.433071 0.025945,
        2.944857 0.433071 0.073819,
        2.893714 0.433071 0.044291,
        2.941907 0.433071 0.080941,
        2.884865 0.433071 0.065656,
        2.888882 0.433071 0.278832,
        2.831839 0.433071 0.263548,
        2.880033 0.433071 0.300197,
        2.829509 0.433071 0.269540,
        2.865955 0.433071 0.318543,
        2.825937 0.433071 0.274885,
        2.821293 0.433071 0.279331,
        2.803318 0.551181 0.344488,
        2.803318 0.551181 0.285433,
        2.826245 0.551181 0.341470,
        2.809709 0.551181 0.284733,
        2.847609 0.551181 0.332620,
        3.149606 0.551181 0.000000,
        3.149606 0.551181 0.059055,
        2.970428 0.551181 0.000000,
        2.970428 0.551181 0.059055,
        2.947502 0.551181 0.003019,
        2.962786 0.551181 0.060061,
        2.926137 0.551181 0.011868,
        2.955665 0.551181 0.063011,
        2.907791 0.551181 0.025945,
        2.949550 0.551181 0.067704,
        2.893714 0.551181 0.044291,
        2.944857 0.551181 0.073819,
        2.884865 0.551181 0.065656,
        2.941907 0.551181 0.080941,
        2.831839 0.551181 0.263548,
        2.888882 0.551181 0.278832,
        2.829509 0.551181 0.269540,
        2.880033 0.551181 0.300197,
        2.825937 0.551181 0.274885,
        2.865955 0.551181 0.318543,
        2.821293 0.551181 0.279331,
        2.815797 0.551181 0.282667,
        2.803318 0.629921 0.285433,
        2.803318 0.629921 0.344488,
        2.809709 0.629921 0.284733,
        2.826245 0.629921 0.341470,
        2.815797 0.629921 0.282667,
        2.847609 0.629921 0.332620,
        3.149606 0.629921 0.059055,
        3.149606 0.629921 0.000000,
        2.970428 0.629921 0.059055,
        2.970428 0.629921 0.000000,
        2.962786 0.629921 0.060061,
        2.947502 0.629921 0.003019,
        2.955665 0.629921 0.063011,
        2.926137 0.629921 0.011868,
        2.949550 0.629921 0.067704,
        2.907791 0.629921 0.025945,
        2.944857 0.629921 0.073819,
        2.893714 0.629921 0.044291,
        2.941907 0.629921 0.080941,
        2.884865 0.629921 0.065656,
        2.888882 0.629921 0.278832,
        2.831839 0.629921 0.263548,
        2.880033 0.629921 0.300197,
        2.829509 0.629921 0.269540,
        2.865955 0.629921 0.318543,
        2.825937 0.629921 0.274885,
        2.821293 0.629921 0.279331,
        2.803318 0.748031 0.344488,
        2.803318 0.748031 0.285433,
        2.826245 0.748031 0.341470,
        2.809709 0.748031 0.284733,
        2.847609 0.748031 0.332620,
        3.149606 0.748031 0.000000,
        3.149606 0.748031 0.059055,
        2.970428 0.748031 0.000000,
        2.970428 0.748031 0.059055,
        2.947502 0.748031 0.003019,
        2.962786 0.748031 0.060061,
        2.926137 0.748031 0.011868,
        2.955665 0.748031 0.063011,
        2.907791 0.748031 0.025945,
        2.949550 0.748031 0.067704,
        2.893714 0.748031 0.044291,
        2.944857 0.748031 0.073819,
        2.884865 0.748031 0.065656,
        2.941907 0.748031 0.080941,
        2.831839 0.748031 0.263548,
        2.888882 0.748031 0.278832,
        2.829509 0.748031 0.269540,
        2.880033 0.748031 0.300197,
        2.825937 0.748031 0.274885,
        2.865955 0.748031 0.318543,
        2.821293 0.748031 0.279331,
        2.815797 0.748031 0.282667,
        2.803318 0.826772 0.285433,
        2.803318 0.826772 0.344488,
        2.809709 0.826772 0.284733,
        2.826245 0.826772 0.341470,
        2.815797 0.826772 0.282667,
        2.847609 0.826772 0.332620,
        3.149606 0.826772 0.059055,
        3.149606 0.826772 0.000000,
        2.970428 0.826772 0.059055,
        2.970428 0.826772 0.000000,
        2.962786 0.826772 0.060061,
        2.947502 0.826772 0.003019,
        2.955665 0.826772 0.063011,
        2.926137 0.826772 0.011868,
        2.949550 0.826772 0.067704,
        2.907791 0.826772 0.025945,
        2.944857 0.826772 0.073819,
        2.893714 0.826772 0.044291,
        2.941907 0.826772 0.080941,
        2.884865 0.826772 0.065656,
        2.888882 0.826772 0.278832,
        2.831839 0.826772 0.263548,
        2.880033 0.826772 0.300197,
        2.829509 0.826772 0.269540,
        2.865955 0.826772 0.318543,
        2.825937 0.826772 0.274885,
        2.821293 0.826772 0.279331,
        2.803318 0.944882 0.344488,
        2.803318 0.944882 0.285433,
        2.826245 0.944882 0.341470,
        2.809709 0.944882 0.284733,
        2.847609 0.944882 0.332620,
        3.149606 0.944882 0.000000,
        3.149606 0.944882 0.059055,
        2.970428 0.944882 0.000000,
        2.970428 0.944882 0.059055,
        2.947502 0.944882 0.003019,
        2.962786 0.944882 0.060061,
        2.926137 0.944882 0.011868,
        2.955665 0.944882 0.063011,
        2.907791 0.944882 0.025945,
        2.949550 0.944882 0.067704,
        2.893714 0.944882 0.044291,
        2.944857 0.944882 0.073819,
        2.884865 0.944882 0.065656,
        2.941907 0.944882 0.080941,
        2.831839 0.944882 0.263548,
        2.888882 0.944882 0.278832,
        2.829509 0.944882 0.269540,
        2.880033 0.944882 0.300197,
        2.825937 0.944882 0.274885,
        2.865955 0.944882 0.318543,
        2.821293 0.944882 0.279331,
        2.815797 0.944882 0.282667,
        2.803318 1.023622 0.285433,
        2.803318 1.023622 0.344488,
        2.809709 1.023622 0.284733,
        2.826245 1.023622 0.341470,
        2.815797 1.023622 0.282667,
        2.847609 1.023622 0.332620,
        3.149606 1.023622 0.059055,
        3.149606 1.023622 0.000000,
        2.970428 1.023622 0.059055,
        2.970428 1.023622 0.000000,
        2.962786 1.023622 0.060061,
        2.947502 1.023622 0.003019,
        2.955665 1.023622 0.063011,
        2.926137 1.023622 0.011868,
        2.949550 1.023622 0.067704,
        2.907791 1.023622 0.025945,
        2.944857 1.023622 0.073819,
        2.893714 1.023622 0.044291,
        2.941907 1.023622 0.080941,
        2.884865 1.023622 0.065656,
        2.888882 1.023622 0.278832,
        2.831839 1.023622 0.263548,
        2.880033 1.023622 0.300197,
        2.829509 1.023622 0.269540,
        2.865955 1.023622 0.318543,
        2.825937 1.023622 0.274885,
        2.821293 1.023622 0.279331,
        2.803318 1.141732 0.344488,
        2.803318 1.141732 0.285433,
        2.826245 1.141732 0.341470,
        2.809709 1.141732 0.284733,
        2.847609 1.141732 0.332620,
        3.149606 1.141732 0.000000,
        3.149606 1.141732 0.059055,
        2.970428 1.141732 0.000000,
        2.970428 1.141732 0.059055,
        2.947502 1.141732 0.003019,
        2.962786 1.141732 0.060061,
        2.926137 1.141732 0.011868,
        2.955665 1.141732 0.063011,
        2.907791 1.141732 0.025945,
        2.949550 1.141732 0.067704,
        2.893714 1.141732 0.044291,
        2.944857 1.141732 0.073819,
        2.884865 1.141732 0.065656,
        2.941907 1.141732 0.080941,
        2.831839 1.141732 0.263548,
        2.888882 1.141732 0.278832,
        2.829509 1.141732 0.269540,
        2.880033 1.141732 0.300197,
        2.825937 1.141732 0.274885,
        2.865955 1.141732 0.318543,
        2.821293 1.141732 0.279331,
        2.815797 1.141732 0.282667,
        2.803318 1.220472 0.285433,
        2.803318 1.220472 0.344488,
        2.809709 1.220472 0.284733,
        2.826245 1.220472 0.341470,
        2.815797 1.220472 0.282667,
        2.847609 1.220472 0.332620,
        3.149606 1.220472 0.059055,
        3.149606 1.220472 0.000000,
        2.970428 1.220472 0.059055,
        2.970428 1.220472 0.000000,
        2.962786 1.220472 0.060061,
        2.947502 1.220472 0.003019,
        2.955665 1.220472 0.063011,
        2.926137 1.220472 0.011868,
        2.949550 1.220472 0.067704,
        2.907791 1.220472 0.025945,
        2.944857 1.220472 0.073819,
        2.893714 1.220472 0.044291,
        2.941907 1.220472 0.080941,
        2.884865 1.220472 0.065656,
        2.888882 1.220472 0.278832,
        2.831839 1.220472 0.263548,
        2.880033 1.220472 0.300197,
        2.829509 1.220472 0.269540,
        2.865955 1.220472 0.318543,
        2.825937 1.220472 0.274885,
        2.821293 1.220472 0.279331,
        2.803318 1.338583 0.344488,
        2.803318 1.338583 0.285433,
        2.826245 1.338583 0.341470,
        2.809709 1.338583 0.284733,
        2.847609 1.338583 0.332620,
        3.149606 1.338583 0.000000,
        3.149606 1.338583 0.059055,
        2.970428 1.338583 0.000000,
        2.970428 1.338583 0.059055,
        2.947502 1.338583 0.003019,
        2.962786 1.338583 0.060061,
        2.926137 1.338583 0.011868,
        2.955665 1.338583 0.063011,
        2.907791 1.338583 0.025945,
        2.949550 1.338583 0.067704,
        2.893714 1.338583 0.044291,
        2.944857 1.338583 0.073819,
        2.884865 1.338583 0.065656,
        2.941907 1.338583 0.080941,
        2.831839 1.338583 0.263548,
        2.888882 1.338583 0.278832,
        2.829509 1.338583 0.269540,
        2.880033 1.338583 0.300197,
        2.825937 1.338583 0.274885,
        2.865955 1.338583 0.318543,
        2.821293 1.338583 0.279331,
        2.815797 1.338583 0.282667,
        2.803318 1.417323 0.285433,
        2.803318 1.417323 0.344488,
        2.809709 1.417323 0.284733,
        2.826245 1.417323 0.341470,
        2.815797 1.417323 0.282667,
        2.847609 1.417323 0.332620,
        3.149606 1.417323 0.059055,
        3.149606 1.417323 0.000000,
        2.970428 1.417323 0.059055,
        2.970428 1.417323 0.000000,
        2.962786 1.417323 0.060061,
        2.947502 1.417323 0.003019,
        2.955665 1.417323 0.063011,
        2.926137 1.417323 0.011868,
        2.949550 1.417323 0.067704,
        2.907791 1.417323 0.025945,
        2.944857 1.417323 0.073819,
        2.893714 1.417323 0.044291,
        2.941907 1.417323 0.080941,
        2.884865 1.417323 0.065656,
        2.888882 1.417323 0.278832,
        2.831839 1.417323 0.263548,
        2.880033 1.417323 0.300197,
        2.829509 1.417323 0.269540,
        2.865955 1.417323 0.318543,
        2.825937 1.417323 0.274885,
        2.821293 1.417323 0.279331,
        2.803318 1.535433 0.344488,
        2.803318 1.535433 0.285433,
        2.826245 1.535433 0.341470,
        2.809709 1.535433 0.284733,
        2.847609 1.535433 0.332620,
        3.149606 1.535433 0.000000,
        3.149606 1.535433 0.059055,
        2.970428 1.535433 0.000000,
        2.970428 1.535433 0.059055,
        2.947502 1.535433 0.003019,
        2.962786 1.535433 0.060061,
        2.926137 1.535433 0.011868,
        2.955665 1.535433 0.063011,
        2.907791 1.535433 0.025945,
        2.949550 1.535433 0.067704,
        2.893714 1.535433 0.044291,
        2.944857 1.535433 0.073819,
        2.884865 1.535433 0.065656,
        2.941907 1.535433 0.080941,
        2.831839 1.535433 0.263548,
        2.888882 1.535433 0.278832,
        2.829509 1.535433 0.269540,
        2.880033 1.535433 0.300197,
        2.825937 1.535433 0.274885,
        2.865955 1.535433 0.318543,
        2.821293 1.535433 0.279331,
        2.815797 1.535433 0.282667,
        2.803318 1.614173 0.285433,
        2.803318 1.614173 0.344488,
        2.809709 1.614173 0.284733,
        2.826245 1.614173 0.341470,
        2.815797 1.614173 0.282667,
        2.847609 1.614173 0.332620,
        3.149606 1.614173 0.059055,
        3.149606 1.614173 0.000000,
        2.970428 1.614173 0.059055,
        2.970428 1.614173 0.000000,
        2.962786 1.614173 0.060061,
        2.947502 1.614173 0.003019,
        2.955665 1.614173 0.063011,
        2.926137 1.614173 0.011868,
        2.949550 1.614173 0.067704,
        2.907791 1.614173 0.025945,
        2.944857 1.614173 0.073819,
        2.893714 1.614173 0.044291,
        2.941907 1.614173 0.080941,
        2.884865 1.614173 0.065656,
        2.888882 1.614173 0.278832,
        2.831839 1.614173 0.263548,
        2.880033 1.614173 0.300197,
        2.829509 1.614173 0.269540,
        2.865955 1.614173 0.318543,
        2.825937 1.614173 0.274885,
        2.821293 1.614173 0.279331,
        2.803318 1.732283 0.344488,
        2.803318 1.732283 0.285433,
        2.826245 1.732283 0.341470,
        2.809709 1.732283 0.284733,
        2.847609 1.732283 0.332620,
        3.149606 1.732283 0.000000,
        3.149606 1.732283 0.059055,
        2.970428 1.732283 0.000000,
        2.970428 1.732283 0.059055,
        2.947502 1.732283 0.003019,
        2.962786 1.732283 0.060061,
        2.926137 1.732283 0.011868,
        2.955665 1.732283 0.063011,
        2.907791 1.732283 0.025945,
        2.949550 1.732283 0.067704,
        2.893714 1.732283 0.044291,
        2.944857 1.732283 0.073819,
        2.884865 1.732283 0.065656,
        2.941907 1.732283 0.080941,
        2.831839 1.732283 0.263548,
        2.888882 1.732283 0.278832,
        2.829509 1.732283 0.269540,
        2.880033 1.732283 0.300197,
        2.825937 1.732283 0.274885,
        2.865955 1.732283 0.318543,
        2.821293 1.732283 0.279331,
        2.815797 1.732283 0.282667,
        2.803318 1.811024 0.285433,
        2.803318 1.811024 0.344488,
        2.809709 1.811024 0.284733,
        2.826245 1.811024 0.341470,
        2.815797 1.811024 0.282667,
        2.847609 1.811024 0.332620,
        3.149606 1.811024 0.059055,
        3.149606 1.811024 0.000000,
        2.970428 1.811024 0.059055,
        2.970428 1.811024 0.000000,
        2.962786 1.811024 0.060061,
        2.947502 1.811024 0.003019,
        2.955665 1.811024 0.063011,
        2.926137 1.811024 0.011868,
        2.949550 1.811024 0.067704,
        2.907791 1.811024 0.025945,
        2.944857 1.811024 0.073819,
        2.893714 1.811024 0.044291,
        2.941907 1.811024 0.080941,
        2.884865 1.811024 0.065656,
        2.888882 1.811024 0.278832,
        2.831839 1.811024 0.263548,
        2.880033 1.811024 0.300197,
        2.829509 1.811024 0.269540,
        2.865955 1.811024 0.318543,
        2.825937 1.811024 0.274885,
        2.821293 1.811024 0.279331,
        2.803318 1.929134 0.344488,
        2.803318 1.929134 0.285433,
        2.826245 1.929134 0.341470,
        2.809709 1.929134 0.284733,
        2.847609 1.929134 0.332620,
        3.149606 1.929134 0.000000,
        3.149606 1.929134 0.059055,
        2.970428 1.929134 0.000000,
        2.970428 1.929134 0.059055,
        2.947502 1.929134 0.003019,
        2.962786 1.929134 0.060061,
        2.926137 1.929134 0.011868,
        2.955665 1.929134 0.063011,
        2.907791 1.929134 0.025945,
        2.949550 1.929134 0.067704,
        2.893714 1.929134 0.044291,
        2.944857 1.929134 0.073819,
        2.884865 1.929134 0.065656,
        2.941907 1.929134 0.080941,
        2.831839 1.929134 0.263548,
        2.888882 1.929134 0.278832,
        2.829509 1.929134 0.269540,
        2.880033 1.929134 0.300197,
        2.825937 1.929134 0.274885,
        2.865955 1.929134 0.318543,
        2.821293 1.929134 0.279331,
        2.815797 1.929134 0.282667,
        2.803318 2.007874 0.285433,
        2.803318 2.007874 0.344488,
        2.809709 2.007874 0.284733,
        2.826245 2.007874 0.341470,
        2.815797 2.007874 0.282667,
        2.847609 2.007874 0.332620,
        3.149606 2.007874 0.059055,
        3.149606 2.007874 0.000000,
        2.970428 2.007874 0.059055,
        2.970428 2.007874 0.000000,
        2.962786 2.007874 0.060061,
        2.947502 2.007874 0.003019,
        2.955665 2.007874 0.063011,
        2.926137 2.007874 0.011868,
        2.949550 2.007874 0.067704,
        2.907791 2.007874 0.025945,
        2.944857 2.007874 0.073819,
        2.893714 2.007874 0.044291,
        2.941907 2.007874 0.080941,
        2.884865 2.007874 0.065656,
        2.888882 2.007874 0.278832,
        2.831839 2.007874 0.263548,
        2.880033 2.007874 0.300197,
        2.829509 2.007874 0.269540,
        2.865955 2.007874 0.318543,
        2.825937 2.007874 0.274885,
        2.821293 2.007874 0.279331,
        2.803318 2.125984 0.344488,
        2.803318 2.125984 0.285433,
        2.826245 2.125984 0.341470,
        2.809709 2.125984 0.284733,
        2.847609 2.125984 0.332620,
        3.149606 2.125984 0.000000,
        3.149606 2.125984 0.059055,
        2.970428 2.125984 0.000000,
        2.970428 2.125984 0.059055,
        2.947502 2.125984 0.003019,
        2.962786 2.125984 0.060061,
        2.926137 2.125984 0.011868,
        2.955665 2.125984 0.063011,
        2.907791 2.125984 0.025945,
        2.949550 2.125984 0.067704,
        2.893714 2.125984 0.044291,
        2.944857 2.125984 0.073819,
        2.884865 2.125984 0.065656,
        2.941907 2.125984 0.080941,
        2.831839 2.125984 0.263548,
        2.888882 2.125984 0.278832,
        2.829509 2.125984 0.269540,
        2.880033 2.125984 0.300197,
        2.825937 2.125984 0.274885,
        2.865955 2.125984 0.318543,
        2.821293 2.125984 0.279331,
        2.815797 2.125984 0.282667,
        2.803318 2.204724 0.285433,
        2.803318 2.204724 0.344488,
        2.809709 2.204724 0.284733,
        2.826245 2.204724 0.341470,
        2.815797 2.204724 0.282667,
        2.847609 2.204724 0.332620,
        3.149606 2.204724 0.059055,
        3.149606 2.204724 0.000000,
        2.970428 2.204724 0.059055,
        2.970428 2.204724 0.000000,
        2.962786 2.204724 0.060061,
        2.947502 2.204724 0.003019,
        2.955665 2.204724 0.063011,
        2.926137 2.204724 0.011868,
        2.949550 2.204724 0.067704,
        2.907791 2.204724 0.025945,
        2.944857 2.204724 0.073819,
        2.893714 2.204724 0.044291,
        2.941907 2.204724 0.080941,
        2.884865 2.204724 0.065656,
        2.888882 2.204724 0.278832,
        2.831839 2.204724 0.263548,
        2.880033 2.204724 0.300197,
        2.829509 2.204724 0.269540,
        2.865955 2.204724 0.318543,
        2.825937 2.204724 0.274885,
        2.821293 2.204724 0.279331,
        2.803318 2.322835 0.344488,
        2.803318 2.322835 0.285433,
        2.826245 2.322835 0.341470,
        2.809709 2.322835 0.284733,
        2.847609 2.322835 0.332620,
        3.149606 2.322835 0.000000,
        3.149606 2.322835 0.059055,
        2.970428 2.322835 0.000000,
        2.970428 2.322835 0.059055,
        2.947502 2.322835 0.003019,
        2.962786 2.322835 0.060061,
        2.926137 2.322835 0.011868,
        2.955665 2.322835 0.063011,
        2.907791 2.322835 0.025945,
        2.949550 2.322835 0.067704,
        2.893714 2.322835 0.044291,
        2.944857 2.322835 0.073819,
        2.884865 2.322835 0.065656,
        2.941907 2.322835 0.080941,
        2.831839 2.322835 0.263548,
        2.888882 2.322835 0.278832,
        2.829509 2.322835 0.269540,
        2.880033 2.322835 0.300197,
        2.825937 2.322835 0.274885,
        2.865955 2.322835 0.318543,
        2.821293 2.322835 0.279331,
        2.815797 2.322835 0.282667,
        2.803318 2.401575 0.285433,
        2.803318 2.401575 0.344488,
        2.809709 2.401575 0.284733,
        2.826245 2.401575 0.341470,
        2.815797 2.401575 0.282667,
        2.847609 2.401575 0.332620,
        3.149606 2.401575 0.059055,
        3.149606 2.401575 0.000000,
        2.970428 2.401575 0.059055,
        2.970428 2.401575 0.000000,
        2.962786 2.401575 0.060061,
        2.947502 2.401575 0.003019,
        2.955665 2.401575 0.063011,
        2.926137 2.401575 0.011868,
        2.949550 2.401575 0.067704,
        2.907791 2.401575 0.025945,
        2.944857 2.401575 0.073819,
        2.893714 2.401575 0.044291,
        2.941907 2.401575 0.080941,
        2.884865 2.401575 0.065656,
        2.888882 2.401575 0.278832,
        2.831839 2.401575 0.263548,
        2.880033 2.401575 0.300197,
        2.829509 2.401575 0.269540,
        2.865955 2.401575 0.318543,
        2.825937 2.401575 0.274885,
        2.821293 2.401575 0.279331,
        2.401575 2.803318 0.344488,
        2.401575 2.803318 0.285433,
        2.401575 2.826245 0.341470,
        2.401575 2.809709 0.284733,
        2.401575 2.847609 0.332620,
        2.401575 3.149606 0.000000,
        2.401575 3.149606 0.059055,
        2.401575 2.970428 0.000000,
        2.401575 2.970428 0.059055,
        2.401575 2.947502 0.003019,
        2.401575 2.962786 0.060061,
        2.401575 2.926137 0.011868,
        2.401575 2.955665 0.063011,
        2.401575 2.907791 0.025945,
        2.401575 2.949550 0.067704,
        2.401575 2.893714 0.044291,
        2.401575 2.944857 0.073819,
        2.401575 2.884865 0.065656,
        2.401575 2.941907 0.080941,
        2.401575 2.831839 0.263548,
        2.401575 2.888882 0.278832,
        2.401575 2.829509 0.269540,
        2.401575 2.880033 0.300197,
        2.401575 2.825937 0.274885,
        2.401575 2.865955 0.318543,
        2.401575 2.821293 0.279331,
        2.401575 2.815797 0.282667,
        2.322835 2.803318 0.285433,
        2.322835 2.803318 0.344488,
        2.322835 2.809709 0.284733,
        2.322835 2.826245 0.341470,
        2.322835 2.815797 0.282667,
        2.322835 2.847609 0.332620,
        2.322835 3.149606 0.059055,
        2.322835 3.149606 0.000000,
        2.322835 2.970428 0.059055,
        2.322835 2.970428 0.000000,
        2.322835 2.962786 0.060061,
        2.322835 2.947502 0.003019,
        2.322835 2.955665 0.063011,
        2.322835 2.926137 0.011868,
        2.322835 2.949550 0.067704,
        2.322835 2.907791 0.025945,
        2.322835 2.944857 0.073819,
        2.322835 2.893714 0.044291,
        2.322835 2.941907 0.080941,
        2.322835 2.884865 0.065656,
        2.322835 2.888882 0.278832,
        2.322835 2.831839 0.263548,
        2.322835 2.880033 0.300197,
        2.322835 2.829509 0.269540,
        2.322835 2.865955 0.318543,
        2.322835 2.825937 0.274885,
        2.322835 2.821293 0.279331,
        2.204724 2.803318 0.344488,
        2.204724 2.803318 0.285433,
        2.204724 2.826245 0.341470,
        2.204724 2.809709 0.284733,
        2.204724 2.847609 0.332620,
        2.204724 3.149606 0.000000,
        2.204724 3.149606 0.059055,
        2.204724 2.970428 0.000000,
        2.204724 2.970428 0.059055,
        2.204724 2.947502 0.003019,
        2.204724 2.962786 0.060061,
        2.204724 2.926137 0.011868,
        2.204724 2.955665 0.063011,
        2.204724 2.907791 0.025945,
        2.204724 2.949550 0.067704,
        2.204724 2.893714 0.044291,
        2.204724 2.944857 0.073819,
        2.204724 2.884865 0.065656,
        2.204724 2.941907 0.080941,
        2.204724 2.831839 0.263548,
        2.204724 2.888882 0.278832,
        2.204724 2.829509 0.269540,
        2.204724 2.880033 0.300197,
        2.204724 2.825937 0.274885,
        2.204724 2.865955 0.318543,
        2.204724 2.821293 0.279331,
        2.204724 2.815797 0.282667,
        2.125984 2.803318 0.285433,
        2.125984 2.803318 0.344488,
        2.125984 2.809709 0.284733,
        2.125984 2.826245 0.341470,
        2.125984 2.815797 0.282667,
        2.125984 2.847609 0.332620,
        2.125984 3.149606 0.059055,
        2.125984 3.149606 0.000000,
        2.125984 2.970428 0.059055,
        2.125984 2.970428 0.000000,
        2.125984 2.962786 0.060061,
        2.125984 2.947502 0.003019,
        2.125984 2.955665 0.063011,
        2.125984 2.926137 0.011868,
        2.125984 2.949550 0.067704,
        2.125984 2.907791 0.025945,
        2.125984 2.944857 0.073819,
        2.125984 2.893714 0.044291,
        2.125984 2.941907 0.080941,
        2.125984 2.884865 0.065656,
        2.125984 2.888882 0.278832,
        2.125984 2.831839 0.263548,
        2.125984 2.880033 0.300197,
        2.125984 2.829509 0.269540,
        2.125984 2.865955 0.318543,
        2.125984 2.825937 0.274885,
        2.125984 2.821293 0.279331,
        2.007874 2.803318 0.344488,
        2.007874 2.803318 0.285433,
        2.007874 2.826245 0.341470,
        2.007874 2.809709 0.284733,
        2.007874 2.847609 0.332620,
        2.007874 3.149606 0.000000,
        2.007874 3.149606 0.059055,
        2.007874 2.970428 0.000000,
        2.007874 2.970428 0.059055,
        2.007874 2.947502 0.003019,
        2.007874 2.962786 0.060061,
        2.007874 2.926137 0.011868,
        2.007874 2.955665 0.063011,
        2.007874 2.907791 0.025945,
        2.007874 2.949550 0.067704,
        2.007874 2.893714 0.044291,
        2.007874 2.944857 0.073819,
        2.007874 2.884865 0.065656,
        2.007874 2.941907 0.080941,
        2.007874 2.831839 0.263548,
        2.007874 2.888882 0.278832,
        2.007874 2.829509 0.269540,
        2.007874 2.880033 0.300197,
        2.007874 2.825937 0.274885,
        2.007874 2.865955 0.318543,
        2.007874 2.821293 0.279331,
        2.007874 2.815797 0.282667,
        1.929134 2.803318 0.285433,
        1.929134 2.803318 0.344488,
        1.929134 2.809709 0.284733,
        1.929134 2.826245 0.341470,
        1.929134 2.815797 0.282667,
        1.929134 2.847609 0.332620,
        1.929134 3.149606 0.059055,
        1.929134 3.149606 0.000000,
        1.929134 2.970428 0.059055,
        1.929134 2.970428 0.000000,
        1.929134 2.962786 0.060061,
        1.929134 2.947502 0.003019,
        1.929134 2.955665 0.063011,
        1.929134 2.926137 0.011868,
        1.929134 2.949550 0.067704,
        1.929134 2.907791 0.025945,
        1.929134 2.944857 0.073819,
        1.929134 2.893714 0.044291,
        1.929134 2.941907 0.080941,
        1.929134 2.884865 0.065656,
        1.929134 2.888882 0.278832,
        1.929134 2.831839 0.263548,
        1.929134 2.880033 0.300197,
        1.929134 2.829509 0.269540,
        1.929134 2.865955 0.318543,
        1.929134 2.825937 0.274885,
        1.929134 2.821293 0.279331,
        1.811024 2.803318 0.344488,
        1.811024 2.803318 0.285433,
        1.811024 2.826245 0.341470,
        1.811024 2.809709 0.284733,
        1.811024 2.847609 0.332620,
        1.811024 3.149606 0.000000,
        1.811024 3.149606 0.059055,
        1.811024 2.970428 0.000000,
        1.811024 2.970428 0.059055,
        1.811024 2.947502 0.003019,
        1.811024 2.962786 0.060061,
        1.811024 2.926137 0.011868,
        1.811024 2.955665 0.063011,
        1.811024 2.907791 0.025945,
        1.811024 2.949550 0.067704,
        1.811024 2.893714 0.044291,
        1.811024 2.944857 0.073819,
        1.811024 2.884865 0.065656,
        1.811024 2.941907 0.080941,
        1.811024 2.831839 0.263548,
        1.811024 2.888882 0.278832,
        1.811024 2.829509 0.269540,
        1.811024 2.880033 0.300197,
        1.811024 2.825937 0.274885,
        1.811024 2.865955 0.318543,
        1.811024 2.821293 0.279331,
        1.811024 2.815797 0.282667,
        1.732283 2.803318 0.285433,
        1.732283 2.803318 0.344488,
        1.732283 2.809709 0.284733,
        1.732283 2.826245 0.341470,
        1.732283 2.815797 0.282667,
        1.732283 2.847609 0.332620,
        1.732283 3.149606 0.059055,
        1.732283 3.149606 0.000000,
        1.732283 2.970428 0.059055,
        1.732283 2.970428 0.000000,
        1.732283 2.962786 0.060061,
        1.732283 2.947502 0.003019,
        1.732283 2.955665 0.063011,
        1.732283 2.926137 0.011868,
        1.732283 2.949550 0.067704,
        1.732283 2.907791 0.025945,
        1.732283 2.944857 0.073819,
        1.732283 2.893714 0.044291,
        1.732283 2.941907 0.080941,
        1.732283 2.884865 0.065656,
        1.732283 2.888882 0.278832,
        1.732283 2.831839 0.263548,
        1.732283 2.880033 0.300197,
        1.732283 2.829509 0.269540,
        1.732283 2.865955 0.318543,
        1.732283 2.825937 0.274885,
        1.732283 2.821293 0.279331,
        1.614173 2.803318 0.344488,
        1.614173 2.803318 0.285433,
        1.614173 2.826245 0.341470,
        1.614173 2.809709 0.284733,
        1.614173 2.847609 0.332620,
        1.614173 3.149606 0.000000,
        1.614173 3.149606 0.059055,
        1.614173 2.970428 0.000000,
        1.614173 2.970428 0.059055,
        1.614173 2.947502 0.003019,
        1.614173 2.962786 0.060061,
        1.614173 2.926137 0.011868,
        1.614173 2.955665 0.063011,
        1.614173 2.907791 0.025945,
        1.614173 2.949550 0.067704,
        1.614173 2.893714 0.044291,
        1.614173 2.944857 0.073819,
        1.614173 2.884865 0.065656,
        1.614173 2.941907 0.080941,
        1.614173 2.831839 0.263548,
        1.614173 2.888882 0.278832,
        1.614173 2.829509 0.269540,
        1.614173 2.880033 0.300197,
        1.614173 2.825937 0.274885,
        1.614173 2.865955 0.318543,
        1.614173 2.821293 0.279331,
        1.614173 2.815797 0.282667,
        1.535433 2.803318 0.285433,
        1.535433 2.803318 0.344488,
        1.535433 2.809709 0.284733,
        1.535433 2.826245 0.341470,
        1.535433 2.815797 0.282667,
        1.535433 2.847609 0.332620,
        1.535433 3.149606 0.059055,
        1.535433 3.149606 0.000000,
        1.535433 2.970428 0.059055,
        1.535433 2.970428 0.000000,
        1.535433 2.962786 0.060061,
        1.535433 2.947502 0.003019,
        1.535433 2.955665 0.063011,
        1.535433 2.926137 0.011868,
        1.535433 2.949550 0.067704,
        1.535433 2.907791 0.025945,
        1.535433 2.944857 0.073819,
        1.535433 2.893714 0.044291,
        1.535433 2.941907 0.080941,
        1.535433 2.884865 0.065656,
        1.535433 2.888882 0.278832,
        1.535433 2.831839 0.263548,
        1.535433 2.880033 0.300197,
        1.535433 2.829509 0.269540,
        1.535433 2.865955 0.318543,
        1.535433 2.825937 0.274885,
        1.535433 2.821293 0.279331,
        1.417323 2.803318 0.344488,
        1.417323 2.803318 0.285433,
        1.417323 2.826245 0.341470,
        1.417323 2.809709 0.284733,
        1.417323 2.847609 0.332620,
        1.417323 3.149606 0.000000,
        1.417323 3.149606 0.059055,
        1.417323 2.970428 0.000000,
        1.417323 2.970428 0.059055,
        1.417323 2.947502 0.003019,
        1.417323 2.962786 0.060061,
        1.417323 2.926137 0.011868,
        1.417323 2.955665 0.063011,
        1.417323 2.907791 0.025945,
        1.417323 2.949550 0.067704,
        1.417323 2.893714 0.044291,
        1.417323 2.944857 0.073819,
        1.417323 2.884865 0.065656,
        1.417323 2.941907 0.080941,
        1.417323 2.831839 0.263548,
        1.417323 2.888882 0.278832,
        1.417323 2.829509 0.269540,
        1.417323 2.880033 0.300197,
        1.417323 2.825937 0.274885,
        1.417323 2.865955 0.318543,
        1.417323 2.821293 0.279331,
        1.417323 2.815797 0.282667,
        1.338583 2.803318 0.285433,
        1.338583 2.803318 0.344488,
        1.338583 2.809709 0.284733,
        1.338583 2.826245 0.341470,
        1.338583 2.815797 0.282667,
        1.338583 2.847609 0.332620,
        1.338583 3.149606 0.059055,
        1.338583 3.149606 0.000000,
        1.338583 2.970428 0.059055,
        1.338583 2.970428 0.000000,
        1.338583 2.962786 0.060061,
        1.338583 2.947502 0.003019,
        1.338583 2.955665 0.063011,
        1.338583 2.926137 0.011868,
        1.338583 2.949550 0.067704,
        1.338583 2.907791 0.025945,
        1.338583 2.944857 0.073819,
        1.338583 2.893714 0.044291,
        1.338583 2.941907 0.080941,
        1.338583 2.884865 0.065656,
        1.338583 2.888882 0.278832,
        1.338583 2.831839 0.263548,
        1.338583 2.880033 0.300197,
        1.338583 2.829509 0.269540,
        1.338583 2.865955 0.318543,
        1.338583 2.825937 0.274885,
        1.338583 2.821293 0.279331,
        1.220472 2.803318 0.344488,
        1.220472 2.803318 0.285433,
        1.220472 2.826245 0.341470,
        1.220472 2.809709 0.284733,
        1.220472 2.847609 0.332620,
        1.220472 3.149606 0.000000,
        1.220472 3.149606 0.059055,
        1.220472 2.970428 0.000000,
        1.220472 2.970428 0.059055,
        1.220472 2.947502 0.003019,
        1.220472 2.962786 0.060061,
        1.220472 2.926137 0.011868,
        1.220472 2.955665 0.063011,
        1.220472 2.907791 0.025945,
        1.220472 2.949550 0.067704,
        1.220472 2.893714 0.044291,
        1.220472 2.944857 0.073819,
        1.220472 2.884865 0.065656,
        1.220472 2.941907 0.080941,
        1.220472 2.831839 0.263548,
        1.220472 2.888882 0.278832,
        1.220472 2.829509 0.269540,
        1.220472 2.880033 0.300197,
        1.220472 2.825937 0.274885,
        1.220472 2.865955 0.318543,
        1.220472 2.821293 0.279331,
        1.220472 2.815797 0.282667,
        1.141732 2.803318 0.285433,
        1.141732 2.803318 0.344488,
        1.141732 2.809709 0.284733,
        1.141732 2.826245 0.341470,
        1.141732 2.815797 0.282667,
        1.141732 2.847609 0.332620,
        1.141732 3.149606 0.059055,
        1.141732 3.149606 0.000000,
        1.141732 2.970428 0.059055,
        1.141732 2.970428 0.000000,
        1.141732 2.962786 0.060061,
        1.141732 2.947502 0.003019,
        1.141732 2.955665 0.063011,
        1.141732 2.926137 0.011868,
        1.141732 2.949550 0.067704,
        1.141732 2.907791 0.025945,
        1.141732 2.944857 0.073819,
        1.141732 2.893714 0.044291,
        1.141732 2.941907 0.080941,
        1.141732 2.884865 0.065656,
        1.141732 2.888882 0.278832,
        1.141732 2.831839 0.263548,
        1.141732 2.880033 0.300197,
        1.141732 2.829509 0.269540,
        1.141732 2.865955 0.318543,
        1.141732 2.825937 0.274885,
        1.141732 2.821293 0.279331,
        1.023622 2.803318 0.344488,
        1.023622 2.803318 0.285433,
        1.023622 2.826245 0.341470,
        1.023622 2.809709 0.284733,
        1.023622 2.847609 0.332620,
        1.023622 3.149606 0.000000,
        1.023622 3.149606 0.059055,
        1.023622 2.970428 0.000000,
        1.023622 2.970428 0.059055,
        1.023622 2.947502 0.003019,
        1.023622 2.962786 0.060061,
        1.023622 2.926137 0.011868,
        1.023622 2.955665 0.063011,
        1.023622 2.907791 0.025945,
        1.023622 2.949550 0.067704,
        1.023622 2.893714 0.044291,
        1.023622 2.944857 0.073819,
        1.023622 2.884865 0.065656,
        1.023622 2.941907 0.080941,
        1.023622 2.831839 0.263548,
        1.023622 2.888882 0.278832,
        1.023622 2.829509 0.269540,
        1.023622 2.880033 0.300197,
        1.023622 2.825937 0.274885,
        1.023622 2.865955 0.318543,
        1.023622 2.821293 0.279331,
        1.023622 2.815797 0.282667,
        0.944882 2.803318 0.285433,
        0.944882 2.803318 0.344488,
        0.944882 2.809709 0.284733,
        0.944882 2.826245 0.341470,
        0.944882 2.815797 0.282667,
        0.944882 2.847609 0.332620,
        0.944882 3.149606 0.059055,
        0.944882 3.149606 0.000000,
        0.944882 2.970428 0.059055,
        0.944882 2.970428 0.000000,
        0.944882 2.962786 0.060061,
        0.944882 2.947502 0.003019,
        0.944882 2.955665 0.063011,
        0.944882 2.926137 0.011868,
        0.944882 2.949550 0.067704,
        0.944882 2.907791 0.025945,
        0.944882 2.944857 0.073819,
        0.944882 2.893714 0.044291,
        0.944882 2.941907 0.080941,
        0.944882 2.884865 0.065656,
        0.944882 2.888882 0.278832,
        0.944882 2.831839 0.263548,
        0.944882 2.880033 0.300197,
        0.944882 2.829509 0.269540,
        0.944882 2.865955 0.318543,
        0.944882 2.825937 0.274885,
        0.944882 2.821293 0.279331,
        0.826772 2.803318 0.344488,
        0.826772 2.803318 0.285433,
        0.826772 2.826245 0.341470,
        0.826772 2.809709 0.284733,
        0.826772 2.847609 0.332620,
        0.826772 3.149606 0.000000,
        0.826772 3.149606 0.059055,
        0.826772 2.970428 0.000000,
        0.826772 2.970428 0.059055,
        0.826772 2.947502 0.003019,
        0.826772 2.962786 0.060061,
        0.826772 2.926137 0.011868,
        0.826772 2.955665 0.063011,
        0.826772 2.907791 0.025945,
        0.826772 2.949550 0.067704,
        0.826772 2.893714 0.044291,
        0.826772 2.944857 0.073819,
        0.826772 2.884865 0.065656,
        0.826772 2.941907 0.080941,
        0.826772 2.831839 0.263548,
        0.826772 2.888882 0.278832,
        0.826772 2.829509 0.269540,
        0.826772 2.880033 0.300197,
        0.826772 2.825937 0.274885,
        0.826772 2.865955 0.318543,
        0.826772 2.821293 0.279331,
        0.826772 2.815797 0.282667,
        0.748031 2.803318 0.285433,
        0.748031 2.803318 0.344488,
        0.748031 2.809709 0.284733,
        0.748031 2.826245 0.341470,
        0.748031 2.815797 0.282667,
        0.748031 2.847609 0.332620,
        0.748031 3.149606 0.059055,
        0.748031 3.149606 0.000000,
        0.748031 2.970428 0.059055,
        0.748031 2.970428 0.000000,
        0.748031 2.962786 0.060061,
        0.748031 2.947502 0.003019,
        0.748031 2.955665 0.063011,
        0.748031 2.926137 0.011868,
        0.748031 2.949550 0.067704,
        0.748031 2.907791 0.025945,
        0.748031 2.944857 0.073819,
        0.748031 2.893714 0.044291,
        0.748031 2.941907 0.080941,
        0.748031 2.884865 0.065656,
        0.748031 2.888882 0.278832,
        0.748031 2.831839 0.263548,
        0.748031 2.880033 0.300197,
        0.748031 2.829509 0.269540,
        0.748031 2.865955 0.318543,
        0.748031 2.825937 0.274885,
        0.748031 2.821293 0.279331,
        0.629921 2.803318 0.344488,
        0.629921 2.803318 0.285433,
        0.629921 2.826245 0.341470,
        0.629921 2.809709 0.284733,
        0.629921 2.847609 0.332620,
        0.629921 3.149606 0.000000,
        0.629921 3.149606 0.059055,
        0.629921 2.970428 0.000000,
        0.629921 2.970428 0.059055,
        0.629921 2.947502 0.003019,
        0.629921 2.962786 0.060061,
        0.629921 2.926137 0.011868,
        0.629921 2.955665 0.063011,
        0.629921 2.907791 0.025945,
        0.629921 2.949550 0.067704,
        0.629921 2.893714 0.044291,
        0.629921 2.944857 0.073819,
        0.629921 2.884865 0.065656,
        0.629921 2.941907 0.080941,
        0.629921 2.831839 0.263548,
        0.629921 2.888882 0.278832,
        0.629921 2.829509 0.269540,
        0.629921 2.880033 0.300197,
        0.629921 2.825937 0.274885,
        0.629921 2.865955 0.318543,
        0.629921 2.821293 0.279331,
        0.629921 2.815797 0.282667,
        0.551181 2.803318 0.285433,
        0.551181 2.803318 0.344488,
        0.551181 2.809709 0.284733,
        0.551181 2.826245 0.341470,
        0.551181 2.815797 0.282667,
        0.551181 2.847609 0.332620,
        0.551181 3.149606 0.059055,
        0.551181 3.149606 0.000000,
        0.551181 2.970428 0.059055,
        0.551181 2.970428 0.000000,
        0.551181 2.962786 0.060061,
        0.551181 2.947502 0.003019,
        0.551181 2.955665 0.063011,
        0.551181 2.926137 0.011868,
        0.551181 2.949550 0.067704,
        0.551181 2.907791 0.025945,
        0.551181 2.944857 0.073819,
        0.551181 2.893714 0.044291,
        0.551181 2.941907 0.080941,
        0.551181 2.884865 0.065656,
        0.551181 2.888882 0.278832,
        0.551181 2.831839 0.263548,
        0.551181 2.880033 0.300197,
        0.551181 2.829509 0.269540,
        0.551181 2.865955 0.318543,
        0.551181 2.825937 0.274885,
        0.551181 2.821293 0.279331,
        0.433071 2.803318 0.344488,
        0.433071 2.803318 0.285433,
        0.433071 2.826245 0.341470,
        0.433071 2.809709 0.284733,
        0.433071 2.847609 0.332620,
        0.433071 3.149606 0.000000,
        0.433071 3.149606 0.059055,
        0.433071 2.970428 0.000000,
        0.433071 2.970428 0.059055,
        0.433071 2.947502 0.003019,
        0.433071 2.962786 0.060061,
        0.433071 2.926137 0.011868,
        0.433071 2.955665 0.063011,
        0.433071 2.907791 0.025945,
        0.433071 2.949550 0.067704,
        0.433071 2.893714 0.044291,
        0.433071 2.944857 0.073819,
        0.433071 2.884865 0.065656,
        0.433071 2.941907 0.080941,
        0.433071 2.831839 0.263548,
        0.433071 2.888882 0.278832,
        0.433071 2.829509 0.269540,
        0.433071 2.880033 0.300197,
        0.433071 2.825937 0.274885,
        0.433071 2.865955 0.318543,
        0.433071 2.821293 0.279331,
        0.433071 2.815797 0.282667,
        0.354331 2.803318 0.285433,
        0.354331 2.803318 0.344488,
        0.354331 2.809709 0.284733,
        0.354331 2.826245 0.341470,
        0.354331 2.815797 0.282667,
        0.354331 2.847609 0.332620,
        0.354331 3.149606 0.059055,
        0.354331 3.149606 0.000000,
        0.354331 2.970428 0.059055,
        0.354331 2.970428 0.000000,
        0.354331 2.962786 0.060061,
        0.354331 2.947502 0.003019,
        0.354331 2.955665 0.063011,
        0.354331 2.926137 0.011868,
        0.354331 2.949550 0.067704,
        0.354331 2.907791 0.025945,
        0.354331 2.944857 0.073819,
        0.354331 2.893714 0.044291,
        0.354331 2.941907 0.080941,
        0.354331 2.884865 0.065656,
        0.354331 2.888882 0.278832,
        0.354331 2.831839 0.263548,
        0.354331 2.880033 0.300197,
        0.354331 2.829509 0.269540,
        0.354331 2.865955 0.318543,
        0.354331 2.825937 0.274885,
        0.354331 2.821293 0.279331,
        0.236220 2.803318 0.344488,
        0.236220 2.803318 0.285433,
        0.236220 2.826245 0.341470,
        0.236220 2.809709 0.284733,
        0.236220 2.847609 0.332620,
        0.236220 3.149606 0.000000,
        0.236220 3.149606 0.059055,
        0.236220 2.970428 0.000000,
        0.236220 2.970428 0.059055,
        0.236220 2.947502 0.003019,
        0.236220 2.962786 0.060061,
        0.236220 2.926137 0.011868,
        0.236220 2.955665 0.063011,
        0.236220 2.907791 0.025945,
        0.236220 2.949550 0.067704,
        0.236220 2.893714 0.044291,
        0.236220 2.944857 0.073819,
        0.236220 2.884865 0.065656,
        0.236220 2.941907 0.080941,
        0.236220 2.831839 0.263548,
        0.236220 2.888882 0.278832,
        0.236220 2.829509 0.269540,
        0.236220 2.880033 0.300197,
        0.236220 2.825937 0.274885,
        0.236220 2.865955 0.318543,
        0.236220 2.821293 0.279331,
        0.236220 2.815797 0.282667,
        0.157480 2.803318 0.285433,
        0.157480 2.803318 0.344488,
        0.157480 2.809709 0.284733,
        0.157480 2.826245 0.341470,
        0.157480 2.815797 0.282667,
        0.157480 2.847609 0.332620,
        0.157480 3.149606 0.059055,
        0.157480 3.149606 0.000000,
        0.157480 2.970428 0.059055,
        0.157480 2.970428 0.000000,
        0.157480 2.962786 0.060061,
        0.157480 2.947502 0.003019,
        0.157480 2.955665 0.063011,
        0.157480 2.926137 0.011868,
        0.157480 2.949550 0.067704,
        0.157480 2.907791 0.025945,
        0.157480 2.944857 0.073819,
        0.157480 2.893714 0.044291,
        0.157480 2.941907 0.080941,
        0.157480 2.884865 0.065656,
        0.157480 2.888882 0.278832,
        0.157480 2.831839 0.263548,
        0.157480 2.880033 0.300197,
        0.157480 2.829509 0.269540,
        0.157480 2.865955 0.318543,
        0.157480 2.825937 0.274885,
        0.157480 2.821293 0.279331,
        0.039370 2.803318 0.344488,
        0.039370 2.803318 0.285433,
        0.039370 2.826245 0.341470,
        0.039370 2.809709 0.284733,
        0.039370 2.847609 0.332620,
        0.039370 3.149606 0.000000,
        0.039370 3.149606 0.059055,
        0.039370 2.970428 0.000000,
        0.039370 2.970428 0.059055,
        0.039370 2.947502 0.003019,
        0.039370 2.962786 0.060061,
        0.039370 2.926137 0.011868,
        0.039370 2.955665 0.063011,
        0.039370 2.907791 0.025945,
        0.039370 2.949550 0.067704,
        0.039370 2.893714 0.044291,
        0.039370 2.944857 0.073819,
        0.039370 2.884865 0.065656,
        0.039370 2.941907 0.080941,
        0.039370 2.831839 0.263548,
        0.039370 2.888882 0.278832,
        0.039370 2.829509 0.269540,
        0.039370 2.880033 0.300197,
        0.039370 2.825937 0.274885,
        0.039370 2.865955 0.318543,
        0.039370 2.821293 0.279331,
        0.039370 2.815797 0.282667,
        -0.039370 2.803318 0.285433,
        -0.039370 2.803318 0.344488,
        -0.039370 2.809709 0.284733,
        -0.039370 2.826245 0.341470,
        -0.039370 2.815797 0.282667,
        -0.039370 2.847609 0.332620,
        -0.039370 3.149606 0.059055,
        -0.039370 3.149606 0.000000,
        -0.039370 2.970428 0.059055,
        -0.039370 2.970428 0.000000,
        -0.039370 2.962786 0.060061,
        -0.039370 2.947502 0.003019,
        -0.039370 2.955665 0.063011,
        -0.039370 2.926137 0.011868,
        -0.039370 2.949550 0.067704,
        -0.039370 2.907791 0.025945,
        -0.039370 2.944857 0.073819,
        -0.039370 2.893714 0.044291,
        -0.039370 2.941907 0.080941,
        -0.039370 2.884865 0.065656,
        -0.039370 2.888882 0.278832,
        -0.039370 2.831839 0.263548,
        -0.039370 2.880033 0.300197,
        -0.039370 2.829509 0.269540,
        -0.039370 2.865955 0.318543,
        -0.039370 2.825937 0.274885,
        -0.039370 2.821293 0.279331,
        -0.157480 2.803318 0.344488,
        -0.157480 2.803318 0.285433,
        -0.157480 2.826245 0.341470,
        -0.157480 2.809709 0.284733,
        -0.157480 2.847609 0.332620,
        -0.157480 3.149606 0.000000,
        -0.157480 3.149606 0.059055,
        -0.157480 2.970428 0.000000,
        -0.157480 2.970428 0.059055,
        -0.157480 2.947502 0.003019,
        -0.157480 2.962786 0.060061,
        -0.157480 2.926137 0.011868,
        -0.157480 2.955665 0.063011,
        -0.157480 2.907791 0.025945,
        -0.157480 2.949550 0.067704,
        -0.157480 2.893714 0.044291,
        -0.157480 2.944857 0.073819,
        -0.157480 2.884865 0.065656,
        -0.157480 2.941907 0.080941,
        -0.157480 2.831839 0.263548,
        -0.157480 2.888882 0.278832,
        -0.157480 2.829509 0.269540,
        -0.157480 2.880033 0.300197,
        -0.157480 2.825937 0.274885,
        -0.157480 2.865955 0.318543,
        -0.157480 2.821293 0.279331,
        -0.157480 2.815797 0.282667,
        -0.236220 2.803318 0.285433,
        -0.236220 2.803318 0.344488,
        -0.236220 2.809709 0.284733,
        -0.236220 2.826245 0.341470,
        -0.236220 2.815797 0.282667,
        -0.236220 2.847609 0.332620,
        -0.236220 3.149606 0.059055,
        -0.236220 3.149606 0.000000,
        -0.236220 2.970428 0.059055,
        -0.236220 2.970428 0.000000,
        -0.236220 2.962786 0.060061,
        -0.236220 2.947502 0.003019,
        -0.236220 2.955665 0.063011,
        -0.236220 2.926137 0.011868,
        -0.236220 2.949550 0.067704,
        -0.236220 2.907791 0.025945,
        -0.236220 2.944857 0.073819,
        -0.236220 2.893714 0.044291,
        -0.236220 2.941907 0.080941,
        -0.236220 2.884865 0.065656,
        -0.236220 2.888882 0.278832,
        -0.236220 2.831839 0.263548,
        -0.236220 2.880033 0.300197,
        -0.236220 2.829509 0.269540,
        -0.236220 2.865955 0.318543,
        -0.236220 2.825937 0.274885,
        -0.236220 2.821293 0.279331,
        -0.354331 2.803318 0.344488,
        -0.354331 2.803318 0.285433,
        -0.354331 2.826245 0.341470,
        -0.354331 2.809709 0.284733,
        -0.354331 2.847609 0.332620,
        -0.354331 3.149606 0.000000,
        -0.354331 3.149606 0.059055,
        -0.354331 2.970428 0.000000,
        -0.354331 2.970428 0.059055,
        -0.354331 2.947502 0.003019,
        -0.354331 2.962786 0.060061,
        -0.354331 2.926137 0.011868,
        -0.354331 2.955665 0.063011,
        -0.354331 2.907791 0.025945,
        -0.354331 2.949550 0.067704,
        -0.354331 2.893714 0.044291,
        -0.354331 2.944857 0.073819,
        -0.354331 2.884865 0.065656,
        -0.354331 2.941907 0.080941,
        -0.354331 2.831839 0.263548,
        -0.354331 2.888882 0.278832,
        -0.354331 2.829509 0.269540,
        -0.354331 2.880033 0.300197,
        -0.354331 2.825937 0.274885,
        -0.354331 2.865955 0.318543,
        -0.354331 2.821293 0.279331,
        -0.354331 2.815797 0.282667,
        -0.433071 2.803318 0.285433,
        -0.433071 2.803318 0.344488,
        -0.433071 2.809709 0.284733,
        -0.433071 2.826245 0.341470,
        -0.433071 2.815797 0.282667,
        -0.433071 2.847609 0.332620,
        -0.433071 3.149606 0.059055,
        -0.433071 3.149606 0.000000,
        -0.433071 2.970428 0.059055,
        -0.433071 2.970428 0.000000,
        -0.433071 2.962786 0.060061,
        -0.433071 2.947502 0.003019,
        -0.433071 2.955665 0.063011,
        -0.433071 2.926137 0.011868,
        -0.433071 2.949550 0.067704,
        -0.433071 2.907791 0.025945,
        -0.433071 2.944857 0.073819,
        -0.433071 2.893714 0.044291,
        -0.433071 2.941907 0.080941,
        -0.433071 2.884865 0.065656,
        -0.433071 2.888882 0.278832,
        -0.433071 2.831839 0.263548,
        -0.433071 2.880033 0.300197,
        -0.433071 2.829509 0.269540,
        -0.433071 2.865955 0.318543,
        -0.433071 2.825937 0.274885,
        -0.433071 2.821293 0.279331,
        -0.551181 2.803318 0.344488,
        -0.551181 2.803318 0.285433,
        -0.551181 2.826245 0.341470,
        -0.551181 2.809709 0.284733,
        -0.551181 2.847609 0.332620,
        -0.551181 3.149606 0.000000,
        -0.551181 3.149606 0.059055,
        -0.551181 2.970428 0.000000,
        -0.551181 2.970428 0.059055,
        -0.551181 2.947502 0.003019,
        -0.551181 2.962786 0.060061,
        -0.551181 2.926137 0.011868,
        -0.551181 2.955665 0.063011,
        -0.551181 2.907791 0.025945,
        -0.551181 2.949550 0.067704,
        -0.551181 2.893714 0.044291,
        -0.551181 2.944857 0.073819,
        -0.551181 2.884865 0.065656,
        -0.551181 2.941907 0.080941,
        -0.551181 2.831839 0.263548,
        -0.551181 2.888882 0.278832,
        -0.551181 2.829509 0.269540,
        -0.551181 2.880033 0.300197,
        -0.551181 2.825937 0.274885,
        -0.551181 2.865955 0.318543,
        -0.551181 2.821293 0.279331,
        -0.551181 2.815797 0.282667,
        -0.629921 2.803318 0.285433,
        -0.629921 2.803318 0.344488,
        -0.629921 2.809709 0.284733,
        -0.629921 2.826245 0.341470,
        -0.629921 2.815797 0.282667,
        -0.629921 2.847609 0.332620,
        -0.629921 3.149606 0.059055,
        -0.629921 3.149606 0.000000,
        -0.629921 2.970428 0.059055,
        -0.629921 2.970428 0.000000,
        -0.629921 2.962786 0.060061,
        -0.629921 2.947502 0.003019,
        -0.629921 2.955665 0.063011,
        -0.629921 2.926137 0.011868,
        -0.629921 2.949550 0.067704,
        -0.629921 2.907791 0.025945,
        -0.629921 2.944857 0.073819,
        -0.629921 2.893714 0.044291,
        -0.629921 2.941907 0.080941,
        -0.629921 2.884865 0.065656,
        -0.629921 2.888882 0.278832,
        -0.629921 2.831839 0.263548,
        -0.629921 2.880033 0.300197,
        -0.629921 2.829509 0.269540,
        -0.629921 2.865955 0.318543,
        -0.629921 2.825937 0.274885,
        -0.629921 2.821293 0.279331,
        -0.748031 2.803318 0.344488,
        -0.748031 2.803318 0.285433,
        -0.748031 2.826245 0.341470,
        -0.748031 2.809709 0.284733,
        -0.748031 2.847609 0.332620,
        -0.748031 3.149606 0.000000,
        -0.748031 3.149606 0.059055,
        -0.748031 2.970428 0.000000,
        -0.748031 2.970428 0.059055,
        -0.748031 2.947502 0.003019,
        -0.748031 2.962786 0.060061,
        -0.748031 2.926137 0.011868,
        -0.748031 2.955665 0.063011,
        -0.748031 2.907791 0.025945,
        -0.748031 2.949550 0.067704,
        -0.748031 2.893714 0.044291,
        -0.748031 2.944857 0.073819,
        -0.748031 2.884865 0.065656,
        -0.748031 2.941907 0.080941,
        -0.748031 2.831839 0.263548,
        -0.748031 2.888882 0.278832,
        -0.748031 2.829509 0.269540,
        -0.748031 2.880033 0.300197,
        -0.748031 2.825937 0.274885,
        -0.748031 2.865955 0.318543,
        -0.748031 2.821293 0.279331,
        -0.748031 2.815797 0.282667,
        -0.826772 2.803318 0.285433,
        -0.826772 2.803318 0.344488,
        -0.826772 2.809709 0.284733,
        -0.826772 2.826245 0.341470,
        -0.826772 2.815797 0.282667,
        -0.826772 2.847609 0.332620,
        -0.826772 3.149606 0.059055,
        -0.826772 3.149606 0.000000,
        -0.826772 2.970428 0.059055,
        -0.826772 2.970428 0.000000,
        -0.826772 2.962786 0.060061,
        -0.826772 2.947502 0.003019,
        -0.826772 2.955665 0.063011,
        -0.826772 2.926137 0.011868,
        -0.826772 2.949550 0.067704,
        -0.826772 2.907791 0.025945,
        -0.826772 2.944857 0.073819,
        -0.826772 2.893714 0.044291,
        -0.826772 2.941907 0.080941,
        -0.826772 2.884865 0.065656,
        -0.826772 2.888882 0.278832,
        -0.826772 2.831839 0.263548,
        -0.826772 2.880033 0.300197,
        -0.826772 2.829509 0.269540,
        -0.826772 2.865955 0.318543,
        -0.826772 2.825937 0.274885,
        -0.826772 2.821293 0.279331,
        -0.944882 2.803318 0.344488,
        -0.944882 2.803318 0.285433,
        -0.944882 2.826245 0.341470,
        -0.944882 2.809709 0.284733,
        -0.944882 2.847609 0.332620,
        -0.944882 3.149606 0.000000,
        -0.944882 3.149606 0.059055,
        -0.944882 2.970428 0.000000,
        -0.944882 2.970428 0.059055,
        -0.944882 2.947502 0.003019,
        -0.944882 2.962786 0.060061,
        -0.944882 2.926137 0.011868,
        -0.944882 2.955665 0.063011,
        -0.944882 2.907791 0.025945,
        -0.944882 2.949550 0.067704,
        -0.944882 2.893714 0.044291,
        -0.944882 2.944857 0.073819,
        -0.944882 2.884865 0.065656,
        -0.944882 2.941907 0.080941,
        -0.944882 2.831839 0.263548,
        -0.944882 2.888882 0.278832,
        -0.944882 2.829509 0.269540,
        -0.944882 2.880033 0.300197,
        -0.944882 2.825937 0.274885,
        -0.944882 2.865955 0.318543,
        -0.944882 2.821293 0.279331,
        -0.944882 2.815797 0.282667,
        -1.023622 2.803318 0.285433,
        -1.023622 2.803318 0.344488,
        -1.023622 2.809709 0.284733,
        -1.023622 2.826245 0.341470,
        -1.023622 2.815797 0.282667,
        -1.023622 2.847609 0.332620,
        -1.023622 3.149606 0.059055,
        -1.023622 3.149606 0.000000,
        -1.023622 2.970428 0.059055,
        -1.023622 2.970428 0.000000,
        -1.023622 2.962786 0.060061,
        -1.023622 2.947502 0.003019,
        -1.023622 2.955665 0.063011,
        -1.023622 2.926137 0.011868,
        -1.023622 2.949550 0.067704,
        -1.023622 2.907791 0.025945,
        -1.023622 2.944857 0.073819,
        -1.023622 2.893714 0.044291,
        -1.023622 2.941907 0.080941,
        -1.023622 2.884865 0.065656,
        -1.023622 2.888882 0.278832,
        -1.023622 2.831839 0.263548,
        -1.023622 2.880033 0.300197,
        -1.023622 2.829509 0.269540,
        -1.023622 2.865955 0.318543,
        -1.023622 2.825937 0.274885,
        -1.023622 2.821293 0.279331,
        -1.141732 2.803318 0.344488,
        -1.141732 2.803318 0.285433,
        -1.141732 2.826245 0.341470,
        -1.141732 2.809709 0.284733,
        -1.141732 2.847609 0.332620,
        -1.141732 3.149606 0.000000,
        -1.141732 3.149606 0.059055,
        -1.141732 2.970428 0.000000,
        -1.141732 2.970428 0.059055,
        -1.141732 2.947502 0.003019,
        -1.141732 2.962786 0.060061,
        -1.141732 2.926137 0.011868,
        -1.141732 2.955665 0.063011,
        -1.141732 2.907791 0.025945,
        -1.141732 2.949550 0.067704,
        -1.141732 2.893714 0.044291,
        -1.141732 2.944857 0.073819,
        -1.141732 2.884865 0.065656,
        -1.141732 2.941907 0.080941,
        -1.141732 2.831839 0.263548,
        -1.141732 2.888882 0.278832,
        -1.141732 2.829509 0.269540,
        -1.141732 2.880033 0.300197,
        -1.141732 2.825937 0.274885,
        -1.141732 2.865955 0.318543,
        -1.141732 2.821293 0.279331,
        -1.141732 2.815797 0.282667,
        -1.220472 2.803318 0.285433,
        -1.220472 2.803318 0.344488,
        -1.220472 2.809709 0.284733,
        -1.220472 2.826245 0.341470,
        -1.220472 2.815797 0.282667,
        -1.220472 2.847609 0.332620,
        -1.220472 3.149606 0.059055,
        -1.220472 3.149606 0.000000,
        -1.220472 2.970428 0.059055,
        -1.220472 2.970428 0.000000,
        -1.220472 2.962786 0.060061,
        -1.220472 2.947502 0.003019,
        -1.220472 2.955665 0.063011,
        -1.220472 2.926137 0.011868,
        -1.220472 2.949550 0.067704,
        -1.220472 2.907791 0.025945,
        -1.220472 2.944857 0.073819,
        -1.220472 2.893714 0.044291,
        -1.220472 2.941907 0.080941,
        -1.220472 2.884865 0.065656,
        -1.220472 2.888882 0.278832,
        -1.220472 2.831839 0.263548,
        -1.220472 2.880033 0.300197,
        -1.220472 2.829509 0.269540,
        -1.220472 2.865955 0.318543,
        -1.220472 2.825937 0.274885,
        -1.220472 2.821293 0.279331,
        -1.338583 2.803318 0.344488,
        -1.338583 2.803318 0.285433,
        -1.338583 2.826245 0.341470,
        -1.338583 2.809709 0.284733,
        -1.338583 2.847609 0.332620,
        -1.338583 3.149606 0.000000,
        -1.338583 3.149606 0.059055,
        -1.338583 2.970428 0.000000,
        -1.338583 2.970428 0.059055,
        -1.338583 2.947502 0.003019,
        -1.338583 2.962786 0.060061,
        -1.338583 2.926137 0.011868,
        -1.338583 2.955665 0.063011,
        -1.338583 2.907791 0.025945,
        -1.338583 2.949550 0.067704,
        -1.338583 2.893714 0.044291,
        -1.338583 2.944857 0.073819,
        -1.338583 2.884865 0.065656,
        -1.338583 2.941907 0.080941,
        -1.338583 2.831839 0.263548,
        -1.338583 2.888882 0.278832,
        -1.338583 2.829509 0.269540,
        -1.338583 2.880033 0.300197,
        -1.338583 2.825937 0.274885,
        -1.338583 2.865955 0.318543,
        -1.338583 2.821293 0.279331,
        -1.338583 2.815797 0.282667,
        -1.417323 2.803318 0.285433,
        -1.417323 2.803318 0.344488,
        -1.417323 2.809709 0.284733,
        -1.417323 2.826245 0.341470,
        -1.417323 2.815797 0.282667,
        -1.417323 2.847609 0.332620,
        -1.417323 3.149606 0.059055,
        -1.417323 3.149606 0.000000,
        -1.417323 2.970428 0.059055,
        -1.417323 2.970428 0.000000,
        -1.417323 2.962786 0.060061,
        -1.417323 2.947502 0.003019,
        -1.417323 2.955665 0.063011,
        -1.417323 2.926137 0.011868,
        -1.417323 2.949550 0.067704,
        -1.417323 2.907791 0.025945,
        -1.417323 2.944857 0.073819,
        -1.417323 2.893714 0.044291,
        -1.417323 2.941907 0.080941,
        -1.417323 2.884865 0.065656,
        -1.417323 2.888882 0.278832,
        -1.417323 2.831839 0.263548,
        -1.417323 2.880033 0.300197,
        -1.417323 2.829509 0.269540,
        -1.417323 2.865955 0.318543,
        -1.417323 2.825937 0.274885,
        -1.417323 2.821293 0.279331,
        -1.535433 2.803318 0.344488,
        -1.535433 2.803318 0.285433,
        -1.535433 2.826245 0.341470,
        -1.535433 2.809709 0.284733,
        -1.535433 2.847609 0.332620,
        -1.535433 3.149606 0.000000,
        -1.535433 3.149606 0.059055,
        -1.535433 2.970428 0.000000,
        -1.535433 2.970428 0.059055,
        -1.535433 2.947502 0.003019,
        -1.535433 2.962786 0.060061,
        -1.535433 2.926137 0.011868,
        -1.535433 2.955665 0.063011,
        -1.535433 2.907791 0.025945,
        -1.535433 2.949550 0.067704,
        -1.535433 2.893714 0.044291,
        -1.535433 2.944857 0.073819,
        -1.535433 2.884865 0.065656,
        -1.535433 2.941907 0.080941,
        -1.535433 2.831839 0.263548,
        -1.535433 2.888882 0.278832,
        -1.535433 2.829509 0.269540,
        -1.535433 2.880033 0.300197,
        -1.535433 2.825937 0.274885,
        -1.535433 2.865955 0.318543,
        -1.535433 2.821293 0.279331,
        -1.535433 2.815797 0.282667,
        -1.614173 2.803318 0.285433,
        -1.614173 2.803318 0.344488,
        -1.614173 2.809709 0.284733,
        -1.614173 2.826245 0.341470,
        -1.614173 2.815797 0.282667,
        -1.614173 2.847609 0.332620,
        -1.614173 3.149606 0.059055,
        -1.614173 3.149606 0.000000,
        -1.614173 2.970428 0.059055,
        -1.614173 2.970428 0.000000,
        -1.614173 2.962786 0.060061,
        -1.614173 2.947502 0.003019,
        -1.614173 2.955665 0.063011,
        -1.614173 2.926137 0.011868,
        -1.614173 2.949550 0.067704,
        -1.614173 2.907791 0.025945,
        -1.614173 2.944857 0.073819,
        -1.614173 2.893714 0.044291,
        -1.614173 2.941907 0.080941,
        -1.614173 2.884865 0.065656,
        -1.614173 2.888882 0.278832,
        -1.614173 2.831839 0.263548,
        -1.614173 2.880033 0.300197,
        -1.614173 2.829509 0.269540,
        -1.614173 2.865955 0.318543,
        -1.614173 2.825937 0.274885,
        -1.614173 2.821293 0.279331,
        -1.732283 2.803318 0.344488,
        -1.732283 2.803318 0.285433,
        -1.732283 2.826245 0.341470,
        -1.732283 2.809709 0.284733,
        -1.732283 2.847609 0.332620,
        -1.732283 3.149606 0.000000,
        -1.732283 3.149606 0.059055,
        -1.732283 2.970428 0.000000,
        -1.732283 2.970428 0.059055,
        -1.732283 2.947502 0.003019,
        -1.732283 2.962786 0.060061,
        -1.732283 2.926137 0.011868,
        -1.732283 2.955665 0.063011,
        -1.732283 2.907791 0.025945,
        -1.732283 2.949550 0.067704,
        -1.732283 2.893714 0.044291,
        -1.732283 2.944857 0.073819,
        -1.732283 2.884865 0.065656,
        -1.732283 2.941907 0.080941,
        -1.732283 2.831839 0.263548,
        -1.732283 2.888882 0.278832,
        -1.732283 2.829509 0.269540,
        -1.732283 2.880033 0.300197,
        -1.732283 2.825937 0.274885,
        -1.732283 2.865955 0.318543,
        -1.732283 2.821293 0.279331,
        -1.732283 2.815797 0.282667,
        -1.811024 2.803318 0.285433,
        -1.811024 2.803318 0.344488,
        -1.811024 2.809709 0.284733,
        -1.811024 2.826245 0.341470,
        -1.811024 2.815797 0.282667,
        -1.811024 2.847609 0.332620,
        -1.811024 3.149606 0.059055,
        -1.811024 3.149606 0.000000,
        -1.811024 2.970428 0.059055,
        -1.811024 2.970428 0.000000,
        -1.811024 2.962786 0.060061,
        -1.811024 2.947502 0.003019,
        -1.811024 2.955665 0.063011,
        -1.811024 2.926137 0.011868,
        -1.811024 2.949550 0.067704,
        -1.811024 2.907791 0.025945,
        -1.811024 2.944857 0.073819,
        -1.811024 2.893714 0.044291,
        -1.811024 2.941907 0.080941,
        -1.811024 2.884865 0.065656,
        -1.811024 2.888882 0.278832,
        -1.811024 2.831839 0.263548,
        -1.811024 2.880033 0.300197,
        -1.811024 2.829509 0.269540,
        -1.811024 2.865955 0.318543,
        -1.811024 2.825937 0.274885,
        -1.811024 2.821293 0.279331,
        -1.929134 2.803318 0.344488,
        -1.929134 2.803318 0.285433,
        -1.929134 2.826245 0.341470,
        -1.929134 2.809709 0.284733,
        -1.929134 2.847609 0.332620,
        -1.929134 3.149606 0.000000,
        -1.929134 3.149606 0.059055,
        -1.929134 2.970428 0.000000,
        -1.929134 2.970428 0.059055,
        -1.929134 2.947502 0.003019,
        -1.929134 2.962786 0.060061,
        -1.929134 2.926137 0.011868,
        -1.929134 2.955665 0.063011,
        -1.929134 2.907791 0.025945,
        -1.929134 2.949550 0.067704,
        -1.929134 2.893714 0.044291,
        -1.929134 2.944857 0.073819,
        -1.929134 2.884865 0.065656,
        -1.929134 2.941907 0.080941,
        -1.929134 2.831839 0.263548,
        -1.929134 2.888882 0.278832,
        -1.929134 2.829509 0.269540,
        -1.929134 2.880033 0.300197,
        -1.929134 2.825937 0.274885,
        -1.929134 2.865955 0.318543,
        -1.929134 2.821293 0.279331,
        -1.929134 2.815797 0.282667,
        -2.007874 2.803318 0.285433,
        -2.007874 2.803318 0.344488,
        -2.007874 2.809709 0.284733,
        -2.007874 2.826245 0.341470,
        -2.007874 2.815797 0.282667,
        -2.007874 2.847609 0.332620,
        -2.007874 3.149606 0.059055,
        -2.007874 3.149606 0.000000,
        -2.007874 2.970428 0.059055,
        -2.007874 2.970428 0.000000,
        -2.007874 2.962786 0.060061,
        -2.007874 2.947502 0.003019,
        -2.007874 2.955665 0.063011,
        -2.007874 2.926137 0.011868,
        -2.007874 2.949550 0.067704,
        -2.007874 2.907791 0.025945,
        -2.007874 2.944857 0.073819,
        -2.007874 2.893714 0.044291,
        -2.007874 2.941907 0.080941,
        -2.007874 2.884865 0.065656,
        -2.007874 2.888882 0.278832,
        -2.007874 2.831839 0.263548,
        -2.007874 2.880033 0.300197,
        -2.007874 2.829509 0.269540,
        -2.007874 2.865955 0.318543,
        -2.007874 2.825937 0.274885,
        -2.007874 2.821293 0.279331,
        -2.125984 2.803318 0.344488,
        -2.125984 2.803318 0.285433,
        -2.125984 2.826245 0.341470,
        -2.125984 2.809709 0.284733,
        -2.125984 2.847609 0.332620,
        -2.125984 3.149606 0.000000,
        -2.125984 3.149606 0.059055,
        -2.125984 2.970428 0.000000,
        -2.125984 2.970428 0.059055,
        -2.125984 2.947502 0.003019,
        -2.125984 2.962786 0.060061,
        -2.125984 2.926137 0.011868,
        -2.125984 2.955665 0.063011,
        -2.125984 2.907791 0.025945,
        -2.125984 2.949550 0.067704,
        -2.125984 2.893714 0.044291,
        -2.125984 2.944857 0.073819,
        -2.125984 2.884865 0.065656,
        -2.125984 2.941907 0.080941,
        -2.125984 2.831839 0.263548,
        -2.125984 2.888882 0.278832,
        -2.125984 2.829509 0.269540,
        -2.125984 2.880033 0.300197,
        -2.125984 2.825937 0.274885,
        -2.125984 2.865955 0.318543,
        -2.125984 2.821293 0.279331,
        -2.125984 2.815797 0.282667,
        -2.204724 2.803318 0.285433,
        -2.204724 2.803318 0.344488,
        -2.204724 2.809709 0.284733,
        -2.204724 2.826245 0.341470,
        -2.204724 2.815797 0.282667,
        -2.204724 2.847609 0.332620,
        -2.204724 3.149606 0.059055,
        -2.204724 3.149606 0.000000,
        -2.204724 2.970428 0.059055,
        -2.204724 2.970428 0.000000,
        -2.204724 2.962786 0.060061,
        -2.204724 2.947502 0.003019,
        -2.204724 2.955665 0.063011,
        -2.204724 2.926137 0.011868,
        -2.204724 2.949550 0.067704,
        -2.204724 2.907791 0.025945,
        -2.204724 2.944857 0.073819,
        -2.204724 2.893714 0.044291,
        -2.204724 2.941907 0.080941,
        -2.204724 2.884865 0.065656,
        -2.204724 2.888882 0.278832,
        -2.204724 2.831839 0.263548,
        -2.204724 2.880033 0.300197,
        -2.204724 2.829509 0.269540,
        -2.204724 2.865955 0.318543,
        -2.204724 2.825937 0.274885,
        -2.204724 2.821293 0.279331,
        -2.322835 2.803318 0.344488,
        -2.322835 2.803318 0.285433,
        -2.322835 2.826245 0.341470,
        -2.322835 2.809709 0.284733,
        -2.322835 2.847609 0.332620,
        -2.322835 3.149606 0.000000,
        -2.322835 3.149606 0.059055,
        -2.322835 2.970428 0.000000,
        -2.322835 2.970428 0.059055,
        -2.322835 2.947502 0.003019,
        -2.322835 2.962786 0.060061,
        -2.322835 2.926137 0.011868,
        -2.322835 2.955665 0.063011,
        -2.322835 2.907791 0.025945,
        -2.322835 2.949550 0.067704,
        -2.322835 2.893714 0.044291,
        -2.322835 2.944857 0.073819,
        -2.322835 2.884865 0.065656,
        -2.322835 2.941907 0.080941,
        -2.322835 2.831839 0.263548,
        -2.322835 2.888882 0.278832,
        -2.322835 2.829509 0.269540,
        -2.322835 2.880033 0.300197,
        -2.322835 2.825937 0.274885,
        -2.322835 2.865955 0.318543,
        -2.322835 2.821293 0.279331,
        -2.322835 2.815797 0.282667,
        -2.401575 2.803318 0.285433,
        -2.401575 2.803318 0.344488,
        -2.401575 2.809709 0.284733,
        -2.401575 2.826245 0.341470,
        -2.401575 2.815797 0.282667,
        -2.401575 2.847609 0.332620,
        -2.401575 3.149606 0.059055,
        -2.401575 3.149606 0.000000,
        -2.401575 2.970428 0.059055,
        -2.401575 2.970428 0.000000,
        -2.401575 2.962786 0.060061,
        -2.401575 2.947502 0.003019,
        -2.401575 2.955665 0.063011,
        -2.401575 2.926137 0.011868,
        -2.401575 2.949550 0.067704,
        -2.401575 2.907791 0.025945,
        -2.401575 2.944857 0.073819,
        -2.401575 2.893714 0.044291,
        -2.401575 2.941907 0.080941,
        -2.401575 2.884865 0.065656,
        -2.401575 2.888882 0.278832,
        -2.401575 2.831839 0.263548,
        -2.401575 2.880033 0.300197,
        -2.401575 2.829509 0.269540,
        -2.401575 2.865955 0.318543,
        -2.401575 2.825937 0.274885,
        -2.401575 2.821293 0.279331,
      ]
    }
    coordIndex [
      396, 397, 400, -1,
      400, 397, 401, -1,
      400, 401, 402, -1,
      402, 401, 403, -1,
      402, 403, 404, -1,
      405, 406, 407, -1,
      407, 406, 408, -1,
      407, 408, 409, -1,
      409, 408, 410, -1,
      409, 410, 411, -1,
      411, 410, 412, -1,
      411, 412, 413, -1,
      413, 412, 414, -1,
      413, 414, 415, -1,
      415, 414, 416, -1,
      415, 416, 417, -1,
      417, 416, 418, -1,
      417, 418, 419, -1,
      419, 418, 420, -1,
      419, 420, 421, -1,
      421, 420, 422, -1,
      421, 422, 423, -1,
      423, 422, 424, -1,
      423, 424, 425, -1,
      425, 424, 404, -1,
      425, 404, 426, -1,
      426, 404, 403, -1,
      391, 389, 427, -1,
      427, 389, 428, -1,
      427, 428, 429, -1,
      429, 428, 430, -1,
      429, 430, 431, -1,
      431, 430, 432, -1,
      433, 434, 435, -1,
      435, 434, 436, -1,
      435, 436, 437, -1,
      437, 436, 438, -1,
      437, 438, 439, -1,
      439, 438, 440, -1,
      439, 440, 441, -1,
      441, 440, 442, -1,
      441, 442, 443, -1,
      443, 442, 444, -1,
      443, 444, 445, -1,
      445, 444, 446, -1,
      445, 446, 447, -1,
      447, 446, 448, -1,
      447, 448, 449, -1,
      449, 448, 450, -1,
      449, 450, 451, -1,
      451, 450, 452, -1,
      451, 452, 432, -1,
      432, 452, 453, -1,
      432, 453, 431, -1,
      405, 407, 434, -1,
      434, 407, 436, -1,
      406, 405, 433, -1,
      433, 405, 434, -1,
      408, 406, 435, -1,
      435, 406, 433, -1,
      408, 435, 410, -1,
      410, 435, 437, -1,
      410, 437, 412, -1,
      412, 437, 439, -1,
      412, 439, 414, -1,
      414, 439, 441, -1,
      414, 441, 416, -1,
      416, 441, 443, -1,
      416, 443, 418, -1,
      418, 443, 445, -1,
      420, 418, 447, -1,
      447, 418, 445, -1,
      420, 447, 449, -1,
      420, 449, 422, -1,
      422, 449, 451, -1,
      422, 451, 424, -1,
      424, 451, 432, -1,
      424, 432, 404, -1,
      404, 432, 430, -1,
      404, 430, 402, -1,
      402, 430, 428, -1,
      402, 428, 400, -1,
      396, 400, 389, -1,
      389, 400, 428, -1,
      427, 401, 391, -1,
      391, 401, 397, -1,
      401, 427, 403, -1,
      403, 427, 429, -1,
      403, 429, 426, -1,
      426, 429, 431, -1,
      426, 431, 425, -1,
      425, 431, 453, -1,
      425, 453, 423, -1,
      423, 453, 452, -1,
      423, 452, 421, -1,
      421, 452, 450, -1,
      421, 450, 419, -1,
      419, 450, 448, -1,
      417, 419, 446, -1,
      446, 419, 448, -1,
      417, 446, 444, -1,
      417, 444, 415, -1,
      415, 444, 442, -1,
      415, 442, 413, -1,
      413, 442, 440, -1,
      413, 440, 411, -1,
      411, 440, 438, -1,
      411, 438, 409, -1,
      409, 438, 436, -1,
      409, 436, 407, -1,
      388, 390, 454, -1,
      454, 390, 455, -1,
      454, 455, 456, -1,
      456, 455, 457, -1,
      456, 457, 458, -1,
      459, 460, 461, -1,
      461, 460, 462, -1,
      461, 462, 463, -1,
      463, 462, 464, -1,
      463, 464, 465, -1,
      465, 464, 466, -1,
      465, 466, 467, -1,
      467, 466, 468, -1,
      467, 468, 469, -1,
      469, 468, 470, -1,
      469, 470, 471, -1,
      471, 470, 472, -1,
      471, 472, 473, -1,
      473, 472, 474, -1,
      473, 474, 475, -1,
      475, 474, 476, -1,
      475, 476, 477, -1,
      477, 476, 478, -1,
      477, 478, 479, -1,
      479, 478, 458, -1,
      479, 458, 480, -1,
      480, 458, 457, -1,
      387, 385, 481, -1,
      481, 385, 482, -1,
      481, 482, 483, -1,
      483, 482, 484, -1,
      483, 484, 485, -1,
      485, 484, 486, -1,
      487, 488, 489, -1,
      489, 488, 490, -1,
      489, 490, 491, -1,
      491, 490, 492, -1,
      491, 492, 493, -1,
      493, 492, 494, -1,
      493, 494, 495, -1,
      495, 494, 496, -1,
      495, 496, 497, -1,
      497, 496, 498, -1,
      497, 498, 499, -1,
      499, 498, 500, -1,
      499, 500, 501, -1,
      501, 500, 502, -1,
      501, 502, 503, -1,
      503, 502, 504, -1,
      503, 504, 505, -1,
      505, 504, 506, -1,
      505, 506, 486, -1,
      486, 506, 507, -1,
      486, 507, 485, -1,
      459, 461, 488, -1,
      488, 461, 490, -1,
      460, 459, 487, -1,
      487, 459, 488, -1,
      462, 460, 489, -1,
      489, 460, 487, -1,
      462, 489, 464, -1,
      464, 489, 491, -1,
      464, 491, 466, -1,
      466, 491, 493, -1,
      466, 493, 468, -1,
      468, 493, 495, -1,
      468, 495, 470, -1,
      470, 495, 497, -1,
      470, 497, 472, -1,
      472, 497, 499, -1,
      474, 472, 501, -1,
      501, 472, 499, -1,
      474, 501, 503, -1,
      474, 503, 476, -1,
      476, 503, 505, -1,
      476, 505, 478, -1,
      478, 505, 486, -1,
      478, 486, 458, -1,
      458, 486, 484, -1,
      458, 484, 456, -1,
      456, 484, 482, -1,
      456, 482, 454, -1,
      388, 454, 385, -1,
      385, 454, 482, -1,
      481, 455, 387, -1,
      387, 455, 390, -1,
      455, 481, 457, -1,
      457, 481, 483, -1,
      457, 483, 480, -1,
      480, 483, 485, -1,
      480, 485, 479, -1,
      479, 485, 507, -1,
      479, 507, 477, -1,
      477, 507, 506, -1,
      477, 506, 475, -1,
      475, 506, 504, -1,
      475, 504, 473, -1,
      473, 504, 502, -1,
      471, 473, 500, -1,
      500, 473, 502, -1,
      471, 500, 498, -1,
      471, 498, 469, -1,
      469, 498, 496, -1,
      469, 496, 467, -1,
      467, 496, 494, -1,
      467, 494, 465, -1,
      465, 494, 492, -1,
      465, 492, 463, -1,
      463, 492, 490, -1,
      463, 490, 461, -1,
      384, 386, 508, -1,
      508, 386, 509, -1,
      508, 509, 510, -1,
      510, 509, 511, -1,
      510, 511, 512, -1,
      513, 514, 515, -1,
      515, 514, 516, -1,
      515, 516, 517, -1,
      517, 516, 518, -1,
      517, 518, 519, -1,
      519, 518, 520, -1,
      519, 520, 521, -1,
      521, 520, 522, -1,
      521, 522, 523, -1,
      523, 522, 524, -1,
      523, 524, 525, -1,
      525, 524, 526, -1,
      525, 526, 527, -1,
      527, 526, 528, -1,
      527, 528, 529, -1,
      529, 528, 530, -1,
      529, 530, 531, -1,
      531, 530, 532, -1,
      531, 532, 533, -1,
      533, 532, 512, -1,
      533, 512, 534, -1,
      534, 512, 511, -1,
      383, 381, 535, -1,
      535, 381, 536, -1,
      535, 536, 537, -1,
      537, 536, 538, -1,
      537, 538, 539, -1,
      539, 538, 540, -1,
      541, 542, 543, -1,
      543, 542, 544, -1,
      543, 544, 545, -1,
      545, 544, 546, -1,
      545, 546, 547, -1,
      547, 546, 548, -1,
      547, 548, 549, -1,
      549, 548, 550, -1,
      549, 550, 551, -1,
      551, 550, 552, -1,
      551, 552, 553, -1,
      553, 552, 554, -1,
      553, 554, 555, -1,
      555, 554, 556, -1,
      555, 556, 557, -1,
      557, 556, 558, -1,
      557, 558, 559, -1,
      559, 558, 560, -1,
      559, 560, 540, -1,
      540, 560, 561, -1,
      540, 561, 539, -1,
      513, 515, 542, -1,
      542, 515, 544, -1,
      514, 513, 541, -1,
      541, 513, 542, -1,
      516, 514, 543, -1,
      543, 514, 541, -1,
      516, 543, 518, -1,
      518, 543, 545, -1,
      518, 545, 520, -1,
      520, 545, 547, -1,
      520, 547, 522, -1,
      522, 547, 549, -1,
      522, 549, 524, -1,
      524, 549, 551, -1,
      524, 551, 526, -1,
      526, 551, 553, -1,
      528, 526, 555, -1,
      555, 526, 553, -1,
      528, 555, 557, -1,
      528, 557, 530, -1,
      530, 557, 559, -1,
      530, 559, 532, -1,
      532, 559, 540, -1,
      532, 540, 512, -1,
      512, 540, 538, -1,
      512, 538, 510, -1,
      510, 538, 536, -1,
      510, 536, 508, -1,
      384, 508, 381, -1,
      381, 508, 536, -1,
      535, 509, 383, -1,
      383, 509, 386, -1,
      509, 535, 511, -1,
      511, 535, 537, -1,
      511, 537, 534, -1,
      534, 537, 539, -1,
      534, 539, 533, -1,
      533, 539, 561, -1,
      533, 561, 531, -1,
      531, 561, 560, -1,
      531, 560, 529, -1,
      529, 560, 558, -1,
      529, 558, 527, -1,
      527, 558, 556, -1,
      525, 527, 554, -1,
      554, 527, 556, -1,
      525, 554, 552, -1,
      525, 552, 523, -1,
      523, 552, 550, -1,
      523, 550, 521, -1,
      521, 550, 548, -1,
      521, 548, 519, -1,
      519, 548, 546, -1,
      519, 546, 517, -1,
      517, 546, 544, -1,
      517, 544, 515, -1,
      380, 382, 562, -1,
      562, 382, 563, -1,
      562, 563, 564, -1,
      564, 563, 565, -1,
      564, 565, 566, -1,
      567, 568, 569, -1,
      569, 568, 570, -1,
      569, 570, 571, -1,
      571, 570, 572, -1,
      571, 572, 573, -1,
      573, 572, 574, -1,
      573, 574, 575, -1,
      575, 574, 576, -1,
      575, 576, 577, -1,
      577, 576, 578, -1,
      577, 578, 579, -1,
      579, 578, 580, -1,
      579, 580, 581, -1,
      581, 580, 582, -1,
      581, 582, 583, -1,
      583, 582, 584, -1,
      583, 584, 585, -1,
      585, 584, 586, -1,
      585, 586, 587, -1,
      587, 586, 566, -1,
      587, 566, 588, -1,
      588, 566, 565, -1,
      379, 377, 589, -1,
      589, 377, 590, -1,
      589, 590, 591, -1,
      591, 590, 592, -1,
      591, 592, 593, -1,
      593, 592, 594, -1,
      595, 596, 597, -1,
      597, 596, 598, -1,
      597, 598, 599, -1,
      599, 598, 600, -1,
      599, 600, 601, -1,
      601, 600, 602, -1,
      601, 602, 603, -1,
      603, 602, 604, -1,
      603, 604, 605, -1,
      605, 604, 606, -1,
      605, 606, 607, -1,
      607, 606, 608, -1,
      607, 608, 609, -1,
      609, 608, 610, -1,
      609, 610, 611, -1,
      611, 610, 612, -1,
      611, 612, 613, -1,
      613, 612, 614, -1,
      613, 614, 594, -1,
      594, 614, 615, -1,
      594, 615, 593, -1,
      567, 569, 596, -1,
      596, 569, 598, -1,
      568, 567, 595, -1,
      595, 567, 596, -1,
      570, 568, 597, -1,
      597, 568, 595, -1,
      570, 597, 572, -1,
      572, 597, 599, -1,
      572, 599, 574, -1,
      574, 599, 601, -1,
      574, 601, 576, -1,
      576, 601, 603, -1,
      576, 603, 578, -1,
      578, 603, 605, -1,
      578, 605, 580, -1,
      580, 605, 607, -1,
      582, 580, 609, -1,
      609, 580, 607, -1,
      582, 609, 611, -1,
      582, 611, 584, -1,
      584, 611, 613, -1,
      584, 613, 586, -1,
      586, 613, 594, -1,
      586, 594, 566, -1,
      566, 594, 592, -1,
      566, 592, 564, -1,
      564, 592, 590, -1,
      564, 590, 562, -1,
      380, 562, 377, -1,
      377, 562, 590, -1,
      589, 563, 379, -1,
      379, 563, 382, -1,
      563, 589, 565, -1,
      565, 589, 591, -1,
      565, 591, 588, -1,
      588, 591, 593, -1,
      588, 593, 587, -1,
      587, 593, 615, -1,
      587, 615, 585, -1,
      585, 615, 614, -1,
      585, 614, 583, -1,
      583, 614, 612, -1,
      583, 612, 581, -1,
      581, 612, 610, -1,
      579, 581, 608, -1,
      608, 581, 610, -1,
      579, 608, 606, -1,
      579, 606, 577, -1,
      577, 606, 604, -1,
      577, 604, 575, -1,
      575, 604, 602, -1,
      575, 602, 573, -1,
      573, 602, 600, -1,
      573, 600, 571, -1,
      571, 600, 598, -1,
      571, 598, 569, -1,
      376, 378, 616, -1,
      616, 378, 617, -1,
      616, 617, 618, -1,
      618, 617, 619, -1,
      618, 619, 620, -1,
      621, 622, 623, -1,
      623, 622, 624, -1,
      623, 624, 625, -1,
      625, 624, 626, -1,
      625, 626, 627, -1,
      627, 626, 628, -1,
      627, 628, 629, -1,
      629, 628, 630, -1,
      629, 630, 631, -1,
      631, 630, 632, -1,
      631, 632, 633, -1,
      633, 632, 634, -1,
      633, 634, 635, -1,
      635, 634, 636, -1,
      635, 636, 637, -1,
      637, 636, 638, -1,
      637, 638, 639, -1,
      639, 638, 640, -1,
      639, 640, 641, -1,
      641, 640, 620, -1,
      641, 620, 642, -1,
      642, 620, 619, -1,
      375, 373, 643, -1,
      643, 373, 644, -1,
      643, 644, 645, -1,
      645, 644, 646, -1,
      645, 646, 647, -1,
      647, 646, 648, -1,
      649, 650, 651, -1,
      651, 650, 652, -1,
      651, 652, 653, -1,
      653, 652, 654, -1,
      653, 654, 655, -1,
      655, 654, 656, -1,
      655, 656, 657, -1,
      657, 656, 658, -1,
      657, 658, 659, -1,
      659, 658, 660, -1,
      659, 660, 661, -1,
      661, 660, 662, -1,
      661, 662, 663, -1,
      663, 662, 664, -1,
      663, 664, 665, -1,
      665, 664, 666, -1,
      665, 666, 667, -1,
      667, 666, 668, -1,
      667, 668, 648, -1,
      648, 668, 669, -1,
      648, 669, 647, -1,
      621, 623, 650, -1,
      650, 623, 652, -1,
      622, 621, 649, -1,
      649, 621, 650, -1,
      624, 622, 651, -1,
      651, 622, 649, -1,
      624, 651, 626, -1,
      626, 651, 653, -1,
      626, 653, 628, -1,
      628, 653, 655, -1,
      628, 655, 630, -1,
      630, 655, 657, -1,
      630, 657, 632, -1,
      632, 657, 659, -1,
      632, 659, 634, -1,
      634, 659, 661, -1,
      636, 634, 663, -1,
      663, 634, 661, -1,
      636, 663, 665, -1,
      636, 665, 638, -1,
      638, 665, 667, -1,
      638, 667, 640, -1,
      640, 667, 648, -1,
      640, 648, 620, -1,
      620, 648, 646, -1,
      620, 646, 618, -1,
      618, 646, 644, -1,
      618, 644, 616, -1,
      376, 616, 373, -1,
      373, 616, 644, -1,
      643, 617, 375, -1,
      375, 617, 378, -1,
      617, 643, 619, -1,
      619, 643, 645, -1,
      619, 645, 642, -1,
      642, 645, 647, -1,
      642, 647, 641, -1,
      641, 647, 669, -1,
      641, 669, 639, -1,
      639, 669, 668, -1,
      639, 668, 637, -1,
      637, 668, 666, -1,
      637, 666, 635, -1,
      635, 666, 664, -1,
      633, 635, 662, -1,
      662, 635, 664, -1,
      633, 662, 660, -1,
      633, 660, 631, -1,
      631, 660, 658, -1,
      631, 658, 629, -1,
      629, 658, 656, -1,
      629, 656, 627, -1,
      627, 656, 654, -1,
      627, 654, 625, -1,
      625, 654, 652, -1,
      625, 652, 623, -1,
      372, 374, 670, -1,
      670, 374, 671, -1,
      670, 671, 672, -1,
      672, 671, 673, -1,
      672, 673, 674, -1,
      675, 676, 677, -1,
      677, 676, 678, -1,
      677, 678, 679, -1,
      679, 678, 680, -1,
      679, 680, 681, -1,
      681, 680, 682, -1,
      681, 682, 683, -1,
      683, 682, 684, -1,
      683, 684, 685, -1,
      685, 684, 686, -1,
      685, 686, 687, -1,
      687, 686, 688, -1,
      687, 688, 689, -1,
      689, 688, 690, -1,
      689, 690, 691, -1,
      691, 690, 692, -1,
      691, 692, 693, -1,
      693, 692, 694, -1,
      693, 694, 695, -1,
      695, 694, 674, -1,
      695, 674, 696, -1,
      696, 674, 673, -1,
      371, 369, 697, -1,
      697, 369, 698, -1,
      697, 698, 699, -1,
      699, 698, 700, -1,
      699, 700, 701, -1,
      701, 700, 702, -1,
      703, 704, 705, -1,
      705, 704, 706, -1,
      705, 706, 707, -1,
      707, 706, 708, -1,
      707, 708, 709, -1,
      709, 708, 710, -1,
      709, 710, 711, -1,
      711, 710, 712, -1,
      711, 712, 713, -1,
      713, 712, 714, -1,
      713, 714, 715, -1,
      715, 714, 716, -1,
      715, 716, 717, -1,
      717, 716, 718, -1,
      717, 718, 719, -1,
      719, 718, 720, -1,
      719, 720, 721, -1,
      721, 720, 722, -1,
      721, 722, 702, -1,
      702, 722, 723, -1,
      702, 723, 701, -1,
      675, 677, 704, -1,
      704, 677, 706, -1,
      676, 675, 703, -1,
      703, 675, 704, -1,
      678, 676, 705, -1,
      705, 676, 703, -1,
      678, 705, 680, -1,
      680, 705, 707, -1,
      680, 707, 682, -1,
      682, 707, 709, -1,
      682, 709, 684, -1,
      684, 709, 711, -1,
      684, 711, 686, -1,
      686, 711, 713, -1,
      686, 713, 688, -1,
      688, 713, 715, -1,
      690, 688, 717, -1,
      717, 688, 715, -1,
      690, 717, 719, -1,
      690, 719, 692, -1,
      692, 719, 721, -1,
      692, 721, 694, -1,
      694, 721, 702, -1,
      694, 702, 674, -1,
      674, 702, 700, -1,
      674, 700, 672, -1,
      672, 700, 698, -1,
      672, 698, 670, -1,
      372, 670, 369, -1,
      369, 670, 698, -1,
      697, 671, 371, -1,
      371, 671, 374, -1,
      671, 697, 673, -1,
      673, 697, 699, -1,
      673, 699, 696, -1,
      696, 699, 701, -1,
      696, 701, 695, -1,
      695, 701, 723, -1,
      695, 723, 693, -1,
      693, 723, 722, -1,
      693, 722, 691, -1,
      691, 722, 720, -1,
      691, 720, 689, -1,
      689, 720, 718, -1,
      687, 689, 716, -1,
      716, 689, 718, -1,
      687, 716, 714, -1,
      687, 714, 685, -1,
      685, 714, 712, -1,
      685, 712, 683, -1,
      683, 712, 710, -1,
      683, 710, 681, -1,
      681, 710, 708, -1,
      681, 708, 679, -1,
      679, 708, 706, -1,
      679, 706, 677, -1,
      368, 370, 724, -1,
      724, 370, 725, -1,
      724, 725, 726, -1,
      726, 725, 727, -1,
      726, 727, 728, -1,
      729, 730, 731, -1,
      731, 730, 732, -1,
      731, 732, 733, -1,
      733, 732, 734, -1,
      733, 734, 735, -1,
      735, 734, 736, -1,
      735, 736, 737, -1,
      737, 736, 738, -1,
      737, 738, 739, -1,
      739, 738, 740, -1,
      739, 740, 741, -1,
      741, 740, 742, -1,
      741, 742, 743, -1,
      743, 742, 744, -1,
      743, 744, 745, -1,
      745, 744, 746, -1,
      745, 746, 747, -1,
      747, 746, 748, -1,
      747, 748, 749, -1,
      749, 748, 728, -1,
      749, 728, 750, -1,
      750, 728, 727, -1,
      367, 365, 751, -1,
      751, 365, 752, -1,
      751, 752, 753, -1,
      753, 752, 754, -1,
      753, 754, 755, -1,
      755, 754, 756, -1,
      757, 758, 759, -1,
      759, 758, 760, -1,
      759, 760, 761, -1,
      761, 760, 762, -1,
      761, 762, 763, -1,
      763, 762, 764, -1,
      763, 764, 765, -1,
      765, 764, 766, -1,
      765, 766, 767, -1,
      767, 766, 768, -1,
      767, 768, 769, -1,
      769, 768, 770, -1,
      769, 770, 771, -1,
      771, 770, 772, -1,
      771, 772, 773, -1,
      773, 772, 774, -1,
      773, 774, 775, -1,
      775, 774, 776, -1,
      775, 776, 756, -1,
      756, 776, 777, -1,
      756, 777, 755, -1,
      729, 731, 758, -1,
      758, 731, 760, -1,
      730, 729, 757, -1,
      757, 729, 758, -1,
      732, 730, 759, -1,
      759, 730, 757, -1,
      732, 759, 734, -1,
      734, 759, 761, -1,
      734, 761, 736, -1,
      736, 761, 763, -1,
      736, 763, 738, -1,
      738, 763, 765, -1,
      738, 765, 740, -1,
      740, 765, 767, -1,
      740, 767, 742, -1,
      742, 767, 769, -1,
      744, 742, 771, -1,
      771, 742, 769, -1,
      744, 771, 773, -1,
      744, 773, 746, -1,
      746, 773, 775, -1,
      746, 775, 748, -1,
      748, 775, 756, -1,
      748, 756, 728, -1,
      728, 756, 754, -1,
      728, 754, 726, -1,
      726, 754, 752, -1,
      726, 752, 724, -1,
      368, 724, 365, -1,
      365, 724, 752, -1,
      751, 725, 367, -1,
      367, 725, 370, -1,
      725, 751, 727, -1,
      727, 751, 753, -1,
      727, 753, 750, -1,
      750, 753, 755, -1,
      750, 755, 749, -1,
      749, 755, 777, -1,
      749, 777, 747, -1,
      747, 777, 776, -1,
      747, 776, 745, -1,
      745, 776, 774, -1,
      745, 774, 743, -1,
      743, 774, 772, -1,
      741, 743, 770, -1,
      770, 743, 772, -1,
      741, 770, 768, -1,
      741, 768, 739, -1,
      739, 768, 766, -1,
      739, 766, 737, -1,
      737, 766, 764, -1,
      737, 764, 735, -1,
      735, 764, 762, -1,
      735, 762, 733, -1,
      733, 762, 760, -1,
      733, 760, 731, -1,
      364, 366, 778, -1,
      778, 366, 779, -1,
      778, 779, 780, -1,
      780, 779, 781, -1,
      780, 781, 782, -1,
      783, 784, 785, -1,
      785, 784, 786, -1,
      785, 786, 787, -1,
      787, 786, 788, -1,
      787, 788, 789, -1,
      789, 788, 790, -1,
      789, 790, 791, -1,
      791, 790, 792, -1,
      791, 792, 793, -1,
      793, 792, 794, -1,
      793, 794, 795, -1,
      795, 794, 796, -1,
      795, 796, 797, -1,
      797, 796, 798, -1,
      797, 798, 799, -1,
      799, 798, 800, -1,
      799, 800, 801, -1,
      801, 800, 802, -1,
      801, 802, 803, -1,
      803, 802, 782, -1,
      803, 782, 804, -1,
      804, 782, 781, -1,
      363, 361, 805, -1,
      805, 361, 806, -1,
      805, 806, 807, -1,
      807, 806, 808, -1,
      807, 808, 809, -1,
      809, 808, 810, -1,
      811, 812, 813, -1,
      813, 812, 814, -1,
      813, 814, 815, -1,
      815, 814, 816, -1,
      815, 816, 817, -1,
      817, 816, 818, -1,
      817, 818, 819, -1,
      819, 818, 820, -1,
      819, 820, 821, -1,
      821, 820, 822, -1,
      821, 822, 823, -1,
      823, 822, 824, -1,
      823, 824, 825, -1,
      825, 824, 826, -1,
      825, 826, 827, -1,
      827, 826, 828, -1,
      827, 828, 829, -1,
      829, 828, 830, -1,
      829, 830, 810, -1,
      810, 830, 831, -1,
      810, 831, 809, -1,
      783, 785, 812, -1,
      812, 785, 814, -1,
      784, 783, 811, -1,
      811, 783, 812, -1,
      786, 784, 813, -1,
      813, 784, 811, -1,
      786, 813, 788, -1,
      788, 813, 815, -1,
      788, 815, 790, -1,
      790, 815, 817, -1,
      790, 817, 792, -1,
      792, 817, 819, -1,
      792, 819, 794, -1,
      794, 819, 821, -1,
      794, 821, 796, -1,
      796, 821, 823, -1,
      798, 796, 825, -1,
      825, 796, 823, -1,
      798, 825, 827, -1,
      798, 827, 800, -1,
      800, 827, 829, -1,
      800, 829, 802, -1,
      802, 829, 810, -1,
      802, 810, 782, -1,
      782, 810, 808, -1,
      782, 808, 780, -1,
      780, 808, 806, -1,
      780, 806, 778, -1,
      364, 778, 361, -1,
      361, 778, 806, -1,
      805, 779, 363, -1,
      363, 779, 366, -1,
      779, 805, 781, -1,
      781, 805, 807, -1,
      781, 807, 804, -1,
      804, 807, 809, -1,
      804, 809, 803, -1,
      803, 809, 831, -1,
      803, 831, 801, -1,
      801, 831, 830, -1,
      801, 830, 799, -1,
      799, 830, 828, -1,
      799, 828, 797, -1,
      797, 828, 826, -1,
      795, 797, 824, -1,
      824, 797, 826, -1,
      795, 824, 822, -1,
      795, 822, 793, -1,
      793, 822, 820, -1,
      793, 820, 791, -1,
      791, 820, 818, -1,
      791, 818, 789, -1,
      789, 818, 816, -1,
      789, 816, 787, -1,
      787, 816, 814, -1,
      787, 814, 785, -1,
      360, 362, 832, -1,
      832, 362, 833, -1,
      832, 833, 834, -1,
      834, 833, 835, -1,
      834, 835, 836, -1,
      837, 838, 839, -1,
      839, 838, 840, -1,
      839, 840, 841, -1,
      841, 840, 842, -1,
      841, 842, 843, -1,
      843, 842, 844, -1,
      843, 844, 845, -1,
      845, 844, 846, -1,
      845, 846, 847, -1,
      847, 846, 848, -1,
      847, 848, 849, -1,
      849, 848, 850, -1,
      849, 850, 851, -1,
      851, 850, 852, -1,
      851, 852, 853, -1,
      853, 852, 854, -1,
      853, 854, 855, -1,
      855, 854, 856, -1,
      855, 856, 857, -1,
      857, 856, 836, -1,
      857, 836, 858, -1,
      858, 836, 835, -1,
      359, 357, 859, -1,
      859, 357, 860, -1,
      859, 860, 861, -1,
      861, 860, 862, -1,
      861, 862, 863, -1,
      863, 862, 864, -1,
      865, 866, 867, -1,
      867, 866, 868, -1,
      867, 868, 869, -1,
      869, 868, 870, -1,
      869, 870, 871, -1,
      871, 870, 872, -1,
      871, 872, 873, -1,
      873, 872, 874, -1,
      873, 874, 875, -1,
      875, 874, 876, -1,
      875, 876, 877, -1,
      877, 876, 878, -1,
      877, 878, 879, -1,
      879, 878, 880, -1,
      879, 880, 881, -1,
      881, 880, 882, -1,
      881, 882, 883, -1,
      883, 882, 884, -1,
      883, 884, 864, -1,
      864, 884, 885, -1,
      864, 885, 863, -1,
      837, 839, 866, -1,
      866, 839, 868, -1,
      838, 837, 865, -1,
      865, 837, 866, -1,
      840, 838, 867, -1,
      867, 838, 865, -1,
      840, 867, 842, -1,
      842, 867, 869, -1,
      842, 869, 844, -1,
      844, 869, 871, -1,
      844, 871, 846, -1,
      846, 871, 873, -1,
      846, 873, 848, -1,
      848, 873, 875, -1,
      848, 875, 850, -1,
      850, 875, 877, -1,
      852, 850, 879, -1,
      879, 850, 877, -1,
      852, 879, 881, -1,
      852, 881, 854, -1,
      854, 881, 883, -1,
      854, 883, 856, -1,
      856, 883, 864, -1,
      856, 864, 836, -1,
      836, 864, 862, -1,
      836, 862, 834, -1,
      834, 862, 860, -1,
      834, 860, 832, -1,
      360, 832, 357, -1,
      357, 832, 860, -1,
      859, 833, 359, -1,
      359, 833, 362, -1,
      833, 859, 835, -1,
      835, 859, 861, -1,
      835, 861, 858, -1,
      858, 861, 863, -1,
      858, 863, 857, -1,
      857, 863, 885, -1,
      857, 885, 855, -1,
      855, 885, 884, -1,
      855, 884, 853, -1,
      853, 884, 882, -1,
      853, 882, 851, -1,
      851, 882, 880, -1,
      849, 851, 878, -1,
      878, 851, 880, -1,
      849, 878, 876, -1,
      849, 876, 847, -1,
      847, 876, 874, -1,
      847, 874, 845, -1,
      845, 874, 872, -1,
      845, 872, 843, -1,
      843, 872, 870, -1,
      843, 870, 841, -1,
      841, 870, 868, -1,
      841, 868, 839, -1,
      356, 358, 886, -1,
      886, 358, 887, -1,
      886, 887, 888, -1,
      888, 887, 889, -1,
      888, 889, 890, -1,
      891, 892, 893, -1,
      893, 892, 894, -1,
      893, 894, 895, -1,
      895, 894, 896, -1,
      895, 896, 897, -1,
      897, 896, 898, -1,
      897, 898, 899, -1,
      899, 898, 900, -1,
      899, 900, 901, -1,
      901, 900, 902, -1,
      901, 902, 903, -1,
      903, 902, 904, -1,
      903, 904, 905, -1,
      905, 904, 906, -1,
      905, 906, 907, -1,
      907, 906, 908, -1,
      907, 908, 909, -1,
      909, 908, 910, -1,
      909, 910, 911, -1,
      911, 910, 890, -1,
      911, 890, 912, -1,
      912, 890, 889, -1,
      355, 353, 913, -1,
      913, 353, 914, -1,
      913, 914, 915, -1,
      915, 914, 916, -1,
      915, 916, 917, -1,
      917, 916, 918, -1,
      919, 920, 921, -1,
      921, 920, 922, -1,
      921, 922, 923, -1,
      923, 922, 924, -1,
      923, 924, 925, -1,
      925, 924, 926, -1,
      925, 926, 927, -1,
      927, 926, 928, -1,
      927, 928, 929, -1,
      929, 928, 930, -1,
      929, 930, 931, -1,
      931, 930, 932, -1,
      931, 932, 933, -1,
      933, 932, 934, -1,
      933, 934, 935, -1,
      935, 934, 936, -1,
      935, 936, 937, -1,
      937, 936, 938, -1,
      937, 938, 918, -1,
      918, 938, 939, -1,
      918, 939, 917, -1,
      891, 893, 920, -1,
      920, 893, 922, -1,
      892, 891, 919, -1,
      919, 891, 920, -1,
      894, 892, 921, -1,
      921, 892, 919, -1,
      894, 921, 896, -1,
      896, 921, 923, -1,
      896, 923, 898, -1,
      898, 923, 925, -1,
      898, 925, 900, -1,
      900, 925, 927, -1,
      900, 927, 902, -1,
      902, 927, 929, -1,
      902, 929, 904, -1,
      904, 929, 931, -1,
      906, 904, 933, -1,
      933, 904, 931, -1,
      906, 933, 935, -1,
      906, 935, 908, -1,
      908, 935, 937, -1,
      908, 937, 910, -1,
      910, 937, 918, -1,
      910, 918, 890, -1,
      890, 918, 916, -1,
      890, 916, 888, -1,
      888, 916, 914, -1,
      888, 914, 886, -1,
      356, 886, 353, -1,
      353, 886, 914, -1,
      913, 887, 355, -1,
      355, 887, 358, -1,
      887, 913, 889, -1,
      889, 913, 915, -1,
      889, 915, 912, -1,
      912, 915, 917, -1,
      912, 917, 911, -1,
      911, 917, 939, -1,
      911, 939, 909, -1,
      909, 939, 938, -1,
      909, 938, 907, -1,
      907, 938, 936, -1,
      907, 936, 905, -1,
      905, 936, 934, -1,
      903, 905, 932, -1,
      932, 905, 934, -1,
      903, 932, 930, -1,
      903, 930, 901, -1,
      901, 930, 928, -1,
      901, 928, 899, -1,
      899, 928, 926, -1,
      899, 926, 897, -1,
      897, 926, 924, -1,
      897, 924, 895, -1,
      895, 924, 922, -1,
      895, 922, 893, -1,
      352, 354, 940, -1,
      940, 354, 941, -1,
      940, 941, 942, -1,
      942, 941, 943, -1,
      942, 943, 944, -1,
      945, 946, 947, -1,
      947, 946, 948, -1,
      947, 948, 949, -1,
      949, 948, 950, -1,
      949, 950, 951, -1,
      951, 950, 952, -1,
      951, 952, 953, -1,
      953, 952, 954, -1,
      953, 954, 955, -1,
      955, 954, 956, -1,
      955, 956, 957, -1,
      957, 956, 958, -1,
      957, 958, 959, -1,
      959, 958, 960, -1,
      959, 960, 961, -1,
      961, 960, 962, -1,
      961, 962, 963, -1,
      963, 962, 964, -1,
      963, 964, 965, -1,
      965, 964, 944, -1,
      965, 944, 966, -1,
      966, 944, 943, -1,
      351, 349, 967, -1,
      967, 349, 968, -1,
      967, 968, 969, -1,
      969, 968, 970, -1,
      969, 970, 971, -1,
      971, 970, 972, -1,
      973, 974, 975, -1,
      975, 974, 976, -1,
      975, 976, 977, -1,
      977, 976, 978, -1,
      977, 978, 979, -1,
      979, 978, 980, -1,
      979, 980, 981, -1,
      981, 980, 982, -1,
      981, 982, 983, -1,
      983, 982, 984, -1,
      983, 984, 985, -1,
      985, 984, 986, -1,
      985, 986, 987, -1,
      987, 986, 988, -1,
      987, 988, 989, -1,
      989, 988, 990, -1,
      989, 990, 991, -1,
      991, 990, 992, -1,
      991, 992, 972, -1,
      972, 992, 993, -1,
      972, 993, 971, -1,
      945, 947, 974, -1,
      974, 947, 976, -1,
      946, 945, 973, -1,
      973, 945, 974, -1,
      948, 946, 975, -1,
      975, 946, 973, -1,
      948, 975, 950, -1,
      950, 975, 977, -1,
      950, 977, 952, -1,
      952, 977, 979, -1,
      952, 979, 954, -1,
      954, 979, 981, -1,
      954, 981, 956, -1,
      956, 981, 983, -1,
      956, 983, 958, -1,
      958, 983, 985, -1,
      960, 958, 987, -1,
      987, 958, 985, -1,
      960, 987, 989, -1,
      960, 989, 962, -1,
      962, 989, 991, -1,
      962, 991, 964, -1,
      964, 991, 972, -1,
      964, 972, 944, -1,
      944, 972, 970, -1,
      944, 970, 942, -1,
      942, 970, 968, -1,
      942, 968, 940, -1,
      352, 940, 349, -1,
      349, 940, 968, -1,
      967, 941, 351, -1,
      351, 941, 354, -1,
      941, 967, 943, -1,
      943, 967, 969, -1,
      943, 969, 966, -1,
      966, 969, 971, -1,
      966, 971, 965, -1,
      965, 971, 993, -1,
      965, 993, 963, -1,
      963, 993, 992, -1,
      963, 992, 961, -1,
      961, 992, 990, -1,
      961, 990, 959, -1,
      959, 990, 988, -1,
      957, 959, 986, -1,
      986, 959, 988, -1,
      957, 986, 984, -1,
      957, 984, 955, -1,
      955, 984, 982, -1,
      955, 982, 953, -1,
      953, 982, 980, -1,
      953, 980, 951, -1,
      951, 980, 978, -1,
      951, 978, 949, -1,
      949, 978, 976, -1,
      949, 976, 947, -1,
      348, 350, 994, -1,
      994, 350, 995, -1,
      994, 995, 996, -1,
      996, 995, 997, -1,
      996, 997, 998, -1,
      999, 1000, 1001, -1,
      1001, 1000, 1002, -1,
      1001, 1002, 1003, -1,
      1003, 1002, 1004, -1,
      1003, 1004, 1005, -1,
      1005, 1004, 1006, -1,
      1005, 1006, 1007, -1,
      1007, 1006, 1008, -1,
      1007, 1008, 1009, -1,
      1009, 1008, 1010, -1,
      1009, 1010, 1011, -1,
      1011, 1010, 1012, -1,
      1011, 1012, 1013, -1,
      1013, 1012, 1014, -1,
      1013, 1014, 1015, -1,
      1015, 1014, 1016, -1,
      1015, 1016, 1017, -1,
      1017, 1016, 1018, -1,
      1017, 1018, 1019, -1,
      1019, 1018, 998, -1,
      1019, 998, 1020, -1,
      1020, 998, 997, -1,
      347, 345, 1021, -1,
      1021, 345, 1022, -1,
      1021, 1022, 1023, -1,
      1023, 1022, 1024, -1,
      1023, 1024, 1025, -1,
      1025, 1024, 1026, -1,
      1027, 1028, 1029, -1,
      1029, 1028, 1030, -1,
      1029, 1030, 1031, -1,
      1031, 1030, 1032, -1,
      1031, 1032, 1033, -1,
      1033, 1032, 1034, -1,
      1033, 1034, 1035, -1,
      1035, 1034, 1036, -1,
      1035, 1036, 1037, -1,
      1037, 1036, 1038, -1,
      1037, 1038, 1039, -1,
      1039, 1038, 1040, -1,
      1039, 1040, 1041, -1,
      1041, 1040, 1042, -1,
      1041, 1042, 1043, -1,
      1043, 1042, 1044, -1,
      1043, 1044, 1045, -1,
      1045, 1044, 1046, -1,
      1045, 1046, 1026, -1,
      1026, 1046, 1047, -1,
      1026, 1047, 1025, -1,
      999, 1001, 1028, -1,
      1028, 1001, 1030, -1,
      1000, 999, 1027, -1,
      1027, 999, 1028, -1,
      1002, 1000, 1029, -1,
      1029, 1000, 1027, -1,
      1002, 1029, 1004, -1,
      1004, 1029, 1031, -1,
      1004, 1031, 1006, -1,
      1006, 1031, 1033, -1,
      1006, 1033, 1008, -1,
      1008, 1033, 1035, -1,
      1008, 1035, 1010, -1,
      1010, 1035, 1037, -1,
      1010, 1037, 1012, -1,
      1012, 1037, 1039, -1,
      1014, 1012, 1041, -1,
      1041, 1012, 1039, -1,
      1014, 1041, 1043, -1,
      1014, 1043, 1016, -1,
      1016, 1043, 1045, -1,
      1016, 1045, 1018, -1,
      1018, 1045, 1026, -1,
      1018, 1026, 998, -1,
      998, 1026, 1024, -1,
      998, 1024, 996, -1,
      996, 1024, 1022, -1,
      996, 1022, 994, -1,
      348, 994, 345, -1,
      345, 994, 1022, -1,
      1021, 995, 347, -1,
      347, 995, 350, -1,
      995, 1021, 997, -1,
      997, 1021, 1023, -1,
      997, 1023, 1020, -1,
      1020, 1023, 1025, -1,
      1020, 1025, 1019, -1,
      1019, 1025, 1047, -1,
      1019, 1047, 1017, -1,
      1017, 1047, 1046, -1,
      1017, 1046, 1015, -1,
      1015, 1046, 1044, -1,
      1015, 1044, 1013, -1,
      1013, 1044, 1042, -1,
      1011, 1013, 1040, -1,
      1040, 1013, 1042, -1,
      1011, 1040, 1038, -1,
      1011, 1038, 1009, -1,
      1009, 1038, 1036, -1,
      1009, 1036, 1007, -1,
      1007, 1036, 1034, -1,
      1007, 1034, 1005, -1,
      1005, 1034, 1032, -1,
      1005, 1032, 1003, -1,
      1003, 1032, 1030, -1,
      1003, 1030, 1001, -1,
      344, 346, 1048, -1,
      1048, 346, 1049, -1,
      1048, 1049, 1050, -1,
      1050, 1049, 1051, -1,
      1050, 1051, 1052, -1,
      1053, 1054, 1055, -1,
      1055, 1054, 1056, -1,
      1055, 1056, 1057, -1,
      1057, 1056, 1058, -1,
      1057, 1058, 1059, -1,
      1059, 1058, 1060, -1,
      1059, 1060, 1061, -1,
      1061, 1060, 1062, -1,
      1061, 1062, 1063, -1,
      1063, 1062, 1064, -1,
      1063, 1064, 1065, -1,
      1065, 1064, 1066, -1,
      1065, 1066, 1067, -1,
      1067, 1066, 1068, -1,
      1067, 1068, 1069, -1,
      1069, 1068, 1070, -1,
      1069, 1070, 1071, -1,
      1071, 1070, 1072, -1,
      1071, 1072, 1073, -1,
      1073, 1072, 1052, -1,
      1073, 1052, 1074, -1,
      1074, 1052, 1051, -1,
      343, 341, 1075, -1,
      1075, 341, 1076, -1,
      1075, 1076, 1077, -1,
      1077, 1076, 1078, -1,
      1077, 1078, 1079, -1,
      1079, 1078, 1080, -1,
      1081, 1082, 1083, -1,
      1083, 1082, 1084, -1,
      1083, 1084, 1085, -1,
      1085, 1084, 1086, -1,
      1085, 1086, 1087, -1,
      1087, 1086, 1088, -1,
      1087, 1088, 1089, -1,
      1089, 1088, 1090, -1,
      1089, 1090, 1091, -1,
      1091, 1090, 1092, -1,
      1091, 1092, 1093, -1,
      1093, 1092, 1094, -1,
      1093, 1094, 1095, -1,
      1095, 1094, 1096, -1,
      1095, 1096, 1097, -1,
      1097, 1096, 1098, -1,
      1097, 1098, 1099, -1,
      1099, 1098, 1100, -1,
      1099, 1100, 1080, -1,
      1080, 1100, 1101, -1,
      1080, 1101, 1079, -1,
      1053, 1055, 1082, -1,
      1082, 1055, 1084, -1,
      1054, 1053, 1081, -1,
      1081, 1053, 1082, -1,
      1056, 1054, 1083, -1,
      1083, 1054, 1081, -1,
      1056, 1083, 1058, -1,
      1058, 1083, 1085, -1,
      1058, 1085, 1060, -1,
      1060, 1085, 1087, -1,
      1060, 1087, 1062, -1,
      1062, 1087, 1089, -1,
      1062, 1089, 1064, -1,
      1064, 1089, 1091, -1,
      1064, 1091, 1066, -1,
      1066, 1091, 1093, -1,
      1068, 1066, 1095, -1,
      1095, 1066, 1093, -1,
      1068, 1095, 1097, -1,
      1068, 1097, 1070, -1,
      1070, 1097, 1099, -1,
      1070, 1099, 1072, -1,
      1072, 1099, 1080, -1,
      1072, 1080, 1052, -1,
      1052, 1080, 1078, -1,
      1052, 1078, 1050, -1,
      1050, 1078, 1076, -1,
      1050, 1076, 1048, -1,
      344, 1048, 341, -1,
      341, 1048, 1076, -1,
      1075, 1049, 343, -1,
      343, 1049, 346, -1,
      1049, 1075, 1051, -1,
      1051, 1075, 1077, -1,
      1051, 1077, 1074, -1,
      1074, 1077, 1079, -1,
      1074, 1079, 1073, -1,
      1073, 1079, 1101, -1,
      1073, 1101, 1071, -1,
      1071, 1101, 1100, -1,
      1071, 1100, 1069, -1,
      1069, 1100, 1098, -1,
      1069, 1098, 1067, -1,
      1067, 1098, 1096, -1,
      1065, 1067, 1094, -1,
      1094, 1067, 1096, -1,
      1065, 1094, 1092, -1,
      1065, 1092, 1063, -1,
      1063, 1092, 1090, -1,
      1063, 1090, 1061, -1,
      1061, 1090, 1088, -1,
      1061, 1088, 1059, -1,
      1059, 1088, 1086, -1,
      1059, 1086, 1057, -1,
      1057, 1086, 1084, -1,
      1057, 1084, 1055, -1,
      340, 342, 1102, -1,
      1102, 342, 1103, -1,
      1102, 1103, 1104, -1,
      1104, 1103, 1105, -1,
      1104, 1105, 1106, -1,
      1107, 1108, 1109, -1,
      1109, 1108, 1110, -1,
      1109, 1110, 1111, -1,
      1111, 1110, 1112, -1,
      1111, 1112, 1113, -1,
      1113, 1112, 1114, -1,
      1113, 1114, 1115, -1,
      1115, 1114, 1116, -1,
      1115, 1116, 1117, -1,
      1117, 1116, 1118, -1,
      1117, 1118, 1119, -1,
      1119, 1118, 1120, -1,
      1119, 1120, 1121, -1,
      1121, 1120, 1122, -1,
      1121, 1122, 1123, -1,
      1123, 1122, 1124, -1,
      1123, 1124, 1125, -1,
      1125, 1124, 1126, -1,
      1125, 1126, 1127, -1,
      1127, 1126, 1106, -1,
      1127, 1106, 1128, -1,
      1128, 1106, 1105, -1,
      339, 337, 1129, -1,
      1129, 337, 1130, -1,
      1129, 1130, 1131, -1,
      1131, 1130, 1132, -1,
      1131, 1132, 1133, -1,
      1133, 1132, 1134, -1,
      1135, 1136, 1137, -1,
      1137, 1136, 1138, -1,
      1137, 1138, 1139, -1,
      1139, 1138, 1140, -1,
      1139, 1140, 1141, -1,
      1141, 1140, 1142, -1,
      1141, 1142, 1143, -1,
      1143, 1142, 1144, -1,
      1143, 1144, 1145, -1,
      1145, 1144, 1146, -1,
      1145, 1146, 1147, -1,
      1147, 1146, 1148, -1,
      1147, 1148, 1149, -1,
      1149, 1148, 1150, -1,
      1149, 1150, 1151, -1,
      1151, 1150, 1152, -1,
      1151, 1152, 1153, -1,
      1153, 1152, 1154, -1,
      1153, 1154, 1134, -1,
      1134, 1154, 1155, -1,
      1134, 1155, 1133, -1,
      1107, 1109, 1136, -1,
      1136, 1109, 1138, -1,
      1108, 1107, 1135, -1,
      1135, 1107, 1136, -1,
      1110, 1108, 1137, -1,
      1137, 1108, 1135, -1,
      1110, 1137, 1112, -1,
      1112, 1137, 1139, -1,
      1112, 1139, 1114, -1,
      1114, 1139, 1141, -1,
      1114, 1141, 1116, -1,
      1116, 1141, 1143, -1,
      1116, 1143, 1118, -1,
      1118, 1143, 1145, -1,
      1118, 1145, 1120, -1,
      1120, 1145, 1147, -1,
      1122, 1120, 1149, -1,
      1149, 1120, 1147, -1,
      1122, 1149, 1151, -1,
      1122, 1151, 1124, -1,
      1124, 1151, 1153, -1,
      1124, 1153, 1126, -1,
      1126, 1153, 1134, -1,
      1126, 1134, 1106, -1,
      1106, 1134, 1132, -1,
      1106, 1132, 1104, -1,
      1104, 1132, 1130, -1,
      1104, 1130, 1102, -1,
      340, 1102, 337, -1,
      337, 1102, 1130, -1,
      1129, 1103, 339, -1,
      339, 1103, 342, -1,
      1103, 1129, 1105, -1,
      1105, 1129, 1131, -1,
      1105, 1131, 1128, -1,
      1128, 1131, 1133, -1,
      1128, 1133, 1127, -1,
      1127, 1133, 1155, -1,
      1127, 1155, 1125, -1,
      1125, 1155, 1154, -1,
      1125, 1154, 1123, -1,
      1123, 1154, 1152, -1,
      1123, 1152, 1121, -1,
      1121, 1152, 1150, -1,
      1119, 1121, 1148, -1,
      1148, 1121, 1150, -1,
      1119, 1148, 1146, -1,
      1119, 1146, 1117, -1,
      1117, 1146, 1144, -1,
      1117, 1144, 1115, -1,
      1115, 1144, 1142, -1,
      1115, 1142, 1113, -1,
      1113, 1142, 1140, -1,
      1113, 1140, 1111, -1,
      1111, 1140, 1138, -1,
      1111, 1138, 1109, -1,
      336, 338, 1156, -1,
      1156, 338, 1157, -1,
      1156, 1157, 1158, -1,
      1158, 1157, 1159, -1,
      1158, 1159, 1160, -1,
      1161, 1162, 1163, -1,
      1163, 1162, 1164, -1,
      1163, 1164, 1165, -1,
      1165, 1164, 1166, -1,
      1165, 1166, 1167, -1,
      1167, 1166, 1168, -1,
      1167, 1168, 1169, -1,
      1169, 1168, 1170, -1,
      1169, 1170, 1171, -1,
      1171, 1170, 1172, -1,
      1171, 1172, 1173, -1,
      1173, 1172, 1174, -1,
      1173, 1174, 1175, -1,
      1175, 1174, 1176, -1,
      1175, 1176, 1177, -1,
      1177, 1176, 1178, -1,
      1177, 1178, 1179, -1,
      1179, 1178, 1180, -1,
      1179, 1180, 1181, -1,
      1181, 1180, 1160, -1,
      1181, 1160, 1182, -1,
      1182, 1160, 1159, -1,
      335, 333, 1183, -1,
      1183, 333, 1184, -1,
      1183, 1184, 1185, -1,
      1185, 1184, 1186, -1,
      1185, 1186, 1187, -1,
      1187, 1186, 1188, -1,
      1189, 1190, 1191, -1,
      1191, 1190, 1192, -1,
      1191, 1192, 1193, -1,
      1193, 1192, 1194, -1,
      1193, 1194, 1195, -1,
      1195, 1194, 1196, -1,
      1195, 1196, 1197, -1,
      1197, 1196, 1198, -1,
      1197, 1198, 1199, -1,
      1199, 1198, 1200, -1,
      1199, 1200, 1201, -1,
      1201, 1200, 1202, -1,
      1201, 1202, 1203, -1,
      1203, 1202, 1204, -1,
      1203, 1204, 1205, -1,
      1205, 1204, 1206, -1,
      1205, 1206, 1207, -1,
      1207, 1206, 1208, -1,
      1207, 1208, 1188, -1,
      1188, 1208, 1209, -1,
      1188, 1209, 1187, -1,
      1161, 1163, 1190, -1,
      1190, 1163, 1192, -1,
      1162, 1161, 1189, -1,
      1189, 1161, 1190, -1,
      1164, 1162, 1191, -1,
      1191, 1162, 1189, -1,
      1164, 1191, 1166, -1,
      1166, 1191, 1193, -1,
      1166, 1193, 1168, -1,
      1168, 1193, 1195, -1,
      1168, 1195, 1170, -1,
      1170, 1195, 1197, -1,
      1170, 1197, 1172, -1,
      1172, 1197, 1199, -1,
      1172, 1199, 1174, -1,
      1174, 1199, 1201, -1,
      1176, 1174, 1203, -1,
      1203, 1174, 1201, -1,
      1176, 1203, 1205, -1,
      1176, 1205, 1178, -1,
      1178, 1205, 1207, -1,
      1178, 1207, 1180, -1,
      1180, 1207, 1188, -1,
      1180, 1188, 1160, -1,
      1160, 1188, 1186, -1,
      1160, 1186, 1158, -1,
      1158, 1186, 1184, -1,
      1158, 1184, 1156, -1,
      336, 1156, 333, -1,
      333, 1156, 1184, -1,
      1183, 1157, 335, -1,
      335, 1157, 338, -1,
      1157, 1183, 1159, -1,
      1159, 1183, 1185, -1,
      1159, 1185, 1182, -1,
      1182, 1185, 1187, -1,
      1182, 1187, 1181, -1,
      1181, 1187, 1209, -1,
      1181, 1209, 1179, -1,
      1179, 1209, 1208, -1,
      1179, 1208, 1177, -1,
      1177, 1208, 1206, -1,
      1177, 1206, 1175, -1,
      1175, 1206, 1204, -1,
      1173, 1175, 1202, -1,
      1202, 1175, 1204, -1,
      1173, 1202, 1200, -1,
      1173, 1200, 1171, -1,
      1171, 1200, 1198, -1,
      1171, 1198, 1169, -1,
      1169, 1198, 1196, -1,
      1169, 1196, 1167, -1,
      1167, 1196, 1194, -1,
      1167, 1194, 1165, -1,
      1165, 1194, 1192, -1,
      1165, 1192, 1163, -1,
      332, 334, 1210, -1,
      1210, 334, 1211, -1,
      1210, 1211, 1212, -1,
      1212, 1211, 1213, -1,
      1212, 1213, 1214, -1,
      1215, 1216, 1217, -1,
      1217, 1216, 1218, -1,
      1217, 1218, 1219, -1,
      1219, 1218, 1220, -1,
      1219, 1220, 1221, -1,
      1221, 1220, 1222, -1,
      1221, 1222, 1223, -1,
      1223, 1222, 1224, -1,
      1223, 1224, 1225, -1,
      1225, 1224, 1226, -1,
      1225, 1226, 1227, -1,
      1227, 1226, 1228, -1,
      1227, 1228, 1229, -1,
      1229, 1228, 1230, -1,
      1229, 1230, 1231, -1,
      1231, 1230, 1232, -1,
      1231, 1232, 1233, -1,
      1233, 1232, 1234, -1,
      1233, 1234, 1235, -1,
      1235, 1234, 1214, -1,
      1235, 1214, 1236, -1,
      1236, 1214, 1213, -1,
      331, 329, 1237, -1,
      1237, 329, 1238, -1,
      1237, 1238, 1239, -1,
      1239, 1238, 1240, -1,
      1239, 1240, 1241, -1,
      1241, 1240, 1242, -1,
      1243, 1244, 1245, -1,
      1245, 1244, 1246, -1,
      1245, 1246, 1247, -1,
      1247, 1246, 1248, -1,
      1247, 1248, 1249, -1,
      1249, 1248, 1250, -1,
      1249, 1250, 1251, -1,
      1251, 1250, 1252, -1,
      1251, 1252, 1253, -1,
      1253, 1252, 1254, -1,
      1253, 1254, 1255, -1,
      1255, 1254, 1256, -1,
      1255, 1256, 1257, -1,
      1257, 1256, 1258, -1,
      1257, 1258, 1259, -1,
      1259, 1258, 1260, -1,
      1259, 1260, 1261, -1,
      1261, 1260, 1262, -1,
      1261, 1262, 1242, -1,
      1242, 1262, 1263, -1,
      1242, 1263, 1241, -1,
      1215, 1217, 1244, -1,
      1244, 1217, 1246, -1,
      1216, 1215, 1243, -1,
      1243, 1215, 1244, -1,
      1218, 1216, 1245, -1,
      1245, 1216, 1243, -1,
      1218, 1245, 1220, -1,
      1220, 1245, 1247, -1,
      1220, 1247, 1222, -1,
      1222, 1247, 1249, -1,
      1222, 1249, 1224, -1,
      1224, 1249, 1251, -1,
      1224, 1251, 1226, -1,
      1226, 1251, 1253, -1,
      1226, 1253, 1228, -1,
      1228, 1253, 1255, -1,
      1230, 1228, 1257, -1,
      1257, 1228, 1255, -1,
      1230, 1257, 1259, -1,
      1230, 1259, 1232, -1,
      1232, 1259, 1261, -1,
      1232, 1261, 1234, -1,
      1234, 1261, 1242, -1,
      1234, 1242, 1214, -1,
      1214, 1242, 1240, -1,
      1214, 1240, 1212, -1,
      1212, 1240, 1238, -1,
      1212, 1238, 1210, -1,
      332, 1210, 329, -1,
      329, 1210, 1238, -1,
      1237, 1211, 331, -1,
      331, 1211, 334, -1,
      1211, 1237, 1213, -1,
      1213, 1237, 1239, -1,
      1213, 1239, 1236, -1,
      1236, 1239, 1241, -1,
      1236, 1241, 1235, -1,
      1235, 1241, 1263, -1,
      1235, 1263, 1233, -1,
      1233, 1263, 1262, -1,
      1233, 1262, 1231, -1,
      1231, 1262, 1260, -1,
      1231, 1260, 1229, -1,
      1229, 1260, 1258, -1,
      1227, 1229, 1256, -1,
      1256, 1229, 1258, -1,
      1227, 1256, 1254, -1,
      1227, 1254, 1225, -1,
      1225, 1254, 1252, -1,
      1225, 1252, 1223, -1,
      1223, 1252, 1250, -1,
      1223, 1250, 1221, -1,
      1221, 1250, 1248, -1,
      1221, 1248, 1219, -1,
      1219, 1248, 1246, -1,
      1219, 1246, 1217, -1,
      328, 330, 1264, -1,
      1264, 330, 1265, -1,
      1264, 1265, 1266, -1,
      1266, 1265, 1267, -1,
      1266, 1267, 1268, -1,
      1269, 1270, 1271, -1,
      1271, 1270, 1272, -1,
      1271, 1272, 1273, -1,
      1273, 1272, 1274, -1,
      1273, 1274, 1275, -1,
      1275, 1274, 1276, -1,
      1275, 1276, 1277, -1,
      1277, 1276, 1278, -1,
      1277, 1278, 1279, -1,
      1279, 1278, 1280, -1,
      1279, 1280, 1281, -1,
      1281, 1280, 1282, -1,
      1281, 1282, 1283, -1,
      1283, 1282, 1284, -1,
      1283, 1284, 1285, -1,
      1285, 1284, 1286, -1,
      1285, 1286, 1287, -1,
      1287, 1286, 1288, -1,
      1287, 1288, 1289, -1,
      1289, 1288, 1268, -1,
      1289, 1268, 1290, -1,
      1290, 1268, 1267, -1,
      327, 325, 1291, -1,
      1291, 325, 1292, -1,
      1291, 1292, 1293, -1,
      1293, 1292, 1294, -1,
      1293, 1294, 1295, -1,
      1295, 1294, 1296, -1,
      1297, 1298, 1299, -1,
      1299, 1298, 1300, -1,
      1299, 1300, 1301, -1,
      1301, 1300, 1302, -1,
      1301, 1302, 1303, -1,
      1303, 1302, 1304, -1,
      1303, 1304, 1305, -1,
      1305, 1304, 1306, -1,
      1305, 1306, 1307, -1,
      1307, 1306, 1308, -1,
      1307, 1308, 1309, -1,
      1309, 1308, 1310, -1,
      1309, 1310, 1311, -1,
      1311, 1310, 1312, -1,
      1311, 1312, 1313, -1,
      1313, 1312, 1314, -1,
      1313, 1314, 1315, -1,
      1315, 1314, 1316, -1,
      1315, 1316, 1296, -1,
      1296, 1316, 1317, -1,
      1296, 1317, 1295, -1,
      1269, 1271, 1298, -1,
      1298, 1271, 1300, -1,
      1270, 1269, 1297, -1,
      1297, 1269, 1298, -1,
      1272, 1270, 1299, -1,
      1299, 1270, 1297, -1,
      1272, 1299, 1274, -1,
      1274, 1299, 1301, -1,
      1274, 1301, 1276, -1,
      1276, 1301, 1303, -1,
      1276, 1303, 1278, -1,
      1278, 1303, 1305, -1,
      1278, 1305, 1280, -1,
      1280, 1305, 1307, -1,
      1280, 1307, 1282, -1,
      1282, 1307, 1309, -1,
      1284, 1282, 1311, -1,
      1311, 1282, 1309, -1,
      1284, 1311, 1313, -1,
      1284, 1313, 1286, -1,
      1286, 1313, 1315, -1,
      1286, 1315, 1288, -1,
      1288, 1315, 1296, -1,
      1288, 1296, 1268, -1,
      1268, 1296, 1294, -1,
      1268, 1294, 1266, -1,
      1266, 1294, 1292, -1,
      1266, 1292, 1264, -1,
      328, 1264, 325, -1,
      325, 1264, 1292, -1,
      1291, 1265, 327, -1,
      327, 1265, 330, -1,
      1265, 1291, 1267, -1,
      1267, 1291, 1293, -1,
      1267, 1293, 1290, -1,
      1290, 1293, 1295, -1,
      1290, 1295, 1289, -1,
      1289, 1295, 1317, -1,
      1289, 1317, 1287, -1,
      1287, 1317, 1316, -1,
      1287, 1316, 1285, -1,
      1285, 1316, 1314, -1,
      1285, 1314, 1283, -1,
      1283, 1314, 1312, -1,
      1281, 1283, 1310, -1,
      1310, 1283, 1312, -1,
      1281, 1310, 1308, -1,
      1281, 1308, 1279, -1,
      1279, 1308, 1306, -1,
      1279, 1306, 1277, -1,
      1277, 1306, 1304, -1,
      1277, 1304, 1275, -1,
      1275, 1304, 1302, -1,
      1275, 1302, 1273, -1,
      1273, 1302, 1300, -1,
      1273, 1300, 1271, -1,
      324, 326, 1318, -1,
      1318, 326, 1319, -1,
      1318, 1319, 1320, -1,
      1320, 1319, 1321, -1,
      1320, 1321, 1322, -1,
      1323, 1324, 1325, -1,
      1325, 1324, 1326, -1,
      1325, 1326, 1327, -1,
      1327, 1326, 1328, -1,
      1327, 1328, 1329, -1,
      1329, 1328, 1330, -1,
      1329, 1330, 1331, -1,
      1331, 1330, 1332, -1,
      1331, 1332, 1333, -1,
      1333, 1332, 1334, -1,
      1333, 1334, 1335, -1,
      1335, 1334, 1336, -1,
      1335, 1336, 1337, -1,
      1337, 1336, 1338, -1,
      1337, 1338, 1339, -1,
      1339, 1338, 1340, -1,
      1339, 1340, 1341, -1,
      1341, 1340, 1342, -1,
      1341, 1342, 1343, -1,
      1343, 1342, 1322, -1,
      1343, 1322, 1344, -1,
      1344, 1322, 1321, -1,
      323, 321, 1345, -1,
      1345, 321, 1346, -1,
      1345, 1346, 1347, -1,
      1347, 1346, 1348, -1,
      1347, 1348, 1349, -1,
      1349, 1348, 1350, -1,
      1351, 1352, 1353, -1,
      1353, 1352, 1354, -1,
      1353, 1354, 1355, -1,
      1355, 1354, 1356, -1,
      1355, 1356, 1357, -1,
      1357, 1356, 1358, -1,
      1357, 1358, 1359, -1,
      1359, 1358, 1360, -1,
      1359, 1360, 1361, -1,
      1361, 1360, 1362, -1,
      1361, 1362, 1363, -1,
      1363, 1362, 1364, -1,
      1363, 1364, 1365, -1,
      1365, 1364, 1366, -1,
      1365, 1366, 1367, -1,
      1367, 1366, 1368, -1,
      1367, 1368, 1369, -1,
      1369, 1368, 1370, -1,
      1369, 1370, 1350, -1,
      1350, 1370, 1371, -1,
      1350, 1371, 1349, -1,
      1323, 1325, 1352, -1,
      1352, 1325, 1354, -1,
      1324, 1323, 1351, -1,
      1351, 1323, 1352, -1,
      1326, 1324, 1353, -1,
      1353, 1324, 1351, -1,
      1326, 1353, 1328, -1,
      1328, 1353, 1355, -1,
      1328, 1355, 1330, -1,
      1330, 1355, 1357, -1,
      1330, 1357, 1332, -1,
      1332, 1357, 1359, -1,
      1332, 1359, 1334, -1,
      1334, 1359, 1361, -1,
      1334, 1361, 1336, -1,
      1336, 1361, 1363, -1,
      1338, 1336, 1365, -1,
      1365, 1336, 1363, -1,
      1338, 1365, 1367, -1,
      1338, 1367, 1340, -1,
      1340, 1367, 1369, -1,
      1340, 1369, 1342, -1,
      1342, 1369, 1350, -1,
      1342, 1350, 1322, -1,
      1322, 1350, 1348, -1,
      1322, 1348, 1320, -1,
      1320, 1348, 1346, -1,
      1320, 1346, 1318, -1,
      324, 1318, 321, -1,
      321, 1318, 1346, -1,
      1345, 1319, 323, -1,
      323, 1319, 326, -1,
      1319, 1345, 1321, -1,
      1321, 1345, 1347, -1,
      1321, 1347, 1344, -1,
      1344, 1347, 1349, -1,
      1344, 1349, 1343, -1,
      1343, 1349, 1371, -1,
      1343, 1371, 1341, -1,
      1341, 1371, 1370, -1,
      1341, 1370, 1339, -1,
      1339, 1370, 1368, -1,
      1339, 1368, 1337, -1,
      1337, 1368, 1366, -1,
      1335, 1337, 1364, -1,
      1364, 1337, 1366, -1,
      1335, 1364, 1362, -1,
      1335, 1362, 1333, -1,
      1333, 1362, 1360, -1,
      1333, 1360, 1331, -1,
      1331, 1360, 1358, -1,
      1331, 1358, 1329, -1,
      1329, 1358, 1356, -1,
      1329, 1356, 1327, -1,
      1327, 1356, 1354, -1,
      1327, 1354, 1325, -1,
      320, 322, 1372, -1,
      1372, 322, 1373, -1,
      1372, 1373, 1374, -1,
      1374, 1373, 1375, -1,
      1374, 1375, 1376, -1,
      1377, 1378, 1379, -1,
      1379, 1378, 1380, -1,
      1379, 1380, 1381, -1,
      1381, 1380, 1382, -1,
      1381, 1382, 1383, -1,
      1383, 1382, 1384, -1,
      1383, 1384, 1385, -1,
      1385, 1384, 1386, -1,
      1385, 1386, 1387, -1,
      1387, 1386, 1388, -1,
      1387, 1388, 1389, -1,
      1389, 1388, 1390, -1,
      1389, 1390, 1391, -1,
      1391, 1390, 1392, -1,
      1391, 1392, 1393, -1,
      1393, 1392, 1394, -1,
      1393, 1394, 1395, -1,
      1395, 1394, 1396, -1,
      1395, 1396, 1397, -1,
      1397, 1396, 1376, -1,
      1397, 1376, 1398, -1,
      1398, 1376, 1375, -1,
      319, 317, 1399, -1,
      1399, 317, 1400, -1,
      1399, 1400, 1401, -1,
      1401, 1400, 1402, -1,
      1401, 1402, 1403, -1,
      1403, 1402, 1404, -1,
      1405, 1406, 1407, -1,
      1407, 1406, 1408, -1,
      1407, 1408, 1409, -1,
      1409, 1408, 1410, -1,
      1409, 1410, 1411, -1,
      1411, 1410, 1412, -1,
      1411, 1412, 1413, -1,
      1413, 1412, 1414, -1,
      1413, 1414, 1415, -1,
      1415, 1414, 1416, -1,
      1415, 1416, 1417, -1,
      1417, 1416, 1418, -1,
      1417, 1418, 1419, -1,
      1419, 1418, 1420, -1,
      1419, 1420, 1421, -1,
      1421, 1420, 1422, -1,
      1421, 1422, 1423, -1,
      1423, 1422, 1424, -1,
      1423, 1424, 1404, -1,
      1404, 1424, 1425, -1,
      1404, 1425, 1403, -1,
      1377, 1379, 1406, -1,
      1406, 1379, 1408, -1,
      1378, 1377, 1405, -1,
      1405, 1377, 1406, -1,
      1380, 1378, 1407, -1,
      1407, 1378, 1405, -1,
      1380, 1407, 1382, -1,
      1382, 1407, 1409, -1,
      1382, 1409, 1384, -1,
      1384, 1409, 1411, -1,
      1384, 1411, 1386, -1,
      1386, 1411, 1413, -1,
      1386, 1413, 1388, -1,
      1388, 1413, 1415, -1,
      1388, 1415, 1390, -1,
      1390, 1415, 1417, -1,
      1392, 1390, 1419, -1,
      1419, 1390, 1417, -1,
      1392, 1419, 1421, -1,
      1392, 1421, 1394, -1,
      1394, 1421, 1423, -1,
      1394, 1423, 1396, -1,
      1396, 1423, 1404, -1,
      1396, 1404, 1376, -1,
      1376, 1404, 1402, -1,
      1376, 1402, 1374, -1,
      1374, 1402, 1400, -1,
      1374, 1400, 1372, -1,
      320, 1372, 317, -1,
      317, 1372, 1400, -1,
      1399, 1373, 319, -1,
      319, 1373, 322, -1,
      1373, 1399, 1375, -1,
      1375, 1399, 1401, -1,
      1375, 1401, 1398, -1,
      1398, 1401, 1403, -1,
      1398, 1403, 1397, -1,
      1397, 1403, 1425, -1,
      1397, 1425, 1395, -1,
      1395, 1425, 1424, -1,
      1395, 1424, 1393, -1,
      1393, 1424, 1422, -1,
      1393, 1422, 1391, -1,
      1391, 1422, 1420, -1,
      1389, 1391, 1418, -1,
      1418, 1391, 1420, -1,
      1389, 1418, 1416, -1,
      1389, 1416, 1387, -1,
      1387, 1416, 1414, -1,
      1387, 1414, 1385, -1,
      1385, 1414, 1412, -1,
      1385, 1412, 1383, -1,
      1383, 1412, 1410, -1,
      1383, 1410, 1381, -1,
      1381, 1410, 1408, -1,
      1381, 1408, 1379, -1,
      316, 318, 1426, -1,
      1426, 318, 1427, -1,
      1426, 1427, 1428, -1,
      1428, 1427, 1429, -1,
      1428, 1429, 1430, -1,
      1431, 1432, 1433, -1,
      1433, 1432, 1434, -1,
      1433, 1434, 1435, -1,
      1435, 1434, 1436, -1,
      1435, 1436, 1437, -1,
      1437, 1436, 1438, -1,
      1437, 1438, 1439, -1,
      1439, 1438, 1440, -1,
      1439, 1440, 1441, -1,
      1441, 1440, 1442, -1,
      1441, 1442, 1443, -1,
      1443, 1442, 1444, -1,
      1443, 1444, 1445, -1,
      1445, 1444, 1446, -1,
      1445, 1446, 1447, -1,
      1447, 1446, 1448, -1,
      1447, 1448, 1449, -1,
      1449, 1448, 1450, -1,
      1449, 1450, 1451, -1,
      1451, 1450, 1430, -1,
      1451, 1430, 1452, -1,
      1452, 1430, 1429, -1,
      315, 313, 1453, -1,
      1453, 313, 1454, -1,
      1453, 1454, 1455, -1,
      1455, 1454, 1456, -1,
      1455, 1456, 1457, -1,
      1457, 1456, 1458, -1,
      1459, 1460, 1461, -1,
      1461, 1460, 1462, -1,
      1461, 1462, 1463, -1,
      1463, 1462, 1464, -1,
      1463, 1464, 1465, -1,
      1465, 1464, 1466, -1,
      1465, 1466, 1467, -1,
      1467, 1466, 1468, -1,
      1467, 1468, 1469, -1,
      1469, 1468, 1470, -1,
      1469, 1470, 1471, -1,
      1471, 1470, 1472, -1,
      1471, 1472, 1473, -1,
      1473, 1472, 1474, -1,
      1473, 1474, 1475, -1,
      1475, 1474, 1476, -1,
      1475, 1476, 1477, -1,
      1477, 1476, 1478, -1,
      1477, 1478, 1458, -1,
      1458, 1478, 1479, -1,
      1458, 1479, 1457, -1,
      1431, 1433, 1460, -1,
      1460, 1433, 1462, -1,
      1432, 1431, 1459, -1,
      1459, 1431, 1460, -1,
      1434, 1432, 1461, -1,
      1461, 1432, 1459, -1,
      1434, 1461, 1436, -1,
      1436, 1461, 1463, -1,
      1436, 1463, 1438, -1,
      1438, 1463, 1465, -1,
      1438, 1465, 1440, -1,
      1440, 1465, 1467, -1,
      1440, 1467, 1442, -1,
      1442, 1467, 1469, -1,
      1442, 1469, 1444, -1,
      1444, 1469, 1471, -1,
      1446, 1444, 1473, -1,
      1473, 1444, 1471, -1,
      1446, 1473, 1475, -1,
      1446, 1475, 1448, -1,
      1448, 1475, 1477, -1,
      1448, 1477, 1450, -1,
      1450, 1477, 1458, -1,
      1450, 1458, 1430, -1,
      1430, 1458, 1456, -1,
      1430, 1456, 1428, -1,
      1428, 1456, 1454, -1,
      1428, 1454, 1426, -1,
      316, 1426, 313, -1,
      313, 1426, 1454, -1,
      1453, 1427, 315, -1,
      315, 1427, 318, -1,
      1427, 1453, 1429, -1,
      1429, 1453, 1455, -1,
      1429, 1455, 1452, -1,
      1452, 1455, 1457, -1,
      1452, 1457, 1451, -1,
      1451, 1457, 1479, -1,
      1451, 1479, 1449, -1,
      1449, 1479, 1478, -1,
      1449, 1478, 1447, -1,
      1447, 1478, 1476, -1,
      1447, 1476, 1445, -1,
      1445, 1476, 1474, -1,
      1443, 1445, 1472, -1,
      1472, 1445, 1474, -1,
      1443, 1472, 1470, -1,
      1443, 1470, 1441, -1,
      1441, 1470, 1468, -1,
      1441, 1468, 1439, -1,
      1439, 1468, 1466, -1,
      1439, 1466, 1437, -1,
      1437, 1466, 1464, -1,
      1437, 1464, 1435, -1,
      1435, 1464, 1462, -1,
      1435, 1462, 1433, -1,
      312, 314, 1480, -1,
      1480, 314, 1481, -1,
      1480, 1481, 1482, -1,
      1482, 1481, 1483, -1,
      1482, 1483, 1484, -1,
      1485, 1486, 1487, -1,
      1487, 1486, 1488, -1,
      1487, 1488, 1489, -1,
      1489, 1488, 1490, -1,
      1489, 1490, 1491, -1,
      1491, 1490, 1492, -1,
      1491, 1492, 1493, -1,
      1493, 1492, 1494, -1,
      1493, 1494, 1495, -1,
      1495, 1494, 1496, -1,
      1495, 1496, 1497, -1,
      1497, 1496, 1498, -1,
      1497, 1498, 1499, -1,
      1499, 1498, 1500, -1,
      1499, 1500, 1501, -1,
      1501, 1500, 1502, -1,
      1501, 1502, 1503, -1,
      1503, 1502, 1504, -1,
      1503, 1504, 1505, -1,
      1505, 1504, 1484, -1,
      1505, 1484, 1506, -1,
      1506, 1484, 1483, -1,
      311, 309, 1507, -1,
      1507, 309, 1508, -1,
      1507, 1508, 1509, -1,
      1509, 1508, 1510, -1,
      1509, 1510, 1511, -1,
      1511, 1510, 1512, -1,
      1513, 1514, 1515, -1,
      1515, 1514, 1516, -1,
      1515, 1516, 1517, -1,
      1517, 1516, 1518, -1,
      1517, 1518, 1519, -1,
      1519, 1518, 1520, -1,
      1519, 1520, 1521, -1,
      1521, 1520, 1522, -1,
      1521, 1522, 1523, -1,
      1523, 1522, 1524, -1,
      1523, 1524, 1525, -1,
      1525, 1524, 1526, -1,
      1525, 1526, 1527, -1,
      1527, 1526, 1528, -1,
      1527, 1528, 1529, -1,
      1529, 1528, 1530, -1,
      1529, 1530, 1531, -1,
      1531, 1530, 1532, -1,
      1531, 1532, 1512, -1,
      1512, 1532, 1533, -1,
      1512, 1533, 1511, -1,
      1485, 1487, 1514, -1,
      1514, 1487, 1516, -1,
      1486, 1485, 1513, -1,
      1513, 1485, 1514, -1,
      1488, 1486, 1515, -1,
      1515, 1486, 1513, -1,
      1488, 1515, 1490, -1,
      1490, 1515, 1517, -1,
      1490, 1517, 1492, -1,
      1492, 1517, 1519, -1,
      1492, 1519, 1494, -1,
      1494, 1519, 1521, -1,
      1494, 1521, 1496, -1,
      1496, 1521, 1523, -1,
      1496, 1523, 1498, -1,
      1498, 1523, 1525, -1,
      1500, 1498, 1527, -1,
      1527, 1498, 1525, -1,
      1500, 1527, 1529, -1,
      1500, 1529, 1502, -1,
      1502, 1529, 1531, -1,
      1502, 1531, 1504, -1,
      1504, 1531, 1512, -1,
      1504, 1512, 1484, -1,
      1484, 1512, 1510, -1,
      1484, 1510, 1482, -1,
      1482, 1510, 1508, -1,
      1482, 1508, 1480, -1,
      312, 1480, 309, -1,
      309, 1480, 1508, -1,
      1507, 1481, 311, -1,
      311, 1481, 314, -1,
      1481, 1507, 1483, -1,
      1483, 1507, 1509, -1,
      1483, 1509, 1506, -1,
      1506, 1509, 1511, -1,
      1506, 1511, 1505, -1,
      1505, 1511, 1533, -1,
      1505, 1533, 1503, -1,
      1503, 1533, 1532, -1,
      1503, 1532, 1501, -1,
      1501, 1532, 1530, -1,
      1501, 1530, 1499, -1,
      1499, 1530, 1528, -1,
      1497, 1499, 1526, -1,
      1526, 1499, 1528, -1,
      1497, 1526, 1524, -1,
      1497, 1524, 1495, -1,
      1495, 1524, 1522, -1,
      1495, 1522, 1493, -1,
      1493, 1522, 1520, -1,
      1493, 1520, 1491, -1,
      1491, 1520, 1518, -1,
      1491, 1518, 1489, -1,
      1489, 1518, 1516, -1,
      1489, 1516, 1487, -1,
      308, 310, 1534, -1,
      1534, 310, 1535, -1,
      1534, 1535, 1536, -1,
      1536, 1535, 1537, -1,
      1536, 1537, 1538, -1,
      1539, 1540, 1541, -1,
      1541, 1540, 1542, -1,
      1541, 1542, 1543, -1,
      1543, 1542, 1544, -1,
      1543, 1544, 1545, -1,
      1545, 1544, 1546, -1,
      1545, 1546, 1547, -1,
      1547, 1546, 1548, -1,
      1547, 1548, 1549, -1,
      1549, 1548, 1550, -1,
      1549, 1550, 1551, -1,
      1551, 1550, 1552, -1,
      1551, 1552, 1553, -1,
      1553, 1552, 1554, -1,
      1553, 1554, 1555, -1,
      1555, 1554, 1556, -1,
      1555, 1556, 1557, -1,
      1557, 1556, 1558, -1,
      1557, 1558, 1559, -1,
      1559, 1558, 1538, -1,
      1559, 1538, 1560, -1,
      1560, 1538, 1537, -1,
      307, 305, 1561, -1,
      1561, 305, 1562, -1,
      1561, 1562, 1563, -1,
      1563, 1562, 1564, -1,
      1563, 1564, 1565, -1,
      1565, 1564, 1566, -1,
      1567, 1568, 1569, -1,
      1569, 1568, 1570, -1,
      1569, 1570, 1571, -1,
      1571, 1570, 1572, -1,
      1571, 1572, 1573, -1,
      1573, 1572, 1574, -1,
      1573, 1574, 1575, -1,
      1575, 1574, 1576, -1,
      1575, 1576, 1577, -1,
      1577, 1576, 1578, -1,
      1577, 1578, 1579, -1,
      1579, 1578, 1580, -1,
      1579, 1580, 1581, -1,
      1581, 1580, 1582, -1,
      1581, 1582, 1583, -1,
      1583, 1582, 1584, -1,
      1583, 1584, 1585, -1,
      1585, 1584, 1586, -1,
      1585, 1586, 1566, -1,
      1566, 1586, 1587, -1,
      1566, 1587, 1565, -1,
      1539, 1541, 1568, -1,
      1568, 1541, 1570, -1,
      1540, 1539, 1567, -1,
      1567, 1539, 1568, -1,
      1542, 1540, 1569, -1,
      1569, 1540, 1567, -1,
      1542, 1569, 1544, -1,
      1544, 1569, 1571, -1,
      1544, 1571, 1546, -1,
      1546, 1571, 1573, -1,
      1546, 1573, 1548, -1,
      1548, 1573, 1575, -1,
      1548, 1575, 1550, -1,
      1550, 1575, 1577, -1,
      1550, 1577, 1552, -1,
      1552, 1577, 1579, -1,
      1554, 1552, 1581, -1,
      1581, 1552, 1579, -1,
      1554, 1581, 1583, -1,
      1554, 1583, 1556, -1,
      1556, 1583, 1585, -1,
      1556, 1585, 1558, -1,
      1558, 1585, 1566, -1,
      1558, 1566, 1538, -1,
      1538, 1566, 1564, -1,
      1538, 1564, 1536, -1,
      1536, 1564, 1562, -1,
      1536, 1562, 1534, -1,
      308, 1534, 305, -1,
      305, 1534, 1562, -1,
      1561, 1535, 307, -1,
      307, 1535, 310, -1,
      1535, 1561, 1537, -1,
      1537, 1561, 1563, -1,
      1537, 1563, 1560, -1,
      1560, 1563, 1565, -1,
      1560, 1565, 1559, -1,
      1559, 1565, 1587, -1,
      1559, 1587, 1557, -1,
      1557, 1587, 1586, -1,
      1557, 1586, 1555, -1,
      1555, 1586, 1584, -1,
      1555, 1584, 1553, -1,
      1553, 1584, 1582, -1,
      1551, 1553, 1580, -1,
      1580, 1553, 1582, -1,
      1551, 1580, 1578, -1,
      1551, 1578, 1549, -1,
      1549, 1578, 1576, -1,
      1549, 1576, 1547, -1,
      1547, 1576, 1574, -1,
      1547, 1574, 1545, -1,
      1545, 1574, 1572, -1,
      1545, 1572, 1543, -1,
      1543, 1572, 1570, -1,
      1543, 1570, 1541, -1,
      304, 306, 1588, -1,
      1588, 306, 1589, -1,
      1588, 1589, 1590, -1,
      1590, 1589, 1591, -1,
      1590, 1591, 1592, -1,
      1593, 1594, 1595, -1,
      1595, 1594, 1596, -1,
      1595, 1596, 1597, -1,
      1597, 1596, 1598, -1,
      1597, 1598, 1599, -1,
      1599, 1598, 1600, -1,
      1599, 1600, 1601, -1,
      1601, 1600, 1602, -1,
      1601, 1602, 1603, -1,
      1603, 1602, 1604, -1,
      1603, 1604, 1605, -1,
      1605, 1604, 1606, -1,
      1605, 1606, 1607, -1,
      1607, 1606, 1608, -1,
      1607, 1608, 1609, -1,
      1609, 1608, 1610, -1,
      1609, 1610, 1611, -1,
      1611, 1610, 1612, -1,
      1611, 1612, 1613, -1,
      1613, 1612, 1592, -1,
      1613, 1592, 1614, -1,
      1614, 1592, 1591, -1,
      303, 301, 1615, -1,
      1615, 301, 1616, -1,
      1615, 1616, 1617, -1,
      1617, 1616, 1618, -1,
      1617, 1618, 1619, -1,
      1619, 1618, 1620, -1,
      1621, 1622, 1623, -1,
      1623, 1622, 1624, -1,
      1623, 1624, 1625, -1,
      1625, 1624, 1626, -1,
      1625, 1626, 1627, -1,
      1627, 1626, 1628, -1,
      1627, 1628, 1629, -1,
      1629, 1628, 1630, -1,
      1629, 1630, 1631, -1,
      1631, 1630, 1632, -1,
      1631, 1632, 1633, -1,
      1633, 1632, 1634, -1,
      1633, 1634, 1635, -1,
      1635, 1634, 1636, -1,
      1635, 1636, 1637, -1,
      1637, 1636, 1638, -1,
      1637, 1638, 1639, -1,
      1639, 1638, 1640, -1,
      1639, 1640, 1620, -1,
      1620, 1640, 1641, -1,
      1620, 1641, 1619, -1,
      1593, 1595, 1622, -1,
      1622, 1595, 1624, -1,
      1594, 1593, 1621, -1,
      1621, 1593, 1622, -1,
      1596, 1594, 1623, -1,
      1623, 1594, 1621, -1,
      1596, 1623, 1598, -1,
      1598, 1623, 1625, -1,
      1598, 1625, 1600, -1,
      1600, 1625, 1627, -1,
      1600, 1627, 1602, -1,
      1602, 1627, 1629, -1,
      1602, 1629, 1604, -1,
      1604, 1629, 1631, -1,
      1604, 1631, 1606, -1,
      1606, 1631, 1633, -1,
      1608, 1606, 1635, -1,
      1635, 1606, 1633, -1,
      1608, 1635, 1637, -1,
      1608, 1637, 1610, -1,
      1610, 1637, 1639, -1,
      1610, 1639, 1612, -1,
      1612, 1639, 1620, -1,
      1612, 1620, 1592, -1,
      1592, 1620, 1618, -1,
      1592, 1618, 1590, -1,
      1590, 1618, 1616, -1,
      1590, 1616, 1588, -1,
      304, 1588, 301, -1,
      301, 1588, 1616, -1,
      1615, 1589, 303, -1,
      303, 1589, 306, -1,
      1589, 1615, 1591, -1,
      1591, 1615, 1617, -1,
      1591, 1617, 1614, -1,
      1614, 1617, 1619, -1,
      1614, 1619, 1613, -1,
      1613, 1619, 1641, -1,
      1613, 1641, 1611, -1,
      1611, 1641, 1640, -1,
      1611, 1640, 1609, -1,
      1609, 1640, 1638, -1,
      1609, 1638, 1607, -1,
      1607, 1638, 1636, -1,
      1605, 1607, 1634, -1,
      1634, 1607, 1636, -1,
      1605, 1634, 1632, -1,
      1605, 1632, 1603, -1,
      1603, 1632, 1630, -1,
      1603, 1630, 1601, -1,
      1601, 1630, 1628, -1,
      1601, 1628, 1599, -1,
      1599, 1628, 1626, -1,
      1599, 1626, 1597, -1,
      1597, 1626, 1624, -1,
      1597, 1624, 1595, -1,
      300, 302, 1642, -1,
      1642, 302, 1643, -1,
      1642, 1643, 1644, -1,
      1644, 1643, 1645, -1,
      1644, 1645, 1646, -1,
      1647, 1648, 1649, -1,
      1649, 1648, 1650, -1,
      1649, 1650, 1651, -1,
      1651, 1650, 1652, -1,
      1651, 1652, 1653, -1,
      1653, 1652, 1654, -1,
      1653, 1654, 1655, -1,
      1655, 1654, 1656, -1,
      1655, 1656, 1657, -1,
      1657, 1656, 1658, -1,
      1657, 1658, 1659, -1,
      1659, 1658, 1660, -1,
      1659, 1660, 1661, -1,
      1661, 1660, 1662, -1,
      1661, 1662, 1663, -1,
      1663, 1662, 1664, -1,
      1663, 1664, 1665, -1,
      1665, 1664, 1666, -1,
      1665, 1666, 1667, -1,
      1667, 1666, 1646, -1,
      1667, 1646, 1668, -1,
      1668, 1646, 1645, -1,
      299, 297, 1669, -1,
      1669, 297, 1670, -1,
      1669, 1670, 1671, -1,
      1671, 1670, 1672, -1,
      1671, 1672, 1673, -1,
      1673, 1672, 1674, -1,
      1675, 1676, 1677, -1,
      1677, 1676, 1678, -1,
      1677, 1678, 1679, -1,
      1679, 1678, 1680, -1,
      1679, 1680, 1681, -1,
      1681, 1680, 1682, -1,
      1681, 1682, 1683, -1,
      1683, 1682, 1684, -1,
      1683, 1684, 1685, -1,
      1685, 1684, 1686, -1,
      1685, 1686, 1687, -1,
      1687, 1686, 1688, -1,
      1687, 1688, 1689, -1,
      1689, 1688, 1690, -1,
      1689, 1690, 1691, -1,
      1691, 1690, 1692, -1,
      1691, 1692, 1693, -1,
      1693, 1692, 1694, -1,
      1693, 1694, 1674, -1,
      1674, 1694, 1695, -1,
      1674, 1695, 1673, -1,
      1647, 1649, 1676, -1,
      1676, 1649, 1678, -1,
      1648, 1647, 1675, -1,
      1675, 1647, 1676, -1,
      1650, 1648, 1677, -1,
      1677, 1648, 1675, -1,
      1650, 1677, 1652, -1,
      1652, 1677, 1679, -1,
      1652, 1679, 1654, -1,
      1654, 1679, 1681, -1,
      1654, 1681, 1656, -1,
      1656, 1681, 1683, -1,
      1656, 1683, 1658, -1,
      1658, 1683, 1685, -1,
      1658, 1685, 1660, -1,
      1660, 1685, 1687, -1,
      1662, 1660, 1689, -1,
      1689, 1660, 1687, -1,
      1662, 1689, 1691, -1,
      1662, 1691, 1664, -1,
      1664, 1691, 1693, -1,
      1664, 1693, 1666, -1,
      1666, 1693, 1674, -1,
      1666, 1674, 1646, -1,
      1646, 1674, 1672, -1,
      1646, 1672, 1644, -1,
      1644, 1672, 1670, -1,
      1644, 1670, 1642, -1,
      300, 1642, 297, -1,
      297, 1642, 1670, -1,
      1669, 1643, 299, -1,
      299, 1643, 302, -1,
      1643, 1669, 1645, -1,
      1645, 1669, 1671, -1,
      1645, 1671, 1668, -1,
      1668, 1671, 1673, -1,
      1668, 1673, 1667, -1,
      1667, 1673, 1695, -1,
      1667, 1695, 1665, -1,
      1665, 1695, 1694, -1,
      1665, 1694, 1663, -1,
      1663, 1694, 1692, -1,
      1663, 1692, 1661, -1,
      1661, 1692, 1690, -1,
      1659, 1661, 1688, -1,
      1688, 1661, 1690, -1,
      1659, 1688, 1686, -1,
      1659, 1686, 1657, -1,
      1657, 1686, 1684, -1,
      1657, 1684, 1655, -1,
      1655, 1684, 1682, -1,
      1655, 1682, 1653, -1,
      1653, 1682, 1680, -1,
      1653, 1680, 1651, -1,
      1651, 1680, 1678, -1,
      1651, 1678, 1649, -1,
      296, 298, 1696, -1,
      1696, 298, 1697, -1,
      1696, 1697, 1698, -1,
      1698, 1697, 1699, -1,
      1698, 1699, 1700, -1,
      1701, 1702, 1703, -1,
      1703, 1702, 1704, -1,
      1703, 1704, 1705, -1,
      1705, 1704, 1706, -1,
      1705, 1706, 1707, -1,
      1707, 1706, 1708, -1,
      1707, 1708, 1709, -1,
      1709, 1708, 1710, -1,
      1709, 1710, 1711, -1,
      1711, 1710, 1712, -1,
      1711, 1712, 1713, -1,
      1713, 1712, 1714, -1,
      1713, 1714, 1715, -1,
      1715, 1714, 1716, -1,
      1715, 1716, 1717, -1,
      1717, 1716, 1718, -1,
      1717, 1718, 1719, -1,
      1719, 1718, 1720, -1,
      1719, 1720, 1721, -1,
      1721, 1720, 1700, -1,
      1721, 1700, 1722, -1,
      1722, 1700, 1699, -1,
      294, 295, 1723, -1,
      1723, 295, 1724, -1,
      1723, 1724, 1725, -1,
      1725, 1724, 1726, -1,
      1725, 1726, 1727, -1,
      1727, 1726, 1728, -1,
      1729, 1730, 1731, -1,
      1731, 1730, 1732, -1,
      1731, 1732, 1733, -1,
      1733, 1732, 1734, -1,
      1733, 1734, 1735, -1,
      1735, 1734, 1736, -1,
      1735, 1736, 1737, -1,
      1737, 1736, 1738, -1,
      1737, 1738, 1739, -1,
      1739, 1738, 1740, -1,
      1739, 1740, 1741, -1,
      1741, 1740, 1742, -1,
      1741, 1742, 1743, -1,
      1743, 1742, 1744, -1,
      1743, 1744, 1745, -1,
      1745, 1744, 1746, -1,
      1745, 1746, 1747, -1,
      1747, 1746, 1748, -1,
      1747, 1748, 1728, -1,
      1728, 1748, 1749, -1,
      1728, 1749, 1727, -1,
      1701, 1703, 1730, -1,
      1730, 1703, 1732, -1,
      1702, 1701, 1729, -1,
      1729, 1701, 1730, -1,
      1704, 1702, 1731, -1,
      1731, 1702, 1729, -1,
      1704, 1731, 1706, -1,
      1706, 1731, 1733, -1,
      1706, 1733, 1708, -1,
      1708, 1733, 1735, -1,
      1708, 1735, 1710, -1,
      1710, 1735, 1737, -1,
      1710, 1737, 1712, -1,
      1712, 1737, 1739, -1,
      1712, 1739, 1714, -1,
      1714, 1739, 1741, -1,
      1716, 1714, 1743, -1,
      1743, 1714, 1741, -1,
      1716, 1743, 1745, -1,
      1716, 1745, 1718, -1,
      1718, 1745, 1747, -1,
      1718, 1747, 1720, -1,
      1720, 1747, 1728, -1,
      1720, 1728, 1700, -1,
      1700, 1728, 1726, -1,
      1700, 1726, 1698, -1,
      1698, 1726, 1724, -1,
      1698, 1724, 1696, -1,
      296, 1696, 295, -1,
      295, 1696, 1724, -1,
      1723, 1697, 294, -1,
      294, 1697, 298, -1,
      1697, 1723, 1699, -1,
      1699, 1723, 1725, -1,
      1699, 1725, 1722, -1,
      1722, 1725, 1727, -1,
      1722, 1727, 1721, -1,
      1721, 1727, 1749, -1,
      1721, 1749, 1719, -1,
      1719, 1749, 1748, -1,
      1719, 1748, 1717, -1,
      1717, 1748, 1746, -1,
      1717, 1746, 1715, -1,
      1715, 1746, 1744, -1,
      1713, 1715, 1742, -1,
      1742, 1715, 1744, -1,
      1713, 1742, 1740, -1,
      1713, 1740, 1711, -1,
      1711, 1740, 1738, -1,
      1711, 1738, 1709, -1,
      1709, 1738, 1736, -1,
      1709, 1736, 1707, -1,
      1707, 1736, 1734, -1,
      1707, 1734, 1705, -1,
      1705, 1734, 1732, -1,
      1705, 1732, 1703, -1,
      398, 399, 1750, -1,
      1750, 399, 1751, -1,
      1750, 1751, 1752, -1,
      1752, 1751, 1753, -1,
      1752, 1753, 1754, -1,
      1755, 1756, 1757, -1,
      1757, 1756, 1758, -1,
      1757, 1758, 1759, -1,
      1759, 1758, 1760, -1,
      1759, 1760, 1761, -1,
      1761, 1760, 1762, -1,
      1761, 1762, 1763, -1,
      1763, 1762, 1764, -1,
      1763, 1764, 1765, -1,
      1765, 1764, 1766, -1,
      1765, 1766, 1767, -1,
      1767, 1766, 1768, -1,
      1767, 1768, 1769, -1,
      1769, 1768, 1770, -1,
      1769, 1770, 1771, -1,
      1771, 1770, 1772, -1,
      1771, 1772, 1773, -1,
      1773, 1772, 1774, -1,
      1773, 1774, 1775, -1,
      1775, 1774, 1754, -1,
      1775, 1754, 1776, -1,
      1776, 1754, 1753, -1,
      293, 291, 1777, -1,
      1777, 291, 1778, -1,
      1777, 1778, 1779, -1,
      1779, 1778, 1780, -1,
      1779, 1780, 1781, -1,
      1781, 1780, 1782, -1,
      1783, 1784, 1785, -1,
      1785, 1784, 1786, -1,
      1785, 1786, 1787, -1,
      1787, 1786, 1788, -1,
      1787, 1788, 1789, -1,
      1789, 1788, 1790, -1,
      1789, 1790, 1791, -1,
      1791, 1790, 1792, -1,
      1791, 1792, 1793, -1,
      1793, 1792, 1794, -1,
      1793, 1794, 1795, -1,
      1795, 1794, 1796, -1,
      1795, 1796, 1797, -1,
      1797, 1796, 1798, -1,
      1797, 1798, 1799, -1,
      1799, 1798, 1800, -1,
      1799, 1800, 1801, -1,
      1801, 1800, 1802, -1,
      1801, 1802, 1782, -1,
      1782, 1802, 1803, -1,
      1782, 1803, 1781, -1,
      1755, 1757, 1784, -1,
      1784, 1757, 1786, -1,
      1756, 1755, 1783, -1,
      1783, 1755, 1784, -1,
      1758, 1756, 1785, -1,
      1785, 1756, 1783, -1,
      1758, 1785, 1760, -1,
      1760, 1785, 1787, -1,
      1760, 1787, 1762, -1,
      1762, 1787, 1789, -1,
      1762, 1789, 1764, -1,
      1764, 1789, 1791, -1,
      1764, 1791, 1766, -1,
      1766, 1791, 1793, -1,
      1766, 1793, 1768, -1,
      1768, 1793, 1795, -1,
      1770, 1768, 1797, -1,
      1797, 1768, 1795, -1,
      1770, 1797, 1799, -1,
      1770, 1799, 1772, -1,
      1772, 1799, 1801, -1,
      1772, 1801, 1774, -1,
      1774, 1801, 1782, -1,
      1774, 1782, 1754, -1,
      1754, 1782, 1780, -1,
      1754, 1780, 1752, -1,
      1752, 1780, 1778, -1,
      1752, 1778, 1750, -1,
      398, 1750, 291, -1,
      291, 1750, 1778, -1,
      1777, 1751, 293, -1,
      293, 1751, 399, -1,
      1751, 1777, 1753, -1,
      1753, 1777, 1779, -1,
      1753, 1779, 1776, -1,
      1776, 1779, 1781, -1,
      1776, 1781, 1775, -1,
      1775, 1781, 1803, -1,
      1775, 1803, 1773, -1,
      1773, 1803, 1802, -1,
      1773, 1802, 1771, -1,
      1771, 1802, 1800, -1,
      1771, 1800, 1769, -1,
      1769, 1800, 1798, -1,
      1767, 1769, 1796, -1,
      1796, 1769, 1798, -1,
      1767, 1796, 1794, -1,
      1767, 1794, 1765, -1,
      1765, 1794, 1792, -1,
      1765, 1792, 1763, -1,
      1763, 1792, 1790, -1,
      1763, 1790, 1761, -1,
      1761, 1790, 1788, -1,
      1761, 1788, 1759, -1,
      1759, 1788, 1786, -1,
      1759, 1786, 1757, -1,
      290, 292, 1804, -1,
      1804, 292, 1805, -1,
      1804, 1805, 1806, -1,
      1806, 1805, 1807, -1,
      1806, 1807, 1808, -1,
      1809, 1810, 1811, -1,
      1811, 1810, 1812, -1,
      1811, 1812, 1813, -1,
      1813, 1812, 1814, -1,
      1813, 1814, 1815, -1,
      1815, 1814, 1816, -1,
      1815, 1816, 1817, -1,
      1817, 1816, 1818, -1,
      1817, 1818, 1819, -1,
      1819, 1818, 1820, -1,
      1819, 1820, 1821, -1,
      1821, 1820, 1822, -1,
      1821, 1822, 1823, -1,
      1823, 1822, 1824, -1,
      1823, 1824, 1825, -1,
      1825, 1824, 1826, -1,
      1825, 1826, 1827, -1,
      1827, 1826, 1828, -1,
      1827, 1828, 1829, -1,
      1829, 1828, 1808, -1,
      1829, 1808, 1830, -1,
      1830, 1808, 1807, -1,
      289, 287, 1831, -1,
      1831, 287, 1832, -1,
      1831, 1832, 1833, -1,
      1833, 1832, 1834, -1,
      1833, 1834, 1835, -1,
      1835, 1834, 1836, -1,
      1837, 1838, 1839, -1,
      1839, 1838, 1840, -1,
      1839, 1840, 1841, -1,
      1841, 1840, 1842, -1,
      1841, 1842, 1843, -1,
      1843, 1842, 1844, -1,
      1843, 1844, 1845, -1,
      1845, 1844, 1846, -1,
      1845, 1846, 1847, -1,
      1847, 1846, 1848, -1,
      1847, 1848, 1849, -1,
      1849, 1848, 1850, -1,
      1849, 1850, 1851, -1,
      1851, 1850, 1852, -1,
      1851, 1852, 1853, -1,
      1853, 1852, 1854, -1,
      1853, 1854, 1855, -1,
      1855, 1854, 1856, -1,
      1855, 1856, 1836, -1,
      1836, 1856, 1857, -1,
      1836, 1857, 1835, -1,
      1809, 1811, 1838, -1,
      1838, 1811, 1840, -1,
      1810, 1809, 1837, -1,
      1837, 1809, 1838, -1,
      1812, 1810, 1839, -1,
      1839, 1810, 1837, -1,
      1812, 1839, 1814, -1,
      1814, 1839, 1841, -1,
      1814, 1841, 1816, -1,
      1816, 1841, 1843, -1,
      1816, 1843, 1818, -1,
      1818, 1843, 1845, -1,
      1818, 1845, 1820, -1,
      1820, 1845, 1847, -1,
      1820, 1847, 1822, -1,
      1822, 1847, 1849, -1,
      1824, 1822, 1851, -1,
      1851, 1822, 1849, -1,
      1824, 1851, 1853, -1,
      1824, 1853, 1826, -1,
      1826, 1853, 1855, -1,
      1826, 1855, 1828, -1,
      1828, 1855, 1836, -1,
      1828, 1836, 1808, -1,
      1808, 1836, 1834, -1,
      1808, 1834, 1806, -1,
      1806, 1834, 1832, -1,
      1806, 1832, 1804, -1,
      290, 1804, 287, -1,
      287, 1804, 1832, -1,
      1831, 1805, 289, -1,
      289, 1805, 292, -1,
      1805, 1831, 1807, -1,
      1807, 1831, 1833, -1,
      1807, 1833, 1830, -1,
      1830, 1833, 1835, -1,
      1830, 1835, 1829, -1,
      1829, 1835, 1857, -1,
      1829, 1857, 1827, -1,
      1827, 1857, 1856, -1,
      1827, 1856, 1825, -1,
      1825, 1856, 1854, -1,
      1825, 1854, 1823, -1,
      1823, 1854, 1852, -1,
      1821, 1823, 1850, -1,
      1850, 1823, 1852, -1,
      1821, 1850, 1848, -1,
      1821, 1848, 1819, -1,
      1819, 1848, 1846, -1,
      1819, 1846, 1817, -1,
      1817, 1846, 1844, -1,
      1817, 1844, 1815, -1,
      1815, 1844, 1842, -1,
      1815, 1842, 1813, -1,
      1813, 1842, 1840, -1,
      1813, 1840, 1811, -1,
      286, 288, 1858, -1,
      1858, 288, 1859, -1,
      1858, 1859, 1860, -1,
      1860, 1859, 1861, -1,
      1860, 1861, 1862, -1,
      1863, 1864, 1865, -1,
      1865, 1864, 1866, -1,
      1865, 1866, 1867, -1,
      1867, 1866, 1868, -1,
      1867, 1868, 1869, -1,
      1869, 1868, 1870, -1,
      1869, 1870, 1871, -1,
      1871, 1870, 1872, -1,
      1871, 1872, 1873, -1,
      1873, 1872, 1874, -1,
      1873, 1874, 1875, -1,
      1875, 1874, 1876, -1,
      1875, 1876, 1877, -1,
      1877, 1876, 1878, -1,
      1877, 1878, 1879, -1,
      1879, 1878, 1880, -1,
      1879, 1880, 1881, -1,
      1881, 1880, 1882, -1,
      1881, 1882, 1883, -1,
      1883, 1882, 1862, -1,
      1883, 1862, 1884, -1,
      1884, 1862, 1861, -1,
      285, 283, 1885, -1,
      1885, 283, 1886, -1,
      1885, 1886, 1887, -1,
      1887, 1886, 1888, -1,
      1887, 1888, 1889, -1,
      1889, 1888, 1890, -1,
      1891, 1892, 1893, -1,
      1893, 1892, 1894, -1,
      1893, 1894, 1895, -1,
      1895, 1894, 1896, -1,
      1895, 1896, 1897, -1,
      1897, 1896, 1898, -1,
      1897, 1898, 1899, -1,
      1899, 1898, 1900, -1,
      1899, 1900, 1901, -1,
      1901, 1900, 1902, -1,
      1901, 1902, 1903, -1,
      1903, 1902, 1904, -1,
      1903, 1904, 1905, -1,
      1905, 1904, 1906, -1,
      1905, 1906, 1907, -1,
      1907, 1906, 1908, -1,
      1907, 1908, 1909, -1,
      1909, 1908, 1910, -1,
      1909, 1910, 1890, -1,
      1890, 1910, 1911, -1,
      1890, 1911, 1889, -1,
      1863, 1865, 1892, -1,
      1892, 1865, 1894, -1,
      1864, 1863, 1891, -1,
      1891, 1863, 1892, -1,
      1866, 1864, 1893, -1,
      1893, 1864, 1891, -1,
      1866, 1893, 1868, -1,
      1868, 1893, 1895, -1,
      1868, 1895, 1870, -1,
      1870, 1895, 1897, -1,
      1870, 1897, 1872, -1,
      1872, 1897, 1899, -1,
      1872, 1899, 1874, -1,
      1874, 1899, 1901, -1,
      1874, 1901, 1876, -1,
      1876, 1901, 1903, -1,
      1878, 1876, 1905, -1,
      1905, 1876, 1903, -1,
      1878, 1905, 1907, -1,
      1878, 1907, 1880, -1,
      1880, 1907, 1909, -1,
      1880, 1909, 1882, -1,
      1882, 1909, 1890, -1,
      1882, 1890, 1862, -1,
      1862, 1890, 1888, -1,
      1862, 1888, 1860, -1,
      1860, 1888, 1886, -1,
      1860, 1886, 1858, -1,
      286, 1858, 283, -1,
      283, 1858, 1886, -1,
      1885, 1859, 285, -1,
      285, 1859, 288, -1,
      1859, 1885, 1861, -1,
      1861, 1885, 1887, -1,
      1861, 1887, 1884, -1,
      1884, 1887, 1889, -1,
      1884, 1889, 1883, -1,
      1883, 1889, 1911, -1,
      1883, 1911, 1881, -1,
      1881, 1911, 1910, -1,
      1881, 1910, 1879, -1,
      1879, 1910, 1908, -1,
      1879, 1908, 1877, -1,
      1877, 1908, 1906, -1,
      1875, 1877, 1904, -1,
      1904, 1877, 1906, -1,
      1875, 1904, 1902, -1,
      1875, 1902, 1873, -1,
      1873, 1902, 1900, -1,
      1873, 1900, 1871, -1,
      1871, 1900, 1898, -1,
      1871, 1898, 1869, -1,
      1869, 1898, 1896, -1,
      1869, 1896, 1867, -1,
      1867, 1896, 1894, -1,
      1867, 1894, 1865, -1,
      282, 284, 1912, -1,
      1912, 284, 1913, -1,
      1912, 1913, 1914, -1,
      1914, 1913, 1915, -1,
      1914, 1915, 1916, -1,
      1917, 1918, 1919, -1,
      1919, 1918, 1920, -1,
      1919, 1920, 1921, -1,
      1921, 1920, 1922, -1,
      1921, 1922, 1923, -1,
      1923, 1922, 1924, -1,
      1923, 1924, 1925, -1,
      1925, 1924, 1926, -1,
      1925, 1926, 1927, -1,
      1927, 1926, 1928, -1,
      1927, 1928, 1929, -1,
      1929, 1928, 1930, -1,
      1929, 1930, 1931, -1,
      1931, 1930, 1932, -1,
      1931, 1932, 1933, -1,
      1933, 1932, 1934, -1,
      1933, 1934, 1935, -1,
      1935, 1934, 1936, -1,
      1935, 1936, 1937, -1,
      1937, 1936, 1916, -1,
      1937, 1916, 1938, -1,
      1938, 1916, 1915, -1,
      281, 279, 1939, -1,
      1939, 279, 1940, -1,
      1939, 1940, 1941, -1,
      1941, 1940, 1942, -1,
      1941, 1942, 1943, -1,
      1943, 1942, 1944, -1,
      1945, 1946, 1947, -1,
      1947, 1946, 1948, -1,
      1947, 1948, 1949, -1,
      1949, 1948, 1950, -1,
      1949, 1950, 1951, -1,
      1951, 1950, 1952, -1,
      1951, 1952, 1953, -1,
      1953, 1952, 1954, -1,
      1953, 1954, 1955, -1,
      1955, 1954, 1956, -1,
      1955, 1956, 1957, -1,
      1957, 1956, 1958, -1,
      1957, 1958, 1959, -1,
      1959, 1958, 1960, -1,
      1959, 1960, 1961, -1,
      1961, 1960, 1962, -1,
      1961, 1962, 1963, -1,
      1963, 1962, 1964, -1,
      1963, 1964, 1944, -1,
      1944, 1964, 1965, -1,
      1944, 1965, 1943, -1,
      1917, 1919, 1946, -1,
      1946, 1919, 1948, -1,
      1918, 1917, 1945, -1,
      1945, 1917, 1946, -1,
      1920, 1918, 1947, -1,
      1947, 1918, 1945, -1,
      1920, 1947, 1922, -1,
      1922, 1947, 1949, -1,
      1922, 1949, 1924, -1,
      1924, 1949, 1951, -1,
      1924, 1951, 1926, -1,
      1926, 1951, 1953, -1,
      1926, 1953, 1928, -1,
      1928, 1953, 1955, -1,
      1928, 1955, 1930, -1,
      1930, 1955, 1957, -1,
      1932, 1930, 1959, -1,
      1959, 1930, 1957, -1,
      1932, 1959, 1961, -1,
      1932, 1961, 1934, -1,
      1934, 1961, 1963, -1,
      1934, 1963, 1936, -1,
      1936, 1963, 1944, -1,
      1936, 1944, 1916, -1,
      1916, 1944, 1942, -1,
      1916, 1942, 1914, -1,
      1914, 1942, 1940, -1,
      1914, 1940, 1912, -1,
      282, 1912, 279, -1,
      279, 1912, 1940, -1,
      1939, 1913, 281, -1,
      281, 1913, 284, -1,
      1913, 1939, 1915, -1,
      1915, 1939, 1941, -1,
      1915, 1941, 1938, -1,
      1938, 1941, 1943, -1,
      1938, 1943, 1937, -1,
      1937, 1943, 1965, -1,
      1937, 1965, 1935, -1,
      1935, 1965, 1964, -1,
      1935, 1964, 1933, -1,
      1933, 1964, 1962, -1,
      1933, 1962, 1931, -1,
      1931, 1962, 1960, -1,
      1929, 1931, 1958, -1,
      1958, 1931, 1960, -1,
      1929, 1958, 1956, -1,
      1929, 1956, 1927, -1,
      1927, 1956, 1954, -1,
      1927, 1954, 1925, -1,
      1925, 1954, 1952, -1,
      1925, 1952, 1923, -1,
      1923, 1952, 1950, -1,
      1923, 1950, 1921, -1,
      1921, 1950, 1948, -1,
      1921, 1948, 1919, -1,
      278, 280, 1966, -1,
      1966, 280, 1967, -1,
      1966, 1967, 1968, -1,
      1968, 1967, 1969, -1,
      1968, 1969, 1970, -1,
      1971, 1972, 1973, -1,
      1973, 1972, 1974, -1,
      1973, 1974, 1975, -1,
      1975, 1974, 1976, -1,
      1975, 1976, 1977, -1,
      1977, 1976, 1978, -1,
      1977, 1978, 1979, -1,
      1979, 1978, 1980, -1,
      1979, 1980, 1981, -1,
      1981, 1980, 1982, -1,
      1981, 1982, 1983, -1,
      1983, 1982, 1984, -1,
      1983, 1984, 1985, -1,
      1985, 1984, 1986, -1,
      1985, 1986, 1987, -1,
      1987, 1986, 1988, -1,
      1987, 1988, 1989, -1,
      1989, 1988, 1990, -1,
      1989, 1990, 1991, -1,
      1991, 1990, 1970, -1,
      1991, 1970, 1992, -1,
      1992, 1970, 1969, -1,
      277, 275, 1993, -1,
      1993, 275, 1994, -1,
      1993, 1994, 1995, -1,
      1995, 1994, 1996, -1,
      1995, 1996, 1997, -1,
      1997, 1996, 1998, -1,
      1999, 2000, 2001, -1,
      2001, 2000, 2002, -1,
      2001, 2002, 2003, -1,
      2003, 2002, 2004, -1,
      2003, 2004, 2005, -1,
      2005, 2004, 2006, -1,
      2005, 2006, 2007, -1,
      2007, 2006, 2008, -1,
      2007, 2008, 2009, -1,
      2009, 2008, 2010, -1,
      2009, 2010, 2011, -1,
      2011, 2010, 2012, -1,
      2011, 2012, 2013, -1,
      2013, 2012, 2014, -1,
      2013, 2014, 2015, -1,
      2015, 2014, 2016, -1,
      2015, 2016, 2017, -1,
      2017, 2016, 2018, -1,
      2017, 2018, 1998, -1,
      1998, 2018, 2019, -1,
      1998, 2019, 1997, -1,
      1971, 1973, 2000, -1,
      2000, 1973, 2002, -1,
      1972, 1971, 1999, -1,
      1999, 1971, 2000, -1,
      1974, 1972, 2001, -1,
      2001, 1972, 1999, -1,
      1974, 2001, 1976, -1,
      1976, 2001, 2003, -1,
      1976, 2003, 1978, -1,
      1978, 2003, 2005, -1,
      1978, 2005, 1980, -1,
      1980, 2005, 2007, -1,
      1980, 2007, 1982, -1,
      1982, 2007, 2009, -1,
      1982, 2009, 1984, -1,
      1984, 2009, 2011, -1,
      1986, 1984, 2013, -1,
      2013, 1984, 2011, -1,
      1986, 2013, 2015, -1,
      1986, 2015, 1988, -1,
      1988, 2015, 2017, -1,
      1988, 2017, 1990, -1,
      1990, 2017, 1998, -1,
      1990, 1998, 1970, -1,
      1970, 1998, 1996, -1,
      1970, 1996, 1968, -1,
      1968, 1996, 1994, -1,
      1968, 1994, 1966, -1,
      278, 1966, 275, -1,
      275, 1966, 1994, -1,
      1993, 1967, 277, -1,
      277, 1967, 280, -1,
      1967, 1993, 1969, -1,
      1969, 1993, 1995, -1,
      1969, 1995, 1992, -1,
      1992, 1995, 1997, -1,
      1992, 1997, 1991, -1,
      1991, 1997, 2019, -1,
      1991, 2019, 1989, -1,
      1989, 2019, 2018, -1,
      1989, 2018, 1987, -1,
      1987, 2018, 2016, -1,
      1987, 2016, 1985, -1,
      1985, 2016, 2014, -1,
      1983, 1985, 2012, -1,
      2012, 1985, 2014, -1,
      1983, 2012, 2010, -1,
      1983, 2010, 1981, -1,
      1981, 2010, 2008, -1,
      1981, 2008, 1979, -1,
      1979, 2008, 2006, -1,
      1979, 2006, 1977, -1,
      1977, 2006, 2004, -1,
      1977, 2004, 1975, -1,
      1975, 2004, 2002, -1,
      1975, 2002, 1973, -1,
      274, 276, 2020, -1,
      2020, 276, 2021, -1,
      2020, 2021, 2022, -1,
      2022, 2021, 2023, -1,
      2022, 2023, 2024, -1,
      2025, 2026, 2027, -1,
      2027, 2026, 2028, -1,
      2027, 2028, 2029, -1,
      2029, 2028, 2030, -1,
      2029, 2030, 2031, -1,
      2031, 2030, 2032, -1,
      2031, 2032, 2033, -1,
      2033, 2032, 2034, -1,
      2033, 2034, 2035, -1,
      2035, 2034, 2036, -1,
      2035, 2036, 2037, -1,
      2037, 2036, 2038, -1,
      2037, 2038, 2039, -1,
      2039, 2038, 2040, -1,
      2039, 2040, 2041, -1,
      2041, 2040, 2042, -1,
      2041, 2042, 2043, -1,
      2043, 2042, 2044, -1,
      2043, 2044, 2045, -1,
      2045, 2044, 2024, -1,
      2045, 2024, 2046, -1,
      2046, 2024, 2023, -1,
      273, 271, 2047, -1,
      2047, 271, 2048, -1,
      2047, 2048, 2049, -1,
      2049, 2048, 2050, -1,
      2049, 2050, 2051, -1,
      2051, 2050, 2052, -1,
      2053, 2054, 2055, -1,
      2055, 2054, 2056, -1,
      2055, 2056, 2057, -1,
      2057, 2056, 2058, -1,
      2057, 2058, 2059, -1,
      2059, 2058, 2060, -1,
      2059, 2060, 2061, -1,
      2061, 2060, 2062, -1,
      2061, 2062, 2063, -1,
      2063, 2062, 2064, -1,
      2063, 2064, 2065, -1,
      2065, 2064, 2066, -1,
      2065, 2066, 2067, -1,
      2067, 2066, 2068, -1,
      2067, 2068, 2069, -1,
      2069, 2068, 2070, -1,
      2069, 2070, 2071, -1,
      2071, 2070, 2072, -1,
      2071, 2072, 2052, -1,
      2052, 2072, 2073, -1,
      2052, 2073, 2051, -1,
      2025, 2027, 2054, -1,
      2054, 2027, 2056, -1,
      2026, 2025, 2053, -1,
      2053, 2025, 2054, -1,
      2028, 2026, 2055, -1,
      2055, 2026, 2053, -1,
      2028, 2055, 2030, -1,
      2030, 2055, 2057, -1,
      2030, 2057, 2032, -1,
      2032, 2057, 2059, -1,
      2032, 2059, 2034, -1,
      2034, 2059, 2061, -1,
      2034, 2061, 2036, -1,
      2036, 2061, 2063, -1,
      2036, 2063, 2038, -1,
      2038, 2063, 2065, -1,
      2040, 2038, 2067, -1,
      2067, 2038, 2065, -1,
      2040, 2067, 2069, -1,
      2040, 2069, 2042, -1,
      2042, 2069, 2071, -1,
      2042, 2071, 2044, -1,
      2044, 2071, 2052, -1,
      2044, 2052, 2024, -1,
      2024, 2052, 2050, -1,
      2024, 2050, 2022, -1,
      2022, 2050, 2048, -1,
      2022, 2048, 2020, -1,
      274, 2020, 271, -1,
      271, 2020, 2048, -1,
      2047, 2021, 273, -1,
      273, 2021, 276, -1,
      2021, 2047, 2023, -1,
      2023, 2047, 2049, -1,
      2023, 2049, 2046, -1,
      2046, 2049, 2051, -1,
      2046, 2051, 2045, -1,
      2045, 2051, 2073, -1,
      2045, 2073, 2043, -1,
      2043, 2073, 2072, -1,
      2043, 2072, 2041, -1,
      2041, 2072, 2070, -1,
      2041, 2070, 2039, -1,
      2039, 2070, 2068, -1,
      2037, 2039, 2066, -1,
      2066, 2039, 2068, -1,
      2037, 2066, 2064, -1,
      2037, 2064, 2035, -1,
      2035, 2064, 2062, -1,
      2035, 2062, 2033, -1,
      2033, 2062, 2060, -1,
      2033, 2060, 2031, -1,
      2031, 2060, 2058, -1,
      2031, 2058, 2029, -1,
      2029, 2058, 2056, -1,
      2029, 2056, 2027, -1,
      270, 272, 2074, -1,
      2074, 272, 2075, -1,
      2074, 2075, 2076, -1,
      2076, 2075, 2077, -1,
      2076, 2077, 2078, -1,
      2079, 2080, 2081, -1,
      2081, 2080, 2082, -1,
      2081, 2082, 2083, -1,
      2083, 2082, 2084, -1,
      2083, 2084, 2085, -1,
      2085, 2084, 2086, -1,
      2085, 2086, 2087, -1,
      2087, 2086, 2088, -1,
      2087, 2088, 2089, -1,
      2089, 2088, 2090, -1,
      2089, 2090, 2091, -1,
      2091, 2090, 2092, -1,
      2091, 2092, 2093, -1,
      2093, 2092, 2094, -1,
      2093, 2094, 2095, -1,
      2095, 2094, 2096, -1,
      2095, 2096, 2097, -1,
      2097, 2096, 2098, -1,
      2097, 2098, 2099, -1,
      2099, 2098, 2078, -1,
      2099, 2078, 2100, -1,
      2100, 2078, 2077, -1,
      269, 267, 2101, -1,
      2101, 267, 2102, -1,
      2101, 2102, 2103, -1,
      2103, 2102, 2104, -1,
      2103, 2104, 2105, -1,
      2105, 2104, 2106, -1,
      2107, 2108, 2109, -1,
      2109, 2108, 2110, -1,
      2109, 2110, 2111, -1,
      2111, 2110, 2112, -1,
      2111, 2112, 2113, -1,
      2113, 2112, 2114, -1,
      2113, 2114, 2115, -1,
      2115, 2114, 2116, -1,
      2115, 2116, 2117, -1,
      2117, 2116, 2118, -1,
      2117, 2118, 2119, -1,
      2119, 2118, 2120, -1,
      2119, 2120, 2121, -1,
      2121, 2120, 2122, -1,
      2121, 2122, 2123, -1,
      2123, 2122, 2124, -1,
      2123, 2124, 2125, -1,
      2125, 2124, 2126, -1,
      2125, 2126, 2106, -1,
      2106, 2126, 2127, -1,
      2106, 2127, 2105, -1,
      2079, 2081, 2108, -1,
      2108, 2081, 2110, -1,
      2080, 2079, 2107, -1,
      2107, 2079, 2108, -1,
      2082, 2080, 2109, -1,
      2109, 2080, 2107, -1,
      2082, 2109, 2084, -1,
      2084, 2109, 2111, -1,
      2084, 2111, 2086, -1,
      2086, 2111, 2113, -1,
      2086, 2113, 2088, -1,
      2088, 2113, 2115, -1,
      2088, 2115, 2090, -1,
      2090, 2115, 2117, -1,
      2090, 2117, 2092, -1,
      2092, 2117, 2119, -1,
      2094, 2092, 2121, -1,
      2121, 2092, 2119, -1,
      2094, 2121, 2123, -1,
      2094, 2123, 2096, -1,
      2096, 2123, 2125, -1,
      2096, 2125, 2098, -1,
      2098, 2125, 2106, -1,
      2098, 2106, 2078, -1,
      2078, 2106, 2104, -1,
      2078, 2104, 2076, -1,
      2076, 2104, 2102, -1,
      2076, 2102, 2074, -1,
      270, 2074, 267, -1,
      267, 2074, 2102, -1,
      2101, 2075, 269, -1,
      269, 2075, 272, -1,
      2075, 2101, 2077, -1,
      2077, 2101, 2103, -1,
      2077, 2103, 2100, -1,
      2100, 2103, 2105, -1,
      2100, 2105, 2099, -1,
      2099, 2105, 2127, -1,
      2099, 2127, 2097, -1,
      2097, 2127, 2126, -1,
      2097, 2126, 2095, -1,
      2095, 2126, 2124, -1,
      2095, 2124, 2093, -1,
      2093, 2124, 2122, -1,
      2091, 2093, 2120, -1,
      2120, 2093, 2122, -1,
      2091, 2120, 2118, -1,
      2091, 2118, 2089, -1,
      2089, 2118, 2116, -1,
      2089, 2116, 2087, -1,
      2087, 2116, 2114, -1,
      2087, 2114, 2085, -1,
      2085, 2114, 2112, -1,
      2085, 2112, 2083, -1,
      2083, 2112, 2110, -1,
      2083, 2110, 2081, -1,
      266, 268, 2128, -1,
      2128, 268, 2129, -1,
      2128, 2129, 2130, -1,
      2130, 2129, 2131, -1,
      2130, 2131, 2132, -1,
      2133, 2134, 2135, -1,
      2135, 2134, 2136, -1,
      2135, 2136, 2137, -1,
      2137, 2136, 2138, -1,
      2137, 2138, 2139, -1,
      2139, 2138, 2140, -1,
      2139, 2140, 2141, -1,
      2141, 2140, 2142, -1,
      2141, 2142, 2143, -1,
      2143, 2142, 2144, -1,
      2143, 2144, 2145, -1,
      2145, 2144, 2146, -1,
      2145, 2146, 2147, -1,
      2147, 2146, 2148, -1,
      2147, 2148, 2149, -1,
      2149, 2148, 2150, -1,
      2149, 2150, 2151, -1,
      2151, 2150, 2152, -1,
      2151, 2152, 2153, -1,
      2153, 2152, 2132, -1,
      2153, 2132, 2154, -1,
      2154, 2132, 2131, -1,
      265, 263, 2155, -1,
      2155, 263, 2156, -1,
      2155, 2156, 2157, -1,
      2157, 2156, 2158, -1,
      2157, 2158, 2159, -1,
      2159, 2158, 2160, -1,
      2161, 2162, 2163, -1,
      2163, 2162, 2164, -1,
      2163, 2164, 2165, -1,
      2165, 2164, 2166, -1,
      2165, 2166, 2167, -1,
      2167, 2166, 2168, -1,
      2167, 2168, 2169, -1,
      2169, 2168, 2170, -1,
      2169, 2170, 2171, -1,
      2171, 2170, 2172, -1,
      2171, 2172, 2173, -1,
      2173, 2172, 2174, -1,
      2173, 2174, 2175, -1,
      2175, 2174, 2176, -1,
      2175, 2176, 2177, -1,
      2177, 2176, 2178, -1,
      2177, 2178, 2179, -1,
      2179, 2178, 2180, -1,
      2179, 2180, 2160, -1,
      2160, 2180, 2181, -1,
      2160, 2181, 2159, -1,
      2133, 2135, 2162, -1,
      2162, 2135, 2164, -1,
      2134, 2133, 2161, -1,
      2161, 2133, 2162, -1,
      2136, 2134, 2163, -1,
      2163, 2134, 2161, -1,
      2136, 2163, 2138, -1,
      2138, 2163, 2165, -1,
      2138, 2165, 2140, -1,
      2140, 2165, 2167, -1,
      2140, 2167, 2142, -1,
      2142, 2167, 2169, -1,
      2142, 2169, 2144, -1,
      2144, 2169, 2171, -1,
      2144, 2171, 2146, -1,
      2146, 2171, 2173, -1,
      2148, 2146, 2175, -1,
      2175, 2146, 2173, -1,
      2148, 2175, 2177, -1,
      2148, 2177, 2150, -1,
      2150, 2177, 2179, -1,
      2150, 2179, 2152, -1,
      2152, 2179, 2160, -1,
      2152, 2160, 2132, -1,
      2132, 2160, 2158, -1,
      2132, 2158, 2130, -1,
      2130, 2158, 2156, -1,
      2130, 2156, 2128, -1,
      266, 2128, 263, -1,
      263, 2128, 2156, -1,
      2155, 2129, 265, -1,
      265, 2129, 268, -1,
      2129, 2155, 2131, -1,
      2131, 2155, 2157, -1,
      2131, 2157, 2154, -1,
      2154, 2157, 2159, -1,
      2154, 2159, 2153, -1,
      2153, 2159, 2181, -1,
      2153, 2181, 2151, -1,
      2151, 2181, 2180, -1,
      2151, 2180, 2149, -1,
      2149, 2180, 2178, -1,
      2149, 2178, 2147, -1,
      2147, 2178, 2176, -1,
      2145, 2147, 2174, -1,
      2174, 2147, 2176, -1,
      2145, 2174, 2172, -1,
      2145, 2172, 2143, -1,
      2143, 2172, 2170, -1,
      2143, 2170, 2141, -1,
      2141, 2170, 2168, -1,
      2141, 2168, 2139, -1,
      2139, 2168, 2166, -1,
      2139, 2166, 2137, -1,
      2137, 2166, 2164, -1,
      2137, 2164, 2135, -1,
      262, 264, 2182, -1,
      2182, 264, 2183, -1,
      2182, 2183, 2184, -1,
      2184, 2183, 2185, -1,
      2184, 2185, 2186, -1,
      2187, 2188, 2189, -1,
      2189, 2188, 2190, -1,
      2189, 2190, 2191, -1,
      2191, 2190, 2192, -1,
      2191, 2192, 2193, -1,
      2193, 2192, 2194, -1,
      2193, 2194, 2195, -1,
      2195, 2194, 2196, -1,
      2195, 2196, 2197, -1,
      2197, 2196, 2198, -1,
      2197, 2198, 2199, -1,
      2199, 2198, 2200, -1,
      2199, 2200, 2201, -1,
      2201, 2200, 2202, -1,
      2201, 2202, 2203, -1,
      2203, 2202, 2204, -1,
      2203, 2204, 2205, -1,
      2205, 2204, 2206, -1,
      2205, 2206, 2207, -1,
      2207, 2206, 2186, -1,
      2207, 2186, 2208, -1,
      2208, 2186, 2185, -1,
      261, 259, 2209, -1,
      2209, 259, 2210, -1,
      2209, 2210, 2211, -1,
      2211, 2210, 2212, -1,
      2211, 2212, 2213, -1,
      2213, 2212, 2214, -1,
      2215, 2216, 2217, -1,
      2217, 2216, 2218, -1,
      2217, 2218, 2219, -1,
      2219, 2218, 2220, -1,
      2219, 2220, 2221, -1,
      2221, 2220, 2222, -1,
      2221, 2222, 2223, -1,
      2223, 2222, 2224, -1,
      2223, 2224, 2225, -1,
      2225, 2224, 2226, -1,
      2225, 2226, 2227, -1,
      2227, 2226, 2228, -1,
      2227, 2228, 2229, -1,
      2229, 2228, 2230, -1,
      2229, 2230, 2231, -1,
      2231, 2230, 2232, -1,
      2231, 2232, 2233, -1,
      2233, 2232, 2234, -1,
      2233, 2234, 2214, -1,
      2214, 2234, 2235, -1,
      2214, 2235, 2213, -1,
      2187, 2189, 2216, -1,
      2216, 2189, 2218, -1,
      2188, 2187, 2215, -1,
      2215, 2187, 2216, -1,
      2190, 2188, 2217, -1,
      2217, 2188, 2215, -1,
      2190, 2217, 2192, -1,
      2192, 2217, 2219, -1,
      2192, 2219, 2194, -1,
      2194, 2219, 2221, -1,
      2194, 2221, 2196, -1,
      2196, 2221, 2223, -1,
      2196, 2223, 2198, -1,
      2198, 2223, 2225, -1,
      2198, 2225, 2200, -1,
      2200, 2225, 2227, -1,
      2202, 2200, 2229, -1,
      2229, 2200, 2227, -1,
      2202, 2229, 2231, -1,
      2202, 2231, 2204, -1,
      2204, 2231, 2233, -1,
      2204, 2233, 2206, -1,
      2206, 2233, 2214, -1,
      2206, 2214, 2186, -1,
      2186, 2214, 2212, -1,
      2186, 2212, 2184, -1,
      2184, 2212, 2210, -1,
      2184, 2210, 2182, -1,
      262, 2182, 259, -1,
      259, 2182, 2210, -1,
      2209, 2183, 261, -1,
      261, 2183, 264, -1,
      2183, 2209, 2185, -1,
      2185, 2209, 2211, -1,
      2185, 2211, 2208, -1,
      2208, 2211, 2213, -1,
      2208, 2213, 2207, -1,
      2207, 2213, 2235, -1,
      2207, 2235, 2205, -1,
      2205, 2235, 2234, -1,
      2205, 2234, 2203, -1,
      2203, 2234, 2232, -1,
      2203, 2232, 2201, -1,
      2201, 2232, 2230, -1,
      2199, 2201, 2228, -1,
      2228, 2201, 2230, -1,
      2199, 2228, 2226, -1,
      2199, 2226, 2197, -1,
      2197, 2226, 2224, -1,
      2197, 2224, 2195, -1,
      2195, 2224, 2222, -1,
      2195, 2222, 2193, -1,
      2193, 2222, 2220, -1,
      2193, 2220, 2191, -1,
      2191, 2220, 2218, -1,
      2191, 2218, 2189, -1,
      258, 260, 2236, -1,
      2236, 260, 2237, -1,
      2236, 2237, 2238, -1,
      2238, 2237, 2239, -1,
      2238, 2239, 2240, -1,
      2241, 2242, 2243, -1,
      2243, 2242, 2244, -1,
      2243, 2244, 2245, -1,
      2245, 2244, 2246, -1,
      2245, 2246, 2247, -1,
      2247, 2246, 2248, -1,
      2247, 2248, 2249, -1,
      2249, 2248, 2250, -1,
      2249, 2250, 2251, -1,
      2251, 2250, 2252, -1,
      2251, 2252, 2253, -1,
      2253, 2252, 2254, -1,
      2253, 2254, 2255, -1,
      2255, 2254, 2256, -1,
      2255, 2256, 2257, -1,
      2257, 2256, 2258, -1,
      2257, 2258, 2259, -1,
      2259, 2258, 2260, -1,
      2259, 2260, 2261, -1,
      2261, 2260, 2240, -1,
      2261, 2240, 2262, -1,
      2262, 2240, 2239, -1,
      257, 255, 2263, -1,
      2263, 255, 2264, -1,
      2263, 2264, 2265, -1,
      2265, 2264, 2266, -1,
      2265, 2266, 2267, -1,
      2267, 2266, 2268, -1,
      2269, 2270, 2271, -1,
      2271, 2270, 2272, -1,
      2271, 2272, 2273, -1,
      2273, 2272, 2274, -1,
      2273, 2274, 2275, -1,
      2275, 2274, 2276, -1,
      2275, 2276, 2277, -1,
      2277, 2276, 2278, -1,
      2277, 2278, 2279, -1,
      2279, 2278, 2280, -1,
      2279, 2280, 2281, -1,
      2281, 2280, 2282, -1,
      2281, 2282, 2283, -1,
      2283, 2282, 2284, -1,
      2283, 2284, 2285, -1,
      2285, 2284, 2286, -1,
      2285, 2286, 2287, -1,
      2287, 2286, 2288, -1,
      2287, 2288, 2268, -1,
      2268, 2288, 2289, -1,
      2268, 2289, 2267, -1,
      2241, 2243, 2270, -1,
      2270, 2243, 2272, -1,
      2242, 2241, 2269, -1,
      2269, 2241, 2270, -1,
      2244, 2242, 2271, -1,
      2271, 2242, 2269, -1,
      2244, 2271, 2246, -1,
      2246, 2271, 2273, -1,
      2246, 2273, 2248, -1,
      2248, 2273, 2275, -1,
      2248, 2275, 2250, -1,
      2250, 2275, 2277, -1,
      2250, 2277, 2252, -1,
      2252, 2277, 2279, -1,
      2252, 2279, 2254, -1,
      2254, 2279, 2281, -1,
      2256, 2254, 2283, -1,
      2283, 2254, 2281, -1,
      2256, 2283, 2285, -1,
      2256, 2285, 2258, -1,
      2258, 2285, 2287, -1,
      2258, 2287, 2260, -1,
      2260, 2287, 2268, -1,
      2260, 2268, 2240, -1,
      2240, 2268, 2266, -1,
      2240, 2266, 2238, -1,
      2238, 2266, 2264, -1,
      2238, 2264, 2236, -1,
      258, 2236, 255, -1,
      255, 2236, 2264, -1,
      2263, 2237, 257, -1,
      257, 2237, 260, -1,
      2237, 2263, 2239, -1,
      2239, 2263, 2265, -1,
      2239, 2265, 2262, -1,
      2262, 2265, 2267, -1,
      2262, 2267, 2261, -1,
      2261, 2267, 2289, -1,
      2261, 2289, 2259, -1,
      2259, 2289, 2288, -1,
      2259, 2288, 2257, -1,
      2257, 2288, 2286, -1,
      2257, 2286, 2255, -1,
      2255, 2286, 2284, -1,
      2253, 2255, 2282, -1,
      2282, 2255, 2284, -1,
      2253, 2282, 2280, -1,
      2253, 2280, 2251, -1,
      2251, 2280, 2278, -1,
      2251, 2278, 2249, -1,
      2249, 2278, 2276, -1,
      2249, 2276, 2247, -1,
      2247, 2276, 2274, -1,
      2247, 2274, 2245, -1,
      2245, 2274, 2272, -1,
      2245, 2272, 2243, -1,
      254, 256, 2290, -1,
      2290, 256, 2291, -1,
      2290, 2291, 2292, -1,
      2292, 2291, 2293, -1,
      2292, 2293, 2294, -1,
      2295, 2296, 2297, -1,
      2297, 2296, 2298, -1,
      2297, 2298, 2299, -1,
      2299, 2298, 2300, -1,
      2299, 2300, 2301, -1,
      2301, 2300, 2302, -1,
      2301, 2302, 2303, -1,
      2303, 2302, 2304, -1,
      2303, 2304, 2305, -1,
      2305, 2304, 2306, -1,
      2305, 2306, 2307, -1,
      2307, 2306, 2308, -1,
      2307, 2308, 2309, -1,
      2309, 2308, 2310, -1,
      2309, 2310, 2311, -1,
      2311, 2310, 2312, -1,
      2311, 2312, 2313, -1,
      2313, 2312, 2314, -1,
      2313, 2314, 2315, -1,
      2315, 2314, 2294, -1,
      2315, 2294, 2316, -1,
      2316, 2294, 2293, -1,
      253, 251, 2317, -1,
      2317, 251, 2318, -1,
      2317, 2318, 2319, -1,
      2319, 2318, 2320, -1,
      2319, 2320, 2321, -1,
      2321, 2320, 2322, -1,
      2323, 2324, 2325, -1,
      2325, 2324, 2326, -1,
      2325, 2326, 2327, -1,
      2327, 2326, 2328, -1,
      2327, 2328, 2329, -1,
      2329, 2328, 2330, -1,
      2329, 2330, 2331, -1,
      2331, 2330, 2332, -1,
      2331, 2332, 2333, -1,
      2333, 2332, 2334, -1,
      2333, 2334, 2335, -1,
      2335, 2334, 2336, -1,
      2335, 2336, 2337, -1,
      2337, 2336, 2338, -1,
      2337, 2338, 2339, -1,
      2339, 2338, 2340, -1,
      2339, 2340, 2341, -1,
      2341, 2340, 2342, -1,
      2341, 2342, 2322, -1,
      2322, 2342, 2343, -1,
      2322, 2343, 2321, -1,
      2295, 2297, 2324, -1,
      2324, 2297, 2326, -1,
      2296, 2295, 2323, -1,
      2323, 2295, 2324, -1,
      2298, 2296, 2325, -1,
      2325, 2296, 2323, -1,
      2298, 2325, 2300, -1,
      2300, 2325, 2327, -1,
      2300, 2327, 2302, -1,
      2302, 2327, 2329, -1,
      2302, 2329, 2304, -1,
      2304, 2329, 2331, -1,
      2304, 2331, 2306, -1,
      2306, 2331, 2333, -1,
      2306, 2333, 2308, -1,
      2308, 2333, 2335, -1,
      2310, 2308, 2337, -1,
      2337, 2308, 2335, -1,
      2310, 2337, 2339, -1,
      2310, 2339, 2312, -1,
      2312, 2339, 2341, -1,
      2312, 2341, 2314, -1,
      2314, 2341, 2322, -1,
      2314, 2322, 2294, -1,
      2294, 2322, 2320, -1,
      2294, 2320, 2292, -1,
      2292, 2320, 2318, -1,
      2292, 2318, 2290, -1,
      254, 2290, 251, -1,
      251, 2290, 2318, -1,
      2317, 2291, 253, -1,
      253, 2291, 256, -1,
      2291, 2317, 2293, -1,
      2293, 2317, 2319, -1,
      2293, 2319, 2316, -1,
      2316, 2319, 2321, -1,
      2316, 2321, 2315, -1,
      2315, 2321, 2343, -1,
      2315, 2343, 2313, -1,
      2313, 2343, 2342, -1,
      2313, 2342, 2311, -1,
      2311, 2342, 2340, -1,
      2311, 2340, 2309, -1,
      2309, 2340, 2338, -1,
      2307, 2309, 2336, -1,
      2336, 2309, 2338, -1,
      2307, 2336, 2334, -1,
      2307, 2334, 2305, -1,
      2305, 2334, 2332, -1,
      2305, 2332, 2303, -1,
      2303, 2332, 2330, -1,
      2303, 2330, 2301, -1,
      2301, 2330, 2328, -1,
      2301, 2328, 2299, -1,
      2299, 2328, 2326, -1,
      2299, 2326, 2297, -1,
      250, 252, 2344, -1,
      2344, 252, 2345, -1,
      2344, 2345, 2346, -1,
      2346, 2345, 2347, -1,
      2346, 2347, 2348, -1,
      2349, 2350, 2351, -1,
      2351, 2350, 2352, -1,
      2351, 2352, 2353, -1,
      2353, 2352, 2354, -1,
      2353, 2354, 2355, -1,
      2355, 2354, 2356, -1,
      2355, 2356, 2357, -1,
      2357, 2356, 2358, -1,
      2357, 2358, 2359, -1,
      2359, 2358, 2360, -1,
      2359, 2360, 2361, -1,
      2361, 2360, 2362, -1,
      2361, 2362, 2363, -1,
      2363, 2362, 2364, -1,
      2363, 2364, 2365, -1,
      2365, 2364, 2366, -1,
      2365, 2366, 2367, -1,
      2367, 2366, 2368, -1,
      2367, 2368, 2369, -1,
      2369, 2368, 2348, -1,
      2369, 2348, 2370, -1,
      2370, 2348, 2347, -1,
      249, 247, 2371, -1,
      2371, 247, 2372, -1,
      2371, 2372, 2373, -1,
      2373, 2372, 2374, -1,
      2373, 2374, 2375, -1,
      2375, 2374, 2376, -1,
      2377, 2378, 2379, -1,
      2379, 2378, 2380, -1,
      2379, 2380, 2381, -1,
      2381, 2380, 2382, -1,
      2381, 2382, 2383, -1,
      2383, 2382, 2384, -1,
      2383, 2384, 2385, -1,
      2385, 2384, 2386, -1,
      2385, 2386, 2387, -1,
      2387, 2386, 2388, -1,
      2387, 2388, 2389, -1,
      2389, 2388, 2390, -1,
      2389, 2390, 2391, -1,
      2391, 2390, 2392, -1,
      2391, 2392, 2393, -1,
      2393, 2392, 2394, -1,
      2393, 2394, 2395, -1,
      2395, 2394, 2396, -1,
      2395, 2396, 2376, -1,
      2376, 2396, 2397, -1,
      2376, 2397, 2375, -1,
      2349, 2351, 2378, -1,
      2378, 2351, 2380, -1,
      2350, 2349, 2377, -1,
      2377, 2349, 2378, -1,
      2352, 2350, 2379, -1,
      2379, 2350, 2377, -1,
      2352, 2379, 2354, -1,
      2354, 2379, 2381, -1,
      2354, 2381, 2356, -1,
      2356, 2381, 2383, -1,
      2356, 2383, 2358, -1,
      2358, 2383, 2385, -1,
      2358, 2385, 2360, -1,
      2360, 2385, 2387, -1,
      2360, 2387, 2362, -1,
      2362, 2387, 2389, -1,
      2364, 2362, 2391, -1,
      2391, 2362, 2389, -1,
      2364, 2391, 2393, -1,
      2364, 2393, 2366, -1,
      2366, 2393, 2395, -1,
      2366, 2395, 2368, -1,
      2368, 2395, 2376, -1,
      2368, 2376, 2348, -1,
      2348, 2376, 2374, -1,
      2348, 2374, 2346, -1,
      2346, 2374, 2372, -1,
      2346, 2372, 2344, -1,
      250, 2344, 247, -1,
      247, 2344, 2372, -1,
      2371, 2345, 249, -1,
      249, 2345, 252, -1,
      2345, 2371, 2347, -1,
      2347, 2371, 2373, -1,
      2347, 2373, 2370, -1,
      2370, 2373, 2375, -1,
      2370, 2375, 2369, -1,
      2369, 2375, 2397, -1,
      2369, 2397, 2367, -1,
      2367, 2397, 2396, -1,
      2367, 2396, 2365, -1,
      2365, 2396, 2394, -1,
      2365, 2394, 2363, -1,
      2363, 2394, 2392, -1,
      2361, 2363, 2390, -1,
      2390, 2363, 2392, -1,
      2361, 2390, 2388, -1,
      2361, 2388, 2359, -1,
      2359, 2388, 2386, -1,
      2359, 2386, 2357, -1,
      2357, 2386, 2384, -1,
      2357, 2384, 2355, -1,
      2355, 2384, 2382, -1,
      2355, 2382, 2353, -1,
      2353, 2382, 2380, -1,
      2353, 2380, 2351, -1,
      246, 248, 2398, -1,
      2398, 248, 2399, -1,
      2398, 2399, 2400, -1,
      2400, 2399, 2401, -1,
      2400, 2401, 2402, -1,
      2403, 2404, 2405, -1,
      2405, 2404, 2406, -1,
      2405, 2406, 2407, -1,
      2407, 2406, 2408, -1,
      2407, 2408, 2409, -1,
      2409, 2408, 2410, -1,
      2409, 2410, 2411, -1,
      2411, 2410, 2412, -1,
      2411, 2412, 2413, -1,
      2413, 2412, 2414, -1,
      2413, 2414, 2415, -1,
      2415, 2414, 2416, -1,
      2415, 2416, 2417, -1,
      2417, 2416, 2418, -1,
      2417, 2418, 2419, -1,
      2419, 2418, 2420, -1,
      2419, 2420, 2421, -1,
      2421, 2420, 2422, -1,
      2421, 2422, 2423, -1,
      2423, 2422, 2402, -1,
      2423, 2402, 2424, -1,
      2424, 2402, 2401, -1,
      245, 243, 2425, -1,
      2425, 243, 2426, -1,
      2425, 2426, 2427, -1,
      2427, 2426, 2428, -1,
      2427, 2428, 2429, -1,
      2429, 2428, 2430, -1,
      2431, 2432, 2433, -1,
      2433, 2432, 2434, -1,
      2433, 2434, 2435, -1,
      2435, 2434, 2436, -1,
      2435, 2436, 2437, -1,
      2437, 2436, 2438, -1,
      2437, 2438, 2439, -1,
      2439, 2438, 2440, -1,
      2439, 2440, 2441, -1,
      2441, 2440, 2442, -1,
      2441, 2442, 2443, -1,
      2443, 2442, 2444, -1,
      2443, 2444, 2445, -1,
      2445, 2444, 2446, -1,
      2445, 2446, 2447, -1,
      2447, 2446, 2448, -1,
      2447, 2448, 2449, -1,
      2449, 2448, 2450, -1,
      2449, 2450, 2430, -1,
      2430, 2450, 2451, -1,
      2430, 2451, 2429, -1,
      2403, 2405, 2432, -1,
      2432, 2405, 2434, -1,
      2404, 2403, 2431, -1,
      2431, 2403, 2432, -1,
      2406, 2404, 2433, -1,
      2433, 2404, 2431, -1,
      2406, 2433, 2408, -1,
      2408, 2433, 2435, -1,
      2408, 2435, 2410, -1,
      2410, 2435, 2437, -1,
      2410, 2437, 2412, -1,
      2412, 2437, 2439, -1,
      2412, 2439, 2414, -1,
      2414, 2439, 2441, -1,
      2414, 2441, 2416, -1,
      2416, 2441, 2443, -1,
      2418, 2416, 2445, -1,
      2445, 2416, 2443, -1,
      2418, 2445, 2447, -1,
      2418, 2447, 2420, -1,
      2420, 2447, 2449, -1,
      2420, 2449, 2422, -1,
      2422, 2449, 2430, -1,
      2422, 2430, 2402, -1,
      2402, 2430, 2428, -1,
      2402, 2428, 2400, -1,
      2400, 2428, 2426, -1,
      2400, 2426, 2398, -1,
      246, 2398, 243, -1,
      243, 2398, 2426, -1,
      2425, 2399, 245, -1,
      245, 2399, 248, -1,
      2399, 2425, 2401, -1,
      2401, 2425, 2427, -1,
      2401, 2427, 2424, -1,
      2424, 2427, 2429, -1,
      2424, 2429, 2423, -1,
      2423, 2429, 2451, -1,
      2423, 2451, 2421, -1,
      2421, 2451, 2450, -1,
      2421, 2450, 2419, -1,
      2419, 2450, 2448, -1,
      2419, 2448, 2417, -1,
      2417, 2448, 2446, -1,
      2415, 2417, 2444, -1,
      2444, 2417, 2446, -1,
      2415, 2444, 2442, -1,
      2415, 2442, 2413, -1,
      2413, 2442, 2440, -1,
      2413, 2440, 2411, -1,
      2411, 2440, 2438, -1,
      2411, 2438, 2409, -1,
      2409, 2438, 2436, -1,
      2409, 2436, 2407, -1,
      2407, 2436, 2434, -1,
      2407, 2434, 2405, -1,
      242, 244, 2452, -1,
      2452, 244, 2453, -1,
      2452, 2453, 2454, -1,
      2454, 2453, 2455, -1,
      2454, 2455, 2456, -1,
      2457, 2458, 2459, -1,
      2459, 2458, 2460, -1,
      2459, 2460, 2461, -1,
      2461, 2460, 2462, -1,
      2461, 2462, 2463, -1,
      2463, 2462, 2464, -1,
      2463, 2464, 2465, -1,
      2465, 2464, 2466, -1,
      2465, 2466, 2467, -1,
      2467, 2466, 2468, -1,
      2467, 2468, 2469, -1,
      2469, 2468, 2470, -1,
      2469, 2470, 2471, -1,
      2471, 2470, 2472, -1,
      2471, 2472, 2473, -1,
      2473, 2472, 2474, -1,
      2473, 2474, 2475, -1,
      2475, 2474, 2476, -1,
      2475, 2476, 2477, -1,
      2477, 2476, 2456, -1,
      2477, 2456, 2478, -1,
      2478, 2456, 2455, -1,
      241, 239, 2479, -1,
      2479, 239, 2480, -1,
      2479, 2480, 2481, -1,
      2481, 2480, 2482, -1,
      2481, 2482, 2483, -1,
      2483, 2482, 2484, -1,
      2485, 2486, 2487, -1,
      2487, 2486, 2488, -1,
      2487, 2488, 2489, -1,
      2489, 2488, 2490, -1,
      2489, 2490, 2491, -1,
      2491, 2490, 2492, -1,
      2491, 2492, 2493, -1,
      2493, 2492, 2494, -1,
      2493, 2494, 2495, -1,
      2495, 2494, 2496, -1,
      2495, 2496, 2497, -1,
      2497, 2496, 2498, -1,
      2497, 2498, 2499, -1,
      2499, 2498, 2500, -1,
      2499, 2500, 2501, -1,
      2501, 2500, 2502, -1,
      2501, 2502, 2503, -1,
      2503, 2502, 2504, -1,
      2503, 2504, 2484, -1,
      2484, 2504, 2505, -1,
      2484, 2505, 2483, -1,
      2457, 2459, 2486, -1,
      2486, 2459, 2488, -1,
      2458, 2457, 2485, -1,
      2485, 2457, 2486, -1,
      2460, 2458, 2487, -1,
      2487, 2458, 2485, -1,
      2460, 2487, 2462, -1,
      2462, 2487, 2489, -1,
      2462, 2489, 2464, -1,
      2464, 2489, 2491, -1,
      2464, 2491, 2466, -1,
      2466, 2491, 2493, -1,
      2466, 2493, 2468, -1,
      2468, 2493, 2495, -1,
      2468, 2495, 2470, -1,
      2470, 2495, 2497, -1,
      2472, 2470, 2499, -1,
      2499, 2470, 2497, -1,
      2472, 2499, 2501, -1,
      2472, 2501, 2474, -1,
      2474, 2501, 2503, -1,
      2474, 2503, 2476, -1,
      2476, 2503, 2484, -1,
      2476, 2484, 2456, -1,
      2456, 2484, 2482, -1,
      2456, 2482, 2454, -1,
      2454, 2482, 2480, -1,
      2454, 2480, 2452, -1,
      242, 2452, 239, -1,
      239, 2452, 2480, -1,
      2479, 2453, 241, -1,
      241, 2453, 244, -1,
      2453, 2479, 2455, -1,
      2455, 2479, 2481, -1,
      2455, 2481, 2478, -1,
      2478, 2481, 2483, -1,
      2478, 2483, 2477, -1,
      2477, 2483, 2505, -1,
      2477, 2505, 2475, -1,
      2475, 2505, 2504, -1,
      2475, 2504, 2473, -1,
      2473, 2504, 2502, -1,
      2473, 2502, 2471, -1,
      2471, 2502, 2500, -1,
      2469, 2471, 2498, -1,
      2498, 2471, 2500, -1,
      2469, 2498, 2496, -1,
      2469, 2496, 2467, -1,
      2467, 2496, 2494, -1,
      2467, 2494, 2465, -1,
      2465, 2494, 2492, -1,
      2465, 2492, 2463, -1,
      2463, 2492, 2490, -1,
      2463, 2490, 2461, -1,
      2461, 2490, 2488, -1,
      2461, 2488, 2459, -1,
      238, 240, 2506, -1,
      2506, 240, 2507, -1,
      2506, 2507, 2508, -1,
      2508, 2507, 2509, -1,
      2508, 2509, 2510, -1,
      2511, 2512, 2513, -1,
      2513, 2512, 2514, -1,
      2513, 2514, 2515, -1,
      2515, 2514, 2516, -1,
      2515, 2516, 2517, -1,
      2517, 2516, 2518, -1,
      2517, 2518, 2519, -1,
      2519, 2518, 2520, -1,
      2519, 2520, 2521, -1,
      2521, 2520, 2522, -1,
      2521, 2522, 2523, -1,
      2523, 2522, 2524, -1,
      2523, 2524, 2525, -1,
      2525, 2524, 2526, -1,
      2525, 2526, 2527, -1,
      2527, 2526, 2528, -1,
      2527, 2528, 2529, -1,
      2529, 2528, 2530, -1,
      2529, 2530, 2531, -1,
      2531, 2530, 2510, -1,
      2531, 2510, 2532, -1,
      2532, 2510, 2509, -1,
      237, 235, 2533, -1,
      2533, 235, 2534, -1,
      2533, 2534, 2535, -1,
      2535, 2534, 2536, -1,
      2535, 2536, 2537, -1,
      2537, 2536, 2538, -1,
      2539, 2540, 2541, -1,
      2541, 2540, 2542, -1,
      2541, 2542, 2543, -1,
      2543, 2542, 2544, -1,
      2543, 2544, 2545, -1,
      2545, 2544, 2546, -1,
      2545, 2546, 2547, -1,
      2547, 2546, 2548, -1,
      2547, 2548, 2549, -1,
      2549, 2548, 2550, -1,
      2549, 2550, 2551, -1,
      2551, 2550, 2552, -1,
      2551, 2552, 2553, -1,
      2553, 2552, 2554, -1,
      2553, 2554, 2555, -1,
      2555, 2554, 2556, -1,
      2555, 2556, 2557, -1,
      2557, 2556, 2558, -1,
      2557, 2558, 2538, -1,
      2538, 2558, 2559, -1,
      2538, 2559, 2537, -1,
      2511, 2513, 2540, -1,
      2540, 2513, 2542, -1,
      2512, 2511, 2539, -1,
      2539, 2511, 2540, -1,
      2514, 2512, 2541, -1,
      2541, 2512, 2539, -1,
      2514, 2541, 2516, -1,
      2516, 2541, 2543, -1,
      2516, 2543, 2518, -1,
      2518, 2543, 2545, -1,
      2518, 2545, 2520, -1,
      2520, 2545, 2547, -1,
      2520, 2547, 2522, -1,
      2522, 2547, 2549, -1,
      2522, 2549, 2524, -1,
      2524, 2549, 2551, -1,
      2526, 2524, 2553, -1,
      2553, 2524, 2551, -1,
      2526, 2553, 2555, -1,
      2526, 2555, 2528, -1,
      2528, 2555, 2557, -1,
      2528, 2557, 2530, -1,
      2530, 2557, 2538, -1,
      2530, 2538, 2510, -1,
      2510, 2538, 2536, -1,
      2510, 2536, 2508, -1,
      2508, 2536, 2534, -1,
      2508, 2534, 2506, -1,
      238, 2506, 235, -1,
      235, 2506, 2534, -1,
      2533, 2507, 237, -1,
      237, 2507, 240, -1,
      2507, 2533, 2509, -1,
      2509, 2533, 2535, -1,
      2509, 2535, 2532, -1,
      2532, 2535, 2537, -1,
      2532, 2537, 2531, -1,
      2531, 2537, 2559, -1,
      2531, 2559, 2529, -1,
      2529, 2559, 2558, -1,
      2529, 2558, 2527, -1,
      2527, 2558, 2556, -1,
      2527, 2556, 2525, -1,
      2525, 2556, 2554, -1,
      2523, 2525, 2552, -1,
      2552, 2525, 2554, -1,
      2523, 2552, 2550, -1,
      2523, 2550, 2521, -1,
      2521, 2550, 2548, -1,
      2521, 2548, 2519, -1,
      2519, 2548, 2546, -1,
      2519, 2546, 2517, -1,
      2517, 2546, 2544, -1,
      2517, 2544, 2515, -1,
      2515, 2544, 2542, -1,
      2515, 2542, 2513, -1,
      234, 236, 2560, -1,
      2560, 236, 2561, -1,
      2560, 2561, 2562, -1,
      2562, 2561, 2563, -1,
      2562, 2563, 2564, -1,
      2565, 2566, 2567, -1,
      2567, 2566, 2568, -1,
      2567, 2568, 2569, -1,
      2569, 2568, 2570, -1,
      2569, 2570, 2571, -1,
      2571, 2570, 2572, -1,
      2571, 2572, 2573, -1,
      2573, 2572, 2574, -1,
      2573, 2574, 2575, -1,
      2575, 2574, 2576, -1,
      2575, 2576, 2577, -1,
      2577, 2576, 2578, -1,
      2577, 2578, 2579, -1,
      2579, 2578, 2580, -1,
      2579, 2580, 2581, -1,
      2581, 2580, 2582, -1,
      2581, 2582, 2583, -1,
      2583, 2582, 2584, -1,
      2583, 2584, 2585, -1,
      2585, 2584, 2564, -1,
      2585, 2564, 2586, -1,
      2586, 2564, 2563, -1,
      233, 231, 2587, -1,
      2587, 231, 2588, -1,
      2587, 2588, 2589, -1,
      2589, 2588, 2590, -1,
      2589, 2590, 2591, -1,
      2591, 2590, 2592, -1,
      2593, 2594, 2595, -1,
      2595, 2594, 2596, -1,
      2595, 2596, 2597, -1,
      2597, 2596, 2598, -1,
      2597, 2598, 2599, -1,
      2599, 2598, 2600, -1,
      2599, 2600, 2601, -1,
      2601, 2600, 2602, -1,
      2601, 2602, 2603, -1,
      2603, 2602, 2604, -1,
      2603, 2604, 2605, -1,
      2605, 2604, 2606, -1,
      2605, 2606, 2607, -1,
      2607, 2606, 2608, -1,
      2607, 2608, 2609, -1,
      2609, 2608, 2610, -1,
      2609, 2610, 2611, -1,
      2611, 2610, 2612, -1,
      2611, 2612, 2592, -1,
      2592, 2612, 2613, -1,
      2592, 2613, 2591, -1,
      2565, 2567, 2594, -1,
      2594, 2567, 2596, -1,
      2566, 2565, 2593, -1,
      2593, 2565, 2594, -1,
      2568, 2566, 2595, -1,
      2595, 2566, 2593, -1,
      2568, 2595, 2570, -1,
      2570, 2595, 2597, -1,
      2570, 2597, 2572, -1,
      2572, 2597, 2599, -1,
      2572, 2599, 2574, -1,
      2574, 2599, 2601, -1,
      2574, 2601, 2576, -1,
      2576, 2601, 2603, -1,
      2576, 2603, 2578, -1,
      2578, 2603, 2605, -1,
      2580, 2578, 2607, -1,
      2607, 2578, 2605, -1,
      2580, 2607, 2609, -1,
      2580, 2609, 2582, -1,
      2582, 2609, 2611, -1,
      2582, 2611, 2584, -1,
      2584, 2611, 2592, -1,
      2584, 2592, 2564, -1,
      2564, 2592, 2590, -1,
      2564, 2590, 2562, -1,
      2562, 2590, 2588, -1,
      2562, 2588, 2560, -1,
      234, 2560, 231, -1,
      231, 2560, 2588, -1,
      2587, 2561, 233, -1,
      233, 2561, 236, -1,
      2561, 2587, 2563, -1,
      2563, 2587, 2589, -1,
      2563, 2589, 2586, -1,
      2586, 2589, 2591, -1,
      2586, 2591, 2585, -1,
      2585, 2591, 2613, -1,
      2585, 2613, 2583, -1,
      2583, 2613, 2612, -1,
      2583, 2612, 2581, -1,
      2581, 2612, 2610, -1,
      2581, 2610, 2579, -1,
      2579, 2610, 2608, -1,
      2577, 2579, 2606, -1,
      2606, 2579, 2608, -1,
      2577, 2606, 2604, -1,
      2577, 2604, 2575, -1,
      2575, 2604, 2602, -1,
      2575, 2602, 2573, -1,
      2573, 2602, 2600, -1,
      2573, 2600, 2571, -1,
      2571, 2600, 2598, -1,
      2571, 2598, 2569, -1,
      2569, 2598, 2596, -1,
      2569, 2596, 2567, -1,
      230, 232, 2614, -1,
      2614, 232, 2615, -1,
      2614, 2615, 2616, -1,
      2616, 2615, 2617, -1,
      2616, 2617, 2618, -1,
      2619, 2620, 2621, -1,
      2621, 2620, 2622, -1,
      2621, 2622, 2623, -1,
      2623, 2622, 2624, -1,
      2623, 2624, 2625, -1,
      2625, 2624, 2626, -1,
      2625, 2626, 2627, -1,
      2627, 2626, 2628, -1,
      2627, 2628, 2629, -1,
      2629, 2628, 2630, -1,
      2629, 2630, 2631, -1,
      2631, 2630, 2632, -1,
      2631, 2632, 2633, -1,
      2633, 2632, 2634, -1,
      2633, 2634, 2635, -1,
      2635, 2634, 2636, -1,
      2635, 2636, 2637, -1,
      2637, 2636, 2638, -1,
      2637, 2638, 2639, -1,
      2639, 2638, 2618, -1,
      2639, 2618, 2640, -1,
      2640, 2618, 2617, -1,
      229, 227, 2641, -1,
      2641, 227, 2642, -1,
      2641, 2642, 2643, -1,
      2643, 2642, 2644, -1,
      2643, 2644, 2645, -1,
      2645, 2644, 2646, -1,
      2647, 2648, 2649, -1,
      2649, 2648, 2650, -1,
      2649, 2650, 2651, -1,
      2651, 2650, 2652, -1,
      2651, 2652, 2653, -1,
      2653, 2652, 2654, -1,
      2653, 2654, 2655, -1,
      2655, 2654, 2656, -1,
      2655, 2656, 2657, -1,
      2657, 2656, 2658, -1,
      2657, 2658, 2659, -1,
      2659, 2658, 2660, -1,
      2659, 2660, 2661, -1,
      2661, 2660, 2662, -1,
      2661, 2662, 2663, -1,
      2663, 2662, 2664, -1,
      2663, 2664, 2665, -1,
      2665, 2664, 2666, -1,
      2665, 2666, 2646, -1,
      2646, 2666, 2667, -1,
      2646, 2667, 2645, -1,
      2619, 2621, 2648, -1,
      2648, 2621, 2650, -1,
      2620, 2619, 2647, -1,
      2647, 2619, 2648, -1,
      2622, 2620, 2649, -1,
      2649, 2620, 2647, -1,
      2622, 2649, 2624, -1,
      2624, 2649, 2651, -1,
      2624, 2651, 2626, -1,
      2626, 2651, 2653, -1,
      2626, 2653, 2628, -1,
      2628, 2653, 2655, -1,
      2628, 2655, 2630, -1,
      2630, 2655, 2657, -1,
      2630, 2657, 2632, -1,
      2632, 2657, 2659, -1,
      2634, 2632, 2661, -1,
      2661, 2632, 2659, -1,
      2634, 2661, 2663, -1,
      2634, 2663, 2636, -1,
      2636, 2663, 2665, -1,
      2636, 2665, 2638, -1,
      2638, 2665, 2646, -1,
      2638, 2646, 2618, -1,
      2618, 2646, 2644, -1,
      2618, 2644, 2616, -1,
      2616, 2644, 2642, -1,
      2616, 2642, 2614, -1,
      230, 2614, 227, -1,
      227, 2614, 2642, -1,
      2641, 2615, 229, -1,
      229, 2615, 232, -1,
      2615, 2641, 2617, -1,
      2617, 2641, 2643, -1,
      2617, 2643, 2640, -1,
      2640, 2643, 2645, -1,
      2640, 2645, 2639, -1,
      2639, 2645, 2667, -1,
      2639, 2667, 2637, -1,
      2637, 2667, 2666, -1,
      2637, 2666, 2635, -1,
      2635, 2666, 2664, -1,
      2635, 2664, 2633, -1,
      2633, 2664, 2662, -1,
      2631, 2633, 2660, -1,
      2660, 2633, 2662, -1,
      2631, 2660, 2658, -1,
      2631, 2658, 2629, -1,
      2629, 2658, 2656, -1,
      2629, 2656, 2627, -1,
      2627, 2656, 2654, -1,
      2627, 2654, 2625, -1,
      2625, 2654, 2652, -1,
      2625, 2652, 2623, -1,
      2623, 2652, 2650, -1,
      2623, 2650, 2621, -1,
      226, 228, 2668, -1,
      2668, 228, 2669, -1,
      2668, 2669, 2670, -1,
      2670, 2669, 2671, -1,
      2670, 2671, 2672, -1,
      2673, 2674, 2675, -1,
      2675, 2674, 2676, -1,
      2675, 2676, 2677, -1,
      2677, 2676, 2678, -1,
      2677, 2678, 2679, -1,
      2679, 2678, 2680, -1,
      2679, 2680, 2681, -1,
      2681, 2680, 2682, -1,
      2681, 2682, 2683, -1,
      2683, 2682, 2684, -1,
      2683, 2684, 2685, -1,
      2685, 2684, 2686, -1,
      2685, 2686, 2687, -1,
      2687, 2686, 2688, -1,
      2687, 2688, 2689, -1,
      2689, 2688, 2690, -1,
      2689, 2690, 2691, -1,
      2691, 2690, 2692, -1,
      2691, 2692, 2693, -1,
      2693, 2692, 2672, -1,
      2693, 2672, 2694, -1,
      2694, 2672, 2671, -1,
      225, 223, 2695, -1,
      2695, 223, 2696, -1,
      2695, 2696, 2697, -1,
      2697, 2696, 2698, -1,
      2697, 2698, 2699, -1,
      2699, 2698, 2700, -1,
      2701, 2702, 2703, -1,
      2703, 2702, 2704, -1,
      2703, 2704, 2705, -1,
      2705, 2704, 2706, -1,
      2705, 2706, 2707, -1,
      2707, 2706, 2708, -1,
      2707, 2708, 2709, -1,
      2709, 2708, 2710, -1,
      2709, 2710, 2711, -1,
      2711, 2710, 2712, -1,
      2711, 2712, 2713, -1,
      2713, 2712, 2714, -1,
      2713, 2714, 2715, -1,
      2715, 2714, 2716, -1,
      2715, 2716, 2717, -1,
      2717, 2716, 2718, -1,
      2717, 2718, 2719, -1,
      2719, 2718, 2720, -1,
      2719, 2720, 2700, -1,
      2700, 2720, 2721, -1,
      2700, 2721, 2699, -1,
      2673, 2675, 2702, -1,
      2702, 2675, 2704, -1,
      2674, 2673, 2701, -1,
      2701, 2673, 2702, -1,
      2676, 2674, 2703, -1,
      2703, 2674, 2701, -1,
      2676, 2703, 2678, -1,
      2678, 2703, 2705, -1,
      2678, 2705, 2680, -1,
      2680, 2705, 2707, -1,
      2680, 2707, 2682, -1,
      2682, 2707, 2709, -1,
      2682, 2709, 2684, -1,
      2684, 2709, 2711, -1,
      2684, 2711, 2686, -1,
      2686, 2711, 2713, -1,
      2688, 2686, 2715, -1,
      2715, 2686, 2713, -1,
      2688, 2715, 2717, -1,
      2688, 2717, 2690, -1,
      2690, 2717, 2719, -1,
      2690, 2719, 2692, -1,
      2692, 2719, 2700, -1,
      2692, 2700, 2672, -1,
      2672, 2700, 2698, -1,
      2672, 2698, 2670, -1,
      2670, 2698, 2696, -1,
      2670, 2696, 2668, -1,
      226, 2668, 223, -1,
      223, 2668, 2696, -1,
      2695, 2669, 225, -1,
      225, 2669, 228, -1,
      2669, 2695, 2671, -1,
      2671, 2695, 2697, -1,
      2671, 2697, 2694, -1,
      2694, 2697, 2699, -1,
      2694, 2699, 2693, -1,
      2693, 2699, 2721, -1,
      2693, 2721, 2691, -1,
      2691, 2721, 2720, -1,
      2691, 2720, 2689, -1,
      2689, 2720, 2718, -1,
      2689, 2718, 2687, -1,
      2687, 2718, 2716, -1,
      2685, 2687, 2714, -1,
      2714, 2687, 2716, -1,
      2685, 2714, 2712, -1,
      2685, 2712, 2683, -1,
      2683, 2712, 2710, -1,
      2683, 2710, 2681, -1,
      2681, 2710, 2708, -1,
      2681, 2708, 2679, -1,
      2679, 2708, 2706, -1,
      2679, 2706, 2677, -1,
      2677, 2706, 2704, -1,
      2677, 2704, 2675, -1,
      222, 224, 2722, -1,
      2722, 224, 2723, -1,
      2722, 2723, 2724, -1,
      2724, 2723, 2725, -1,
      2724, 2725, 2726, -1,
      2727, 2728, 2729, -1,
      2729, 2728, 2730, -1,
      2729, 2730, 2731, -1,
      2731, 2730, 2732, -1,
      2731, 2732, 2733, -1,
      2733, 2732, 2734, -1,
      2733, 2734, 2735, -1,
      2735, 2734, 2736, -1,
      2735, 2736, 2737, -1,
      2737, 2736, 2738, -1,
      2737, 2738, 2739, -1,
      2739, 2738, 2740, -1,
      2739, 2740, 2741, -1,
      2741, 2740, 2742, -1,
      2741, 2742, 2743, -1,
      2743, 2742, 2744, -1,
      2743, 2744, 2745, -1,
      2745, 2744, 2746, -1,
      2745, 2746, 2747, -1,
      2747, 2746, 2726, -1,
      2747, 2726, 2748, -1,
      2748, 2726, 2725, -1,
      221, 219, 2749, -1,
      2749, 219, 2750, -1,
      2749, 2750, 2751, -1,
      2751, 2750, 2752, -1,
      2751, 2752, 2753, -1,
      2753, 2752, 2754, -1,
      2755, 2756, 2757, -1,
      2757, 2756, 2758, -1,
      2757, 2758, 2759, -1,
      2759, 2758, 2760, -1,
      2759, 2760, 2761, -1,
      2761, 2760, 2762, -1,
      2761, 2762, 2763, -1,
      2763, 2762, 2764, -1,
      2763, 2764, 2765, -1,
      2765, 2764, 2766, -1,
      2765, 2766, 2767, -1,
      2767, 2766, 2768, -1,
      2767, 2768, 2769, -1,
      2769, 2768, 2770, -1,
      2769, 2770, 2771, -1,
      2771, 2770, 2772, -1,
      2771, 2772, 2773, -1,
      2773, 2772, 2774, -1,
      2773, 2774, 2754, -1,
      2754, 2774, 2775, -1,
      2754, 2775, 2753, -1,
      2727, 2729, 2756, -1,
      2756, 2729, 2758, -1,
      2728, 2727, 2755, -1,
      2755, 2727, 2756, -1,
      2730, 2728, 2757, -1,
      2757, 2728, 2755, -1,
      2730, 2757, 2732, -1,
      2732, 2757, 2759, -1,
      2732, 2759, 2734, -1,
      2734, 2759, 2761, -1,
      2734, 2761, 2736, -1,
      2736, 2761, 2763, -1,
      2736, 2763, 2738, -1,
      2738, 2763, 2765, -1,
      2738, 2765, 2740, -1,
      2740, 2765, 2767, -1,
      2742, 2740, 2769, -1,
      2769, 2740, 2767, -1,
      2742, 2769, 2771, -1,
      2742, 2771, 2744, -1,
      2744, 2771, 2773, -1,
      2744, 2773, 2746, -1,
      2746, 2773, 2754, -1,
      2746, 2754, 2726, -1,
      2726, 2754, 2752, -1,
      2726, 2752, 2724, -1,
      2724, 2752, 2750, -1,
      2724, 2750, 2722, -1,
      222, 2722, 219, -1,
      219, 2722, 2750, -1,
      2749, 2723, 221, -1,
      221, 2723, 224, -1,
      2723, 2749, 2725, -1,
      2725, 2749, 2751, -1,
      2725, 2751, 2748, -1,
      2748, 2751, 2753, -1,
      2748, 2753, 2747, -1,
      2747, 2753, 2775, -1,
      2747, 2775, 2745, -1,
      2745, 2775, 2774, -1,
      2745, 2774, 2743, -1,
      2743, 2774, 2772, -1,
      2743, 2772, 2741, -1,
      2741, 2772, 2770, -1,
      2739, 2741, 2768, -1,
      2768, 2741, 2770, -1,
      2739, 2768, 2766, -1,
      2739, 2766, 2737, -1,
      2737, 2766, 2764, -1,
      2737, 2764, 2735, -1,
      2735, 2764, 2762, -1,
      2735, 2762, 2733, -1,
      2733, 2762, 2760, -1,
      2733, 2760, 2731, -1,
      2731, 2760, 2758, -1,
      2731, 2758, 2729, -1,
      218, 220, 2776, -1,
      2776, 220, 2777, -1,
      2776, 2777, 2778, -1,
      2778, 2777, 2779, -1,
      2778, 2779, 2780, -1,
      2781, 2782, 2783, -1,
      2783, 2782, 2784, -1,
      2783, 2784, 2785, -1,
      2785, 2784, 2786, -1,
      2785, 2786, 2787, -1,
      2787, 2786, 2788, -1,
      2787, 2788, 2789, -1,
      2789, 2788, 2790, -1,
      2789, 2790, 2791, -1,
      2791, 2790, 2792, -1,
      2791, 2792, 2793, -1,
      2793, 2792, 2794, -1,
      2793, 2794, 2795, -1,
      2795, 2794, 2796, -1,
      2795, 2796, 2797, -1,
      2797, 2796, 2798, -1,
      2797, 2798, 2799, -1,
      2799, 2798, 2800, -1,
      2799, 2800, 2801, -1,
      2801, 2800, 2780, -1,
      2801, 2780, 2802, -1,
      2802, 2780, 2779, -1,
      217, 215, 2803, -1,
      2803, 215, 2804, -1,
      2803, 2804, 2805, -1,
      2805, 2804, 2806, -1,
      2805, 2806, 2807, -1,
      2807, 2806, 2808, -1,
      2809, 2810, 2811, -1,
      2811, 2810, 2812, -1,
      2811, 2812, 2813, -1,
      2813, 2812, 2814, -1,
      2813, 2814, 2815, -1,
      2815, 2814, 2816, -1,
      2815, 2816, 2817, -1,
      2817, 2816, 2818, -1,
      2817, 2818, 2819, -1,
      2819, 2818, 2820, -1,
      2819, 2820, 2821, -1,
      2821, 2820, 2822, -1,
      2821, 2822, 2823, -1,
      2823, 2822, 2824, -1,
      2823, 2824, 2825, -1,
      2825, 2824, 2826, -1,
      2825, 2826, 2827, -1,
      2827, 2826, 2828, -1,
      2827, 2828, 2808, -1,
      2808, 2828, 2829, -1,
      2808, 2829, 2807, -1,
      2781, 2783, 2810, -1,
      2810, 2783, 2812, -1,
      2782, 2781, 2809, -1,
      2809, 2781, 2810, -1,
      2784, 2782, 2811, -1,
      2811, 2782, 2809, -1,
      2784, 2811, 2786, -1,
      2786, 2811, 2813, -1,
      2786, 2813, 2788, -1,
      2788, 2813, 2815, -1,
      2788, 2815, 2790, -1,
      2790, 2815, 2817, -1,
      2790, 2817, 2792, -1,
      2792, 2817, 2819, -1,
      2792, 2819, 2794, -1,
      2794, 2819, 2821, -1,
      2796, 2794, 2823, -1,
      2823, 2794, 2821, -1,
      2796, 2823, 2825, -1,
      2796, 2825, 2798, -1,
      2798, 2825, 2827, -1,
      2798, 2827, 2800, -1,
      2800, 2827, 2808, -1,
      2800, 2808, 2780, -1,
      2780, 2808, 2806, -1,
      2780, 2806, 2778, -1,
      2778, 2806, 2804, -1,
      2778, 2804, 2776, -1,
      218, 2776, 215, -1,
      215, 2776, 2804, -1,
      2803, 2777, 217, -1,
      217, 2777, 220, -1,
      2777, 2803, 2779, -1,
      2779, 2803, 2805, -1,
      2779, 2805, 2802, -1,
      2802, 2805, 2807, -1,
      2802, 2807, 2801, -1,
      2801, 2807, 2829, -1,
      2801, 2829, 2799, -1,
      2799, 2829, 2828, -1,
      2799, 2828, 2797, -1,
      2797, 2828, 2826, -1,
      2797, 2826, 2795, -1,
      2795, 2826, 2824, -1,
      2793, 2795, 2822, -1,
      2822, 2795, 2824, -1,
      2793, 2822, 2820, -1,
      2793, 2820, 2791, -1,
      2791, 2820, 2818, -1,
      2791, 2818, 2789, -1,
      2789, 2818, 2816, -1,
      2789, 2816, 2787, -1,
      2787, 2816, 2814, -1,
      2787, 2814, 2785, -1,
      2785, 2814, 2812, -1,
      2785, 2812, 2783, -1,
      214, 216, 2830, -1,
      2830, 216, 2831, -1,
      2830, 2831, 2832, -1,
      2832, 2831, 2833, -1,
      2832, 2833, 2834, -1,
      2835, 2836, 2837, -1,
      2837, 2836, 2838, -1,
      2837, 2838, 2839, -1,
      2839, 2838, 2840, -1,
      2839, 2840, 2841, -1,
      2841, 2840, 2842, -1,
      2841, 2842, 2843, -1,
      2843, 2842, 2844, -1,
      2843, 2844, 2845, -1,
      2845, 2844, 2846, -1,
      2845, 2846, 2847, -1,
      2847, 2846, 2848, -1,
      2847, 2848, 2849, -1,
      2849, 2848, 2850, -1,
      2849, 2850, 2851, -1,
      2851, 2850, 2852, -1,
      2851, 2852, 2853, -1,
      2853, 2852, 2854, -1,
      2853, 2854, 2855, -1,
      2855, 2854, 2834, -1,
      2855, 2834, 2856, -1,
      2856, 2834, 2833, -1,
      213, 211, 2857, -1,
      2857, 211, 2858, -1,
      2857, 2858, 2859, -1,
      2859, 2858, 2860, -1,
      2859, 2860, 2861, -1,
      2861, 2860, 2862, -1,
      2863, 2864, 2865, -1,
      2865, 2864, 2866, -1,
      2865, 2866, 2867, -1,
      2867, 2866, 2868, -1,
      2867, 2868, 2869, -1,
      2869, 2868, 2870, -1,
      2869, 2870, 2871, -1,
      2871, 2870, 2872, -1,
      2871, 2872, 2873, -1,
      2873, 2872, 2874, -1,
      2873, 2874, 2875, -1,
      2875, 2874, 2876, -1,
      2875, 2876, 2877, -1,
      2877, 2876, 2878, -1,
      2877, 2878, 2879, -1,
      2879, 2878, 2880, -1,
      2879, 2880, 2881, -1,
      2881, 2880, 2882, -1,
      2881, 2882, 2862, -1,
      2862, 2882, 2883, -1,
      2862, 2883, 2861, -1,
      2835, 2837, 2864, -1,
      2864, 2837, 2866, -1,
      2836, 2835, 2863, -1,
      2863, 2835, 2864, -1,
      2838, 2836, 2865, -1,
      2865, 2836, 2863, -1,
      2838, 2865, 2840, -1,
      2840, 2865, 2867, -1,
      2840, 2867, 2842, -1,
      2842, 2867, 2869, -1,
      2842, 2869, 2844, -1,
      2844, 2869, 2871, -1,
      2844, 2871, 2846, -1,
      2846, 2871, 2873, -1,
      2846, 2873, 2848, -1,
      2848, 2873, 2875, -1,
      2850, 2848, 2877, -1,
      2877, 2848, 2875, -1,
      2850, 2877, 2879, -1,
      2850, 2879, 2852, -1,
      2852, 2879, 2881, -1,
      2852, 2881, 2854, -1,
      2854, 2881, 2862, -1,
      2854, 2862, 2834, -1,
      2834, 2862, 2860, -1,
      2834, 2860, 2832, -1,
      2832, 2860, 2858, -1,
      2832, 2858, 2830, -1,
      214, 2830, 211, -1,
      211, 2830, 2858, -1,
      2857, 2831, 213, -1,
      213, 2831, 216, -1,
      2831, 2857, 2833, -1,
      2833, 2857, 2859, -1,
      2833, 2859, 2856, -1,
      2856, 2859, 2861, -1,
      2856, 2861, 2855, -1,
      2855, 2861, 2883, -1,
      2855, 2883, 2853, -1,
      2853, 2883, 2882, -1,
      2853, 2882, 2851, -1,
      2851, 2882, 2880, -1,
      2851, 2880, 2849, -1,
      2849, 2880, 2878, -1,
      2847, 2849, 2876, -1,
      2876, 2849, 2878, -1,
      2847, 2876, 2874, -1,
      2847, 2874, 2845, -1,
      2845, 2874, 2872, -1,
      2845, 2872, 2843, -1,
      2843, 2872, 2870, -1,
      2843, 2870, 2841, -1,
      2841, 2870, 2868, -1,
      2841, 2868, 2839, -1,
      2839, 2868, 2866, -1,
      2839, 2866, 2837, -1,
      210, 212, 2884, -1,
      2884, 212, 2885, -1,
      2884, 2885, 2886, -1,
      2886, 2885, 2887, -1,
      2886, 2887, 2888, -1,
      2889, 2890, 2891, -1,
      2891, 2890, 2892, -1,
      2891, 2892, 2893, -1,
      2893, 2892, 2894, -1,
      2893, 2894, 2895, -1,
      2895, 2894, 2896, -1,
      2895, 2896, 2897, -1,
      2897, 2896, 2898, -1,
      2897, 2898, 2899, -1,
      2899, 2898, 2900, -1,
      2899, 2900, 2901, -1,
      2901, 2900, 2902, -1,
      2901, 2902, 2903, -1,
      2903, 2902, 2904, -1,
      2903, 2904, 2905, -1,
      2905, 2904, 2906, -1,
      2905, 2906, 2907, -1,
      2907, 2906, 2908, -1,
      2907, 2908, 2909, -1,
      2909, 2908, 2888, -1,
      2909, 2888, 2910, -1,
      2910, 2888, 2887, -1,
      209, 207, 2911, -1,
      2911, 207, 2912, -1,
      2911, 2912, 2913, -1,
      2913, 2912, 2914, -1,
      2913, 2914, 2915, -1,
      2915, 2914, 2916, -1,
      2917, 2918, 2919, -1,
      2919, 2918, 2920, -1,
      2919, 2920, 2921, -1,
      2921, 2920, 2922, -1,
      2921, 2922, 2923, -1,
      2923, 2922, 2924, -1,
      2923, 2924, 2925, -1,
      2925, 2924, 2926, -1,
      2925, 2926, 2927, -1,
      2927, 2926, 2928, -1,
      2927, 2928, 2929, -1,
      2929, 2928, 2930, -1,
      2929, 2930, 2931, -1,
      2931, 2930, 2932, -1,
      2931, 2932, 2933, -1,
      2933, 2932, 2934, -1,
      2933, 2934, 2935, -1,
      2935, 2934, 2936, -1,
      2935, 2936, 2916, -1,
      2916, 2936, 2937, -1,
      2916, 2937, 2915, -1,
      2889, 2891, 2918, -1,
      2918, 2891, 2920, -1,
      2890, 2889, 2917, -1,
      2917, 2889, 2918, -1,
      2892, 2890, 2919, -1,
      2919, 2890, 2917, -1,
      2892, 2919, 2894, -1,
      2894, 2919, 2921, -1,
      2894, 2921, 2896, -1,
      2896, 2921, 2923, -1,
      2896, 2923, 2898, -1,
      2898, 2923, 2925, -1,
      2898, 2925, 2900, -1,
      2900, 2925, 2927, -1,
      2900, 2927, 2902, -1,
      2902, 2927, 2929, -1,
      2904, 2902, 2931, -1,
      2931, 2902, 2929, -1,
      2904, 2931, 2933, -1,
      2904, 2933, 2906, -1,
      2906, 2933, 2935, -1,
      2906, 2935, 2908, -1,
      2908, 2935, 2916, -1,
      2908, 2916, 2888, -1,
      2888, 2916, 2914, -1,
      2888, 2914, 2886, -1,
      2886, 2914, 2912, -1,
      2886, 2912, 2884, -1,
      210, 2884, 207, -1,
      207, 2884, 2912, -1,
      2911, 2885, 209, -1,
      209, 2885, 212, -1,
      2885, 2911, 2887, -1,
      2887, 2911, 2913, -1,
      2887, 2913, 2910, -1,
      2910, 2913, 2915, -1,
      2910, 2915, 2909, -1,
      2909, 2915, 2937, -1,
      2909, 2937, 2907, -1,
      2907, 2937, 2936, -1,
      2907, 2936, 2905, -1,
      2905, 2936, 2934, -1,
      2905, 2934, 2903, -1,
      2903, 2934, 2932, -1,
      2901, 2903, 2930, -1,
      2930, 2903, 2932, -1,
      2901, 2930, 2928, -1,
      2901, 2928, 2899, -1,
      2899, 2928, 2926, -1,
      2899, 2926, 2897, -1,
      2897, 2926, 2924, -1,
      2897, 2924, 2895, -1,
      2895, 2924, 2922, -1,
      2895, 2922, 2893, -1,
      2893, 2922, 2920, -1,
      2893, 2920, 2891, -1,
      206, 208, 2938, -1,
      2938, 208, 2939, -1,
      2938, 2939, 2940, -1,
      2940, 2939, 2941, -1,
      2940, 2941, 2942, -1,
      2943, 2944, 2945, -1,
      2945, 2944, 2946, -1,
      2945, 2946, 2947, -1,
      2947, 2946, 2948, -1,
      2947, 2948, 2949, -1,
      2949, 2948, 2950, -1,
      2949, 2950, 2951, -1,
      2951, 2950, 2952, -1,
      2951, 2952, 2953, -1,
      2953, 2952, 2954, -1,
      2953, 2954, 2955, -1,
      2955, 2954, 2956, -1,
      2955, 2956, 2957, -1,
      2957, 2956, 2958, -1,
      2957, 2958, 2959, -1,
      2959, 2958, 2960, -1,
      2959, 2960, 2961, -1,
      2961, 2960, 2962, -1,
      2961, 2962, 2963, -1,
      2963, 2962, 2942, -1,
      2963, 2942, 2964, -1,
      2964, 2942, 2941, -1,
      205, 203, 2965, -1,
      2965, 203, 2966, -1,
      2965, 2966, 2967, -1,
      2967, 2966, 2968, -1,
      2967, 2968, 2969, -1,
      2969, 2968, 2970, -1,
      2971, 2972, 2973, -1,
      2973, 2972, 2974, -1,
      2973, 2974, 2975, -1,
      2975, 2974, 2976, -1,
      2975, 2976, 2977, -1,
      2977, 2976, 2978, -1,
      2977, 2978, 2979, -1,
      2979, 2978, 2980, -1,
      2979, 2980, 2981, -1,
      2981, 2980, 2982, -1,
      2981, 2982, 2983, -1,
      2983, 2982, 2984, -1,
      2983, 2984, 2985, -1,
      2985, 2984, 2986, -1,
      2985, 2986, 2987, -1,
      2987, 2986, 2988, -1,
      2987, 2988, 2989, -1,
      2989, 2988, 2990, -1,
      2989, 2990, 2970, -1,
      2970, 2990, 2991, -1,
      2970, 2991, 2969, -1,
      2943, 2945, 2972, -1,
      2972, 2945, 2974, -1,
      2944, 2943, 2971, -1,
      2971, 2943, 2972, -1,
      2946, 2944, 2973, -1,
      2973, 2944, 2971, -1,
      2946, 2973, 2948, -1,
      2948, 2973, 2975, -1,
      2948, 2975, 2950, -1,
      2950, 2975, 2977, -1,
      2950, 2977, 2952, -1,
      2952, 2977, 2979, -1,
      2952, 2979, 2954, -1,
      2954, 2979, 2981, -1,
      2954, 2981, 2956, -1,
      2956, 2981, 2983, -1,
      2958, 2956, 2985, -1,
      2985, 2956, 2983, -1,
      2958, 2985, 2987, -1,
      2958, 2987, 2960, -1,
      2960, 2987, 2989, -1,
      2960, 2989, 2962, -1,
      2962, 2989, 2970, -1,
      2962, 2970, 2942, -1,
      2942, 2970, 2968, -1,
      2942, 2968, 2940, -1,
      2940, 2968, 2966, -1,
      2940, 2966, 2938, -1,
      206, 2938, 203, -1,
      203, 2938, 2966, -1,
      2965, 2939, 205, -1,
      205, 2939, 208, -1,
      2939, 2965, 2941, -1,
      2941, 2965, 2967, -1,
      2941, 2967, 2964, -1,
      2964, 2967, 2969, -1,
      2964, 2969, 2963, -1,
      2963, 2969, 2991, -1,
      2963, 2991, 2961, -1,
      2961, 2991, 2990, -1,
      2961, 2990, 2959, -1,
      2959, 2990, 2988, -1,
      2959, 2988, 2957, -1,
      2957, 2988, 2986, -1,
      2955, 2957, 2984, -1,
      2984, 2957, 2986, -1,
      2955, 2984, 2982, -1,
      2955, 2982, 2953, -1,
      2953, 2982, 2980, -1,
      2953, 2980, 2951, -1,
      2951, 2980, 2978, -1,
      2951, 2978, 2949, -1,
      2949, 2978, 2976, -1,
      2949, 2976, 2947, -1,
      2947, 2976, 2974, -1,
      2947, 2974, 2945, -1,
      202, 204, 2992, -1,
      2992, 204, 2993, -1,
      2992, 2993, 2994, -1,
      2994, 2993, 2995, -1,
      2994, 2995, 2996, -1,
      2997, 2998, 2999, -1,
      2999, 2998, 3000, -1,
      2999, 3000, 3001, -1,
      3001, 3000, 3002, -1,
      3001, 3002, 3003, -1,
      3003, 3002, 3004, -1,
      3003, 3004, 3005, -1,
      3005, 3004, 3006, -1,
      3005, 3006, 3007, -1,
      3007, 3006, 3008, -1,
      3007, 3008, 3009, -1,
      3009, 3008, 3010, -1,
      3009, 3010, 3011, -1,
      3011, 3010, 3012, -1,
      3011, 3012, 3013, -1,
      3013, 3012, 3014, -1,
      3013, 3014, 3015, -1,
      3015, 3014, 3016, -1,
      3015, 3016, 3017, -1,
      3017, 3016, 2996, -1,
      3017, 2996, 3018, -1,
      3018, 2996, 2995, -1,
      201, 199, 3019, -1,
      3019, 199, 3020, -1,
      3019, 3020, 3021, -1,
      3021, 3020, 3022, -1,
      3021, 3022, 3023, -1,
      3023, 3022, 3024, -1,
      3025, 3026, 3027, -1,
      3027, 3026, 3028, -1,
      3027, 3028, 3029, -1,
      3029, 3028, 3030, -1,
      3029, 3030, 3031, -1,
      3031, 3030, 3032, -1,
      3031, 3032, 3033, -1,
      3033, 3032, 3034, -1,
      3033, 3034, 3035, -1,
      3035, 3034, 3036, -1,
      3035, 3036, 3037, -1,
      3037, 3036, 3038, -1,
      3037, 3038, 3039, -1,
      3039, 3038, 3040, -1,
      3039, 3040, 3041, -1,
      3041, 3040, 3042, -1,
      3041, 3042, 3043, -1,
      3043, 3042, 3044, -1,
      3043, 3044, 3024, -1,
      3024, 3044, 3045, -1,
      3024, 3045, 3023, -1,
      2997, 2999, 3026, -1,
      3026, 2999, 3028, -1,
      2998, 2997, 3025, -1,
      3025, 2997, 3026, -1,
      3000, 2998, 3027, -1,
      3027, 2998, 3025, -1,
      3000, 3027, 3002, -1,
      3002, 3027, 3029, -1,
      3002, 3029, 3004, -1,
      3004, 3029, 3031, -1,
      3004, 3031, 3006, -1,
      3006, 3031, 3033, -1,
      3006, 3033, 3008, -1,
      3008, 3033, 3035, -1,
      3008, 3035, 3010, -1,
      3010, 3035, 3037, -1,
      3012, 3010, 3039, -1,
      3039, 3010, 3037, -1,
      3012, 3039, 3041, -1,
      3012, 3041, 3014, -1,
      3014, 3041, 3043, -1,
      3014, 3043, 3016, -1,
      3016, 3043, 3024, -1,
      3016, 3024, 2996, -1,
      2996, 3024, 3022, -1,
      2996, 3022, 2994, -1,
      2994, 3022, 3020, -1,
      2994, 3020, 2992, -1,
      202, 2992, 199, -1,
      199, 2992, 3020, -1,
      3019, 2993, 201, -1,
      201, 2993, 204, -1,
      2993, 3019, 2995, -1,
      2995, 3019, 3021, -1,
      2995, 3021, 3018, -1,
      3018, 3021, 3023, -1,
      3018, 3023, 3017, -1,
      3017, 3023, 3045, -1,
      3017, 3045, 3015, -1,
      3015, 3045, 3044, -1,
      3015, 3044, 3013, -1,
      3013, 3044, 3042, -1,
      3013, 3042, 3011, -1,
      3011, 3042, 3040, -1,
      3009, 3011, 3038, -1,
      3038, 3011, 3040, -1,
      3009, 3038, 3036, -1,
      3009, 3036, 3007, -1,
      3007, 3036, 3034, -1,
      3007, 3034, 3005, -1,
      3005, 3034, 3032, -1,
      3005, 3032, 3003, -1,
      3003, 3032, 3030, -1,
      3003, 3030, 3001, -1,
      3001, 3030, 3028, -1,
      3001, 3028, 2999, -1,
      198, 200, 3046, -1,
      3046, 200, 3047, -1,
      3046, 3047, 3048, -1,
      3048, 3047, 3049, -1,
      3048, 3049, 3050, -1,
      3051, 3052, 3053, -1,
      3053, 3052, 3054, -1,
      3053, 3054, 3055, -1,
      3055, 3054, 3056, -1,
      3055, 3056, 3057, -1,
      3057, 3056, 3058, -1,
      3057, 3058, 3059, -1,
      3059, 3058, 3060, -1,
      3059, 3060, 3061, -1,
      3061, 3060, 3062, -1,
      3061, 3062, 3063, -1,
      3063, 3062, 3064, -1,
      3063, 3064, 3065, -1,
      3065, 3064, 3066, -1,
      3065, 3066, 3067, -1,
      3067, 3066, 3068, -1,
      3067, 3068, 3069, -1,
      3069, 3068, 3070, -1,
      3069, 3070, 3071, -1,
      3071, 3070, 3050, -1,
      3071, 3050, 3072, -1,
      3072, 3050, 3049, -1,
      196, 197, 3073, -1,
      3073, 197, 3074, -1,
      3073, 3074, 3075, -1,
      3075, 3074, 3076, -1,
      3075, 3076, 3077, -1,
      3077, 3076, 3078, -1,
      3079, 3080, 3081, -1,
      3081, 3080, 3082, -1,
      3081, 3082, 3083, -1,
      3083, 3082, 3084, -1,
      3083, 3084, 3085, -1,
      3085, 3084, 3086, -1,
      3085, 3086, 3087, -1,
      3087, 3086, 3088, -1,
      3087, 3088, 3089, -1,
      3089, 3088, 3090, -1,
      3089, 3090, 3091, -1,
      3091, 3090, 3092, -1,
      3091, 3092, 3093, -1,
      3093, 3092, 3094, -1,
      3093, 3094, 3095, -1,
      3095, 3094, 3096, -1,
      3095, 3096, 3097, -1,
      3097, 3096, 3098, -1,
      3097, 3098, 3078, -1,
      3078, 3098, 3099, -1,
      3078, 3099, 3077, -1,
      3051, 3053, 3080, -1,
      3080, 3053, 3082, -1,
      3052, 3051, 3079, -1,
      3079, 3051, 3080, -1,
      3054, 3052, 3081, -1,
      3081, 3052, 3079, -1,
      3054, 3081, 3056, -1,
      3056, 3081, 3083, -1,
      3056, 3083, 3058, -1,
      3058, 3083, 3085, -1,
      3058, 3085, 3060, -1,
      3060, 3085, 3087, -1,
      3060, 3087, 3062, -1,
      3062, 3087, 3089, -1,
      3062, 3089, 3064, -1,
      3064, 3089, 3091, -1,
      3066, 3064, 3093, -1,
      3093, 3064, 3091, -1,
      3066, 3093, 3095, -1,
      3066, 3095, 3068, -1,
      3068, 3095, 3097, -1,
      3068, 3097, 3070, -1,
      3070, 3097, 3078, -1,
      3070, 3078, 3050, -1,
      3050, 3078, 3076, -1,
      3050, 3076, 3048, -1,
      3048, 3076, 3074, -1,
      3048, 3074, 3046, -1,
      198, 3046, 197, -1,
      197, 3046, 3074, -1,
      3073, 3047, 196, -1,
      196, 3047, 200, -1,
      3047, 3073, 3049, -1,
      3049, 3073, 3075, -1,
      3049, 3075, 3072, -1,
      3072, 3075, 3077, -1,
      3072, 3077, 3071, -1,
      3071, 3077, 3099, -1,
      3071, 3099, 3069, -1,
      3069, 3099, 3098, -1,
      3069, 3098, 3067, -1,
      3067, 3098, 3096, -1,
      3067, 3096, 3065, -1,
      3065, 3096, 3094, -1,
      3063, 3065, 3092, -1,
      3092, 3065, 3094, -1,
      3063, 3092, 3090, -1,
      3063, 3090, 3061, -1,
      3061, 3090, 3088, -1,
      3061, 3088, 3059, -1,
      3059, 3088, 3086, -1,
      3059, 3086, 3057, -1,
      3057, 3086, 3084, -1,
      3057, 3084, 3055, -1,
      3055, 3084, 3082, -1,
      3055, 3082, 3053, -1,
      392, 393, 3100, -1,
      3100, 393, 3101, -1,
      3100, 3101, 3102, -1,
      3102, 3101, 3103, -1,
      3102, 3103, 3104, -1,
      3105, 3106, 3107, -1,
      3107, 3106, 3108, -1,
      3107, 3108, 3109, -1,
      3109, 3108, 3110, -1,
      3109, 3110, 3111, -1,
      3111, 3110, 3112, -1,
      3111, 3112, 3113, -1,
      3113, 3112, 3114, -1,
      3113, 3114, 3115, -1,
      3115, 3114, 3116, -1,
      3115, 3116, 3117, -1,
      3117, 3116, 3118, -1,
      3117, 3118, 3119, -1,
      3119, 3118, 3120, -1,
      3119, 3120, 3121, -1,
      3121, 3120, 3122, -1,
      3121, 3122, 3123, -1,
      3123, 3122, 3124, -1,
      3123, 3124, 3125, -1,
      3125, 3124, 3104, -1,
      3125, 3104, 3126, -1,
      3126, 3104, 3103, -1,
      195, 193, 3127, -1,
      3127, 193, 3128, -1,
      3127, 3128, 3129, -1,
      3129, 3128, 3130, -1,
      3129, 3130, 3131, -1,
      3131, 3130, 3132, -1,
      3133, 3134, 3135, -1,
      3135, 3134, 3136, -1,
      3135, 3136, 3137, -1,
      3137, 3136, 3138, -1,
      3137, 3138, 3139, -1,
      3139, 3138, 3140, -1,
      3139, 3140, 3141, -1,
      3141, 3140, 3142, -1,
      3141, 3142, 3143, -1,
      3143, 3142, 3144, -1,
      3143, 3144, 3145, -1,
      3145, 3144, 3146, -1,
      3145, 3146, 3147, -1,
      3147, 3146, 3148, -1,
      3147, 3148, 3149, -1,
      3149, 3148, 3150, -1,
      3149, 3150, 3151, -1,
      3151, 3150, 3152, -1,
      3151, 3152, 3132, -1,
      3132, 3152, 3153, -1,
      3132, 3153, 3131, -1,
      3105, 3107, 3134, -1,
      3134, 3107, 3136, -1,
      3106, 3105, 3133, -1,
      3133, 3105, 3134, -1,
      3108, 3106, 3135, -1,
      3135, 3106, 3133, -1,
      3108, 3135, 3110, -1,
      3110, 3135, 3137, -1,
      3110, 3137, 3112, -1,
      3112, 3137, 3139, -1,
      3112, 3139, 3114, -1,
      3114, 3139, 3141, -1,
      3114, 3141, 3116, -1,
      3116, 3141, 3143, -1,
      3116, 3143, 3118, -1,
      3118, 3143, 3145, -1,
      3120, 3118, 3147, -1,
      3147, 3118, 3145, -1,
      3120, 3147, 3149, -1,
      3120, 3149, 3122, -1,
      3122, 3149, 3151, -1,
      3122, 3151, 3124, -1,
      3124, 3151, 3132, -1,
      3124, 3132, 3104, -1,
      3104, 3132, 3130, -1,
      3104, 3130, 3102, -1,
      3102, 3130, 3128, -1,
      3102, 3128, 3100, -1,
      392, 3100, 193, -1,
      193, 3100, 3128, -1,
      3127, 3101, 195, -1,
      195, 3101, 393, -1,
      3101, 3127, 3103, -1,
      3103, 3127, 3129, -1,
      3103, 3129, 3126, -1,
      3126, 3129, 3131, -1,
      3126, 3131, 3125, -1,
      3125, 3131, 3153, -1,
      3125, 3153, 3123, -1,
      3123, 3153, 3152, -1,
      3123, 3152, 3121, -1,
      3121, 3152, 3150, -1,
      3121, 3150, 3119, -1,
      3119, 3150, 3148, -1,
      3117, 3119, 3146, -1,
      3146, 3119, 3148, -1,
      3117, 3146, 3144, -1,
      3117, 3144, 3115, -1,
      3115, 3144, 3142, -1,
      3115, 3142, 3113, -1,
      3113, 3142, 3140, -1,
      3113, 3140, 3111, -1,
      3111, 3140, 3138, -1,
      3111, 3138, 3109, -1,
      3109, 3138, 3136, -1,
      3109, 3136, 3107, -1,
      192, 194, 3154, -1,
      3154, 194, 3155, -1,
      3154, 3155, 3156, -1,
      3156, 3155, 3157, -1,
      3156, 3157, 3158, -1,
      3159, 3160, 3161, -1,
      3161, 3160, 3162, -1,
      3161, 3162, 3163, -1,
      3163, 3162, 3164, -1,
      3163, 3164, 3165, -1,
      3165, 3164, 3166, -1,
      3165, 3166, 3167, -1,
      3167, 3166, 3168, -1,
      3167, 3168, 3169, -1,
      3169, 3168, 3170, -1,
      3169, 3170, 3171, -1,
      3171, 3170, 3172, -1,
      3171, 3172, 3173, -1,
      3173, 3172, 3174, -1,
      3173, 3174, 3175, -1,
      3175, 3174, 3176, -1,
      3175, 3176, 3177, -1,
      3177, 3176, 3178, -1,
      3177, 3178, 3179, -1,
      3179, 3178, 3158, -1,
      3179, 3158, 3180, -1,
      3180, 3158, 3157, -1,
      191, 189, 3181, -1,
      3181, 189, 3182, -1,
      3181, 3182, 3183, -1,
      3183, 3182, 3184, -1,
      3183, 3184, 3185, -1,
      3185, 3184, 3186, -1,
      3187, 3188, 3189, -1,
      3189, 3188, 3190, -1,
      3189, 3190, 3191, -1,
      3191, 3190, 3192, -1,
      3191, 3192, 3193, -1,
      3193, 3192, 3194, -1,
      3193, 3194, 3195, -1,
      3195, 3194, 3196, -1,
      3195, 3196, 3197, -1,
      3197, 3196, 3198, -1,
      3197, 3198, 3199, -1,
      3199, 3198, 3200, -1,
      3199, 3200, 3201, -1,
      3201, 3200, 3202, -1,
      3201, 3202, 3203, -1,
      3203, 3202, 3204, -1,
      3203, 3204, 3205, -1,
      3205, 3204, 3206, -1,
      3205, 3206, 3186, -1,
      3186, 3206, 3207, -1,
      3186, 3207, 3185, -1,
      3159, 3161, 3188, -1,
      3188, 3161, 3190, -1,
      3160, 3159, 3187, -1,
      3187, 3159, 3188, -1,
      3162, 3160, 3189, -1,
      3189, 3160, 3187, -1,
      3162, 3189, 3164, -1,
      3164, 3189, 3191, -1,
      3164, 3191, 3166, -1,
      3166, 3191, 3193, -1,
      3166, 3193, 3168, -1,
      3168, 3193, 3195, -1,
      3168, 3195, 3170, -1,
      3170, 3195, 3197, -1,
      3170, 3197, 3172, -1,
      3172, 3197, 3199, -1,
      3174, 3172, 3201, -1,
      3201, 3172, 3199, -1,
      3174, 3201, 3203, -1,
      3174, 3203, 3176, -1,
      3176, 3203, 3205, -1,
      3176, 3205, 3178, -1,
      3178, 3205, 3186, -1,
      3178, 3186, 3158, -1,
      3158, 3186, 3184, -1,
      3158, 3184, 3156, -1,
      3156, 3184, 3182, -1,
      3156, 3182, 3154, -1,
      192, 3154, 189, -1,
      189, 3154, 3182, -1,
      3181, 3155, 191, -1,
      191, 3155, 194, -1,
      3155, 3181, 3157, -1,
      3157, 3181, 3183, -1,
      3157, 3183, 3180, -1,
      3180, 3183, 3185, -1,
      3180, 3185, 3179, -1,
      3179, 3185, 3207, -1,
      3179, 3207, 3177, -1,
      3177, 3207, 3206, -1,
      3177, 3206, 3175, -1,
      3175, 3206, 3204, -1,
      3175, 3204, 3173, -1,
      3173, 3204, 3202, -1,
      3171, 3173, 3200, -1,
      3200, 3173, 3202, -1,
      3171, 3200, 3198, -1,
      3171, 3198, 3169, -1,
      3169, 3198, 3196, -1,
      3169, 3196, 3167, -1,
      3167, 3196, 3194, -1,
      3167, 3194, 3165, -1,
      3165, 3194, 3192, -1,
      3165, 3192, 3163, -1,
      3163, 3192, 3190, -1,
      3163, 3190, 3161, -1,
      188, 190, 3208, -1,
      3208, 190, 3209, -1,
      3208, 3209, 3210, -1,
      3210, 3209, 3211, -1,
      3210, 3211, 3212, -1,
      3213, 3214, 3215, -1,
      3215, 3214, 3216, -1,
      3215, 3216, 3217, -1,
      3217, 3216, 3218, -1,
      3217, 3218, 3219, -1,
      3219, 3218, 3220, -1,
      3219, 3220, 3221, -1,
      3221, 3220, 3222, -1,
      3221, 3222, 3223, -1,
      3223, 3222, 3224, -1,
      3223, 3224, 3225, -1,
      3225, 3224, 3226, -1,
      3225, 3226, 3227, -1,
      3227, 3226, 3228, -1,
      3227, 3228, 3229, -1,
      3229, 3228, 3230, -1,
      3229, 3230, 3231, -1,
      3231, 3230, 3232, -1,
      3231, 3232, 3233, -1,
      3233, 3232, 3212, -1,
      3233, 3212, 3234, -1,
      3234, 3212, 3211, -1,
      187, 185, 3235, -1,
      3235, 185, 3236, -1,
      3235, 3236, 3237, -1,
      3237, 3236, 3238, -1,
      3237, 3238, 3239, -1,
      3239, 3238, 3240, -1,
      3241, 3242, 3243, -1,
      3243, 3242, 3244, -1,
      3243, 3244, 3245, -1,
      3245, 3244, 3246, -1,
      3245, 3246, 3247, -1,
      3247, 3246, 3248, -1,
      3247, 3248, 3249, -1,
      3249, 3248, 3250, -1,
      3249, 3250, 3251, -1,
      3251, 3250, 3252, -1,
      3251, 3252, 3253, -1,
      3253, 3252, 3254, -1,
      3253, 3254, 3255, -1,
      3255, 3254, 3256, -1,
      3255, 3256, 3257, -1,
      3257, 3256, 3258, -1,
      3257, 3258, 3259, -1,
      3259, 3258, 3260, -1,
      3259, 3260, 3240, -1,
      3240, 3260, 3261, -1,
      3240, 3261, 3239, -1,
      3213, 3215, 3242, -1,
      3242, 3215, 3244, -1,
      3214, 3213, 3241, -1,
      3241, 3213, 3242, -1,
      3216, 3214, 3243, -1,
      3243, 3214, 3241, -1,
      3216, 3243, 3218, -1,
      3218, 3243, 3245, -1,
      3218, 3245, 3220, -1,
      3220, 3245, 3247, -1,
      3220, 3247, 3222, -1,
      3222, 3247, 3249, -1,
      3222, 3249, 3224, -1,
      3224, 3249, 3251, -1,
      3224, 3251, 3226, -1,
      3226, 3251, 3253, -1,
      3228, 3226, 3255, -1,
      3255, 3226, 3253, -1,
      3228, 3255, 3257, -1,
      3228, 3257, 3230, -1,
      3230, 3257, 3259, -1,
      3230, 3259, 3232, -1,
      3232, 3259, 3240, -1,
      3232, 3240, 3212, -1,
      3212, 3240, 3238, -1,
      3212, 3238, 3210, -1,
      3210, 3238, 3236, -1,
      3210, 3236, 3208, -1,
      188, 3208, 185, -1,
      185, 3208, 3236, -1,
      3235, 3209, 187, -1,
      187, 3209, 190, -1,
      3209, 3235, 3211, -1,
      3211, 3235, 3237, -1,
      3211, 3237, 3234, -1,
      3234, 3237, 3239, -1,
      3234, 3239, 3233, -1,
      3233, 3239, 3261, -1,
      3233, 3261, 3231, -1,
      3231, 3261, 3260, -1,
      3231, 3260, 3229, -1,
      3229, 3260, 3258, -1,
      3229, 3258, 3227, -1,
      3227, 3258, 3256, -1,
      3225, 3227, 3254, -1,
      3254, 3227, 3256, -1,
      3225, 3254, 3252, -1,
      3225, 3252, 3223, -1,
      3223, 3252, 3250, -1,
      3223, 3250, 3221, -1,
      3221, 3250, 3248, -1,
      3221, 3248, 3219, -1,
      3219, 3248, 3246, -1,
      3219, 3246, 3217, -1,
      3217, 3246, 3244, -1,
      3217, 3244, 3215, -1,
      184, 186, 3262, -1,
      3262, 186, 3263, -1,
      3262, 3263, 3264, -1,
      3264, 3263, 3265, -1,
      3264, 3265, 3266, -1,
      3267, 3268, 3269, -1,
      3269, 3268, 3270, -1,
      3269, 3270, 3271, -1,
      3271, 3270, 3272, -1,
      3271, 3272, 3273, -1,
      3273, 3272, 3274, -1,
      3273, 3274, 3275, -1,
      3275, 3274, 3276, -1,
      3275, 3276, 3277, -1,
      3277, 3276, 3278, -1,
      3277, 3278, 3279, -1,
      3279, 3278, 3280, -1,
      3279, 3280, 3281, -1,
      3281, 3280, 3282, -1,
      3281, 3282, 3283, -1,
      3283, 3282, 3284, -1,
      3283, 3284, 3285, -1,
      3285, 3284, 3286, -1,
      3285, 3286, 3287, -1,
      3287, 3286, 3266, -1,
      3287, 3266, 3288, -1,
      3288, 3266, 3265, -1,
      183, 181, 3289, -1,
      3289, 181, 3290, -1,
      3289, 3290, 3291, -1,
      3291, 3290, 3292, -1,
      3291, 3292, 3293, -1,
      3293, 3292, 3294, -1,
      3295, 3296, 3297, -1,
      3297, 3296, 3298, -1,
      3297, 3298, 3299, -1,
      3299, 3298, 3300, -1,
      3299, 3300, 3301, -1,
      3301, 3300, 3302, -1,
      3301, 3302, 3303, -1,
      3303, 3302, 3304, -1,
      3303, 3304, 3305, -1,
      3305, 3304, 3306, -1,
      3305, 3306, 3307, -1,
      3307, 3306, 3308, -1,
      3307, 3308, 3309, -1,
      3309, 3308, 3310, -1,
      3309, 3310, 3311, -1,
      3311, 3310, 3312, -1,
      3311, 3312, 3313, -1,
      3313, 3312, 3314, -1,
      3313, 3314, 3294, -1,
      3294, 3314, 3315, -1,
      3294, 3315, 3293, -1,
      3267, 3269, 3296, -1,
      3296, 3269, 3298, -1,
      3268, 3267, 3295, -1,
      3295, 3267, 3296, -1,
      3270, 3268, 3297, -1,
      3297, 3268, 3295, -1,
      3270, 3297, 3272, -1,
      3272, 3297, 3299, -1,
      3272, 3299, 3274, -1,
      3274, 3299, 3301, -1,
      3274, 3301, 3276, -1,
      3276, 3301, 3303, -1,
      3276, 3303, 3278, -1,
      3278, 3303, 3305, -1,
      3278, 3305, 3280, -1,
      3280, 3305, 3307, -1,
      3282, 3280, 3309, -1,
      3309, 3280, 3307, -1,
      3282, 3309, 3311, -1,
      3282, 3311, 3284, -1,
      3284, 3311, 3313, -1,
      3284, 3313, 3286, -1,
      3286, 3313, 3294, -1,
      3286, 3294, 3266, -1,
      3266, 3294, 3292, -1,
      3266, 3292, 3264, -1,
      3264, 3292, 3290, -1,
      3264, 3290, 3262, -1,
      184, 3262, 181, -1,
      181, 3262, 3290, -1,
      3289, 3263, 183, -1,
      183, 3263, 186, -1,
      3263, 3289, 3265, -1,
      3265, 3289, 3291, -1,
      3265, 3291, 3288, -1,
      3288, 3291, 3293, -1,
      3288, 3293, 3287, -1,
      3287, 3293, 3315, -1,
      3287, 3315, 3285, -1,
      3285, 3315, 3314, -1,
      3285, 3314, 3283, -1,
      3283, 3314, 3312, -1,
      3283, 3312, 3281, -1,
      3281, 3312, 3310, -1,
      3279, 3281, 3308, -1,
      3308, 3281, 3310, -1,
      3279, 3308, 3306, -1,
      3279, 3306, 3277, -1,
      3277, 3306, 3304, -1,
      3277, 3304, 3275, -1,
      3275, 3304, 3302, -1,
      3275, 3302, 3273, -1,
      3273, 3302, 3300, -1,
      3273, 3300, 3271, -1,
      3271, 3300, 3298, -1,
      3271, 3298, 3269, -1,
      180, 182, 3316, -1,
      3316, 182, 3317, -1,
      3316, 3317, 3318, -1,
      3318, 3317, 3319, -1,
      3318, 3319, 3320, -1,
      3321, 3322, 3323, -1,
      3323, 3322, 3324, -1,
      3323, 3324, 3325, -1,
      3325, 3324, 3326, -1,
      3325, 3326, 3327, -1,
      3327, 3326, 3328, -1,
      3327, 3328, 3329, -1,
      3329, 3328, 3330, -1,
      3329, 3330, 3331, -1,
      3331, 3330, 3332, -1,
      3331, 3332, 3333, -1,
      3333, 3332, 3334, -1,
      3333, 3334, 3335, -1,
      3335, 3334, 3336, -1,
      3335, 3336, 3337, -1,
      3337, 3336, 3338, -1,
      3337, 3338, 3339, -1,
      3339, 3338, 3340, -1,
      3339, 3340, 3341, -1,
      3341, 3340, 3320, -1,
      3341, 3320, 3342, -1,
      3342, 3320, 3319, -1,
      179, 177, 3343, -1,
      3343, 177, 3344, -1,
      3343, 3344, 3345, -1,
      3345, 3344, 3346, -1,
      3345, 3346, 3347, -1,
      3347, 3346, 3348, -1,
      3349, 3350, 3351, -1,
      3351, 3350, 3352, -1,
      3351, 3352, 3353, -1,
      3353, 3352, 3354, -1,
      3353, 3354, 3355, -1,
      3355, 3354, 3356, -1,
      3355, 3356, 3357, -1,
      3357, 3356, 3358, -1,
      3357, 3358, 3359, -1,
      3359, 3358, 3360, -1,
      3359, 3360, 3361, -1,
      3361, 3360, 3362, -1,
      3361, 3362, 3363, -1,
      3363, 3362, 3364, -1,
      3363, 3364, 3365, -1,
      3365, 3364, 3366, -1,
      3365, 3366, 3367, -1,
      3367, 3366, 3368, -1,
      3367, 3368, 3348, -1,
      3348, 3368, 3369, -1,
      3348, 3369, 3347, -1,
      3321, 3323, 3350, -1,
      3350, 3323, 3352, -1,
      3322, 3321, 3349, -1,
      3349, 3321, 3350, -1,
      3324, 3322, 3351, -1,
      3351, 3322, 3349, -1,
      3324, 3351, 3326, -1,
      3326, 3351, 3353, -1,
      3326, 3353, 3328, -1,
      3328, 3353, 3355, -1,
      3328, 3355, 3330, -1,
      3330, 3355, 3357, -1,
      3330, 3357, 3332, -1,
      3332, 3357, 3359, -1,
      3332, 3359, 3334, -1,
      3334, 3359, 3361, -1,
      3336, 3334, 3363, -1,
      3363, 3334, 3361, -1,
      3336, 3363, 3365, -1,
      3336, 3365, 3338, -1,
      3338, 3365, 3367, -1,
      3338, 3367, 3340, -1,
      3340, 3367, 3348, -1,
      3340, 3348, 3320, -1,
      3320, 3348, 3346, -1,
      3320, 3346, 3318, -1,
      3318, 3346, 3344, -1,
      3318, 3344, 3316, -1,
      180, 3316, 177, -1,
      177, 3316, 3344, -1,
      3343, 3317, 179, -1,
      179, 3317, 182, -1,
      3317, 3343, 3319, -1,
      3319, 3343, 3345, -1,
      3319, 3345, 3342, -1,
      3342, 3345, 3347, -1,
      3342, 3347, 3341, -1,
      3341, 3347, 3369, -1,
      3341, 3369, 3339, -1,
      3339, 3369, 3368, -1,
      3339, 3368, 3337, -1,
      3337, 3368, 3366, -1,
      3337, 3366, 3335, -1,
      3335, 3366, 3364, -1,
      3333, 3335, 3362, -1,
      3362, 3335, 3364, -1,
      3333, 3362, 3360, -1,
      3333, 3360, 3331, -1,
      3331, 3360, 3358, -1,
      3331, 3358, 3329, -1,
      3329, 3358, 3356, -1,
      3329, 3356, 3327, -1,
      3327, 3356, 3354, -1,
      3327, 3354, 3325, -1,
      3325, 3354, 3352, -1,
      3325, 3352, 3323, -1,
      176, 178, 3370, -1,
      3370, 178, 3371, -1,
      3370, 3371, 3372, -1,
      3372, 3371, 3373, -1,
      3372, 3373, 3374, -1,
      3375, 3376, 3377, -1,
      3377, 3376, 3378, -1,
      3377, 3378, 3379, -1,
      3379, 3378, 3380, -1,
      3379, 3380, 3381, -1,
      3381, 3380, 3382, -1,
      3381, 3382, 3383, -1,
      3383, 3382, 3384, -1,
      3383, 3384, 3385, -1,
      3385, 3384, 3386, -1,
      3385, 3386, 3387, -1,
      3387, 3386, 3388, -1,
      3387, 3388, 3389, -1,
      3389, 3388, 3390, -1,
      3389, 3390, 3391, -1,
      3391, 3390, 3392, -1,
      3391, 3392, 3393, -1,
      3393, 3392, 3394, -1,
      3393, 3394, 3395, -1,
      3395, 3394, 3374, -1,
      3395, 3374, 3396, -1,
      3396, 3374, 3373, -1,
      175, 173, 3397, -1,
      3397, 173, 3398, -1,
      3397, 3398, 3399, -1,
      3399, 3398, 3400, -1,
      3399, 3400, 3401, -1,
      3401, 3400, 3402, -1,
      3403, 3404, 3405, -1,
      3405, 3404, 3406, -1,
      3405, 3406, 3407, -1,
      3407, 3406, 3408, -1,
      3407, 3408, 3409, -1,
      3409, 3408, 3410, -1,
      3409, 3410, 3411, -1,
      3411, 3410, 3412, -1,
      3411, 3412, 3413, -1,
      3413, 3412, 3414, -1,
      3413, 3414, 3415, -1,
      3415, 3414, 3416, -1,
      3415, 3416, 3417, -1,
      3417, 3416, 3418, -1,
      3417, 3418, 3419, -1,
      3419, 3418, 3420, -1,
      3419, 3420, 3421, -1,
      3421, 3420, 3422, -1,
      3421, 3422, 3402, -1,
      3402, 3422, 3423, -1,
      3402, 3423, 3401, -1,
      3375, 3377, 3404, -1,
      3404, 3377, 3406, -1,
      3376, 3375, 3403, -1,
      3403, 3375, 3404, -1,
      3378, 3376, 3405, -1,
      3405, 3376, 3403, -1,
      3378, 3405, 3380, -1,
      3380, 3405, 3407, -1,
      3380, 3407, 3382, -1,
      3382, 3407, 3409, -1,
      3382, 3409, 3384, -1,
      3384, 3409, 3411, -1,
      3384, 3411, 3386, -1,
      3386, 3411, 3413, -1,
      3386, 3413, 3388, -1,
      3388, 3413, 3415, -1,
      3390, 3388, 3417, -1,
      3417, 3388, 3415, -1,
      3390, 3417, 3419, -1,
      3390, 3419, 3392, -1,
      3392, 3419, 3421, -1,
      3392, 3421, 3394, -1,
      3394, 3421, 3402, -1,
      3394, 3402, 3374, -1,
      3374, 3402, 3400, -1,
      3374, 3400, 3372, -1,
      3372, 3400, 3398, -1,
      3372, 3398, 3370, -1,
      176, 3370, 173, -1,
      173, 3370, 3398, -1,
      3397, 3371, 175, -1,
      175, 3371, 178, -1,
      3371, 3397, 3373, -1,
      3373, 3397, 3399, -1,
      3373, 3399, 3396, -1,
      3396, 3399, 3401, -1,
      3396, 3401, 3395, -1,
      3395, 3401, 3423, -1,
      3395, 3423, 3393, -1,
      3393, 3423, 3422, -1,
      3393, 3422, 3391, -1,
      3391, 3422, 3420, -1,
      3391, 3420, 3389, -1,
      3389, 3420, 3418, -1,
      3387, 3389, 3416, -1,
      3416, 3389, 3418, -1,
      3387, 3416, 3414, -1,
      3387, 3414, 3385, -1,
      3385, 3414, 3412, -1,
      3385, 3412, 3383, -1,
      3383, 3412, 3410, -1,
      3383, 3410, 3381, -1,
      3381, 3410, 3408, -1,
      3381, 3408, 3379, -1,
      3379, 3408, 3406, -1,
      3379, 3406, 3377, -1,
      172, 174, 3424, -1,
      3424, 174, 3425, -1,
      3424, 3425, 3426, -1,
      3426, 3425, 3427, -1,
      3426, 3427, 3428, -1,
      3429, 3430, 3431, -1,
      3431, 3430, 3432, -1,
      3431, 3432, 3433, -1,
      3433, 3432, 3434, -1,
      3433, 3434, 3435, -1,
      3435, 3434, 3436, -1,
      3435, 3436, 3437, -1,
      3437, 3436, 3438, -1,
      3437, 3438, 3439, -1,
      3439, 3438, 3440, -1,
      3439, 3440, 3441, -1,
      3441, 3440, 3442, -1,
      3441, 3442, 3443, -1,
      3443, 3442, 3444, -1,
      3443, 3444, 3445, -1,
      3445, 3444, 3446, -1,
      3445, 3446, 3447, -1,
      3447, 3446, 3448, -1,
      3447, 3448, 3449, -1,
      3449, 3448, 3428, -1,
      3449, 3428, 3450, -1,
      3450, 3428, 3427, -1,
      171, 169, 3451, -1,
      3451, 169, 3452, -1,
      3451, 3452, 3453, -1,
      3453, 3452, 3454, -1,
      3453, 3454, 3455, -1,
      3455, 3454, 3456, -1,
      3457, 3458, 3459, -1,
      3459, 3458, 3460, -1,
      3459, 3460, 3461, -1,
      3461, 3460, 3462, -1,
      3461, 3462, 3463, -1,
      3463, 3462, 3464, -1,
      3463, 3464, 3465, -1,
      3465, 3464, 3466, -1,
      3465, 3466, 3467, -1,
      3467, 3466, 3468, -1,
      3467, 3468, 3469, -1,
      3469, 3468, 3470, -1,
      3469, 3470, 3471, -1,
      3471, 3470, 3472, -1,
      3471, 3472, 3473, -1,
      3473, 3472, 3474, -1,
      3473, 3474, 3475, -1,
      3475, 3474, 3476, -1,
      3475, 3476, 3456, -1,
      3456, 3476, 3477, -1,
      3456, 3477, 3455, -1,
      3429, 3431, 3458, -1,
      3458, 3431, 3460, -1,
      3430, 3429, 3457, -1,
      3457, 3429, 3458, -1,
      3432, 3430, 3459, -1,
      3459, 3430, 3457, -1,
      3432, 3459, 3434, -1,
      3434, 3459, 3461, -1,
      3434, 3461, 3436, -1,
      3436, 3461, 3463, -1,
      3436, 3463, 3438, -1,
      3438, 3463, 3465, -1,
      3438, 3465, 3440, -1,
      3440, 3465, 3467, -1,
      3440, 3467, 3442, -1,
      3442, 3467, 3469, -1,
      3444, 3442, 3471, -1,
      3471, 3442, 3469, -1,
      3444, 3471, 3473, -1,
      3444, 3473, 3446, -1,
      3446, 3473, 3475, -1,
      3446, 3475, 3448, -1,
      3448, 3475, 3456, -1,
      3448, 3456, 3428, -1,
      3428, 3456, 3454, -1,
      3428, 3454, 3426, -1,
      3426, 3454, 3452, -1,
      3426, 3452, 3424, -1,
      172, 3424, 169, -1,
      169, 3424, 3452, -1,
      3451, 3425, 171, -1,
      171, 3425, 174, -1,
      3425, 3451, 3427, -1,
      3427, 3451, 3453, -1,
      3427, 3453, 3450, -1,
      3450, 3453, 3455, -1,
      3450, 3455, 3449, -1,
      3449, 3455, 3477, -1,
      3449, 3477, 3447, -1,
      3447, 3477, 3476, -1,
      3447, 3476, 3445, -1,
      3445, 3476, 3474, -1,
      3445, 3474, 3443, -1,
      3443, 3474, 3472, -1,
      3441, 3443, 3470, -1,
      3470, 3443, 3472, -1,
      3441, 3470, 3468, -1,
      3441, 3468, 3439, -1,
      3439, 3468, 3466, -1,
      3439, 3466, 3437, -1,
      3437, 3466, 3464, -1,
      3437, 3464, 3435, -1,
      3435, 3464, 3462, -1,
      3435, 3462, 3433, -1,
      3433, 3462, 3460, -1,
      3433, 3460, 3431, -1,
      168, 170, 3478, -1,
      3478, 170, 3479, -1,
      3478, 3479, 3480, -1,
      3480, 3479, 3481, -1,
      3480, 3481, 3482, -1,
      3483, 3484, 3485, -1,
      3485, 3484, 3486, -1,
      3485, 3486, 3487, -1,
      3487, 3486, 3488, -1,
      3487, 3488, 3489, -1,
      3489, 3488, 3490, -1,
      3489, 3490, 3491, -1,
      3491, 3490, 3492, -1,
      3491, 3492, 3493, -1,
      3493, 3492, 3494, -1,
      3493, 3494, 3495, -1,
      3495, 3494, 3496, -1,
      3495, 3496, 3497, -1,
      3497, 3496, 3498, -1,
      3497, 3498, 3499, -1,
      3499, 3498, 3500, -1,
      3499, 3500, 3501, -1,
      3501, 3500, 3502, -1,
      3501, 3502, 3503, -1,
      3503, 3502, 3482, -1,
      3503, 3482, 3504, -1,
      3504, 3482, 3481, -1,
      167, 165, 3505, -1,
      3505, 165, 3506, -1,
      3505, 3506, 3507, -1,
      3507, 3506, 3508, -1,
      3507, 3508, 3509, -1,
      3509, 3508, 3510, -1,
      3511, 3512, 3513, -1,
      3513, 3512, 3514, -1,
      3513, 3514, 3515, -1,
      3515, 3514, 3516, -1,
      3515, 3516, 3517, -1,
      3517, 3516, 3518, -1,
      3517, 3518, 3519, -1,
      3519, 3518, 3520, -1,
      3519, 3520, 3521, -1,
      3521, 3520, 3522, -1,
      3521, 3522, 3523, -1,
      3523, 3522, 3524, -1,
      3523, 3524, 3525, -1,
      3525, 3524, 3526, -1,
      3525, 3526, 3527, -1,
      3527, 3526, 3528, -1,
      3527, 3528, 3529, -1,
      3529, 3528, 3530, -1,
      3529, 3530, 3510, -1,
      3510, 3530, 3531, -1,
      3510, 3531, 3509, -1,
      3483, 3485, 3512, -1,
      3512, 3485, 3514, -1,
      3484, 3483, 3511, -1,
      3511, 3483, 3512, -1,
      3486, 3484, 3513, -1,
      3513, 3484, 3511, -1,
      3486, 3513, 3488, -1,
      3488, 3513, 3515, -1,
      3488, 3515, 3490, -1,
      3490, 3515, 3517, -1,
      3490, 3517, 3492, -1,
      3492, 3517, 3519, -1,
      3492, 3519, 3494, -1,
      3494, 3519, 3521, -1,
      3494, 3521, 3496, -1,
      3496, 3521, 3523, -1,
      3498, 3496, 3525, -1,
      3525, 3496, 3523, -1,
      3498, 3525, 3527, -1,
      3498, 3527, 3500, -1,
      3500, 3527, 3529, -1,
      3500, 3529, 3502, -1,
      3502, 3529, 3510, -1,
      3502, 3510, 3482, -1,
      3482, 3510, 3508, -1,
      3482, 3508, 3480, -1,
      3480, 3508, 3506, -1,
      3480, 3506, 3478, -1,
      168, 3478, 165, -1,
      165, 3478, 3506, -1,
      3505, 3479, 167, -1,
      167, 3479, 170, -1,
      3479, 3505, 3481, -1,
      3481, 3505, 3507, -1,
      3481, 3507, 3504, -1,
      3504, 3507, 3509, -1,
      3504, 3509, 3503, -1,
      3503, 3509, 3531, -1,
      3503, 3531, 3501, -1,
      3501, 3531, 3530, -1,
      3501, 3530, 3499, -1,
      3499, 3530, 3528, -1,
      3499, 3528, 3497, -1,
      3497, 3528, 3526, -1,
      3495, 3497, 3524, -1,
      3524, 3497, 3526, -1,
      3495, 3524, 3522, -1,
      3495, 3522, 3493, -1,
      3493, 3522, 3520, -1,
      3493, 3520, 3491, -1,
      3491, 3520, 3518, -1,
      3491, 3518, 3489, -1,
      3489, 3518, 3516, -1,
      3489, 3516, 3487, -1,
      3487, 3516, 3514, -1,
      3487, 3514, 3485, -1,
      164, 166, 3532, -1,
      3532, 166, 3533, -1,
      3532, 3533, 3534, -1,
      3534, 3533, 3535, -1,
      3534, 3535, 3536, -1,
      3537, 3538, 3539, -1,
      3539, 3538, 3540, -1,
      3539, 3540, 3541, -1,
      3541, 3540, 3542, -1,
      3541, 3542, 3543, -1,
      3543, 3542, 3544, -1,
      3543, 3544, 3545, -1,
      3545, 3544, 3546, -1,
      3545, 3546, 3547, -1,
      3547, 3546, 3548, -1,
      3547, 3548, 3549, -1,
      3549, 3548, 3550, -1,
      3549, 3550, 3551, -1,
      3551, 3550, 3552, -1,
      3551, 3552, 3553, -1,
      3553, 3552, 3554, -1,
      3553, 3554, 3555, -1,
      3555, 3554, 3556, -1,
      3555, 3556, 3557, -1,
      3557, 3556, 3536, -1,
      3557, 3536, 3558, -1,
      3558, 3536, 3535, -1,
      163, 161, 3559, -1,
      3559, 161, 3560, -1,
      3559, 3560, 3561, -1,
      3561, 3560, 3562, -1,
      3561, 3562, 3563, -1,
      3563, 3562, 3564, -1,
      3565, 3566, 3567, -1,
      3567, 3566, 3568, -1,
      3567, 3568, 3569, -1,
      3569, 3568, 3570, -1,
      3569, 3570, 3571, -1,
      3571, 3570, 3572, -1,
      3571, 3572, 3573, -1,
      3573, 3572, 3574, -1,
      3573, 3574, 3575, -1,
      3575, 3574, 3576, -1,
      3575, 3576, 3577, -1,
      3577, 3576, 3578, -1,
      3577, 3578, 3579, -1,
      3579, 3578, 3580, -1,
      3579, 3580, 3581, -1,
      3581, 3580, 3582, -1,
      3581, 3582, 3583, -1,
      3583, 3582, 3584, -1,
      3583, 3584, 3564, -1,
      3564, 3584, 3585, -1,
      3564, 3585, 3563, -1,
      3537, 3539, 3566, -1,
      3566, 3539, 3568, -1,
      3538, 3537, 3565, -1,
      3565, 3537, 3566, -1,
      3540, 3538, 3567, -1,
      3567, 3538, 3565, -1,
      3540, 3567, 3542, -1,
      3542, 3567, 3569, -1,
      3542, 3569, 3544, -1,
      3544, 3569, 3571, -1,
      3544, 3571, 3546, -1,
      3546, 3571, 3573, -1,
      3546, 3573, 3548, -1,
      3548, 3573, 3575, -1,
      3548, 3575, 3550, -1,
      3550, 3575, 3577, -1,
      3552, 3550, 3579, -1,
      3579, 3550, 3577, -1,
      3552, 3579, 3581, -1,
      3552, 3581, 3554, -1,
      3554, 3581, 3583, -1,
      3554, 3583, 3556, -1,
      3556, 3583, 3564, -1,
      3556, 3564, 3536, -1,
      3536, 3564, 3562, -1,
      3536, 3562, 3534, -1,
      3534, 3562, 3560, -1,
      3534, 3560, 3532, -1,
      164, 3532, 161, -1,
      161, 3532, 3560, -1,
      3559, 3533, 163, -1,
      163, 3533, 166, -1,
      3533, 3559, 3535, -1,
      3535, 3559, 3561, -1,
      3535, 3561, 3558, -1,
      3558, 3561, 3563, -1,
      3558, 3563, 3557, -1,
      3557, 3563, 3585, -1,
      3557, 3585, 3555, -1,
      3555, 3585, 3584, -1,
      3555, 3584, 3553, -1,
      3553, 3584, 3582, -1,
      3553, 3582, 3551, -1,
      3551, 3582, 3580, -1,
      3549, 3551, 3578, -1,
      3578, 3551, 3580, -1,
      3549, 3578, 3576, -1,
      3549, 3576, 3547, -1,
      3547, 3576, 3574, -1,
      3547, 3574, 3545, -1,
      3545, 3574, 3572, -1,
      3545, 3572, 3543, -1,
      3543, 3572, 3570, -1,
      3543, 3570, 3541, -1,
      3541, 3570, 3568, -1,
      3541, 3568, 3539, -1,
      160, 162, 3586, -1,
      3586, 162, 3587, -1,
      3586, 3587, 3588, -1,
      3588, 3587, 3589, -1,
      3588, 3589, 3590, -1,
      3591, 3592, 3593, -1,
      3593, 3592, 3594, -1,
      3593, 3594, 3595, -1,
      3595, 3594, 3596, -1,
      3595, 3596, 3597, -1,
      3597, 3596, 3598, -1,
      3597, 3598, 3599, -1,
      3599, 3598, 3600, -1,
      3599, 3600, 3601, -1,
      3601, 3600, 3602, -1,
      3601, 3602, 3603, -1,
      3603, 3602, 3604, -1,
      3603, 3604, 3605, -1,
      3605, 3604, 3606, -1,
      3605, 3606, 3607, -1,
      3607, 3606, 3608, -1,
      3607, 3608, 3609, -1,
      3609, 3608, 3610, -1,
      3609, 3610, 3611, -1,
      3611, 3610, 3590, -1,
      3611, 3590, 3612, -1,
      3612, 3590, 3589, -1,
      159, 157, 3613, -1,
      3613, 157, 3614, -1,
      3613, 3614, 3615, -1,
      3615, 3614, 3616, -1,
      3615, 3616, 3617, -1,
      3617, 3616, 3618, -1,
      3619, 3620, 3621, -1,
      3621, 3620, 3622, -1,
      3621, 3622, 3623, -1,
      3623, 3622, 3624, -1,
      3623, 3624, 3625, -1,
      3625, 3624, 3626, -1,
      3625, 3626, 3627, -1,
      3627, 3626, 3628, -1,
      3627, 3628, 3629, -1,
      3629, 3628, 3630, -1,
      3629, 3630, 3631, -1,
      3631, 3630, 3632, -1,
      3631, 3632, 3633, -1,
      3633, 3632, 3634, -1,
      3633, 3634, 3635, -1,
      3635, 3634, 3636, -1,
      3635, 3636, 3637, -1,
      3637, 3636, 3638, -1,
      3637, 3638, 3618, -1,
      3618, 3638, 3639, -1,
      3618, 3639, 3617, -1,
      3591, 3593, 3620, -1,
      3620, 3593, 3622, -1,
      3592, 3591, 3619, -1,
      3619, 3591, 3620, -1,
      3594, 3592, 3621, -1,
      3621, 3592, 3619, -1,
      3594, 3621, 3596, -1,
      3596, 3621, 3623, -1,
      3596, 3623, 3598, -1,
      3598, 3623, 3625, -1,
      3598, 3625, 3600, -1,
      3600, 3625, 3627, -1,
      3600, 3627, 3602, -1,
      3602, 3627, 3629, -1,
      3602, 3629, 3604, -1,
      3604, 3629, 3631, -1,
      3606, 3604, 3633, -1,
      3633, 3604, 3631, -1,
      3606, 3633, 3635, -1,
      3606, 3635, 3608, -1,
      3608, 3635, 3637, -1,
      3608, 3637, 3610, -1,
      3610, 3637, 3618, -1,
      3610, 3618, 3590, -1,
      3590, 3618, 3616, -1,
      3590, 3616, 3588, -1,
      3588, 3616, 3614, -1,
      3588, 3614, 3586, -1,
      160, 3586, 157, -1,
      157, 3586, 3614, -1,
      3613, 3587, 159, -1,
      159, 3587, 162, -1,
      3587, 3613, 3589, -1,
      3589, 3613, 3615, -1,
      3589, 3615, 3612, -1,
      3612, 3615, 3617, -1,
      3612, 3617, 3611, -1,
      3611, 3617, 3639, -1,
      3611, 3639, 3609, -1,
      3609, 3639, 3638, -1,
      3609, 3638, 3607, -1,
      3607, 3638, 3636, -1,
      3607, 3636, 3605, -1,
      3605, 3636, 3634, -1,
      3603, 3605, 3632, -1,
      3632, 3605, 3634, -1,
      3603, 3632, 3630, -1,
      3603, 3630, 3601, -1,
      3601, 3630, 3628, -1,
      3601, 3628, 3599, -1,
      3599, 3628, 3626, -1,
      3599, 3626, 3597, -1,
      3597, 3626, 3624, -1,
      3597, 3624, 3595, -1,
      3595, 3624, 3622, -1,
      3595, 3622, 3593, -1,
      156, 158, 3640, -1,
      3640, 158, 3641, -1,
      3640, 3641, 3642, -1,
      3642, 3641, 3643, -1,
      3642, 3643, 3644, -1,
      3645, 3646, 3647, -1,
      3647, 3646, 3648, -1,
      3647, 3648, 3649, -1,
      3649, 3648, 3650, -1,
      3649, 3650, 3651, -1,
      3651, 3650, 3652, -1,
      3651, 3652, 3653, -1,
      3653, 3652, 3654, -1,
      3653, 3654, 3655, -1,
      3655, 3654, 3656, -1,
      3655, 3656, 3657, -1,
      3657, 3656, 3658, -1,
      3657, 3658, 3659, -1,
      3659, 3658, 3660, -1,
      3659, 3660, 3661, -1,
      3661, 3660, 3662, -1,
      3661, 3662, 3663, -1,
      3663, 3662, 3664, -1,
      3663, 3664, 3665, -1,
      3665, 3664, 3644, -1,
      3665, 3644, 3666, -1,
      3666, 3644, 3643, -1,
      155, 153, 3667, -1,
      3667, 153, 3668, -1,
      3667, 3668, 3669, -1,
      3669, 3668, 3670, -1,
      3669, 3670, 3671, -1,
      3671, 3670, 3672, -1,
      3673, 3674, 3675, -1,
      3675, 3674, 3676, -1,
      3675, 3676, 3677, -1,
      3677, 3676, 3678, -1,
      3677, 3678, 3679, -1,
      3679, 3678, 3680, -1,
      3679, 3680, 3681, -1,
      3681, 3680, 3682, -1,
      3681, 3682, 3683, -1,
      3683, 3682, 3684, -1,
      3683, 3684, 3685, -1,
      3685, 3684, 3686, -1,
      3685, 3686, 3687, -1,
      3687, 3686, 3688, -1,
      3687, 3688, 3689, -1,
      3689, 3688, 3690, -1,
      3689, 3690, 3691, -1,
      3691, 3690, 3692, -1,
      3691, 3692, 3672, -1,
      3672, 3692, 3693, -1,
      3672, 3693, 3671, -1,
      3645, 3647, 3674, -1,
      3674, 3647, 3676, -1,
      3646, 3645, 3673, -1,
      3673, 3645, 3674, -1,
      3648, 3646, 3675, -1,
      3675, 3646, 3673, -1,
      3648, 3675, 3650, -1,
      3650, 3675, 3677, -1,
      3650, 3677, 3652, -1,
      3652, 3677, 3679, -1,
      3652, 3679, 3654, -1,
      3654, 3679, 3681, -1,
      3654, 3681, 3656, -1,
      3656, 3681, 3683, -1,
      3656, 3683, 3658, -1,
      3658, 3683, 3685, -1,
      3660, 3658, 3687, -1,
      3687, 3658, 3685, -1,
      3660, 3687, 3689, -1,
      3660, 3689, 3662, -1,
      3662, 3689, 3691, -1,
      3662, 3691, 3664, -1,
      3664, 3691, 3672, -1,
      3664, 3672, 3644, -1,
      3644, 3672, 3670, -1,
      3644, 3670, 3642, -1,
      3642, 3670, 3668, -1,
      3642, 3668, 3640, -1,
      156, 3640, 153, -1,
      153, 3640, 3668, -1,
      3667, 3641, 155, -1,
      155, 3641, 158, -1,
      3641, 3667, 3643, -1,
      3643, 3667, 3669, -1,
      3643, 3669, 3666, -1,
      3666, 3669, 3671, -1,
      3666, 3671, 3665, -1,
      3665, 3671, 3693, -1,
      3665, 3693, 3663, -1,
      3663, 3693, 3692, -1,
      3663, 3692, 3661, -1,
      3661, 3692, 3690, -1,
      3661, 3690, 3659, -1,
      3659, 3690, 3688, -1,
      3657, 3659, 3686, -1,
      3686, 3659, 3688, -1,
      3657, 3686, 3684, -1,
      3657, 3684, 3655, -1,
      3655, 3684, 3682, -1,
      3655, 3682, 3653, -1,
      3653, 3682, 3680, -1,
      3653, 3680, 3651, -1,
      3651, 3680, 3678, -1,
      3651, 3678, 3649, -1,
      3649, 3678, 3676, -1,
      3649, 3676, 3647, -1,
      152, 154, 3694, -1,
      3694, 154, 3695, -1,
      3694, 3695, 3696, -1,
      3696, 3695, 3697, -1,
      3696, 3697, 3698, -1,
      3699, 3700, 3701, -1,
      3701, 3700, 3702, -1,
      3701, 3702, 3703, -1,
      3703, 3702, 3704, -1,
      3703, 3704, 3705, -1,
      3705, 3704, 3706, -1,
      3705, 3706, 3707, -1,
      3707, 3706, 3708, -1,
      3707, 3708, 3709, -1,
      3709, 3708, 3710, -1,
      3709, 3710, 3711, -1,
      3711, 3710, 3712, -1,
      3711, 3712, 3713, -1,
      3713, 3712, 3714, -1,
      3713, 3714, 3715, -1,
      3715, 3714, 3716, -1,
      3715, 3716, 3717, -1,
      3717, 3716, 3718, -1,
      3717, 3718, 3719, -1,
      3719, 3718, 3698, -1,
      3719, 3698, 3720, -1,
      3720, 3698, 3697, -1,
      151, 149, 3721, -1,
      3721, 149, 3722, -1,
      3721, 3722, 3723, -1,
      3723, 3722, 3724, -1,
      3723, 3724, 3725, -1,
      3725, 3724, 3726, -1,
      3727, 3728, 3729, -1,
      3729, 3728, 3730, -1,
      3729, 3730, 3731, -1,
      3731, 3730, 3732, -1,
      3731, 3732, 3733, -1,
      3733, 3732, 3734, -1,
      3733, 3734, 3735, -1,
      3735, 3734, 3736, -1,
      3735, 3736, 3737, -1,
      3737, 3736, 3738, -1,
      3737, 3738, 3739, -1,
      3739, 3738, 3740, -1,
      3739, 3740, 3741, -1,
      3741, 3740, 3742, -1,
      3741, 3742, 3743, -1,
      3743, 3742, 3744, -1,
      3743, 3744, 3745, -1,
      3745, 3744, 3746, -1,
      3745, 3746, 3726, -1,
      3726, 3746, 3747, -1,
      3726, 3747, 3725, -1,
      3699, 3701, 3728, -1,
      3728, 3701, 3730, -1,
      3700, 3699, 3727, -1,
      3727, 3699, 3728, -1,
      3702, 3700, 3729, -1,
      3729, 3700, 3727, -1,
      3702, 3729, 3704, -1,
      3704, 3729, 3731, -1,
      3704, 3731, 3706, -1,
      3706, 3731, 3733, -1,
      3706, 3733, 3708, -1,
      3708, 3733, 3735, -1,
      3708, 3735, 3710, -1,
      3710, 3735, 3737, -1,
      3710, 3737, 3712, -1,
      3712, 3737, 3739, -1,
      3714, 3712, 3741, -1,
      3741, 3712, 3739, -1,
      3714, 3741, 3743, -1,
      3714, 3743, 3716, -1,
      3716, 3743, 3745, -1,
      3716, 3745, 3718, -1,
      3718, 3745, 3726, -1,
      3718, 3726, 3698, -1,
      3698, 3726, 3724, -1,
      3698, 3724, 3696, -1,
      3696, 3724, 3722, -1,
      3696, 3722, 3694, -1,
      152, 3694, 149, -1,
      149, 3694, 3722, -1,
      3721, 3695, 151, -1,
      151, 3695, 154, -1,
      3695, 3721, 3697, -1,
      3697, 3721, 3723, -1,
      3697, 3723, 3720, -1,
      3720, 3723, 3725, -1,
      3720, 3725, 3719, -1,
      3719, 3725, 3747, -1,
      3719, 3747, 3717, -1,
      3717, 3747, 3746, -1,
      3717, 3746, 3715, -1,
      3715, 3746, 3744, -1,
      3715, 3744, 3713, -1,
      3713, 3744, 3742, -1,
      3711, 3713, 3740, -1,
      3740, 3713, 3742, -1,
      3711, 3740, 3738, -1,
      3711, 3738, 3709, -1,
      3709, 3738, 3736, -1,
      3709, 3736, 3707, -1,
      3707, 3736, 3734, -1,
      3707, 3734, 3705, -1,
      3705, 3734, 3732, -1,
      3705, 3732, 3703, -1,
      3703, 3732, 3730, -1,
      3703, 3730, 3701, -1,
      148, 150, 3748, -1,
      3748, 150, 3749, -1,
      3748, 3749, 3750, -1,
      3750, 3749, 3751, -1,
      3750, 3751, 3752, -1,
      3753, 3754, 3755, -1,
      3755, 3754, 3756, -1,
      3755, 3756, 3757, -1,
      3757, 3756, 3758, -1,
      3757, 3758, 3759, -1,
      3759, 3758, 3760, -1,
      3759, 3760, 3761, -1,
      3761, 3760, 3762, -1,
      3761, 3762, 3763, -1,
      3763, 3762, 3764, -1,
      3763, 3764, 3765, -1,
      3765, 3764, 3766, -1,
      3765, 3766, 3767, -1,
      3767, 3766, 3768, -1,
      3767, 3768, 3769, -1,
      3769, 3768, 3770, -1,
      3769, 3770, 3771, -1,
      3771, 3770, 3772, -1,
      3771, 3772, 3773, -1,
      3773, 3772, 3752, -1,
      3773, 3752, 3774, -1,
      3774, 3752, 3751, -1,
      147, 145, 3775, -1,
      3775, 145, 3776, -1,
      3775, 3776, 3777, -1,
      3777, 3776, 3778, -1,
      3777, 3778, 3779, -1,
      3779, 3778, 3780, -1,
      3781, 3782, 3783, -1,
      3783, 3782, 3784, -1,
      3783, 3784, 3785, -1,
      3785, 3784, 3786, -1,
      3785, 3786, 3787, -1,
      3787, 3786, 3788, -1,
      3787, 3788, 3789, -1,
      3789, 3788, 3790, -1,
      3789, 3790, 3791, -1,
      3791, 3790, 3792, -1,
      3791, 3792, 3793, -1,
      3793, 3792, 3794, -1,
      3793, 3794, 3795, -1,
      3795, 3794, 3796, -1,
      3795, 3796, 3797, -1,
      3797, 3796, 3798, -1,
      3797, 3798, 3799, -1,
      3799, 3798, 3800, -1,
      3799, 3800, 3780, -1,
      3780, 3800, 3801, -1,
      3780, 3801, 3779, -1,
      3753, 3755, 3782, -1,
      3782, 3755, 3784, -1,
      3754, 3753, 3781, -1,
      3781, 3753, 3782, -1,
      3756, 3754, 3783, -1,
      3783, 3754, 3781, -1,
      3756, 3783, 3758, -1,
      3758, 3783, 3785, -1,
      3758, 3785, 3760, -1,
      3760, 3785, 3787, -1,
      3760, 3787, 3762, -1,
      3762, 3787, 3789, -1,
      3762, 3789, 3764, -1,
      3764, 3789, 3791, -1,
      3764, 3791, 3766, -1,
      3766, 3791, 3793, -1,
      3768, 3766, 3795, -1,
      3795, 3766, 3793, -1,
      3768, 3795, 3797, -1,
      3768, 3797, 3770, -1,
      3770, 3797, 3799, -1,
      3770, 3799, 3772, -1,
      3772, 3799, 3780, -1,
      3772, 3780, 3752, -1,
      3752, 3780, 3778, -1,
      3752, 3778, 3750, -1,
      3750, 3778, 3776, -1,
      3750, 3776, 3748, -1,
      148, 3748, 145, -1,
      145, 3748, 3776, -1,
      3775, 3749, 147, -1,
      147, 3749, 150, -1,
      3749, 3775, 3751, -1,
      3751, 3775, 3777, -1,
      3751, 3777, 3774, -1,
      3774, 3777, 3779, -1,
      3774, 3779, 3773, -1,
      3773, 3779, 3801, -1,
      3773, 3801, 3771, -1,
      3771, 3801, 3800, -1,
      3771, 3800, 3769, -1,
      3769, 3800, 3798, -1,
      3769, 3798, 3767, -1,
      3767, 3798, 3796, -1,
      3765, 3767, 3794, -1,
      3794, 3767, 3796, -1,
      3765, 3794, 3792, -1,
      3765, 3792, 3763, -1,
      3763, 3792, 3790, -1,
      3763, 3790, 3761, -1,
      3761, 3790, 3788, -1,
      3761, 3788, 3759, -1,
      3759, 3788, 3786, -1,
      3759, 3786, 3757, -1,
      3757, 3786, 3784, -1,
      3757, 3784, 3755, -1,
      144, 146, 3802, -1,
      3802, 146, 3803, -1,
      3802, 3803, 3804, -1,
      3804, 3803, 3805, -1,
      3804, 3805, 3806, -1,
      3807, 3808, 3809, -1,
      3809, 3808, 3810, -1,
      3809, 3810, 3811, -1,
      3811, 3810, 3812, -1,
      3811, 3812, 3813, -1,
      3813, 3812, 3814, -1,
      3813, 3814, 3815, -1,
      3815, 3814, 3816, -1,
      3815, 3816, 3817, -1,
      3817, 3816, 3818, -1,
      3817, 3818, 3819, -1,
      3819, 3818, 3820, -1,
      3819, 3820, 3821, -1,
      3821, 3820, 3822, -1,
      3821, 3822, 3823, -1,
      3823, 3822, 3824, -1,
      3823, 3824, 3825, -1,
      3825, 3824, 3826, -1,
      3825, 3826, 3827, -1,
      3827, 3826, 3806, -1,
      3827, 3806, 3828, -1,
      3828, 3806, 3805, -1,
      143, 141, 3829, -1,
      3829, 141, 3830, -1,
      3829, 3830, 3831, -1,
      3831, 3830, 3832, -1,
      3831, 3832, 3833, -1,
      3833, 3832, 3834, -1,
      3835, 3836, 3837, -1,
      3837, 3836, 3838, -1,
      3837, 3838, 3839, -1,
      3839, 3838, 3840, -1,
      3839, 3840, 3841, -1,
      3841, 3840, 3842, -1,
      3841, 3842, 3843, -1,
      3843, 3842, 3844, -1,
      3843, 3844, 3845, -1,
      3845, 3844, 3846, -1,
      3845, 3846, 3847, -1,
      3847, 3846, 3848, -1,
      3847, 3848, 3849, -1,
      3849, 3848, 3850, -1,
      3849, 3850, 3851, -1,
      3851, 3850, 3852, -1,
      3851, 3852, 3853, -1,
      3853, 3852, 3854, -1,
      3853, 3854, 3834, -1,
      3834, 3854, 3855, -1,
      3834, 3855, 3833, -1,
      3807, 3809, 3836, -1,
      3836, 3809, 3838, -1,
      3808, 3807, 3835, -1,
      3835, 3807, 3836, -1,
      3810, 3808, 3837, -1,
      3837, 3808, 3835, -1,
      3810, 3837, 3812, -1,
      3812, 3837, 3839, -1,
      3812, 3839, 3814, -1,
      3814, 3839, 3841, -1,
      3814, 3841, 3816, -1,
      3816, 3841, 3843, -1,
      3816, 3843, 3818, -1,
      3818, 3843, 3845, -1,
      3818, 3845, 3820, -1,
      3820, 3845, 3847, -1,
      3822, 3820, 3849, -1,
      3849, 3820, 3847, -1,
      3822, 3849, 3851, -1,
      3822, 3851, 3824, -1,
      3824, 3851, 3853, -1,
      3824, 3853, 3826, -1,
      3826, 3853, 3834, -1,
      3826, 3834, 3806, -1,
      3806, 3834, 3832, -1,
      3806, 3832, 3804, -1,
      3804, 3832, 3830, -1,
      3804, 3830, 3802, -1,
      144, 3802, 141, -1,
      141, 3802, 3830, -1,
      3829, 3803, 143, -1,
      143, 3803, 146, -1,
      3803, 3829, 3805, -1,
      3805, 3829, 3831, -1,
      3805, 3831, 3828, -1,
      3828, 3831, 3833, -1,
      3828, 3833, 3827, -1,
      3827, 3833, 3855, -1,
      3827, 3855, 3825, -1,
      3825, 3855, 3854, -1,
      3825, 3854, 3823, -1,
      3823, 3854, 3852, -1,
      3823, 3852, 3821, -1,
      3821, 3852, 3850, -1,
      3819, 3821, 3848, -1,
      3848, 3821, 3850, -1,
      3819, 3848, 3846, -1,
      3819, 3846, 3817, -1,
      3817, 3846, 3844, -1,
      3817, 3844, 3815, -1,
      3815, 3844, 3842, -1,
      3815, 3842, 3813, -1,
      3813, 3842, 3840, -1,
      3813, 3840, 3811, -1,
      3811, 3840, 3838, -1,
      3811, 3838, 3809, -1,
      140, 142, 3856, -1,
      3856, 142, 3857, -1,
      3856, 3857, 3858, -1,
      3858, 3857, 3859, -1,
      3858, 3859, 3860, -1,
      3861, 3862, 3863, -1,
      3863, 3862, 3864, -1,
      3863, 3864, 3865, -1,
      3865, 3864, 3866, -1,
      3865, 3866, 3867, -1,
      3867, 3866, 3868, -1,
      3867, 3868, 3869, -1,
      3869, 3868, 3870, -1,
      3869, 3870, 3871, -1,
      3871, 3870, 3872, -1,
      3871, 3872, 3873, -1,
      3873, 3872, 3874, -1,
      3873, 3874, 3875, -1,
      3875, 3874, 3876, -1,
      3875, 3876, 3877, -1,
      3877, 3876, 3878, -1,
      3877, 3878, 3879, -1,
      3879, 3878, 3880, -1,
      3879, 3880, 3881, -1,
      3881, 3880, 3860, -1,
      3881, 3860, 3882, -1,
      3882, 3860, 3859, -1,
      139, 137, 3883, -1,
      3883, 137, 3884, -1,
      3883, 3884, 3885, -1,
      3885, 3884, 3886, -1,
      3885, 3886, 3887, -1,
      3887, 3886, 3888, -1,
      3889, 3890, 3891, -1,
      3891, 3890, 3892, -1,
      3891, 3892, 3893, -1,
      3893, 3892, 3894, -1,
      3893, 3894, 3895, -1,
      3895, 3894, 3896, -1,
      3895, 3896, 3897, -1,
      3897, 3896, 3898, -1,
      3897, 3898, 3899, -1,
      3899, 3898, 3900, -1,
      3899, 3900, 3901, -1,
      3901, 3900, 3902, -1,
      3901, 3902, 3903, -1,
      3903, 3902, 3904, -1,
      3903, 3904, 3905, -1,
      3905, 3904, 3906, -1,
      3905, 3906, 3907, -1,
      3907, 3906, 3908, -1,
      3907, 3908, 3888, -1,
      3888, 3908, 3909, -1,
      3888, 3909, 3887, -1,
      3861, 3863, 3890, -1,
      3890, 3863, 3892, -1,
      3862, 3861, 3889, -1,
      3889, 3861, 3890, -1,
      3864, 3862, 3891, -1,
      3891, 3862, 3889, -1,
      3864, 3891, 3866, -1,
      3866, 3891, 3893, -1,
      3866, 3893, 3868, -1,
      3868, 3893, 3895, -1,
      3868, 3895, 3870, -1,
      3870, 3895, 3897, -1,
      3870, 3897, 3872, -1,
      3872, 3897, 3899, -1,
      3872, 3899, 3874, -1,
      3874, 3899, 3901, -1,
      3876, 3874, 3903, -1,
      3903, 3874, 3901, -1,
      3876, 3903, 3905, -1,
      3876, 3905, 3878, -1,
      3878, 3905, 3907, -1,
      3878, 3907, 3880, -1,
      3880, 3907, 3888, -1,
      3880, 3888, 3860, -1,
      3860, 3888, 3886, -1,
      3860, 3886, 3858, -1,
      3858, 3886, 3884, -1,
      3858, 3884, 3856, -1,
      140, 3856, 137, -1,
      137, 3856, 3884, -1,
      3883, 3857, 139, -1,
      139, 3857, 142, -1,
      3857, 3883, 3859, -1,
      3859, 3883, 3885, -1,
      3859, 3885, 3882, -1,
      3882, 3885, 3887, -1,
      3882, 3887, 3881, -1,
      3881, 3887, 3909, -1,
      3881, 3909, 3879, -1,
      3879, 3909, 3908, -1,
      3879, 3908, 3877, -1,
      3877, 3908, 3906, -1,
      3877, 3906, 3875, -1,
      3875, 3906, 3904, -1,
      3873, 3875, 3902, -1,
      3902, 3875, 3904, -1,
      3873, 3902, 3900, -1,
      3873, 3900, 3871, -1,
      3871, 3900, 3898, -1,
      3871, 3898, 3869, -1,
      3869, 3898, 3896, -1,
      3869, 3896, 3867, -1,
      3867, 3896, 3894, -1,
      3867, 3894, 3865, -1,
      3865, 3894, 3892, -1,
      3865, 3892, 3863, -1,
      136, 138, 3910, -1,
      3910, 138, 3911, -1,
      3910, 3911, 3912, -1,
      3912, 3911, 3913, -1,
      3912, 3913, 3914, -1,
      3915, 3916, 3917, -1,
      3917, 3916, 3918, -1,
      3917, 3918, 3919, -1,
      3919, 3918, 3920, -1,
      3919, 3920, 3921, -1,
      3921, 3920, 3922, -1,
      3921, 3922, 3923, -1,
      3923, 3922, 3924, -1,
      3923, 3924, 3925, -1,
      3925, 3924, 3926, -1,
      3925, 3926, 3927, -1,
      3927, 3926, 3928, -1,
      3927, 3928, 3929, -1,
      3929, 3928, 3930, -1,
      3929, 3930, 3931, -1,
      3931, 3930, 3932, -1,
      3931, 3932, 3933, -1,
      3933, 3932, 3934, -1,
      3933, 3934, 3935, -1,
      3935, 3934, 3914, -1,
      3935, 3914, 3936, -1,
      3936, 3914, 3913, -1,
      135, 133, 3937, -1,
      3937, 133, 3938, -1,
      3937, 3938, 3939, -1,
      3939, 3938, 3940, -1,
      3939, 3940, 3941, -1,
      3941, 3940, 3942, -1,
      3943, 3944, 3945, -1,
      3945, 3944, 3946, -1,
      3945, 3946, 3947, -1,
      3947, 3946, 3948, -1,
      3947, 3948, 3949, -1,
      3949, 3948, 3950, -1,
      3949, 3950, 3951, -1,
      3951, 3950, 3952, -1,
      3951, 3952, 3953, -1,
      3953, 3952, 3954, -1,
      3953, 3954, 3955, -1,
      3955, 3954, 3956, -1,
      3955, 3956, 3957, -1,
      3957, 3956, 3958, -1,
      3957, 3958, 3959, -1,
      3959, 3958, 3960, -1,
      3959, 3960, 3961, -1,
      3961, 3960, 3962, -1,
      3961, 3962, 3942, -1,
      3942, 3962, 3963, -1,
      3942, 3963, 3941, -1,
      3915, 3917, 3944, -1,
      3944, 3917, 3946, -1,
      3916, 3915, 3943, -1,
      3943, 3915, 3944, -1,
      3918, 3916, 3945, -1,
      3945, 3916, 3943, -1,
      3918, 3945, 3920, -1,
      3920, 3945, 3947, -1,
      3920, 3947, 3922, -1,
      3922, 3947, 3949, -1,
      3922, 3949, 3924, -1,
      3924, 3949, 3951, -1,
      3924, 3951, 3926, -1,
      3926, 3951, 3953, -1,
      3926, 3953, 3928, -1,
      3928, 3953, 3955, -1,
      3930, 3928, 3957, -1,
      3957, 3928, 3955, -1,
      3930, 3957, 3959, -1,
      3930, 3959, 3932, -1,
      3932, 3959, 3961, -1,
      3932, 3961, 3934, -1,
      3934, 3961, 3942, -1,
      3934, 3942, 3914, -1,
      3914, 3942, 3940, -1,
      3914, 3940, 3912, -1,
      3912, 3940, 3938, -1,
      3912, 3938, 3910, -1,
      136, 3910, 133, -1,
      133, 3910, 3938, -1,
      3937, 3911, 135, -1,
      135, 3911, 138, -1,
      3911, 3937, 3913, -1,
      3913, 3937, 3939, -1,
      3913, 3939, 3936, -1,
      3936, 3939, 3941, -1,
      3936, 3941, 3935, -1,
      3935, 3941, 3963, -1,
      3935, 3963, 3933, -1,
      3933, 3963, 3962, -1,
      3933, 3962, 3931, -1,
      3931, 3962, 3960, -1,
      3931, 3960, 3929, -1,
      3929, 3960, 3958, -1,
      3927, 3929, 3956, -1,
      3956, 3929, 3958, -1,
      3927, 3956, 3954, -1,
      3927, 3954, 3925, -1,
      3925, 3954, 3952, -1,
      3925, 3952, 3923, -1,
      3923, 3952, 3950, -1,
      3923, 3950, 3921, -1,
      3921, 3950, 3948, -1,
      3921, 3948, 3919, -1,
      3919, 3948, 3946, -1,
      3919, 3946, 3917, -1,
      132, 134, 3964, -1,
      3964, 134, 3965, -1,
      3964, 3965, 3966, -1,
      3966, 3965, 3967, -1,
      3966, 3967, 3968, -1,
      3969, 3970, 3971, -1,
      3971, 3970, 3972, -1,
      3971, 3972, 3973, -1,
      3973, 3972, 3974, -1,
      3973, 3974, 3975, -1,
      3975, 3974, 3976, -1,
      3975, 3976, 3977, -1,
      3977, 3976, 3978, -1,
      3977, 3978, 3979, -1,
      3979, 3978, 3980, -1,
      3979, 3980, 3981, -1,
      3981, 3980, 3982, -1,
      3981, 3982, 3983, -1,
      3983, 3982, 3984, -1,
      3983, 3984, 3985, -1,
      3985, 3984, 3986, -1,
      3985, 3986, 3987, -1,
      3987, 3986, 3988, -1,
      3987, 3988, 3989, -1,
      3989, 3988, 3968, -1,
      3989, 3968, 3990, -1,
      3990, 3968, 3967, -1,
      131, 129, 3991, -1,
      3991, 129, 3992, -1,
      3991, 3992, 3993, -1,
      3993, 3992, 3994, -1,
      3993, 3994, 3995, -1,
      3995, 3994, 3996, -1,
      3997, 3998, 3999, -1,
      3999, 3998, 4000, -1,
      3999, 4000, 4001, -1,
      4001, 4000, 4002, -1,
      4001, 4002, 4003, -1,
      4003, 4002, 4004, -1,
      4003, 4004, 4005, -1,
      4005, 4004, 4006, -1,
      4005, 4006, 4007, -1,
      4007, 4006, 4008, -1,
      4007, 4008, 4009, -1,
      4009, 4008, 4010, -1,
      4009, 4010, 4011, -1,
      4011, 4010, 4012, -1,
      4011, 4012, 4013, -1,
      4013, 4012, 4014, -1,
      4013, 4014, 4015, -1,
      4015, 4014, 4016, -1,
      4015, 4016, 3996, -1,
      3996, 4016, 4017, -1,
      3996, 4017, 3995, -1,
      3969, 3971, 3998, -1,
      3998, 3971, 4000, -1,
      3970, 3969, 3997, -1,
      3997, 3969, 3998, -1,
      3972, 3970, 3999, -1,
      3999, 3970, 3997, -1,
      3972, 3999, 3974, -1,
      3974, 3999, 4001, -1,
      3974, 4001, 3976, -1,
      3976, 4001, 4003, -1,
      3976, 4003, 3978, -1,
      3978, 4003, 4005, -1,
      3978, 4005, 3980, -1,
      3980, 4005, 4007, -1,
      3980, 4007, 3982, -1,
      3982, 4007, 4009, -1,
      3984, 3982, 4011, -1,
      4011, 3982, 4009, -1,
      3984, 4011, 4013, -1,
      3984, 4013, 3986, -1,
      3986, 4013, 4015, -1,
      3986, 4015, 3988, -1,
      3988, 4015, 3996, -1,
      3988, 3996, 3968, -1,
      3968, 3996, 3994, -1,
      3968, 3994, 3966, -1,
      3966, 3994, 3992, -1,
      3966, 3992, 3964, -1,
      132, 3964, 129, -1,
      129, 3964, 3992, -1,
      3991, 3965, 131, -1,
      131, 3965, 134, -1,
      3965, 3991, 3967, -1,
      3967, 3991, 3993, -1,
      3967, 3993, 3990, -1,
      3990, 3993, 3995, -1,
      3990, 3995, 3989, -1,
      3989, 3995, 4017, -1,
      3989, 4017, 3987, -1,
      3987, 4017, 4016, -1,
      3987, 4016, 3985, -1,
      3985, 4016, 4014, -1,
      3985, 4014, 3983, -1,
      3983, 4014, 4012, -1,
      3981, 3983, 4010, -1,
      4010, 3983, 4012, -1,
      3981, 4010, 4008, -1,
      3981, 4008, 3979, -1,
      3979, 4008, 4006, -1,
      3979, 4006, 3977, -1,
      3977, 4006, 4004, -1,
      3977, 4004, 3975, -1,
      3975, 4004, 4002, -1,
      3975, 4002, 3973, -1,
      3973, 4002, 4000, -1,
      3973, 4000, 3971, -1,
      128, 130, 4018, -1,
      4018, 130, 4019, -1,
      4018, 4019, 4020, -1,
      4020, 4019, 4021, -1,
      4020, 4021, 4022, -1,
      4023, 4024, 4025, -1,
      4025, 4024, 4026, -1,
      4025, 4026, 4027, -1,
      4027, 4026, 4028, -1,
      4027, 4028, 4029, -1,
      4029, 4028, 4030, -1,
      4029, 4030, 4031, -1,
      4031, 4030, 4032, -1,
      4031, 4032, 4033, -1,
      4033, 4032, 4034, -1,
      4033, 4034, 4035, -1,
      4035, 4034, 4036, -1,
      4035, 4036, 4037, -1,
      4037, 4036, 4038, -1,
      4037, 4038, 4039, -1,
      4039, 4038, 4040, -1,
      4039, 4040, 4041, -1,
      4041, 4040, 4042, -1,
      4041, 4042, 4043, -1,
      4043, 4042, 4022, -1,
      4043, 4022, 4044, -1,
      4044, 4022, 4021, -1,
      127, 125, 4045, -1,
      4045, 125, 4046, -1,
      4045, 4046, 4047, -1,
      4047, 4046, 4048, -1,
      4047, 4048, 4049, -1,
      4049, 4048, 4050, -1,
      4051, 4052, 4053, -1,
      4053, 4052, 4054, -1,
      4053, 4054, 4055, -1,
      4055, 4054, 4056, -1,
      4055, 4056, 4057, -1,
      4057, 4056, 4058, -1,
      4057, 4058, 4059, -1,
      4059, 4058, 4060, -1,
      4059, 4060, 4061, -1,
      4061, 4060, 4062, -1,
      4061, 4062, 4063, -1,
      4063, 4062, 4064, -1,
      4063, 4064, 4065, -1,
      4065, 4064, 4066, -1,
      4065, 4066, 4067, -1,
      4067, 4066, 4068, -1,
      4067, 4068, 4069, -1,
      4069, 4068, 4070, -1,
      4069, 4070, 4050, -1,
      4050, 4070, 4071, -1,
      4050, 4071, 4049, -1,
      4023, 4025, 4052, -1,
      4052, 4025, 4054, -1,
      4024, 4023, 4051, -1,
      4051, 4023, 4052, -1,
      4026, 4024, 4053, -1,
      4053, 4024, 4051, -1,
      4026, 4053, 4028, -1,
      4028, 4053, 4055, -1,
      4028, 4055, 4030, -1,
      4030, 4055, 4057, -1,
      4030, 4057, 4032, -1,
      4032, 4057, 4059, -1,
      4032, 4059, 4034, -1,
      4034, 4059, 4061, -1,
      4034, 4061, 4036, -1,
      4036, 4061, 4063, -1,
      4038, 4036, 4065, -1,
      4065, 4036, 4063, -1,
      4038, 4065, 4067, -1,
      4038, 4067, 4040, -1,
      4040, 4067, 4069, -1,
      4040, 4069, 4042, -1,
      4042, 4069, 4050, -1,
      4042, 4050, 4022, -1,
      4022, 4050, 4048, -1,
      4022, 4048, 4020, -1,
      4020, 4048, 4046, -1,
      4020, 4046, 4018, -1,
      128, 4018, 125, -1,
      125, 4018, 4046, -1,
      4045, 4019, 127, -1,
      127, 4019, 130, -1,
      4019, 4045, 4021, -1,
      4021, 4045, 4047, -1,
      4021, 4047, 4044, -1,
      4044, 4047, 4049, -1,
      4044, 4049, 4043, -1,
      4043, 4049, 4071, -1,
      4043, 4071, 4041, -1,
      4041, 4071, 4070, -1,
      4041, 4070, 4039, -1,
      4039, 4070, 4068, -1,
      4039, 4068, 4037, -1,
      4037, 4068, 4066, -1,
      4035, 4037, 4064, -1,
      4064, 4037, 4066, -1,
      4035, 4064, 4062, -1,
      4035, 4062, 4033, -1,
      4033, 4062, 4060, -1,
      4033, 4060, 4031, -1,
      4031, 4060, 4058, -1,
      4031, 4058, 4029, -1,
      4029, 4058, 4056, -1,
      4029, 4056, 4027, -1,
      4027, 4056, 4054, -1,
      4027, 4054, 4025, -1,
      124, 126, 4072, -1,
      4072, 126, 4073, -1,
      4072, 4073, 4074, -1,
      4074, 4073, 4075, -1,
      4074, 4075, 4076, -1,
      4077, 4078, 4079, -1,
      4079, 4078, 4080, -1,
      4079, 4080, 4081, -1,
      4081, 4080, 4082, -1,
      4081, 4082, 4083, -1,
      4083, 4082, 4084, -1,
      4083, 4084, 4085, -1,
      4085, 4084, 4086, -1,
      4085, 4086, 4087, -1,
      4087, 4086, 4088, -1,
      4087, 4088, 4089, -1,
      4089, 4088, 4090, -1,
      4089, 4090, 4091, -1,
      4091, 4090, 4092, -1,
      4091, 4092, 4093, -1,
      4093, 4092, 4094, -1,
      4093, 4094, 4095, -1,
      4095, 4094, 4096, -1,
      4095, 4096, 4097, -1,
      4097, 4096, 4076, -1,
      4097, 4076, 4098, -1,
      4098, 4076, 4075, -1,
      123, 121, 4099, -1,
      4099, 121, 4100, -1,
      4099, 4100, 4101, -1,
      4101, 4100, 4102, -1,
      4101, 4102, 4103, -1,
      4103, 4102, 4104, -1,
      4105, 4106, 4107, -1,
      4107, 4106, 4108, -1,
      4107, 4108, 4109, -1,
      4109, 4108, 4110, -1,
      4109, 4110, 4111, -1,
      4111, 4110, 4112, -1,
      4111, 4112, 4113, -1,
      4113, 4112, 4114, -1,
      4113, 4114, 4115, -1,
      4115, 4114, 4116, -1,
      4115, 4116, 4117, -1,
      4117, 4116, 4118, -1,
      4117, 4118, 4119, -1,
      4119, 4118, 4120, -1,
      4119, 4120, 4121, -1,
      4121, 4120, 4122, -1,
      4121, 4122, 4123, -1,
      4123, 4122, 4124, -1,
      4123, 4124, 4104, -1,
      4104, 4124, 4125, -1,
      4104, 4125, 4103, -1,
      4077, 4079, 4106, -1,
      4106, 4079, 4108, -1,
      4078, 4077, 4105, -1,
      4105, 4077, 4106, -1,
      4080, 4078, 4107, -1,
      4107, 4078, 4105, -1,
      4080, 4107, 4082, -1,
      4082, 4107, 4109, -1,
      4082, 4109, 4084, -1,
      4084, 4109, 4111, -1,
      4084, 4111, 4086, -1,
      4086, 4111, 4113, -1,
      4086, 4113, 4088, -1,
      4088, 4113, 4115, -1,
      4088, 4115, 4090, -1,
      4090, 4115, 4117, -1,
      4092, 4090, 4119, -1,
      4119, 4090, 4117, -1,
      4092, 4119, 4121, -1,
      4092, 4121, 4094, -1,
      4094, 4121, 4123, -1,
      4094, 4123, 4096, -1,
      4096, 4123, 4104, -1,
      4096, 4104, 4076, -1,
      4076, 4104, 4102, -1,
      4076, 4102, 4074, -1,
      4074, 4102, 4100, -1,
      4074, 4100, 4072, -1,
      124, 4072, 121, -1,
      121, 4072, 4100, -1,
      4099, 4073, 123, -1,
      123, 4073, 126, -1,
      4073, 4099, 4075, -1,
      4075, 4099, 4101, -1,
      4075, 4101, 4098, -1,
      4098, 4101, 4103, -1,
      4098, 4103, 4097, -1,
      4097, 4103, 4125, -1,
      4097, 4125, 4095, -1,
      4095, 4125, 4124, -1,
      4095, 4124, 4093, -1,
      4093, 4124, 4122, -1,
      4093, 4122, 4091, -1,
      4091, 4122, 4120, -1,
      4089, 4091, 4118, -1,
      4118, 4091, 4120, -1,
      4089, 4118, 4116, -1,
      4089, 4116, 4087, -1,
      4087, 4116, 4114, -1,
      4087, 4114, 4085, -1,
      4085, 4114, 4112, -1,
      4085, 4112, 4083, -1,
      4083, 4112, 4110, -1,
      4083, 4110, 4081, -1,
      4081, 4110, 4108, -1,
      4081, 4108, 4079, -1,
      120, 122, 4126, -1,
      4126, 122, 4127, -1,
      4126, 4127, 4128, -1,
      4128, 4127, 4129, -1,
      4128, 4129, 4130, -1,
      4131, 4132, 4133, -1,
      4133, 4132, 4134, -1,
      4133, 4134, 4135, -1,
      4135, 4134, 4136, -1,
      4135, 4136, 4137, -1,
      4137, 4136, 4138, -1,
      4137, 4138, 4139, -1,
      4139, 4138, 4140, -1,
      4139, 4140, 4141, -1,
      4141, 4140, 4142, -1,
      4141, 4142, 4143, -1,
      4143, 4142, 4144, -1,
      4143, 4144, 4145, -1,
      4145, 4144, 4146, -1,
      4145, 4146, 4147, -1,
      4147, 4146, 4148, -1,
      4147, 4148, 4149, -1,
      4149, 4148, 4150, -1,
      4149, 4150, 4151, -1,
      4151, 4150, 4130, -1,
      4151, 4130, 4152, -1,
      4152, 4130, 4129, -1,
      119, 117, 4153, -1,
      4153, 117, 4154, -1,
      4153, 4154, 4155, -1,
      4155, 4154, 4156, -1,
      4155, 4156, 4157, -1,
      4157, 4156, 4158, -1,
      4159, 4160, 4161, -1,
      4161, 4160, 4162, -1,
      4161, 4162, 4163, -1,
      4163, 4162, 4164, -1,
      4163, 4164, 4165, -1,
      4165, 4164, 4166, -1,
      4165, 4166, 4167, -1,
      4167, 4166, 4168, -1,
      4167, 4168, 4169, -1,
      4169, 4168, 4170, -1,
      4169, 4170, 4171, -1,
      4171, 4170, 4172, -1,
      4171, 4172, 4173, -1,
      4173, 4172, 4174, -1,
      4173, 4174, 4175, -1,
      4175, 4174, 4176, -1,
      4175, 4176, 4177, -1,
      4177, 4176, 4178, -1,
      4177, 4178, 4158, -1,
      4158, 4178, 4179, -1,
      4158, 4179, 4157, -1,
      4131, 4133, 4160, -1,
      4160, 4133, 4162, -1,
      4132, 4131, 4159, -1,
      4159, 4131, 4160, -1,
      4134, 4132, 4161, -1,
      4161, 4132, 4159, -1,
      4134, 4161, 4136, -1,
      4136, 4161, 4163, -1,
      4136, 4163, 4138, -1,
      4138, 4163, 4165, -1,
      4138, 4165, 4140, -1,
      4140, 4165, 4167, -1,
      4140, 4167, 4142, -1,
      4142, 4167, 4169, -1,
      4142, 4169, 4144, -1,
      4144, 4169, 4171, -1,
      4146, 4144, 4173, -1,
      4173, 4144, 4171, -1,
      4146, 4173, 4175, -1,
      4146, 4175, 4148, -1,
      4148, 4175, 4177, -1,
      4148, 4177, 4150, -1,
      4150, 4177, 4158, -1,
      4150, 4158, 4130, -1,
      4130, 4158, 4156, -1,
      4130, 4156, 4128, -1,
      4128, 4156, 4154, -1,
      4128, 4154, 4126, -1,
      120, 4126, 117, -1,
      117, 4126, 4154, -1,
      4153, 4127, 119, -1,
      119, 4127, 122, -1,
      4127, 4153, 4129, -1,
      4129, 4153, 4155, -1,
      4129, 4155, 4152, -1,
      4152, 4155, 4157, -1,
      4152, 4157, 4151, -1,
      4151, 4157, 4179, -1,
      4151, 4179, 4149, -1,
      4149, 4179, 4178, -1,
      4149, 4178, 4147, -1,
      4147, 4178, 4176, -1,
      4147, 4176, 4145, -1,
      4145, 4176, 4174, -1,
      4143, 4145, 4172, -1,
      4172, 4145, 4174, -1,
      4143, 4172, 4170, -1,
      4143, 4170, 4141, -1,
      4141, 4170, 4168, -1,
      4141, 4168, 4139, -1,
      4139, 4168, 4166, -1,
      4139, 4166, 4137, -1,
      4137, 4166, 4164, -1,
      4137, 4164, 4135, -1,
      4135, 4164, 4162, -1,
      4135, 4162, 4133, -1,
      116, 118, 4180, -1,
      4180, 118, 4181, -1,
      4180, 4181, 4182, -1,
      4182, 4181, 4183, -1,
      4182, 4183, 4184, -1,
      4185, 4186, 4187, -1,
      4187, 4186, 4188, -1,
      4187, 4188, 4189, -1,
      4189, 4188, 4190, -1,
      4189, 4190, 4191, -1,
      4191, 4190, 4192, -1,
      4191, 4192, 4193, -1,
      4193, 4192, 4194, -1,
      4193, 4194, 4195, -1,
      4195, 4194, 4196, -1,
      4195, 4196, 4197, -1,
      4197, 4196, 4198, -1,
      4197, 4198, 4199, -1,
      4199, 4198, 4200, -1,
      4199, 4200, 4201, -1,
      4201, 4200, 4202, -1,
      4201, 4202, 4203, -1,
      4203, 4202, 4204, -1,
      4203, 4204, 4205, -1,
      4205, 4204, 4184, -1,
      4205, 4184, 4206, -1,
      4206, 4184, 4183, -1,
      115, 113, 4207, -1,
      4207, 113, 4208, -1,
      4207, 4208, 4209, -1,
      4209, 4208, 4210, -1,
      4209, 4210, 4211, -1,
      4211, 4210, 4212, -1,
      4213, 4214, 4215, -1,
      4215, 4214, 4216, -1,
      4215, 4216, 4217, -1,
      4217, 4216, 4218, -1,
      4217, 4218, 4219, -1,
      4219, 4218, 4220, -1,
      4219, 4220, 4221, -1,
      4221, 4220, 4222, -1,
      4221, 4222, 4223, -1,
      4223, 4222, 4224, -1,
      4223, 4224, 4225, -1,
      4225, 4224, 4226, -1,
      4225, 4226, 4227, -1,
      4227, 4226, 4228, -1,
      4227, 4228, 4229, -1,
      4229, 4228, 4230, -1,
      4229, 4230, 4231, -1,
      4231, 4230, 4232, -1,
      4231, 4232, 4212, -1,
      4212, 4232, 4233, -1,
      4212, 4233, 4211, -1,
      4185, 4187, 4214, -1,
      4214, 4187, 4216, -1,
      4186, 4185, 4213, -1,
      4213, 4185, 4214, -1,
      4188, 4186, 4215, -1,
      4215, 4186, 4213, -1,
      4188, 4215, 4190, -1,
      4190, 4215, 4217, -1,
      4190, 4217, 4192, -1,
      4192, 4217, 4219, -1,
      4192, 4219, 4194, -1,
      4194, 4219, 4221, -1,
      4194, 4221, 4196, -1,
      4196, 4221, 4223, -1,
      4196, 4223, 4198, -1,
      4198, 4223, 4225, -1,
      4200, 4198, 4227, -1,
      4227, 4198, 4225, -1,
      4200, 4227, 4229, -1,
      4200, 4229, 4202, -1,
      4202, 4229, 4231, -1,
      4202, 4231, 4204, -1,
      4204, 4231, 4212, -1,
      4204, 4212, 4184, -1,
      4184, 4212, 4210, -1,
      4184, 4210, 4182, -1,
      4182, 4210, 4208, -1,
      4182, 4208, 4180, -1,
      116, 4180, 113, -1,
      113, 4180, 4208, -1,
      4207, 4181, 115, -1,
      115, 4181, 118, -1,
      4181, 4207, 4183, -1,
      4183, 4207, 4209, -1,
      4183, 4209, 4206, -1,
      4206, 4209, 4211, -1,
      4206, 4211, 4205, -1,
      4205, 4211, 4233, -1,
      4205, 4233, 4203, -1,
      4203, 4233, 4232, -1,
      4203, 4232, 4201, -1,
      4201, 4232, 4230, -1,
      4201, 4230, 4199, -1,
      4199, 4230, 4228, -1,
      4197, 4199, 4226, -1,
      4226, 4199, 4228, -1,
      4197, 4226, 4224, -1,
      4197, 4224, 4195, -1,
      4195, 4224, 4222, -1,
      4195, 4222, 4193, -1,
      4193, 4222, 4220, -1,
      4193, 4220, 4191, -1,
      4191, 4220, 4218, -1,
      4191, 4218, 4189, -1,
      4189, 4218, 4216, -1,
      4189, 4216, 4187, -1,
      112, 114, 4234, -1,
      4234, 114, 4235, -1,
      4234, 4235, 4236, -1,
      4236, 4235, 4237, -1,
      4236, 4237, 4238, -1,
      4239, 4240, 4241, -1,
      4241, 4240, 4242, -1,
      4241, 4242, 4243, -1,
      4243, 4242, 4244, -1,
      4243, 4244, 4245, -1,
      4245, 4244, 4246, -1,
      4245, 4246, 4247, -1,
      4247, 4246, 4248, -1,
      4247, 4248, 4249, -1,
      4249, 4248, 4250, -1,
      4249, 4250, 4251, -1,
      4251, 4250, 4252, -1,
      4251, 4252, 4253, -1,
      4253, 4252, 4254, -1,
      4253, 4254, 4255, -1,
      4255, 4254, 4256, -1,
      4255, 4256, 4257, -1,
      4257, 4256, 4258, -1,
      4257, 4258, 4259, -1,
      4259, 4258, 4238, -1,
      4259, 4238, 4260, -1,
      4260, 4238, 4237, -1,
      111, 109, 4261, -1,
      4261, 109, 4262, -1,
      4261, 4262, 4263, -1,
      4263, 4262, 4264, -1,
      4263, 4264, 4265, -1,
      4265, 4264, 4266, -1,
      4267, 4268, 4269, -1,
      4269, 4268, 4270, -1,
      4269, 4270, 4271, -1,
      4271, 4270, 4272, -1,
      4271, 4272, 4273, -1,
      4273, 4272, 4274, -1,
      4273, 4274, 4275, -1,
      4275, 4274, 4276, -1,
      4275, 4276, 4277, -1,
      4277, 4276, 4278, -1,
      4277, 4278, 4279, -1,
      4279, 4278, 4280, -1,
      4279, 4280, 4281, -1,
      4281, 4280, 4282, -1,
      4281, 4282, 4283, -1,
      4283, 4282, 4284, -1,
      4283, 4284, 4285, -1,
      4285, 4284, 4286, -1,
      4285, 4286, 4266, -1,
      4266, 4286, 4287, -1,
      4266, 4287, 4265, -1,
      4239, 4241, 4268, -1,
      4268, 4241, 4270, -1,
      4240, 4239, 4267, -1,
      4267, 4239, 4268, -1,
      4242, 4240, 4269, -1,
      4269, 4240, 4267, -1,
      4242, 4269, 4244, -1,
      4244, 4269, 4271, -1,
      4244, 4271, 4246, -1,
      4246, 4271, 4273, -1,
      4246, 4273, 4248, -1,
      4248, 4273, 4275, -1,
      4248, 4275, 4250, -1,
      4250, 4275, 4277, -1,
      4250, 4277, 4252, -1,
      4252, 4277, 4279, -1,
      4254, 4252, 4281, -1,
      4281, 4252, 4279, -1,
      4254, 4281, 4283, -1,
      4254, 4283, 4256, -1,
      4256, 4283, 4285, -1,
      4256, 4285, 4258, -1,
      4258, 4285, 4266, -1,
      4258, 4266, 4238, -1,
      4238, 4266, 4264, -1,
      4238, 4264, 4236, -1,
      4236, 4264, 4262, -1,
      4236, 4262, 4234, -1,
      112, 4234, 109, -1,
      109, 4234, 4262, -1,
      4261, 4235, 111, -1,
      111, 4235, 114, -1,
      4235, 4261, 4237, -1,
      4237, 4261, 4263, -1,
      4237, 4263, 4260, -1,
      4260, 4263, 4265, -1,
      4260, 4265, 4259, -1,
      4259, 4265, 4287, -1,
      4259, 4287, 4257, -1,
      4257, 4287, 4286, -1,
      4257, 4286, 4255, -1,
      4255, 4286, 4284, -1,
      4255, 4284, 4253, -1,
      4253, 4284, 4282, -1,
      4251, 4253, 4280, -1,
      4280, 4253, 4282, -1,
      4251, 4280, 4278, -1,
      4251, 4278, 4249, -1,
      4249, 4278, 4276, -1,
      4249, 4276, 4247, -1,
      4247, 4276, 4274, -1,
      4247, 4274, 4245, -1,
      4245, 4274, 4272, -1,
      4245, 4272, 4243, -1,
      4243, 4272, 4270, -1,
      4243, 4270, 4241, -1,
      108, 110, 4288, -1,
      4288, 110, 4289, -1,
      4288, 4289, 4290, -1,
      4290, 4289, 4291, -1,
      4290, 4291, 4292, -1,
      4293, 4294, 4295, -1,
      4295, 4294, 4296, -1,
      4295, 4296, 4297, -1,
      4297, 4296, 4298, -1,
      4297, 4298, 4299, -1,
      4299, 4298, 4300, -1,
      4299, 4300, 4301, -1,
      4301, 4300, 4302, -1,
      4301, 4302, 4303, -1,
      4303, 4302, 4304, -1,
      4303, 4304, 4305, -1,
      4305, 4304, 4306, -1,
      4305, 4306, 4307, -1,
      4307, 4306, 4308, -1,
      4307, 4308, 4309, -1,
      4309, 4308, 4310, -1,
      4309, 4310, 4311, -1,
      4311, 4310, 4312, -1,
      4311, 4312, 4313, -1,
      4313, 4312, 4292, -1,
      4313, 4292, 4314, -1,
      4314, 4292, 4291, -1,
      107, 105, 4315, -1,
      4315, 105, 4316, -1,
      4315, 4316, 4317, -1,
      4317, 4316, 4318, -1,
      4317, 4318, 4319, -1,
      4319, 4318, 4320, -1,
      4321, 4322, 4323, -1,
      4323, 4322, 4324, -1,
      4323, 4324, 4325, -1,
      4325, 4324, 4326, -1,
      4325, 4326, 4327, -1,
      4327, 4326, 4328, -1,
      4327, 4328, 4329, -1,
      4329, 4328, 4330, -1,
      4329, 4330, 4331, -1,
      4331, 4330, 4332, -1,
      4331, 4332, 4333, -1,
      4333, 4332, 4334, -1,
      4333, 4334, 4335, -1,
      4335, 4334, 4336, -1,
      4335, 4336, 4337, -1,
      4337, 4336, 4338, -1,
      4337, 4338, 4339, -1,
      4339, 4338, 4340, -1,
      4339, 4340, 4320, -1,
      4320, 4340, 4341, -1,
      4320, 4341, 4319, -1,
      4293, 4295, 4322, -1,
      4322, 4295, 4324, -1,
      4294, 4293, 4321, -1,
      4321, 4293, 4322, -1,
      4296, 4294, 4323, -1,
      4323, 4294, 4321, -1,
      4296, 4323, 4298, -1,
      4298, 4323, 4325, -1,
      4298, 4325, 4300, -1,
      4300, 4325, 4327, -1,
      4300, 4327, 4302, -1,
      4302, 4327, 4329, -1,
      4302, 4329, 4304, -1,
      4304, 4329, 4331, -1,
      4304, 4331, 4306, -1,
      4306, 4331, 4333, -1,
      4308, 4306, 4335, -1,
      4335, 4306, 4333, -1,
      4308, 4335, 4337, -1,
      4308, 4337, 4310, -1,
      4310, 4337, 4339, -1,
      4310, 4339, 4312, -1,
      4312, 4339, 4320, -1,
      4312, 4320, 4292, -1,
      4292, 4320, 4318, -1,
      4292, 4318, 4290, -1,
      4290, 4318, 4316, -1,
      4290, 4316, 4288, -1,
      108, 4288, 105, -1,
      105, 4288, 4316, -1,
      4315, 4289, 107, -1,
      107, 4289, 110, -1,
      4289, 4315, 4291, -1,
      4291, 4315, 4317, -1,
      4291, 4317, 4314, -1,
      4314, 4317, 4319, -1,
      4314, 4319, 4313, -1,
      4313, 4319, 4341, -1,
      4313, 4341, 4311, -1,
      4311, 4341, 4340, -1,
      4311, 4340, 4309, -1,
      4309, 4340, 4338, -1,
      4309, 4338, 4307, -1,
      4307, 4338, 4336, -1,
      4305, 4307, 4334, -1,
      4334, 4307, 4336, -1,
      4305, 4334, 4332, -1,
      4305, 4332, 4303, -1,
      4303, 4332, 4330, -1,
      4303, 4330, 4301, -1,
      4301, 4330, 4328, -1,
      4301, 4328, 4299, -1,
      4299, 4328, 4326, -1,
      4299, 4326, 4297, -1,
      4297, 4326, 4324, -1,
      4297, 4324, 4295, -1,
      104, 106, 4342, -1,
      4342, 106, 4343, -1,
      4342, 4343, 4344, -1,
      4344, 4343, 4345, -1,
      4344, 4345, 4346, -1,
      4347, 4348, 4349, -1,
      4349, 4348, 4350, -1,
      4349, 4350, 4351, -1,
      4351, 4350, 4352, -1,
      4351, 4352, 4353, -1,
      4353, 4352, 4354, -1,
      4353, 4354, 4355, -1,
      4355, 4354, 4356, -1,
      4355, 4356, 4357, -1,
      4357, 4356, 4358, -1,
      4357, 4358, 4359, -1,
      4359, 4358, 4360, -1,
      4359, 4360, 4361, -1,
      4361, 4360, 4362, -1,
      4361, 4362, 4363, -1,
      4363, 4362, 4364, -1,
      4363, 4364, 4365, -1,
      4365, 4364, 4366, -1,
      4365, 4366, 4367, -1,
      4367, 4366, 4346, -1,
      4367, 4346, 4368, -1,
      4368, 4346, 4345, -1,
      103, 101, 4369, -1,
      4369, 101, 4370, -1,
      4369, 4370, 4371, -1,
      4371, 4370, 4372, -1,
      4371, 4372, 4373, -1,
      4373, 4372, 4374, -1,
      4375, 4376, 4377, -1,
      4377, 4376, 4378, -1,
      4377, 4378, 4379, -1,
      4379, 4378, 4380, -1,
      4379, 4380, 4381, -1,
      4381, 4380, 4382, -1,
      4381, 4382, 4383, -1,
      4383, 4382, 4384, -1,
      4383, 4384, 4385, -1,
      4385, 4384, 4386, -1,
      4385, 4386, 4387, -1,
      4387, 4386, 4388, -1,
      4387, 4388, 4389, -1,
      4389, 4388, 4390, -1,
      4389, 4390, 4391, -1,
      4391, 4390, 4392, -1,
      4391, 4392, 4393, -1,
      4393, 4392, 4394, -1,
      4393, 4394, 4374, -1,
      4374, 4394, 4395, -1,
      4374, 4395, 4373, -1,
      4347, 4349, 4376, -1,
      4376, 4349, 4378, -1,
      4348, 4347, 4375, -1,
      4375, 4347, 4376, -1,
      4350, 4348, 4377, -1,
      4377, 4348, 4375, -1,
      4350, 4377, 4352, -1,
      4352, 4377, 4379, -1,
      4352, 4379, 4354, -1,
      4354, 4379, 4381, -1,
      4354, 4381, 4356, -1,
      4356, 4381, 4383, -1,
      4356, 4383, 4358, -1,
      4358, 4383, 4385, -1,
      4358, 4385, 4360, -1,
      4360, 4385, 4387, -1,
      4362, 4360, 4389, -1,
      4389, 4360, 4387, -1,
      4362, 4389, 4391, -1,
      4362, 4391, 4364, -1,
      4364, 4391, 4393, -1,
      4364, 4393, 4366, -1,
      4366, 4393, 4374, -1,
      4366, 4374, 4346, -1,
      4346, 4374, 4372, -1,
      4346, 4372, 4344, -1,
      4344, 4372, 4370, -1,
      4344, 4370, 4342, -1,
      104, 4342, 101, -1,
      101, 4342, 4370, -1,
      4369, 4343, 103, -1,
      103, 4343, 106, -1,
      4343, 4369, 4345, -1,
      4345, 4369, 4371, -1,
      4345, 4371, 4368, -1,
      4368, 4371, 4373, -1,
      4368, 4373, 4367, -1,
      4367, 4373, 4395, -1,
      4367, 4395, 4365, -1,
      4365, 4395, 4394, -1,
      4365, 4394, 4363, -1,
      4363, 4394, 4392, -1,
      4363, 4392, 4361, -1,
      4361, 4392, 4390, -1,
      4359, 4361, 4388, -1,
      4388, 4361, 4390, -1,
      4359, 4388, 4386, -1,
      4359, 4386, 4357, -1,
      4357, 4386, 4384, -1,
      4357, 4384, 4355, -1,
      4355, 4384, 4382, -1,
      4355, 4382, 4353, -1,
      4353, 4382, 4380, -1,
      4353, 4380, 4351, -1,
      4351, 4380, 4378, -1,
      4351, 4378, 4349, -1,
      100, 102, 4396, -1,
      4396, 102, 4397, -1,
      4396, 4397, 4398, -1,
      4398, 4397, 4399, -1,
      4398, 4399, 4400, -1,
      4401, 4402, 4403, -1,
      4403, 4402, 4404, -1,
      4403, 4404, 4405, -1,
      4405, 4404, 4406, -1,
      4405, 4406, 4407, -1,
      4407, 4406, 4408, -1,
      4407, 4408, 4409, -1,
      4409, 4408, 4410, -1,
      4409, 4410, 4411, -1,
      4411, 4410, 4412, -1,
      4411, 4412, 4413, -1,
      4413, 4412, 4414, -1,
      4413, 4414, 4415, -1,
      4415, 4414, 4416, -1,
      4415, 4416, 4417, -1,
      4417, 4416, 4418, -1,
      4417, 4418, 4419, -1,
      4419, 4418, 4420, -1,
      4419, 4420, 4421, -1,
      4421, 4420, 4400, -1,
      4421, 4400, 4422, -1,
      4422, 4400, 4399, -1,
      98, 99, 4423, -1,
      4423, 99, 4424, -1,
      4423, 4424, 4425, -1,
      4425, 4424, 4426, -1,
      4425, 4426, 4427, -1,
      4427, 4426, 4428, -1,
      4429, 4430, 4431, -1,
      4431, 4430, 4432, -1,
      4431, 4432, 4433, -1,
      4433, 4432, 4434, -1,
      4433, 4434, 4435, -1,
      4435, 4434, 4436, -1,
      4435, 4436, 4437, -1,
      4437, 4436, 4438, -1,
      4437, 4438, 4439, -1,
      4439, 4438, 4440, -1,
      4439, 4440, 4441, -1,
      4441, 4440, 4442, -1,
      4441, 4442, 4443, -1,
      4443, 4442, 4444, -1,
      4443, 4444, 4445, -1,
      4445, 4444, 4446, -1,
      4445, 4446, 4447, -1,
      4447, 4446, 4448, -1,
      4447, 4448, 4428, -1,
      4428, 4448, 4449, -1,
      4428, 4449, 4427, -1,
      4401, 4403, 4430, -1,
      4430, 4403, 4432, -1,
      4402, 4401, 4429, -1,
      4429, 4401, 4430, -1,
      4404, 4402, 4431, -1,
      4431, 4402, 4429, -1,
      4404, 4431, 4406, -1,
      4406, 4431, 4433, -1,
      4406, 4433, 4408, -1,
      4408, 4433, 4435, -1,
      4408, 4435, 4410, -1,
      4410, 4435, 4437, -1,
      4410, 4437, 4412, -1,
      4412, 4437, 4439, -1,
      4412, 4439, 4414, -1,
      4414, 4439, 4441, -1,
      4416, 4414, 4443, -1,
      4443, 4414, 4441, -1,
      4416, 4443, 4445, -1,
      4416, 4445, 4418, -1,
      4418, 4445, 4447, -1,
      4418, 4447, 4420, -1,
      4420, 4447, 4428, -1,
      4420, 4428, 4400, -1,
      4400, 4428, 4426, -1,
      4400, 4426, 4398, -1,
      4398, 4426, 4424, -1,
      4398, 4424, 4396, -1,
      100, 4396, 99, -1,
      99, 4396, 4424, -1,
      4423, 4397, 98, -1,
      98, 4397, 102, -1,
      4397, 4423, 4399, -1,
      4399, 4423, 4425, -1,
      4399, 4425, 4422, -1,
      4422, 4425, 4427, -1,
      4422, 4427, 4421, -1,
      4421, 4427, 4449, -1,
      4421, 4449, 4419, -1,
      4419, 4449, 4448, -1,
      4419, 4448, 4417, -1,
      4417, 4448, 4446, -1,
      4417, 4446, 4415, -1,
      4415, 4446, 4444, -1,
      4413, 4415, 4442, -1,
      4442, 4415, 4444, -1,
      4413, 4442, 4440, -1,
      4413, 4440, 4411, -1,
      4411, 4440, 4438, -1,
      4411, 4438, 4409, -1,
      4409, 4438, 4436, -1,
      4409, 4436, 4407, -1,
      4407, 4436, 4434, -1,
      4407, 4434, 4405, -1,
      4405, 4434, 4432, -1,
      4405, 4432, 4403, -1,
      394, 395, 4450, -1,
      4450, 395, 4451, -1,
      4450, 4451, 4452, -1,
      4452, 4451, 4453, -1,
      4452, 4453, 4454, -1,
      4455, 4456, 4457, -1,
      4457, 4456, 4458, -1,
      4457, 4458, 4459, -1,
      4459, 4458, 4460, -1,
      4459, 4460, 4461, -1,
      4461, 4460, 4462, -1,
      4461, 4462, 4463, -1,
      4463, 4462, 4464, -1,
      4463, 4464, 4465, -1,
      4465, 4464, 4466, -1,
      4465, 4466, 4467, -1,
      4467, 4466, 4468, -1,
      4467, 4468, 4469, -1,
      4469, 4468, 4470, -1,
      4469, 4470, 4471, -1,
      4471, 4470, 4472, -1,
      4471, 4472, 4473, -1,
      4473, 4472, 4474, -1,
      4473, 4474, 4475, -1,
      4475, 4474, 4454, -1,
      4475, 4454, 4476, -1,
      4476, 4454, 4453, -1,
      97, 95, 4477, -1,
      4477, 95, 4478, -1,
      4477, 4478, 4479, -1,
      4479, 4478, 4480, -1,
      4479, 4480, 4481, -1,
      4481, 4480, 4482, -1,
      4483, 4484, 4485, -1,
      4485, 4484, 4486, -1,
      4485, 4486, 4487, -1,
      4487, 4486, 4488, -1,
      4487, 4488, 4489, -1,
      4489, 4488, 4490, -1,
      4489, 4490, 4491, -1,
      4491, 4490, 4492, -1,
      4491, 4492, 4493, -1,
      4493, 4492, 4494, -1,
      4493, 4494, 4495, -1,
      4495, 4494, 4496, -1,
      4495, 4496, 4497, -1,
      4497, 4496, 4498, -1,
      4497, 4498, 4499, -1,
      4499, 4498, 4500, -1,
      4499, 4500, 4501, -1,
      4501, 4500, 4502, -1,
      4501, 4502, 4482, -1,
      4482, 4502, 4503, -1,
      4482, 4503, 4481, -1,
      4455, 4457, 4484, -1,
      4484, 4457, 4486, -1,
      4456, 4455, 4483, -1,
      4483, 4455, 4484, -1,
      4458, 4456, 4485, -1,
      4485, 4456, 4483, -1,
      4458, 4485, 4460, -1,
      4460, 4485, 4487, -1,
      4460, 4487, 4462, -1,
      4462, 4487, 4489, -1,
      4462, 4489, 4464, -1,
      4464, 4489, 4491, -1,
      4464, 4491, 4466, -1,
      4466, 4491, 4493, -1,
      4466, 4493, 4468, -1,
      4468, 4493, 4495, -1,
      4470, 4468, 4497, -1,
      4497, 4468, 4495, -1,
      4470, 4497, 4499, -1,
      4470, 4499, 4472, -1,
      4472, 4499, 4501, -1,
      4472, 4501, 4474, -1,
      4474, 4501, 4482, -1,
      4474, 4482, 4454, -1,
      4454, 4482, 4480, -1,
      4454, 4480, 4452, -1,
      4452, 4480, 4478, -1,
      4452, 4478, 4450, -1,
      394, 4450, 95, -1,
      95, 4450, 4478, -1,
      4477, 4451, 97, -1,
      97, 4451, 395, -1,
      4451, 4477, 4453, -1,
      4453, 4477, 4479, -1,
      4453, 4479, 4476, -1,
      4476, 4479, 4481, -1,
      4476, 4481, 4475, -1,
      4475, 4481, 4503, -1,
      4475, 4503, 4473, -1,
      4473, 4503, 4502, -1,
      4473, 4502, 4471, -1,
      4471, 4502, 4500, -1,
      4471, 4500, 4469, -1,
      4469, 4500, 4498, -1,
      4467, 4469, 4496, -1,
      4496, 4469, 4498, -1,
      4467, 4496, 4494, -1,
      4467, 4494, 4465, -1,
      4465, 4494, 4492, -1,
      4465, 4492, 4463, -1,
      4463, 4492, 4490, -1,
      4463, 4490, 4461, -1,
      4461, 4490, 4488, -1,
      4461, 4488, 4459, -1,
      4459, 4488, 4486, -1,
      4459, 4486, 4457, -1,
      94, 96, 4504, -1,
      4504, 96, 4505, -1,
      4504, 4505, 4506, -1,
      4506, 4505, 4507, -1,
      4506, 4507, 4508, -1,
      4509, 4510, 4511, -1,
      4511, 4510, 4512, -1,
      4511, 4512, 4513, -1,
      4513, 4512, 4514, -1,
      4513, 4514, 4515, -1,
      4515, 4514, 4516, -1,
      4515, 4516, 4517, -1,
      4517, 4516, 4518, -1,
      4517, 4518, 4519, -1,
      4519, 4518, 4520, -1,
      4519, 4520, 4521, -1,
      4521, 4520, 4522, -1,
      4521, 4522, 4523, -1,
      4523, 4522, 4524, -1,
      4523, 4524, 4525, -1,
      4525, 4524, 4526, -1,
      4525, 4526, 4527, -1,
      4527, 4526, 4528, -1,
      4527, 4528, 4529, -1,
      4529, 4528, 4508, -1,
      4529, 4508, 4530, -1,
      4530, 4508, 4507, -1,
      93, 91, 4531, -1,
      4531, 91, 4532, -1,
      4531, 4532, 4533, -1,
      4533, 4532, 4534, -1,
      4533, 4534, 4535, -1,
      4535, 4534, 4536, -1,
      4537, 4538, 4539, -1,
      4539, 4538, 4540, -1,
      4539, 4540, 4541, -1,
      4541, 4540, 4542, -1,
      4541, 4542, 4543, -1,
      4543, 4542, 4544, -1,
      4543, 4544, 4545, -1,
      4545, 4544, 4546, -1,
      4545, 4546, 4547, -1,
      4547, 4546, 4548, -1,
      4547, 4548, 4549, -1,
      4549, 4548, 4550, -1,
      4549, 4550, 4551, -1,
      4551, 4550, 4552, -1,
      4551, 4552, 4553, -1,
      4553, 4552, 4554, -1,
      4553, 4554, 4555, -1,
      4555, 4554, 4556, -1,
      4555, 4556, 4536, -1,
      4536, 4556, 4557, -1,
      4536, 4557, 4535, -1,
      4509, 4511, 4538, -1,
      4538, 4511, 4540, -1,
      4510, 4509, 4537, -1,
      4537, 4509, 4538, -1,
      4512, 4510, 4539, -1,
      4539, 4510, 4537, -1,
      4512, 4539, 4514, -1,
      4514, 4539, 4541, -1,
      4514, 4541, 4516, -1,
      4516, 4541, 4543, -1,
      4516, 4543, 4518, -1,
      4518, 4543, 4545, -1,
      4518, 4545, 4520, -1,
      4520, 4545, 4547, -1,
      4520, 4547, 4522, -1,
      4522, 4547, 4549, -1,
      4524, 4522, 4551, -1,
      4551, 4522, 4549, -1,
      4524, 4551, 4553, -1,
      4524, 4553, 4526, -1,
      4526, 4553, 4555, -1,
      4526, 4555, 4528, -1,
      4528, 4555, 4536, -1,
      4528, 4536, 4508, -1,
      4508, 4536, 4534, -1,
      4508, 4534, 4506, -1,
      4506, 4534, 4532, -1,
      4506, 4532, 4504, -1,
      94, 4504, 91, -1,
      91, 4504, 4532, -1,
      4531, 4505, 93, -1,
      93, 4505, 96, -1,
      4505, 4531, 4507, -1,
      4507, 4531, 4533, -1,
      4507, 4533, 4530, -1,
      4530, 4533, 4535, -1,
      4530, 4535, 4529, -1,
      4529, 4535, 4557, -1,
      4529, 4557, 4527, -1,
      4527, 4557, 4556, -1,
      4527, 4556, 4525, -1,
      4525, 4556, 4554, -1,
      4525, 4554, 4523, -1,
      4523, 4554, 4552, -1,
      4521, 4523, 4550, -1,
      4550, 4523, 4552, -1,
      4521, 4550, 4548, -1,
      4521, 4548, 4519, -1,
      4519, 4548, 4546, -1,
      4519, 4546, 4517, -1,
      4517, 4546, 4544, -1,
      4517, 4544, 4515, -1,
      4515, 4544, 4542, -1,
      4515, 4542, 4513, -1,
      4513, 4542, 4540, -1,
      4513, 4540, 4511, -1,
      90, 92, 4558, -1,
      4558, 92, 4559, -1,
      4558, 4559, 4560, -1,
      4560, 4559, 4561, -1,
      4560, 4561, 4562, -1,
      4563, 4564, 4565, -1,
      4565, 4564, 4566, -1,
      4565, 4566, 4567, -1,
      4567, 4566, 4568, -1,
      4567, 4568, 4569, -1,
      4569, 4568, 4570, -1,
      4569, 4570, 4571, -1,
      4571, 4570, 4572, -1,
      4571, 4572, 4573, -1,
      4573, 4572, 4574, -1,
      4573, 4574, 4575, -1,
      4575, 4574, 4576, -1,
      4575, 4576, 4577, -1,
      4577, 4576, 4578, -1,
      4577, 4578, 4579, -1,
      4579, 4578, 4580, -1,
      4579, 4580, 4581, -1,
      4581, 4580, 4582, -1,
      4581, 4582, 4583, -1,
      4583, 4582, 4562, -1,
      4583, 4562, 4584, -1,
      4584, 4562, 4561, -1,
      89, 87, 4585, -1,
      4585, 87, 4586, -1,
      4585, 4586, 4587, -1,
      4587, 4586, 4588, -1,
      4587, 4588, 4589, -1,
      4589, 4588, 4590, -1,
      4591, 4592, 4593, -1,
      4593, 4592, 4594, -1,
      4593, 4594, 4595, -1,
      4595, 4594, 4596, -1,
      4595, 4596, 4597, -1,
      4597, 4596, 4598, -1,
      4597, 4598, 4599, -1,
      4599, 4598, 4600, -1,
      4599, 4600, 4601, -1,
      4601, 4600, 4602, -1,
      4601, 4602, 4603, -1,
      4603, 4602, 4604, -1,
      4603, 4604, 4605, -1,
      4605, 4604, 4606, -1,
      4605, 4606, 4607, -1,
      4607, 4606, 4608, -1,
      4607, 4608, 4609, -1,
      4609, 4608, 4610, -1,
      4609, 4610, 4590, -1,
      4590, 4610, 4611, -1,
      4590, 4611, 4589, -1,
      4563, 4565, 4592, -1,
      4592, 4565, 4594, -1,
      4564, 4563, 4591, -1,
      4591, 4563, 4592, -1,
      4566, 4564, 4593, -1,
      4593, 4564, 4591, -1,
      4566, 4593, 4568, -1,
      4568, 4593, 4595, -1,
      4568, 4595, 4570, -1,
      4570, 4595, 4597, -1,
      4570, 4597, 4572, -1,
      4572, 4597, 4599, -1,
      4572, 4599, 4574, -1,
      4574, 4599, 4601, -1,
      4574, 4601, 4576, -1,
      4576, 4601, 4603, -1,
      4578, 4576, 4605, -1,
      4605, 4576, 4603, -1,
      4578, 4605, 4607, -1,
      4578, 4607, 4580, -1,
      4580, 4607, 4609, -1,
      4580, 4609, 4582, -1,
      4582, 4609, 4590, -1,
      4582, 4590, 4562, -1,
      4562, 4590, 4588, -1,
      4562, 4588, 4560, -1,
      4560, 4588, 4586, -1,
      4560, 4586, 4558, -1,
      90, 4558, 87, -1,
      87, 4558, 4586, -1,
      4585, 4559, 89, -1,
      89, 4559, 92, -1,
      4559, 4585, 4561, -1,
      4561, 4585, 4587, -1,
      4561, 4587, 4584, -1,
      4584, 4587, 4589, -1,
      4584, 4589, 4583, -1,
      4583, 4589, 4611, -1,
      4583, 4611, 4581, -1,
      4581, 4611, 4610, -1,
      4581, 4610, 4579, -1,
      4579, 4610, 4608, -1,
      4579, 4608, 4577, -1,
      4577, 4608, 4606, -1,
      4575, 4577, 4604, -1,
      4604, 4577, 4606, -1,
      4575, 4604, 4602, -1,
      4575, 4602, 4573, -1,
      4573, 4602, 4600, -1,
      4573, 4600, 4571, -1,
      4571, 4600, 4598, -1,
      4571, 4598, 4569, -1,
      4569, 4598, 4596, -1,
      4569, 4596, 4567, -1,
      4567, 4596, 4594, -1,
      4567, 4594, 4565, -1,
      86, 88, 4612, -1,
      4612, 88, 4613, -1,
      4612, 4613, 4614, -1,
      4614, 4613, 4615, -1,
      4614, 4615, 4616, -1,
      4617, 4618, 4619, -1,
      4619, 4618, 4620, -1,
      4619, 4620, 4621, -1,
      4621, 4620, 4622, -1,
      4621, 4622, 4623, -1,
      4623, 4622, 4624, -1,
      4623, 4624, 4625, -1,
      4625, 4624, 4626, -1,
      4625, 4626, 4627, -1,
      4627, 4626, 4628, -1,
      4627, 4628, 4629, -1,
      4629, 4628, 4630, -1,
      4629, 4630, 4631, -1,
      4631, 4630, 4632, -1,
      4631, 4632, 4633, -1,
      4633, 4632, 4634, -1,
      4633, 4634, 4635, -1,
      4635, 4634, 4636, -1,
      4635, 4636, 4637, -1,
      4637, 4636, 4616, -1,
      4637, 4616, 4638, -1,
      4638, 4616, 4615, -1,
      85, 83, 4639, -1,
      4639, 83, 4640, -1,
      4639, 4640, 4641, -1,
      4641, 4640, 4642, -1,
      4641, 4642, 4643, -1,
      4643, 4642, 4644, -1,
      4645, 4646, 4647, -1,
      4647, 4646, 4648, -1,
      4647, 4648, 4649, -1,
      4649, 4648, 4650, -1,
      4649, 4650, 4651, -1,
      4651, 4650, 4652, -1,
      4651, 4652, 4653, -1,
      4653, 4652, 4654, -1,
      4653, 4654, 4655, -1,
      4655, 4654, 4656, -1,
      4655, 4656, 4657, -1,
      4657, 4656, 4658, -1,
      4657, 4658, 4659, -1,
      4659, 4658, 4660, -1,
      4659, 4660, 4661, -1,
      4661, 4660, 4662, -1,
      4661, 4662, 4663, -1,
      4663, 4662, 4664, -1,
      4663, 4664, 4644, -1,
      4644, 4664, 4665, -1,
      4644, 4665, 4643, -1,
      4617, 4619, 4646, -1,
      4646, 4619, 4648, -1,
      4618, 4617, 4645, -1,
      4645, 4617, 4646, -1,
      4620, 4618, 4647, -1,
      4647, 4618, 4645, -1,
      4620, 4647, 4622, -1,
      4622, 4647, 4649, -1,
      4622, 4649, 4624, -1,
      4624, 4649, 4651, -1,
      4624, 4651, 4626, -1,
      4626, 4651, 4653, -1,
      4626, 4653, 4628, -1,
      4628, 4653, 4655, -1,
      4628, 4655, 4630, -1,
      4630, 4655, 4657, -1,
      4632, 4630, 4659, -1,
      4659, 4630, 4657, -1,
      4632, 4659, 4661, -1,
      4632, 4661, 4634, -1,
      4634, 4661, 4663, -1,
      4634, 4663, 4636, -1,
      4636, 4663, 4644, -1,
      4636, 4644, 4616, -1,
      4616, 4644, 4642, -1,
      4616, 4642, 4614, -1,
      4614, 4642, 4640, -1,
      4614, 4640, 4612, -1,
      86, 4612, 83, -1,
      83, 4612, 4640, -1,
      4639, 4613, 85, -1,
      85, 4613, 88, -1,
      4613, 4639, 4615, -1,
      4615, 4639, 4641, -1,
      4615, 4641, 4638, -1,
      4638, 4641, 4643, -1,
      4638, 4643, 4637, -1,
      4637, 4643, 4665, -1,
      4637, 4665, 4635, -1,
      4635, 4665, 4664, -1,
      4635, 4664, 4633, -1,
      4633, 4664, 4662, -1,
      4633, 4662, 4631, -1,
      4631, 4662, 4660, -1,
      4629, 4631, 4658, -1,
      4658, 4631, 4660, -1,
      4629, 4658, 4656, -1,
      4629, 4656, 4627, -1,
      4627, 4656, 4654, -1,
      4627, 4654, 4625, -1,
      4625, 4654, 4652, -1,
      4625, 4652, 4623, -1,
      4623, 4652, 4650, -1,
      4623, 4650, 4621, -1,
      4621, 4650, 4648, -1,
      4621, 4648, 4619, -1,
      82, 84, 4666, -1,
      4666, 84, 4667, -1,
      4666, 4667, 4668, -1,
      4668, 4667, 4669, -1,
      4668, 4669, 4670, -1,
      4671, 4672, 4673, -1,
      4673, 4672, 4674, -1,
      4673, 4674, 4675, -1,
      4675, 4674, 4676, -1,
      4675, 4676, 4677, -1,
      4677, 4676, 4678, -1,
      4677, 4678, 4679, -1,
      4679, 4678, 4680, -1,
      4679, 4680, 4681, -1,
      4681, 4680, 4682, -1,
      4681, 4682, 4683, -1,
      4683, 4682, 4684, -1,
      4683, 4684, 4685, -1,
      4685, 4684, 4686, -1,
      4685, 4686, 4687, -1,
      4687, 4686, 4688, -1,
      4687, 4688, 4689, -1,
      4689, 4688, 4690, -1,
      4689, 4690, 4691, -1,
      4691, 4690, 4670, -1,
      4691, 4670, 4692, -1,
      4692, 4670, 4669, -1,
      81, 79, 4693, -1,
      4693, 79, 4694, -1,
      4693, 4694, 4695, -1,
      4695, 4694, 4696, -1,
      4695, 4696, 4697, -1,
      4697, 4696, 4698, -1,
      4699, 4700, 4701, -1,
      4701, 4700, 4702, -1,
      4701, 4702, 4703, -1,
      4703, 4702, 4704, -1,
      4703, 4704, 4705, -1,
      4705, 4704, 4706, -1,
      4705, 4706, 4707, -1,
      4707, 4706, 4708, -1,
      4707, 4708, 4709, -1,
      4709, 4708, 4710, -1,
      4709, 4710, 4711, -1,
      4711, 4710, 4712, -1,
      4711, 4712, 4713, -1,
      4713, 4712, 4714, -1,
      4713, 4714, 4715, -1,
      4715, 4714, 4716, -1,
      4715, 4716, 4717, -1,
      4717, 4716, 4718, -1,
      4717, 4718, 4698, -1,
      4698, 4718, 4719, -1,
      4698, 4719, 4697, -1,
      4671, 4673, 4700, -1,
      4700, 4673, 4702, -1,
      4672, 4671, 4699, -1,
      4699, 4671, 4700, -1,
      4674, 4672, 4701, -1,
      4701, 4672, 4699, -1,
      4674, 4701, 4676, -1,
      4676, 4701, 4703, -1,
      4676, 4703, 4678, -1,
      4678, 4703, 4705, -1,
      4678, 4705, 4680, -1,
      4680, 4705, 4707, -1,
      4680, 4707, 4682, -1,
      4682, 4707, 4709, -1,
      4682, 4709, 4684, -1,
      4684, 4709, 4711, -1,
      4686, 4684, 4713, -1,
      4713, 4684, 4711, -1,
      4686, 4713, 4715, -1,
      4686, 4715, 4688, -1,
      4688, 4715, 4717, -1,
      4688, 4717, 4690, -1,
      4690, 4717, 4698, -1,
      4690, 4698, 4670, -1,
      4670, 4698, 4696, -1,
      4670, 4696, 4668, -1,
      4668, 4696, 4694, -1,
      4668, 4694, 4666, -1,
      82, 4666, 79, -1,
      79, 4666, 4694, -1,
      4693, 4667, 81, -1,
      81, 4667, 84, -1,
      4667, 4693, 4669, -1,
      4669, 4693, 4695, -1,
      4669, 4695, 4692, -1,
      4692, 4695, 4697, -1,
      4692, 4697, 4691, -1,
      4691, 4697, 4719, -1,
      4691, 4719, 4689, -1,
      4689, 4719, 4718, -1,
      4689, 4718, 4687, -1,
      4687, 4718, 4716, -1,
      4687, 4716, 4685, -1,
      4685, 4716, 4714, -1,
      4683, 4685, 4712, -1,
      4712, 4685, 4714, -1,
      4683, 4712, 4710, -1,
      4683, 4710, 4681, -1,
      4681, 4710, 4708, -1,
      4681, 4708, 4679, -1,
      4679, 4708, 4706, -1,
      4679, 4706, 4677, -1,
      4677, 4706, 4704, -1,
      4677, 4704, 4675, -1,
      4675, 4704, 4702, -1,
      4675, 4702, 4673, -1,
      78, 80, 4720, -1,
      4720, 80, 4721, -1,
      4720, 4721, 4722, -1,
      4722, 4721, 4723, -1,
      4722, 4723, 4724, -1,
      4725, 4726, 4727, -1,
      4727, 4726, 4728, -1,
      4727, 4728, 4729, -1,
      4729, 4728, 4730, -1,
      4729, 4730, 4731, -1,
      4731, 4730, 4732, -1,
      4731, 4732, 4733, -1,
      4733, 4732, 4734, -1,
      4733, 4734, 4735, -1,
      4735, 4734, 4736, -1,
      4735, 4736, 4737, -1,
      4737, 4736, 4738, -1,
      4737, 4738, 4739, -1,
      4739, 4738, 4740, -1,
      4739, 4740, 4741, -1,
      4741, 4740, 4742, -1,
      4741, 4742, 4743, -1,
      4743, 4742, 4744, -1,
      4743, 4744, 4745, -1,
      4745, 4744, 4724, -1,
      4745, 4724, 4746, -1,
      4746, 4724, 4723, -1,
      77, 75, 4747, -1,
      4747, 75, 4748, -1,
      4747, 4748, 4749, -1,
      4749, 4748, 4750, -1,
      4749, 4750, 4751, -1,
      4751, 4750, 4752, -1,
      4753, 4754, 4755, -1,
      4755, 4754, 4756, -1,
      4755, 4756, 4757, -1,
      4757, 4756, 4758, -1,
      4757, 4758, 4759, -1,
      4759, 4758, 4760, -1,
      4759, 4760, 4761, -1,
      4761, 4760, 4762, -1,
      4761, 4762, 4763, -1,
      4763, 4762, 4764, -1,
      4763, 4764, 4765, -1,
      4765, 4764, 4766, -1,
      4765, 4766, 4767, -1,
      4767, 4766, 4768, -1,
      4767, 4768, 4769, -1,
      4769, 4768, 4770, -1,
      4769, 4770, 4771, -1,
      4771, 4770, 4772, -1,
      4771, 4772, 4752, -1,
      4752, 4772, 4773, -1,
      4752, 4773, 4751, -1,
      4725, 4727, 4754, -1,
      4754, 4727, 4756, -1,
      4726, 4725, 4753, -1,
      4753, 4725, 4754, -1,
      4728, 4726, 4755, -1,
      4755, 4726, 4753, -1,
      4728, 4755, 4730, -1,
      4730, 4755, 4757, -1,
      4730, 4757, 4732, -1,
      4732, 4757, 4759, -1,
      4732, 4759, 4734, -1,
      4734, 4759, 4761, -1,
      4734, 4761, 4736, -1,
      4736, 4761, 4763, -1,
      4736, 4763, 4738, -1,
      4738, 4763, 4765, -1,
      4740, 4738, 4767, -1,
      4767, 4738, 4765, -1,
      4740, 4767, 4769, -1,
      4740, 4769, 4742, -1,
      4742, 4769, 4771, -1,
      4742, 4771, 4744, -1,
      4744, 4771, 4752, -1,
      4744, 4752, 4724, -1,
      4724, 4752, 4750, -1,
      4724, 4750, 4722, -1,
      4722, 4750, 4748, -1,
      4722, 4748, 4720, -1,
      78, 4720, 75, -1,
      75, 4720, 4748, -1,
      4747, 4721, 77, -1,
      77, 4721, 80, -1,
      4721, 4747, 4723, -1,
      4723, 4747, 4749, -1,
      4723, 4749, 4746, -1,
      4746, 4749, 4751, -1,
      4746, 4751, 4745, -1,
      4745, 4751, 4773, -1,
      4745, 4773, 4743, -1,
      4743, 4773, 4772, -1,
      4743, 4772, 4741, -1,
      4741, 4772, 4770, -1,
      4741, 4770, 4739, -1,
      4739, 4770, 4768, -1,
      4737, 4739, 4766, -1,
      4766, 4739, 4768, -1,
      4737, 4766, 4764, -1,
      4737, 4764, 4735, -1,
      4735, 4764, 4762, -1,
      4735, 4762, 4733, -1,
      4733, 4762, 4760, -1,
      4733, 4760, 4731, -1,
      4731, 4760, 4758, -1,
      4731, 4758, 4729, -1,
      4729, 4758, 4756, -1,
      4729, 4756, 4727, -1,
      74, 76, 4774, -1,
      4774, 76, 4775, -1,
      4774, 4775, 4776, -1,
      4776, 4775, 4777, -1,
      4776, 4777, 4778, -1,
      4779, 4780, 4781, -1,
      4781, 4780, 4782, -1,
      4781, 4782, 4783, -1,
      4783, 4782, 4784, -1,
      4783, 4784, 4785, -1,
      4785, 4784, 4786, -1,
      4785, 4786, 4787, -1,
      4787, 4786, 4788, -1,
      4787, 4788, 4789, -1,
      4789, 4788, 4790, -1,
      4789, 4790, 4791, -1,
      4791, 4790, 4792, -1,
      4791, 4792, 4793, -1,
      4793, 4792, 4794, -1,
      4793, 4794, 4795, -1,
      4795, 4794, 4796, -1,
      4795, 4796, 4797, -1,
      4797, 4796, 4798, -1,
      4797, 4798, 4799, -1,
      4799, 4798, 4778, -1,
      4799, 4778, 4800, -1,
      4800, 4778, 4777, -1,
      73, 71, 4801, -1,
      4801, 71, 4802, -1,
      4801, 4802, 4803, -1,
      4803, 4802, 4804, -1,
      4803, 4804, 4805, -1,
      4805, 4804, 4806, -1,
      4807, 4808, 4809, -1,
      4809, 4808, 4810, -1,
      4809, 4810, 4811, -1,
      4811, 4810, 4812, -1,
      4811, 4812, 4813, -1,
      4813, 4812, 4814, -1,
      4813, 4814, 4815, -1,
      4815, 4814, 4816, -1,
      4815, 4816, 4817, -1,
      4817, 4816, 4818, -1,
      4817, 4818, 4819, -1,
      4819, 4818, 4820, -1,
      4819, 4820, 4821, -1,
      4821, 4820, 4822, -1,
      4821, 4822, 4823, -1,
      4823, 4822, 4824, -1,
      4823, 4824, 4825, -1,
      4825, 4824, 4826, -1,
      4825, 4826, 4806, -1,
      4806, 4826, 4827, -1,
      4806, 4827, 4805, -1,
      4779, 4781, 4808, -1,
      4808, 4781, 4810, -1,
      4780, 4779, 4807, -1,
      4807, 4779, 4808, -1,
      4782, 4780, 4809, -1,
      4809, 4780, 4807, -1,
      4782, 4809, 4784, -1,
      4784, 4809, 4811, -1,
      4784, 4811, 4786, -1,
      4786, 4811, 4813, -1,
      4786, 4813, 4788, -1,
      4788, 4813, 4815, -1,
      4788, 4815, 4790, -1,
      4790, 4815, 4817, -1,
      4790, 4817, 4792, -1,
      4792, 4817, 4819, -1,
      4794, 4792, 4821, -1,
      4821, 4792, 4819, -1,
      4794, 4821, 4823, -1,
      4794, 4823, 4796, -1,
      4796, 4823, 4825, -1,
      4796, 4825, 4798, -1,
      4798, 4825, 4806, -1,
      4798, 4806, 4778, -1,
      4778, 4806, 4804, -1,
      4778, 4804, 4776, -1,
      4776, 4804, 4802, -1,
      4776, 4802, 4774, -1,
      74, 4774, 71, -1,
      71, 4774, 4802, -1,
      4801, 4775, 73, -1,
      73, 4775, 76, -1,
      4775, 4801, 4777, -1,
      4777, 4801, 4803, -1,
      4777, 4803, 4800, -1,
      4800, 4803, 4805, -1,
      4800, 4805, 4799, -1,
      4799, 4805, 4827, -1,
      4799, 4827, 4797, -1,
      4797, 4827, 4826, -1,
      4797, 4826, 4795, -1,
      4795, 4826, 4824, -1,
      4795, 4824, 4793, -1,
      4793, 4824, 4822, -1,
      4791, 4793, 4820, -1,
      4820, 4793, 4822, -1,
      4791, 4820, 4818, -1,
      4791, 4818, 4789, -1,
      4789, 4818, 4816, -1,
      4789, 4816, 4787, -1,
      4787, 4816, 4814, -1,
      4787, 4814, 4785, -1,
      4785, 4814, 4812, -1,
      4785, 4812, 4783, -1,
      4783, 4812, 4810, -1,
      4783, 4810, 4781, -1,
      70, 72, 4828, -1,
      4828, 72, 4829, -1,
      4828, 4829, 4830, -1,
      4830, 4829, 4831, -1,
      4830, 4831, 4832, -1,
      4833, 4834, 4835, -1,
      4835, 4834, 4836, -1,
      4835, 4836, 4837, -1,
      4837, 4836, 4838, -1,
      4837, 4838, 4839, -1,
      4839, 4838, 4840, -1,
      4839, 4840, 4841, -1,
      4841, 4840, 4842, -1,
      4841, 4842, 4843, -1,
      4843, 4842, 4844, -1,
      4843, 4844, 4845, -1,
      4845, 4844, 4846, -1,
      4845, 4846, 4847, -1,
      4847, 4846, 4848, -1,
      4847, 4848, 4849, -1,
      4849, 4848, 4850, -1,
      4849, 4850, 4851, -1,
      4851, 4850, 4852, -1,
      4851, 4852, 4853, -1,
      4853, 4852, 4832, -1,
      4853, 4832, 4854, -1,
      4854, 4832, 4831, -1,
      69, 67, 4855, -1,
      4855, 67, 4856, -1,
      4855, 4856, 4857, -1,
      4857, 4856, 4858, -1,
      4857, 4858, 4859, -1,
      4859, 4858, 4860, -1,
      4861, 4862, 4863, -1,
      4863, 4862, 4864, -1,
      4863, 4864, 4865, -1,
      4865, 4864, 4866, -1,
      4865, 4866, 4867, -1,
      4867, 4866, 4868, -1,
      4867, 4868, 4869, -1,
      4869, 4868, 4870, -1,
      4869, 4870, 4871, -1,
      4871, 4870, 4872, -1,
      4871, 4872, 4873, -1,
      4873, 4872, 4874, -1,
      4873, 4874, 4875, -1,
      4875, 4874, 4876, -1,
      4875, 4876, 4877, -1,
      4877, 4876, 4878, -1,
      4877, 4878, 4879, -1,
      4879, 4878, 4880, -1,
      4879, 4880, 4860, -1,
      4860, 4880, 4881, -1,
      4860, 4881, 4859, -1,
      4833, 4835, 4862, -1,
      4862, 4835, 4864, -1,
      4834, 4833, 4861, -1,
      4861, 4833, 4862, -1,
      4836, 4834, 4863, -1,
      4863, 4834, 4861, -1,
      4836, 4863, 4838, -1,
      4838, 4863, 4865, -1,
      4838, 4865, 4840, -1,
      4840, 4865, 4867, -1,
      4840, 4867, 4842, -1,
      4842, 4867, 4869, -1,
      4842, 4869, 4844, -1,
      4844, 4869, 4871, -1,
      4844, 4871, 4846, -1,
      4846, 4871, 4873, -1,
      4848, 4846, 4875, -1,
      4875, 4846, 4873, -1,
      4848, 4875, 4877, -1,
      4848, 4877, 4850, -1,
      4850, 4877, 4879, -1,
      4850, 4879, 4852, -1,
      4852, 4879, 4860, -1,
      4852, 4860, 4832, -1,
      4832, 4860, 4858, -1,
      4832, 4858, 4830, -1,
      4830, 4858, 4856, -1,
      4830, 4856, 4828, -1,
      70, 4828, 67, -1,
      67, 4828, 4856, -1,
      4855, 4829, 69, -1,
      69, 4829, 72, -1,
      4829, 4855, 4831, -1,
      4831, 4855, 4857, -1,
      4831, 4857, 4854, -1,
      4854, 4857, 4859, -1,
      4854, 4859, 4853, -1,
      4853, 4859, 4881, -1,
      4853, 4881, 4851, -1,
      4851, 4881, 4880, -1,
      4851, 4880, 4849, -1,
      4849, 4880, 4878, -1,
      4849, 4878, 4847, -1,
      4847, 4878, 4876, -1,
      4845, 4847, 4874, -1,
      4874, 4847, 4876, -1,
      4845, 4874, 4872, -1,
      4845, 4872, 4843, -1,
      4843, 4872, 4870, -1,
      4843, 4870, 4841, -1,
      4841, 4870, 4868, -1,
      4841, 4868, 4839, -1,
      4839, 4868, 4866, -1,
      4839, 4866, 4837, -1,
      4837, 4866, 4864, -1,
      4837, 4864, 4835, -1,
      66, 68, 4882, -1,
      4882, 68, 4883, -1,
      4882, 4883, 4884, -1,
      4884, 4883, 4885, -1,
      4884, 4885, 4886, -1,
      4887, 4888, 4889, -1,
      4889, 4888, 4890, -1,
      4889, 4890, 4891, -1,
      4891, 4890, 4892, -1,
      4891, 4892, 4893, -1,
      4893, 4892, 4894, -1,
      4893, 4894, 4895, -1,
      4895, 4894, 4896, -1,
      4895, 4896, 4897, -1,
      4897, 4896, 4898, -1,
      4897, 4898, 4899, -1,
      4899, 4898, 4900, -1,
      4899, 4900, 4901, -1,
      4901, 4900, 4902, -1,
      4901, 4902, 4903, -1,
      4903, 4902, 4904, -1,
      4903, 4904, 4905, -1,
      4905, 4904, 4906, -1,
      4905, 4906, 4907, -1,
      4907, 4906, 4886, -1,
      4907, 4886, 4908, -1,
      4908, 4886, 4885, -1,
      65, 63, 4909, -1,
      4909, 63, 4910, -1,
      4909, 4910, 4911, -1,
      4911, 4910, 4912, -1,
      4911, 4912, 4913, -1,
      4913, 4912, 4914, -1,
      4915, 4916, 4917, -1,
      4917, 4916, 4918, -1,
      4917, 4918, 4919, -1,
      4919, 4918, 4920, -1,
      4919, 4920, 4921, -1,
      4921, 4920, 4922, -1,
      4921, 4922, 4923, -1,
      4923, 4922, 4924, -1,
      4923, 4924, 4925, -1,
      4925, 4924, 4926, -1,
      4925, 4926, 4927, -1,
      4927, 4926, 4928, -1,
      4927, 4928, 4929, -1,
      4929, 4928, 4930, -1,
      4929, 4930, 4931, -1,
      4931, 4930, 4932, -1,
      4931, 4932, 4933, -1,
      4933, 4932, 4934, -1,
      4933, 4934, 4914, -1,
      4914, 4934, 4935, -1,
      4914, 4935, 4913, -1,
      4887, 4889, 4916, -1,
      4916, 4889, 4918, -1,
      4888, 4887, 4915, -1,
      4915, 4887, 4916, -1,
      4890, 4888, 4917, -1,
      4917, 4888, 4915, -1,
      4890, 4917, 4892, -1,
      4892, 4917, 4919, -1,
      4892, 4919, 4894, -1,
      4894, 4919, 4921, -1,
      4894, 4921, 4896, -1,
      4896, 4921, 4923, -1,
      4896, 4923, 4898, -1,
      4898, 4923, 4925, -1,
      4898, 4925, 4900, -1,
      4900, 4925, 4927, -1,
      4902, 4900, 4929, -1,
      4929, 4900, 4927, -1,
      4902, 4929, 4931, -1,
      4902, 4931, 4904, -1,
      4904, 4931, 4933, -1,
      4904, 4933, 4906, -1,
      4906, 4933, 4914, -1,
      4906, 4914, 4886, -1,
      4886, 4914, 4912, -1,
      4886, 4912, 4884, -1,
      4884, 4912, 4910, -1,
      4884, 4910, 4882, -1,
      66, 4882, 63, -1,
      63, 4882, 4910, -1,
      4909, 4883, 65, -1,
      65, 4883, 68, -1,
      4883, 4909, 4885, -1,
      4885, 4909, 4911, -1,
      4885, 4911, 4908, -1,
      4908, 4911, 4913, -1,
      4908, 4913, 4907, -1,
      4907, 4913, 4935, -1,
      4907, 4935, 4905, -1,
      4905, 4935, 4934, -1,
      4905, 4934, 4903, -1,
      4903, 4934, 4932, -1,
      4903, 4932, 4901, -1,
      4901, 4932, 4930, -1,
      4899, 4901, 4928, -1,
      4928, 4901, 4930, -1,
      4899, 4928, 4926, -1,
      4899, 4926, 4897, -1,
      4897, 4926, 4924, -1,
      4897, 4924, 4895, -1,
      4895, 4924, 4922, -1,
      4895, 4922, 4893, -1,
      4893, 4922, 4920, -1,
      4893, 4920, 4891, -1,
      4891, 4920, 4918, -1,
      4891, 4918, 4889, -1,
      62, 64, 4936, -1,
      4936, 64, 4937, -1,
      4936, 4937, 4938, -1,
      4938, 4937, 4939, -1,
      4938, 4939, 4940, -1,
      4941, 4942, 4943, -1,
      4943, 4942, 4944, -1,
      4943, 4944, 4945, -1,
      4945, 4944, 4946, -1,
      4945, 4946, 4947, -1,
      4947, 4946, 4948, -1,
      4947, 4948, 4949, -1,
      4949, 4948, 4950, -1,
      4949, 4950, 4951, -1,
      4951, 4950, 4952, -1,
      4951, 4952, 4953, -1,
      4953, 4952, 4954, -1,
      4953, 4954, 4955, -1,
      4955, 4954, 4956, -1,
      4955, 4956, 4957, -1,
      4957, 4956, 4958, -1,
      4957, 4958, 4959, -1,
      4959, 4958, 4960, -1,
      4959, 4960, 4961, -1,
      4961, 4960, 4940, -1,
      4961, 4940, 4962, -1,
      4962, 4940, 4939, -1,
      61, 59, 4963, -1,
      4963, 59, 4964, -1,
      4963, 4964, 4965, -1,
      4965, 4964, 4966, -1,
      4965, 4966, 4967, -1,
      4967, 4966, 4968, -1,
      4969, 4970, 4971, -1,
      4971, 4970, 4972, -1,
      4971, 4972, 4973, -1,
      4973, 4972, 4974, -1,
      4973, 4974, 4975, -1,
      4975, 4974, 4976, -1,
      4975, 4976, 4977, -1,
      4977, 4976, 4978, -1,
      4977, 4978, 4979, -1,
      4979, 4978, 4980, -1,
      4979, 4980, 4981, -1,
      4981, 4980, 4982, -1,
      4981, 4982, 4983, -1,
      4983, 4982, 4984, -1,
      4983, 4984, 4985, -1,
      4985, 4984, 4986, -1,
      4985, 4986, 4987, -1,
      4987, 4986, 4988, -1,
      4987, 4988, 4968, -1,
      4968, 4988, 4989, -1,
      4968, 4989, 4967, -1,
      4941, 4943, 4970, -1,
      4970, 4943, 4972, -1,
      4942, 4941, 4969, -1,
      4969, 4941, 4970, -1,
      4944, 4942, 4971, -1,
      4971, 4942, 4969, -1,
      4944, 4971, 4946, -1,
      4946, 4971, 4973, -1,
      4946, 4973, 4948, -1,
      4948, 4973, 4975, -1,
      4948, 4975, 4950, -1,
      4950, 4975, 4977, -1,
      4950, 4977, 4952, -1,
      4952, 4977, 4979, -1,
      4952, 4979, 4954, -1,
      4954, 4979, 4981, -1,
      4956, 4954, 4983, -1,
      4983, 4954, 4981, -1,
      4956, 4983, 4985, -1,
      4956, 4985, 4958, -1,
      4958, 4985, 4987, -1,
      4958, 4987, 4960, -1,
      4960, 4987, 4968, -1,
      4960, 4968, 4940, -1,
      4940, 4968, 4966, -1,
      4940, 4966, 4938, -1,
      4938, 4966, 4964, -1,
      4938, 4964, 4936, -1,
      62, 4936, 59, -1,
      59, 4936, 4964, -1,
      4963, 4937, 61, -1,
      61, 4937, 64, -1,
      4937, 4963, 4939, -1,
      4939, 4963, 4965, -1,
      4939, 4965, 4962, -1,
      4962, 4965, 4967, -1,
      4962, 4967, 4961, -1,
      4961, 4967, 4989, -1,
      4961, 4989, 4959, -1,
      4959, 4989, 4988, -1,
      4959, 4988, 4957, -1,
      4957, 4988, 4986, -1,
      4957, 4986, 4955, -1,
      4955, 4986, 4984, -1,
      4953, 4955, 4982, -1,
      4982, 4955, 4984, -1,
      4953, 4982, 4980, -1,
      4953, 4980, 4951, -1,
      4951, 4980, 4978, -1,
      4951, 4978, 4949, -1,
      4949, 4978, 4976, -1,
      4949, 4976, 4947, -1,
      4947, 4976, 4974, -1,
      4947, 4974, 4945, -1,
      4945, 4974, 4972, -1,
      4945, 4972, 4943, -1,
      58, 60, 4990, -1,
      4990, 60, 4991, -1,
      4990, 4991, 4992, -1,
      4992, 4991, 4993, -1,
      4992, 4993, 4994, -1,
      4995, 4996, 4997, -1,
      4997, 4996, 4998, -1,
      4997, 4998, 4999, -1,
      4999, 4998, 5000, -1,
      4999, 5000, 5001, -1,
      5001, 5000, 5002, -1,
      5001, 5002, 5003, -1,
      5003, 5002, 5004, -1,
      5003, 5004, 5005, -1,
      5005, 5004, 5006, -1,
      5005, 5006, 5007, -1,
      5007, 5006, 5008, -1,
      5007, 5008, 5009, -1,
      5009, 5008, 5010, -1,
      5009, 5010, 5011, -1,
      5011, 5010, 5012, -1,
      5011, 5012, 5013, -1,
      5013, 5012, 5014, -1,
      5013, 5014, 5015, -1,
      5015, 5014, 4994, -1,
      5015, 4994, 5016, -1,
      5016, 4994, 4993, -1,
      57, 55, 5017, -1,
      5017, 55, 5018, -1,
      5017, 5018, 5019, -1,
      5019, 5018, 5020, -1,
      5019, 5020, 5021, -1,
      5021, 5020, 5022, -1,
      5023, 5024, 5025, -1,
      5025, 5024, 5026, -1,
      5025, 5026, 5027, -1,
      5027, 5026, 5028, -1,
      5027, 5028, 5029, -1,
      5029, 5028, 5030, -1,
      5029, 5030, 5031, -1,
      5031, 5030, 5032, -1,
      5031, 5032, 5033, -1,
      5033, 5032, 5034, -1,
      5033, 5034, 5035, -1,
      5035, 5034, 5036, -1,
      5035, 5036, 5037, -1,
      5037, 5036, 5038, -1,
      5037, 5038, 5039, -1,
      5039, 5038, 5040, -1,
      5039, 5040, 5041, -1,
      5041, 5040, 5042, -1,
      5041, 5042, 5022, -1,
      5022, 5042, 5043, -1,
      5022, 5043, 5021, -1,
      4995, 4997, 5024, -1,
      5024, 4997, 5026, -1,
      4996, 4995, 5023, -1,
      5023, 4995, 5024, -1,
      4998, 4996, 5025, -1,
      5025, 4996, 5023, -1,
      4998, 5025, 5000, -1,
      5000, 5025, 5027, -1,
      5000, 5027, 5002, -1,
      5002, 5027, 5029, -1,
      5002, 5029, 5004, -1,
      5004, 5029, 5031, -1,
      5004, 5031, 5006, -1,
      5006, 5031, 5033, -1,
      5006, 5033, 5008, -1,
      5008, 5033, 5035, -1,
      5010, 5008, 5037, -1,
      5037, 5008, 5035, -1,
      5010, 5037, 5039, -1,
      5010, 5039, 5012, -1,
      5012, 5039, 5041, -1,
      5012, 5041, 5014, -1,
      5014, 5041, 5022, -1,
      5014, 5022, 4994, -1,
      4994, 5022, 5020, -1,
      4994, 5020, 4992, -1,
      4992, 5020, 5018, -1,
      4992, 5018, 4990, -1,
      58, 4990, 55, -1,
      55, 4990, 5018, -1,
      5017, 4991, 57, -1,
      57, 4991, 60, -1,
      4991, 5017, 4993, -1,
      4993, 5017, 5019, -1,
      4993, 5019, 5016, -1,
      5016, 5019, 5021, -1,
      5016, 5021, 5015, -1,
      5015, 5021, 5043, -1,
      5015, 5043, 5013, -1,
      5013, 5043, 5042, -1,
      5013, 5042, 5011, -1,
      5011, 5042, 5040, -1,
      5011, 5040, 5009, -1,
      5009, 5040, 5038, -1,
      5007, 5009, 5036, -1,
      5036, 5009, 5038, -1,
      5007, 5036, 5034, -1,
      5007, 5034, 5005, -1,
      5005, 5034, 5032, -1,
      5005, 5032, 5003, -1,
      5003, 5032, 5030, -1,
      5003, 5030, 5001, -1,
      5001, 5030, 5028, -1,
      5001, 5028, 4999, -1,
      4999, 5028, 5026, -1,
      4999, 5026, 4997, -1,
      54, 56, 5044, -1,
      5044, 56, 5045, -1,
      5044, 5045, 5046, -1,
      5046, 5045, 5047, -1,
      5046, 5047, 5048, -1,
      5049, 5050, 5051, -1,
      5051, 5050, 5052, -1,
      5051, 5052, 5053, -1,
      5053, 5052, 5054, -1,
      5053, 5054, 5055, -1,
      5055, 5054, 5056, -1,
      5055, 5056, 5057, -1,
      5057, 5056, 5058, -1,
      5057, 5058, 5059, -1,
      5059, 5058, 5060, -1,
      5059, 5060, 5061, -1,
      5061, 5060, 5062, -1,
      5061, 5062, 5063, -1,
      5063, 5062, 5064, -1,
      5063, 5064, 5065, -1,
      5065, 5064, 5066, -1,
      5065, 5066, 5067, -1,
      5067, 5066, 5068, -1,
      5067, 5068, 5069, -1,
      5069, 5068, 5048, -1,
      5069, 5048, 5070, -1,
      5070, 5048, 5047, -1,
      53, 51, 5071, -1,
      5071, 51, 5072, -1,
      5071, 5072, 5073, -1,
      5073, 5072, 5074, -1,
      5073, 5074, 5075, -1,
      5075, 5074, 5076, -1,
      5077, 5078, 5079, -1,
      5079, 5078, 5080, -1,
      5079, 5080, 5081, -1,
      5081, 5080, 5082, -1,
      5081, 5082, 5083, -1,
      5083, 5082, 5084, -1,
      5083, 5084, 5085, -1,
      5085, 5084, 5086, -1,
      5085, 5086, 5087, -1,
      5087, 5086, 5088, -1,
      5087, 5088, 5089, -1,
      5089, 5088, 5090, -1,
      5089, 5090, 5091, -1,
      5091, 5090, 5092, -1,
      5091, 5092, 5093, -1,
      5093, 5092, 5094, -1,
      5093, 5094, 5095, -1,
      5095, 5094, 5096, -1,
      5095, 5096, 5076, -1,
      5076, 5096, 5097, -1,
      5076, 5097, 5075, -1,
      5049, 5051, 5078, -1,
      5078, 5051, 5080, -1,
      5050, 5049, 5077, -1,
      5077, 5049, 5078, -1,
      5052, 5050, 5079, -1,
      5079, 5050, 5077, -1,
      5052, 5079, 5054, -1,
      5054, 5079, 5081, -1,
      5054, 5081, 5056, -1,
      5056, 5081, 5083, -1,
      5056, 5083, 5058, -1,
      5058, 5083, 5085, -1,
      5058, 5085, 5060, -1,
      5060, 5085, 5087, -1,
      5060, 5087, 5062, -1,
      5062, 5087, 5089, -1,
      5064, 5062, 5091, -1,
      5091, 5062, 5089, -1,
      5064, 5091, 5093, -1,
      5064, 5093, 5066, -1,
      5066, 5093, 5095, -1,
      5066, 5095, 5068, -1,
      5068, 5095, 5076, -1,
      5068, 5076, 5048, -1,
      5048, 5076, 5074, -1,
      5048, 5074, 5046, -1,
      5046, 5074, 5072, -1,
      5046, 5072, 5044, -1,
      54, 5044, 51, -1,
      51, 5044, 5072, -1,
      5071, 5045, 53, -1,
      53, 5045, 56, -1,
      5045, 5071, 5047, -1,
      5047, 5071, 5073, -1,
      5047, 5073, 5070, -1,
      5070, 5073, 5075, -1,
      5070, 5075, 5069, -1,
      5069, 5075, 5097, -1,
      5069, 5097, 5067, -1,
      5067, 5097, 5096, -1,
      5067, 5096, 5065, -1,
      5065, 5096, 5094, -1,
      5065, 5094, 5063, -1,
      5063, 5094, 5092, -1,
      5061, 5063, 5090, -1,
      5090, 5063, 5092, -1,
      5061, 5090, 5088, -1,
      5061, 5088, 5059, -1,
      5059, 5088, 5086, -1,
      5059, 5086, 5057, -1,
      5057, 5086, 5084, -1,
      5057, 5084, 5055, -1,
      5055, 5084, 5082, -1,
      5055, 5082, 5053, -1,
      5053, 5082, 5080, -1,
      5053, 5080, 5051, -1,
      50, 52, 5098, -1,
      5098, 52, 5099, -1,
      5098, 5099, 5100, -1,
      5100, 5099, 5101, -1,
      5100, 5101, 5102, -1,
      5103, 5104, 5105, -1,
      5105, 5104, 5106, -1,
      5105, 5106, 5107, -1,
      5107, 5106, 5108, -1,
      5107, 5108, 5109, -1,
      5109, 5108, 5110, -1,
      5109, 5110, 5111, -1,
      5111, 5110, 5112, -1,
      5111, 5112, 5113, -1,
      5113, 5112, 5114, -1,
      5113, 5114, 5115, -1,
      5115, 5114, 5116, -1,
      5115, 5116, 5117, -1,
      5117, 5116, 5118, -1,
      5117, 5118, 5119, -1,
      5119, 5118, 5120, -1,
      5119, 5120, 5121, -1,
      5121, 5120, 5122, -1,
      5121, 5122, 5123, -1,
      5123, 5122, 5102, -1,
      5123, 5102, 5124, -1,
      5124, 5102, 5101, -1,
      49, 47, 5125, -1,
      5125, 47, 5126, -1,
      5125, 5126, 5127, -1,
      5127, 5126, 5128, -1,
      5127, 5128, 5129, -1,
      5129, 5128, 5130, -1,
      5131, 5132, 5133, -1,
      5133, 5132, 5134, -1,
      5133, 5134, 5135, -1,
      5135, 5134, 5136, -1,
      5135, 5136, 5137, -1,
      5137, 5136, 5138, -1,
      5137, 5138, 5139, -1,
      5139, 5138, 5140, -1,
      5139, 5140, 5141, -1,
      5141, 5140, 5142, -1,
      5141, 5142, 5143, -1,
      5143, 5142, 5144, -1,
      5143, 5144, 5145, -1,
      5145, 5144, 5146, -1,
      5145, 5146, 5147, -1,
      5147, 5146, 5148, -1,
      5147, 5148, 5149, -1,
      5149, 5148, 5150, -1,
      5149, 5150, 5130, -1,
      5130, 5150, 5151, -1,
      5130, 5151, 5129, -1,
      5103, 5105, 5132, -1,
      5132, 5105, 5134, -1,
      5104, 5103, 5131, -1,
      5131, 5103, 5132, -1,
      5106, 5104, 5133, -1,
      5133, 5104, 5131, -1,
      5106, 5133, 5108, -1,
      5108, 5133, 5135, -1,
      5108, 5135, 5110, -1,
      5110, 5135, 5137, -1,
      5110, 5137, 5112, -1,
      5112, 5137, 5139, -1,
      5112, 5139, 5114, -1,
      5114, 5139, 5141, -1,
      5114, 5141, 5116, -1,
      5116, 5141, 5143, -1,
      5118, 5116, 5145, -1,
      5145, 5116, 5143, -1,
      5118, 5145, 5147, -1,
      5118, 5147, 5120, -1,
      5120, 5147, 5149, -1,
      5120, 5149, 5122, -1,
      5122, 5149, 5130, -1,
      5122, 5130, 5102, -1,
      5102, 5130, 5128, -1,
      5102, 5128, 5100, -1,
      5100, 5128, 5126, -1,
      5100, 5126, 5098, -1,
      50, 5098, 47, -1,
      47, 5098, 5126, -1,
      5125, 5099, 49, -1,
      49, 5099, 52, -1,
      5099, 5125, 5101, -1,
      5101, 5125, 5127, -1,
      5101, 5127, 5124, -1,
      5124, 5127, 5129, -1,
      5124, 5129, 5123, -1,
      5123, 5129, 5151, -1,
      5123, 5151, 5121, -1,
      5121, 5151, 5150, -1,
      5121, 5150, 5119, -1,
      5119, 5150, 5148, -1,
      5119, 5148, 5117, -1,
      5117, 5148, 5146, -1,
      5115, 5117, 5144, -1,
      5144, 5117, 5146, -1,
      5115, 5144, 5142, -1,
      5115, 5142, 5113, -1,
      5113, 5142, 5140, -1,
      5113, 5140, 5111, -1,
      5111, 5140, 5138, -1,
      5111, 5138, 5109, -1,
      5109, 5138, 5136, -1,
      5109, 5136, 5107, -1,
      5107, 5136, 5134, -1,
      5107, 5134, 5105, -1,
      46, 48, 5152, -1,
      5152, 48, 5153, -1,
      5152, 5153, 5154, -1,
      5154, 5153, 5155, -1,
      5154, 5155, 5156, -1,
      5157, 5158, 5159, -1,
      5159, 5158, 5160, -1,
      5159, 5160, 5161, -1,
      5161, 5160, 5162, -1,
      5161, 5162, 5163, -1,
      5163, 5162, 5164, -1,
      5163, 5164, 5165, -1,
      5165, 5164, 5166, -1,
      5165, 5166, 5167, -1,
      5167, 5166, 5168, -1,
      5167, 5168, 5169, -1,
      5169, 5168, 5170, -1,
      5169, 5170, 5171, -1,
      5171, 5170, 5172, -1,
      5171, 5172, 5173, -1,
      5173, 5172, 5174, -1,
      5173, 5174, 5175, -1,
      5175, 5174, 5176, -1,
      5175, 5176, 5177, -1,
      5177, 5176, 5156, -1,
      5177, 5156, 5178, -1,
      5178, 5156, 5155, -1,
      45, 43, 5179, -1,
      5179, 43, 5180, -1,
      5179, 5180, 5181, -1,
      5181, 5180, 5182, -1,
      5181, 5182, 5183, -1,
      5183, 5182, 5184, -1,
      5185, 5186, 5187, -1,
      5187, 5186, 5188, -1,
      5187, 5188, 5189, -1,
      5189, 5188, 5190, -1,
      5189, 5190, 5191, -1,
      5191, 5190, 5192, -1,
      5191, 5192, 5193, -1,
      5193, 5192, 5194, -1,
      5193, 5194, 5195, -1,
      5195, 5194, 5196, -1,
      5195, 5196, 5197, -1,
      5197, 5196, 5198, -1,
      5197, 5198, 5199, -1,
      5199, 5198, 5200, -1,
      5199, 5200, 5201, -1,
      5201, 5200, 5202, -1,
      5201, 5202, 5203, -1,
      5203, 5202, 5204, -1,
      5203, 5204, 5184, -1,
      5184, 5204, 5205, -1,
      5184, 5205, 5183, -1,
      5157, 5159, 5186, -1,
      5186, 5159, 5188, -1,
      5158, 5157, 5185, -1,
      5185, 5157, 5186, -1,
      5160, 5158, 5187, -1,
      5187, 5158, 5185, -1,
      5160, 5187, 5162, -1,
      5162, 5187, 5189, -1,
      5162, 5189, 5164, -1,
      5164, 5189, 5191, -1,
      5164, 5191, 5166, -1,
      5166, 5191, 5193, -1,
      5166, 5193, 5168, -1,
      5168, 5193, 5195, -1,
      5168, 5195, 5170, -1,
      5170, 5195, 5197, -1,
      5172, 5170, 5199, -1,
      5199, 5170, 5197, -1,
      5172, 5199, 5201, -1,
      5172, 5201, 5174, -1,
      5174, 5201, 5203, -1,
      5174, 5203, 5176, -1,
      5176, 5203, 5184, -1,
      5176, 5184, 5156, -1,
      5156, 5184, 5182, -1,
      5156, 5182, 5154, -1,
      5154, 5182, 5180, -1,
      5154, 5180, 5152, -1,
      46, 5152, 43, -1,
      43, 5152, 5180, -1,
      5179, 5153, 45, -1,
      45, 5153, 48, -1,
      5153, 5179, 5155, -1,
      5155, 5179, 5181, -1,
      5155, 5181, 5178, -1,
      5178, 5181, 5183, -1,
      5178, 5183, 5177, -1,
      5177, 5183, 5205, -1,
      5177, 5205, 5175, -1,
      5175, 5205, 5204, -1,
      5175, 5204, 5173, -1,
      5173, 5204, 5202, -1,
      5173, 5202, 5171, -1,
      5171, 5202, 5200, -1,
      5169, 5171, 5198, -1,
      5198, 5171, 5200, -1,
      5169, 5198, 5196, -1,
      5169, 5196, 5167, -1,
      5167, 5196, 5194, -1,
      5167, 5194, 5165, -1,
      5165, 5194, 5192, -1,
      5165, 5192, 5163, -1,
      5163, 5192, 5190, -1,
      5163, 5190, 5161, -1,
      5161, 5190, 5188, -1,
      5161, 5188, 5159, -1,
      42, 44, 5206, -1,
      5206, 44, 5207, -1,
      5206, 5207, 5208, -1,
      5208, 5207, 5209, -1,
      5208, 5209, 5210, -1,
      5211, 5212, 5213, -1,
      5213, 5212, 5214, -1,
      5213, 5214, 5215, -1,
      5215, 5214, 5216, -1,
      5215, 5216, 5217, -1,
      5217, 5216, 5218, -1,
      5217, 5218, 5219, -1,
      5219, 5218, 5220, -1,
      5219, 5220, 5221, -1,
      5221, 5220, 5222, -1,
      5221, 5222, 5223, -1,
      5223, 5222, 5224, -1,
      5223, 5224, 5225, -1,
      5225, 5224, 5226, -1,
      5225, 5226, 5227, -1,
      5227, 5226, 5228, -1,
      5227, 5228, 5229, -1,
      5229, 5228, 5230, -1,
      5229, 5230, 5231, -1,
      5231, 5230, 5210, -1,
      5231, 5210, 5232, -1,
      5232, 5210, 5209, -1,
      41, 39, 5233, -1,
      5233, 39, 5234, -1,
      5233, 5234, 5235, -1,
      5235, 5234, 5236, -1,
      5235, 5236, 5237, -1,
      5237, 5236, 5238, -1,
      5239, 5240, 5241, -1,
      5241, 5240, 5242, -1,
      5241, 5242, 5243, -1,
      5243, 5242, 5244, -1,
      5243, 5244, 5245, -1,
      5245, 5244, 5246, -1,
      5245, 5246, 5247, -1,
      5247, 5246, 5248, -1,
      5247, 5248, 5249, -1,
      5249, 5248, 5250, -1,
      5249, 5250, 5251, -1,
      5251, 5250, 5252, -1,
      5251, 5252, 5253, -1,
      5253, 5252, 5254, -1,
      5253, 5254, 5255, -1,
      5255, 5254, 5256, -1,
      5255, 5256, 5257, -1,
      5257, 5256, 5258, -1,
      5257, 5258, 5238, -1,
      5238, 5258, 5259, -1,
      5238, 5259, 5237, -1,
      5211, 5213, 5240, -1,
      5240, 5213, 5242, -1,
      5212, 5211, 5239, -1,
      5239, 5211, 5240, -1,
      5214, 5212, 5241, -1,
      5241, 5212, 5239, -1,
      5214, 5241, 5216, -1,
      5216, 5241, 5243, -1,
      5216, 5243, 5218, -1,
      5218, 5243, 5245, -1,
      5218, 5245, 5220, -1,
      5220, 5245, 5247, -1,
      5220, 5247, 5222, -1,
      5222, 5247, 5249, -1,
      5222, 5249, 5224, -1,
      5224, 5249, 5251, -1,
      5226, 5224, 5253, -1,
      5253, 5224, 5251, -1,
      5226, 5253, 5255, -1,
      5226, 5255, 5228, -1,
      5228, 5255, 5257, -1,
      5228, 5257, 5230, -1,
      5230, 5257, 5238, -1,
      5230, 5238, 5210, -1,
      5210, 5238, 5236, -1,
      5210, 5236, 5208, -1,
      5208, 5236, 5234, -1,
      5208, 5234, 5206, -1,
      42, 5206, 39, -1,
      39, 5206, 5234, -1,
      5233, 5207, 41, -1,
      41, 5207, 44, -1,
      5207, 5233, 5209, -1,
      5209, 5233, 5235, -1,
      5209, 5235, 5232, -1,
      5232, 5235, 5237, -1,
      5232, 5237, 5231, -1,
      5231, 5237, 5259, -1,
      5231, 5259, 5229, -1,
      5229, 5259, 5258, -1,
      5229, 5258, 5227, -1,
      5227, 5258, 5256, -1,
      5227, 5256, 5225, -1,
      5225, 5256, 5254, -1,
      5223, 5225, 5252, -1,
      5252, 5225, 5254, -1,
      5223, 5252, 5250, -1,
      5223, 5250, 5221, -1,
      5221, 5250, 5248, -1,
      5221, 5248, 5219, -1,
      5219, 5248, 5246, -1,
      5219, 5246, 5217, -1,
      5217, 5246, 5244, -1,
      5217, 5244, 5215, -1,
      5215, 5244, 5242, -1,
      5215, 5242, 5213, -1,
      38, 40, 5260, -1,
      5260, 40, 5261, -1,
      5260, 5261, 5262, -1,
      5262, 5261, 5263, -1,
      5262, 5263, 5264, -1,
      5265, 5266, 5267, -1,
      5267, 5266, 5268, -1,
      5267, 5268, 5269, -1,
      5269, 5268, 5270, -1,
      5269, 5270, 5271, -1,
      5271, 5270, 5272, -1,
      5271, 5272, 5273, -1,
      5273, 5272, 5274, -1,
      5273, 5274, 5275, -1,
      5275, 5274, 5276, -1,
      5275, 5276, 5277, -1,
      5277, 5276, 5278, -1,
      5277, 5278, 5279, -1,
      5279, 5278, 5280, -1,
      5279, 5280, 5281, -1,
      5281, 5280, 5282, -1,
      5281, 5282, 5283, -1,
      5283, 5282, 5284, -1,
      5283, 5284, 5285, -1,
      5285, 5284, 5264, -1,
      5285, 5264, 5286, -1,
      5286, 5264, 5263, -1,
      37, 35, 5287, -1,
      5287, 35, 5288, -1,
      5287, 5288, 5289, -1,
      5289, 5288, 5290, -1,
      5289, 5290, 5291, -1,
      5291, 5290, 5292, -1,
      5293, 5294, 5295, -1,
      5295, 5294, 5296, -1,
      5295, 5296, 5297, -1,
      5297, 5296, 5298, -1,
      5297, 5298, 5299, -1,
      5299, 5298, 5300, -1,
      5299, 5300, 5301, -1,
      5301, 5300, 5302, -1,
      5301, 5302, 5303, -1,
      5303, 5302, 5304, -1,
      5303, 5304, 5305, -1,
      5305, 5304, 5306, -1,
      5305, 5306, 5307, -1,
      5307, 5306, 5308, -1,
      5307, 5308, 5309, -1,
      5309, 5308, 5310, -1,
      5309, 5310, 5311, -1,
      5311, 5310, 5312, -1,
      5311, 5312, 5292, -1,
      5292, 5312, 5313, -1,
      5292, 5313, 5291, -1,
      5265, 5267, 5294, -1,
      5294, 5267, 5296, -1,
      5266, 5265, 5293, -1,
      5293, 5265, 5294, -1,
      5268, 5266, 5295, -1,
      5295, 5266, 5293, -1,
      5268, 5295, 5270, -1,
      5270, 5295, 5297, -1,
      5270, 5297, 5272, -1,
      5272, 5297, 5299, -1,
      5272, 5299, 5274, -1,
      5274, 5299, 5301, -1,
      5274, 5301, 5276, -1,
      5276, 5301, 5303, -1,
      5276, 5303, 5278, -1,
      5278, 5303, 5305, -1,
      5280, 5278, 5307, -1,
      5307, 5278, 5305, -1,
      5280, 5307, 5309, -1,
      5280, 5309, 5282, -1,
      5282, 5309, 5311, -1,
      5282, 5311, 5284, -1,
      5284, 5311, 5292, -1,
      5284, 5292, 5264, -1,
      5264, 5292, 5290, -1,
      5264, 5290, 5262, -1,
      5262, 5290, 5288, -1,
      5262, 5288, 5260, -1,
      38, 5260, 35, -1,
      35, 5260, 5288, -1,
      5287, 5261, 37, -1,
      37, 5261, 40, -1,
      5261, 5287, 5263, -1,
      5263, 5287, 5289, -1,
      5263, 5289, 5286, -1,
      5286, 5289, 5291, -1,
      5286, 5291, 5285, -1,
      5285, 5291, 5313, -1,
      5285, 5313, 5283, -1,
      5283, 5313, 5312, -1,
      5283, 5312, 5281, -1,
      5281, 5312, 5310, -1,
      5281, 5310, 5279, -1,
      5279, 5310, 5308, -1,
      5277, 5279, 5306, -1,
      5306, 5279, 5308, -1,
      5277, 5306, 5304, -1,
      5277, 5304, 5275, -1,
      5275, 5304, 5302, -1,
      5275, 5302, 5273, -1,
      5273, 5302, 5300, -1,
      5273, 5300, 5271, -1,
      5271, 5300, 5298, -1,
      5271, 5298, 5269, -1,
      5269, 5298, 5296, -1,
      5269, 5296, 5267, -1,
      34, 36, 5314, -1,
      5314, 36, 5315, -1,
      5314, 5315, 5316, -1,
      5316, 5315, 5317, -1,
      5316, 5317, 5318, -1,
      5319, 5320, 5321, -1,
      5321, 5320, 5322, -1,
      5321, 5322, 5323, -1,
      5323, 5322, 5324, -1,
      5323, 5324, 5325, -1,
      5325, 5324, 5326, -1,
      5325, 5326, 5327, -1,
      5327, 5326, 5328, -1,
      5327, 5328, 5329, -1,
      5329, 5328, 5330, -1,
      5329, 5330, 5331, -1,
      5331, 5330, 5332, -1,
      5331, 5332, 5333, -1,
      5333, 5332, 5334, -1,
      5333, 5334, 5335, -1,
      5335, 5334, 5336, -1,
      5335, 5336, 5337, -1,
      5337, 5336, 5338, -1,
      5337, 5338, 5339, -1,
      5339, 5338, 5318, -1,
      5339, 5318, 5340, -1,
      5340, 5318, 5317, -1,
      33, 31, 5341, -1,
      5341, 31, 5342, -1,
      5341, 5342, 5343, -1,
      5343, 5342, 5344, -1,
      5343, 5344, 5345, -1,
      5345, 5344, 5346, -1,
      5347, 5348, 5349, -1,
      5349, 5348, 5350, -1,
      5349, 5350, 5351, -1,
      5351, 5350, 5352, -1,
      5351, 5352, 5353, -1,
      5353, 5352, 5354, -1,
      5353, 5354, 5355, -1,
      5355, 5354, 5356, -1,
      5355, 5356, 5357, -1,
      5357, 5356, 5358, -1,
      5357, 5358, 5359, -1,
      5359, 5358, 5360, -1,
      5359, 5360, 5361, -1,
      5361, 5360, 5362, -1,
      5361, 5362, 5363, -1,
      5363, 5362, 5364, -1,
      5363, 5364, 5365, -1,
      5365, 5364, 5366, -1,
      5365, 5366, 5346, -1,
      5346, 5366, 5367, -1,
      5346, 5367, 5345, -1,
      5319, 5321, 5348, -1,
      5348, 5321, 5350, -1,
      5320, 5319, 5347, -1,
      5347, 5319, 5348, -1,
      5322, 5320, 5349, -1,
      5349, 5320, 5347, -1,
      5322, 5349, 5324, -1,
      5324, 5349, 5351, -1,
      5324, 5351, 5326, -1,
      5326, 5351, 5353, -1,
      5326, 5353, 5328, -1,
      5328, 5353, 5355, -1,
      5328, 5355, 5330, -1,
      5330, 5355, 5357, -1,
      5330, 5357, 5332, -1,
      5332, 5357, 5359, -1,
      5334, 5332, 5361, -1,
      5361, 5332, 5359, -1,
      5334, 5361, 5363, -1,
      5334, 5363, 5336, -1,
      5336, 5363, 5365, -1,
      5336, 5365, 5338, -1,
      5338, 5365, 5346, -1,
      5338, 5346, 5318, -1,
      5318, 5346, 5344, -1,
      5318, 5344, 5316, -1,
      5316, 5344, 5342, -1,
      5316, 5342, 5314, -1,
      34, 5314, 31, -1,
      31, 5314, 5342, -1,
      5341, 5315, 33, -1,
      33, 5315, 36, -1,
      5315, 5341, 5317, -1,
      5317, 5341, 5343, -1,
      5317, 5343, 5340, -1,
      5340, 5343, 5345, -1,
      5340, 5345, 5339, -1,
      5339, 5345, 5367, -1,
      5339, 5367, 5337, -1,
      5337, 5367, 5366, -1,
      5337, 5366, 5335, -1,
      5335, 5366, 5364, -1,
      5335, 5364, 5333, -1,
      5333, 5364, 5362, -1,
      5331, 5333, 5360, -1,
      5360, 5333, 5362, -1,
      5331, 5360, 5358, -1,
      5331, 5358, 5329, -1,
      5329, 5358, 5356, -1,
      5329, 5356, 5327, -1,
      5327, 5356, 5354, -1,
      5327, 5354, 5325, -1,
      5325, 5354, 5352, -1,
      5325, 5352, 5323, -1,
      5323, 5352, 5350, -1,
      5323, 5350, 5321, -1,
      30, 32, 5368, -1,
      5368, 32, 5369, -1,
      5368, 5369, 5370, -1,
      5370, 5369, 5371, -1,
      5370, 5371, 5372, -1,
      5373, 5374, 5375, -1,
      5375, 5374, 5376, -1,
      5375, 5376, 5377, -1,
      5377, 5376, 5378, -1,
      5377, 5378, 5379, -1,
      5379, 5378, 5380, -1,
      5379, 5380, 5381, -1,
      5381, 5380, 5382, -1,
      5381, 5382, 5383, -1,
      5383, 5382, 5384, -1,
      5383, 5384, 5385, -1,
      5385, 5384, 5386, -1,
      5385, 5386, 5387, -1,
      5387, 5386, 5388, -1,
      5387, 5388, 5389, -1,
      5389, 5388, 5390, -1,
      5389, 5390, 5391, -1,
      5391, 5390, 5392, -1,
      5391, 5392, 5393, -1,
      5393, 5392, 5372, -1,
      5393, 5372, 5394, -1,
      5394, 5372, 5371, -1,
      29, 27, 5395, -1,
      5395, 27, 5396, -1,
      5395, 5396, 5397, -1,
      5397, 5396, 5398, -1,
      5397, 5398, 5399, -1,
      5399, 5398, 5400, -1,
      5401, 5402, 5403, -1,
      5403, 5402, 5404, -1,
      5403, 5404, 5405, -1,
      5405, 5404, 5406, -1,
      5405, 5406, 5407, -1,
      5407, 5406, 5408, -1,
      5407, 5408, 5409, -1,
      5409, 5408, 5410, -1,
      5409, 5410, 5411, -1,
      5411, 5410, 5412, -1,
      5411, 5412, 5413, -1,
      5413, 5412, 5414, -1,
      5413, 5414, 5415, -1,
      5415, 5414, 5416, -1,
      5415, 5416, 5417, -1,
      5417, 5416, 5418, -1,
      5417, 5418, 5419, -1,
      5419, 5418, 5420, -1,
      5419, 5420, 5400, -1,
      5400, 5420, 5421, -1,
      5400, 5421, 5399, -1,
      5373, 5375, 5402, -1,
      5402, 5375, 5404, -1,
      5374, 5373, 5401, -1,
      5401, 5373, 5402, -1,
      5376, 5374, 5403, -1,
      5403, 5374, 5401, -1,
      5376, 5403, 5378, -1,
      5378, 5403, 5405, -1,
      5378, 5405, 5380, -1,
      5380, 5405, 5407, -1,
      5380, 5407, 5382, -1,
      5382, 5407, 5409, -1,
      5382, 5409, 5384, -1,
      5384, 5409, 5411, -1,
      5384, 5411, 5386, -1,
      5386, 5411, 5413, -1,
      5388, 5386, 5415, -1,
      5415, 5386, 5413, -1,
      5388, 5415, 5417, -1,
      5388, 5417, 5390, -1,
      5390, 5417, 5419, -1,
      5390, 5419, 5392, -1,
      5392, 5419, 5400, -1,
      5392, 5400, 5372, -1,
      5372, 5400, 5398, -1,
      5372, 5398, 5370, -1,
      5370, 5398, 5396, -1,
      5370, 5396, 5368, -1,
      30, 5368, 27, -1,
      27, 5368, 5396, -1,
      5395, 5369, 29, -1,
      29, 5369, 32, -1,
      5369, 5395, 5371, -1,
      5371, 5395, 5397, -1,
      5371, 5397, 5394, -1,
      5394, 5397, 5399, -1,
      5394, 5399, 5393, -1,
      5393, 5399, 5421, -1,
      5393, 5421, 5391, -1,
      5391, 5421, 5420, -1,
      5391, 5420, 5389, -1,
      5389, 5420, 5418, -1,
      5389, 5418, 5387, -1,
      5387, 5418, 5416, -1,
      5385, 5387, 5414, -1,
      5414, 5387, 5416, -1,
      5385, 5414, 5412, -1,
      5385, 5412, 5383, -1,
      5383, 5412, 5410, -1,
      5383, 5410, 5381, -1,
      5381, 5410, 5408, -1,
      5381, 5408, 5379, -1,
      5379, 5408, 5406, -1,
      5379, 5406, 5377, -1,
      5377, 5406, 5404, -1,
      5377, 5404, 5375, -1,
      26, 28, 5422, -1,
      5422, 28, 5423, -1,
      5422, 5423, 5424, -1,
      5424, 5423, 5425, -1,
      5424, 5425, 5426, -1,
      5427, 5428, 5429, -1,
      5429, 5428, 5430, -1,
      5429, 5430, 5431, -1,
      5431, 5430, 5432, -1,
      5431, 5432, 5433, -1,
      5433, 5432, 5434, -1,
      5433, 5434, 5435, -1,
      5435, 5434, 5436, -1,
      5435, 5436, 5437, -1,
      5437, 5436, 5438, -1,
      5437, 5438, 5439, -1,
      5439, 5438, 5440, -1,
      5439, 5440, 5441, -1,
      5441, 5440, 5442, -1,
      5441, 5442, 5443, -1,
      5443, 5442, 5444, -1,
      5443, 5444, 5445, -1,
      5445, 5444, 5446, -1,
      5445, 5446, 5447, -1,
      5447, 5446, 5426, -1,
      5447, 5426, 5448, -1,
      5448, 5426, 5425, -1,
      25, 23, 5449, -1,
      5449, 23, 5450, -1,
      5449, 5450, 5451, -1,
      5451, 5450, 5452, -1,
      5451, 5452, 5453, -1,
      5453, 5452, 5454, -1,
      5455, 5456, 5457, -1,
      5457, 5456, 5458, -1,
      5457, 5458, 5459, -1,
      5459, 5458, 5460, -1,
      5459, 5460, 5461, -1,
      5461, 5460, 5462, -1,
      5461, 5462, 5463, -1,
      5463, 5462, 5464, -1,
      5463, 5464, 5465, -1,
      5465, 5464, 5466, -1,
      5465, 5466, 5467, -1,
      5467, 5466, 5468, -1,
      5467, 5468, 5469, -1,
      5469, 5468, 5470, -1,
      5469, 5470, 5471, -1,
      5471, 5470, 5472, -1,
      5471, 5472, 5473, -1,
      5473, 5472, 5474, -1,
      5473, 5474, 5454, -1,
      5454, 5474, 5475, -1,
      5454, 5475, 5453, -1,
      5427, 5429, 5456, -1,
      5456, 5429, 5458, -1,
      5428, 5427, 5455, -1,
      5455, 5427, 5456, -1,
      5430, 5428, 5457, -1,
      5457, 5428, 5455, -1,
      5430, 5457, 5432, -1,
      5432, 5457, 5459, -1,
      5432, 5459, 5434, -1,
      5434, 5459, 5461, -1,
      5434, 5461, 5436, -1,
      5436, 5461, 5463, -1,
      5436, 5463, 5438, -1,
      5438, 5463, 5465, -1,
      5438, 5465, 5440, -1,
      5440, 5465, 5467, -1,
      5442, 5440, 5469, -1,
      5469, 5440, 5467, -1,
      5442, 5469, 5471, -1,
      5442, 5471, 5444, -1,
      5444, 5471, 5473, -1,
      5444, 5473, 5446, -1,
      5446, 5473, 5454, -1,
      5446, 5454, 5426, -1,
      5426, 5454, 5452, -1,
      5426, 5452, 5424, -1,
      5424, 5452, 5450, -1,
      5424, 5450, 5422, -1,
      26, 5422, 23, -1,
      23, 5422, 5450, -1,
      5449, 5423, 25, -1,
      25, 5423, 28, -1,
      5423, 5449, 5425, -1,
      5425, 5449, 5451, -1,
      5425, 5451, 5448, -1,
      5448, 5451, 5453, -1,
      5448, 5453, 5447, -1,
      5447, 5453, 5475, -1,
      5447, 5475, 5445, -1,
      5445, 5475, 5474, -1,
      5445, 5474, 5443, -1,
      5443, 5474, 5472, -1,
      5443, 5472, 5441, -1,
      5441, 5472, 5470, -1,
      5439, 5441, 5468, -1,
      5468, 5441, 5470, -1,
      5439, 5468, 5466, -1,
      5439, 5466, 5437, -1,
      5437, 5466, 5464, -1,
      5437, 5464, 5435, -1,
      5435, 5464, 5462, -1,
      5435, 5462, 5433, -1,
      5433, 5462, 5460, -1,
      5433, 5460, 5431, -1,
      5431, 5460, 5458, -1,
      5431, 5458, 5429, -1,
      22, 24, 5476, -1,
      5476, 24, 5477, -1,
      5476, 5477, 5478, -1,
      5478, 5477, 5479, -1,
      5478, 5479, 5480, -1,
      5481, 5482, 5483, -1,
      5483, 5482, 5484, -1,
      5483, 5484, 5485, -1,
      5485, 5484, 5486, -1,
      5485, 5486, 5487, -1,
      5487, 5486, 5488, -1,
      5487, 5488, 5489, -1,
      5489, 5488, 5490, -1,
      5489, 5490, 5491, -1,
      5491, 5490, 5492, -1,
      5491, 5492, 5493, -1,
      5493, 5492, 5494, -1,
      5493, 5494, 5495, -1,
      5495, 5494, 5496, -1,
      5495, 5496, 5497, -1,
      5497, 5496, 5498, -1,
      5497, 5498, 5499, -1,
      5499, 5498, 5500, -1,
      5499, 5500, 5501, -1,
      5501, 5500, 5480, -1,
      5501, 5480, 5502, -1,
      5502, 5480, 5479, -1,
      21, 19, 5503, -1,
      5503, 19, 5504, -1,
      5503, 5504, 5505, -1,
      5505, 5504, 5506, -1,
      5505, 5506, 5507, -1,
      5507, 5506, 5508, -1,
      5509, 5510, 5511, -1,
      5511, 5510, 5512, -1,
      5511, 5512, 5513, -1,
      5513, 5512, 5514, -1,
      5513, 5514, 5515, -1,
      5515, 5514, 5516, -1,
      5515, 5516, 5517, -1,
      5517, 5516, 5518, -1,
      5517, 5518, 5519, -1,
      5519, 5518, 5520, -1,
      5519, 5520, 5521, -1,
      5521, 5520, 5522, -1,
      5521, 5522, 5523, -1,
      5523, 5522, 5524, -1,
      5523, 5524, 5525, -1,
      5525, 5524, 5526, -1,
      5525, 5526, 5527, -1,
      5527, 5526, 5528, -1,
      5527, 5528, 5508, -1,
      5508, 5528, 5529, -1,
      5508, 5529, 5507, -1,
      5481, 5483, 5510, -1,
      5510, 5483, 5512, -1,
      5482, 5481, 5509, -1,
      5509, 5481, 5510, -1,
      5484, 5482, 5511, -1,
      5511, 5482, 5509, -1,
      5484, 5511, 5486, -1,
      5486, 5511, 5513, -1,
      5486, 5513, 5488, -1,
      5488, 5513, 5515, -1,
      5488, 5515, 5490, -1,
      5490, 5515, 5517, -1,
      5490, 5517, 5492, -1,
      5492, 5517, 5519, -1,
      5492, 5519, 5494, -1,
      5494, 5519, 5521, -1,
      5496, 5494, 5523, -1,
      5523, 5494, 5521, -1,
      5496, 5523, 5525, -1,
      5496, 5525, 5498, -1,
      5498, 5525, 5527, -1,
      5498, 5527, 5500, -1,
      5500, 5527, 5508, -1,
      5500, 5508, 5480, -1,
      5480, 5508, 5506, -1,
      5480, 5506, 5478, -1,
      5478, 5506, 5504, -1,
      5478, 5504, 5476, -1,
      22, 5476, 19, -1,
      19, 5476, 5504, -1,
      5503, 5477, 21, -1,
      21, 5477, 24, -1,
      5477, 5503, 5479, -1,
      5479, 5503, 5505, -1,
      5479, 5505, 5502, -1,
      5502, 5505, 5507, -1,
      5502, 5507, 5501, -1,
      5501, 5507, 5529, -1,
      5501, 5529, 5499, -1,
      5499, 5529, 5528, -1,
      5499, 5528, 5497, -1,
      5497, 5528, 5526, -1,
      5497, 5526, 5495, -1,
      5495, 5526, 5524, -1,
      5493, 5495, 5522, -1,
      5522, 5495, 5524, -1,
      5493, 5522, 5520, -1,
      5493, 5520, 5491, -1,
      5491, 5520, 5518, -1,
      5491, 5518, 5489, -1,
      5489, 5518, 5516, -1,
      5489, 5516, 5487, -1,
      5487, 5516, 5514, -1,
      5487, 5514, 5485, -1,
      5485, 5514, 5512, -1,
      5485, 5512, 5483, -1,
      18, 20, 5530, -1,
      5530, 20, 5531, -1,
      5530, 5531, 5532, -1,
      5532, 5531, 5533, -1,
      5532, 5533, 5534, -1,
      5535, 5536, 5537, -1,
      5537, 5536, 5538, -1,
      5537, 5538, 5539, -1,
      5539, 5538, 5540, -1,
      5539, 5540, 5541, -1,
      5541, 5540, 5542, -1,
      5541, 5542, 5543, -1,
      5543, 5542, 5544, -1,
      5543, 5544, 5545, -1,
      5545, 5544, 5546, -1,
      5545, 5546, 5547, -1,
      5547, 5546, 5548, -1,
      5547, 5548, 5549, -1,
      5549, 5548, 5550, -1,
      5549, 5550, 5551, -1,
      5551, 5550, 5552, -1,
      5551, 5552, 5553, -1,
      5553, 5552, 5554, -1,
      5553, 5554, 5555, -1,
      5555, 5554, 5534, -1,
      5555, 5534, 5556, -1,
      5556, 5534, 5533, -1,
      17, 15, 5557, -1,
      5557, 15, 5558, -1,
      5557, 5558, 5559, -1,
      5559, 5558, 5560, -1,
      5559, 5560, 5561, -1,
      5561, 5560, 5562, -1,
      5563, 5564, 5565, -1,
      5565, 5564, 5566, -1,
      5565, 5566, 5567, -1,
      5567, 5566, 5568, -1,
      5567, 5568, 5569, -1,
      5569, 5568, 5570, -1,
      5569, 5570, 5571, -1,
      5571, 5570, 5572, -1,
      5571, 5572, 5573, -1,
      5573, 5572, 5574, -1,
      5573, 5574, 5575, -1,
      5575, 5574, 5576, -1,
      5575, 5576, 5577, -1,
      5577, 5576, 5578, -1,
      5577, 5578, 5579, -1,
      5579, 5578, 5580, -1,
      5579, 5580, 5581, -1,
      5581, 5580, 5582, -1,
      5581, 5582, 5562, -1,
      5562, 5582, 5583, -1,
      5562, 5583, 5561, -1,
      5535, 5537, 5564, -1,
      5564, 5537, 5566, -1,
      5536, 5535, 5563, -1,
      5563, 5535, 5564, -1,
      5538, 5536, 5565, -1,
      5565, 5536, 5563, -1,
      5538, 5565, 5540, -1,
      5540, 5565, 5567, -1,
      5540, 5567, 5542, -1,
      5542, 5567, 5569, -1,
      5542, 5569, 5544, -1,
      5544, 5569, 5571, -1,
      5544, 5571, 5546, -1,
      5546, 5571, 5573, -1,
      5546, 5573, 5548, -1,
      5548, 5573, 5575, -1,
      5550, 5548, 5577, -1,
      5577, 5548, 5575, -1,
      5550, 5577, 5579, -1,
      5550, 5579, 5552, -1,
      5552, 5579, 5581, -1,
      5552, 5581, 5554, -1,
      5554, 5581, 5562, -1,
      5554, 5562, 5534, -1,
      5534, 5562, 5560, -1,
      5534, 5560, 5532, -1,
      5532, 5560, 5558, -1,
      5532, 5558, 5530, -1,
      18, 5530, 15, -1,
      15, 5530, 5558, -1,
      5557, 5531, 17, -1,
      17, 5531, 20, -1,
      5531, 5557, 5533, -1,
      5533, 5557, 5559, -1,
      5533, 5559, 5556, -1,
      5556, 5559, 5561, -1,
      5556, 5561, 5555, -1,
      5555, 5561, 5583, -1,
      5555, 5583, 5553, -1,
      5553, 5583, 5582, -1,
      5553, 5582, 5551, -1,
      5551, 5582, 5580, -1,
      5551, 5580, 5549, -1,
      5549, 5580, 5578, -1,
      5547, 5549, 5576, -1,
      5576, 5549, 5578, -1,
      5547, 5576, 5574, -1,
      5547, 5574, 5545, -1,
      5545, 5574, 5572, -1,
      5545, 5572, 5543, -1,
      5543, 5572, 5570, -1,
      5543, 5570, 5541, -1,
      5541, 5570, 5568, -1,
      5541, 5568, 5539, -1,
      5539, 5568, 5566, -1,
      5539, 5566, 5537, -1,
      14, 16, 5584, -1,
      5584, 16, 5585, -1,
      5584, 5585, 5586, -1,
      5586, 5585, 5587, -1,
      5586, 5587, 5588, -1,
      5589, 5590, 5591, -1,
      5591, 5590, 5592, -1,
      5591, 5592, 5593, -1,
      5593, 5592, 5594, -1,
      5593, 5594, 5595, -1,
      5595, 5594, 5596, -1,
      5595, 5596, 5597, -1,
      5597, 5596, 5598, -1,
      5597, 5598, 5599, -1,
      5599, 5598, 5600, -1,
      5599, 5600, 5601, -1,
      5601, 5600, 5602, -1,
      5601, 5602, 5603, -1,
      5603, 5602, 5604, -1,
      5603, 5604, 5605, -1,
      5605, 5604, 5606, -1,
      5605, 5606, 5607, -1,
      5607, 5606, 5608, -1,
      5607, 5608, 5609, -1,
      5609, 5608, 5588, -1,
      5609, 5588, 5610, -1,
      5610, 5588, 5587, -1,
      13, 11, 5611, -1,
      5611, 11, 5612, -1,
      5611, 5612, 5613, -1,
      5613, 5612, 5614, -1,
      5613, 5614, 5615, -1,
      5615, 5614, 5616, -1,
      5617, 5618, 5619, -1,
      5619, 5618, 5620, -1,
      5619, 5620, 5621, -1,
      5621, 5620, 5622, -1,
      5621, 5622, 5623, -1,
      5623, 5622, 5624, -1,
      5623, 5624, 5625, -1,
      5625, 5624, 5626, -1,
      5625, 5626, 5627, -1,
      5627, 5626, 5628, -1,
      5627, 5628, 5629, -1,
      5629, 5628, 5630, -1,
      5629, 5630, 5631, -1,
      5631, 5630, 5632, -1,
      5631, 5632, 5633, -1,
      5633, 5632, 5634, -1,
      5633, 5634, 5635, -1,
      5635, 5634, 5636, -1,
      5635, 5636, 5616, -1,
      5616, 5636, 5637, -1,
      5616, 5637, 5615, -1,
      5589, 5591, 5618, -1,
      5618, 5591, 5620, -1,
      5590, 5589, 5617, -1,
      5617, 5589, 5618, -1,
      5592, 5590, 5619, -1,
      5619, 5590, 5617, -1,
      5592, 5619, 5594, -1,
      5594, 5619, 5621, -1,
      5594, 5621, 5596, -1,
      5596, 5621, 5623, -1,
      5596, 5623, 5598, -1,
      5598, 5623, 5625, -1,
      5598, 5625, 5600, -1,
      5600, 5625, 5627, -1,
      5600, 5627, 5602, -1,
      5602, 5627, 5629, -1,
      5604, 5602, 5631, -1,
      5631, 5602, 5629, -1,
      5604, 5631, 5633, -1,
      5604, 5633, 5606, -1,
      5606, 5633, 5635, -1,
      5606, 5635, 5608, -1,
      5608, 5635, 5616, -1,
      5608, 5616, 5588, -1,
      5588, 5616, 5614, -1,
      5588, 5614, 5586, -1,
      5586, 5614, 5612, -1,
      5586, 5612, 5584, -1,
      14, 5584, 11, -1,
      11, 5584, 5612, -1,
      5611, 5585, 13, -1,
      13, 5585, 16, -1,
      5585, 5611, 5587, -1,
      5587, 5611, 5613, -1,
      5587, 5613, 5610, -1,
      5610, 5613, 5615, -1,
      5610, 5615, 5609, -1,
      5609, 5615, 5637, -1,
      5609, 5637, 5607, -1,
      5607, 5637, 5636, -1,
      5607, 5636, 5605, -1,
      5605, 5636, 5634, -1,
      5605, 5634, 5603, -1,
      5603, 5634, 5632, -1,
      5601, 5603, 5630, -1,
      5630, 5603, 5632, -1,
      5601, 5630, 5628, -1,
      5601, 5628, 5599, -1,
      5599, 5628, 5626, -1,
      5599, 5626, 5597, -1,
      5597, 5626, 5624, -1,
      5597, 5624, 5595, -1,
      5595, 5624, 5622, -1,
      5595, 5622, 5593, -1,
      5593, 5622, 5620, -1,
      5593, 5620, 5591, -1,
      10, 12, 5638, -1,
      5638, 12, 5639, -1,
      5638, 5639, 5640, -1,
      5640, 5639, 5641, -1,
      5640, 5641, 5642, -1,
      5643, 5644, 5645, -1,
      5645, 5644, 5646, -1,
      5645, 5646, 5647, -1,
      5647, 5646, 5648, -1,
      5647, 5648, 5649, -1,
      5649, 5648, 5650, -1,
      5649, 5650, 5651, -1,
      5651, 5650, 5652, -1,
      5651, 5652, 5653, -1,
      5653, 5652, 5654, -1,
      5653, 5654, 5655, -1,
      5655, 5654, 5656, -1,
      5655, 5656, 5657, -1,
      5657, 5656, 5658, -1,
      5657, 5658, 5659, -1,
      5659, 5658, 5660, -1,
      5659, 5660, 5661, -1,
      5661, 5660, 5662, -1,
      5661, 5662, 5663, -1,
      5663, 5662, 5642, -1,
      5663, 5642, 5664, -1,
      5664, 5642, 5641, -1,
      9, 7, 5665, -1,
      5665, 7, 5666, -1,
      5665, 5666, 5667, -1,
      5667, 5666, 5668, -1,
      5667, 5668, 5669, -1,
      5669, 5668, 5670, -1,
      5671, 5672, 5673, -1,
      5673, 5672, 5674, -1,
      5673, 5674, 5675, -1,
      5675, 5674, 5676, -1,
      5675, 5676, 5677, -1,
      5677, 5676, 5678, -1,
      5677, 5678, 5679, -1,
      5679, 5678, 5680, -1,
      5679, 5680, 5681, -1,
      5681, 5680, 5682, -1,
      5681, 5682, 5683, -1,
      5683, 5682, 5684, -1,
      5683, 5684, 5685, -1,
      5685, 5684, 5686, -1,
      5685, 5686, 5687, -1,
      5687, 5686, 5688, -1,
      5687, 5688, 5689, -1,
      5689, 5688, 5690, -1,
      5689, 5690, 5670, -1,
      5670, 5690, 5691, -1,
      5670, 5691, 5669, -1,
      5643, 5645, 5672, -1,
      5672, 5645, 5674, -1,
      5644, 5643, 5671, -1,
      5671, 5643, 5672, -1,
      5646, 5644, 5673, -1,
      5673, 5644, 5671, -1,
      5646, 5673, 5648, -1,
      5648, 5673, 5675, -1,
      5648, 5675, 5650, -1,
      5650, 5675, 5677, -1,
      5650, 5677, 5652, -1,
      5652, 5677, 5679, -1,
      5652, 5679, 5654, -1,
      5654, 5679, 5681, -1,
      5654, 5681, 5656, -1,
      5656, 5681, 5683, -1,
      5658, 5656, 5685, -1,
      5685, 5656, 5683, -1,
      5658, 5685, 5687, -1,
      5658, 5687, 5660, -1,
      5660, 5687, 5689, -1,
      5660, 5689, 5662, -1,
      5662, 5689, 5670, -1,
      5662, 5670, 5642, -1,
      5642, 5670, 5668, -1,
      5642, 5668, 5640, -1,
      5640, 5668, 5666, -1,
      5640, 5666, 5638, -1,
      10, 5638, 7, -1,
      7, 5638, 5666, -1,
      5665, 5639, 9, -1,
      9, 5639, 12, -1,
      5639, 5665, 5641, -1,
      5641, 5665, 5667, -1,
      5641, 5667, 5664, -1,
      5664, 5667, 5669, -1,
      5664, 5669, 5663, -1,
      5663, 5669, 5691, -1,
      5663, 5691, 5661, -1,
      5661, 5691, 5690, -1,
      5661, 5690, 5659, -1,
      5659, 5690, 5688, -1,
      5659, 5688, 5657, -1,
      5657, 5688, 5686, -1,
      5655, 5657, 5684, -1,
      5684, 5657, 5686, -1,
      5655, 5684, 5682, -1,
      5655, 5682, 5653, -1,
      5653, 5682, 5680, -1,
      5653, 5680, 5651, -1,
      5651, 5680, 5678, -1,
      5651, 5678, 5649, -1,
      5649, 5678, 5676, -1,
      5649, 5676, 5647, -1,
      5647, 5676, 5674, -1,
      5647, 5674, 5645, -1,
      6, 8, 5692, -1,
      5692, 8, 5693, -1,
      5692, 5693, 5694, -1,
      5694, 5693, 5695, -1,
      5694, 5695, 5696, -1,
      5697, 5698, 5699, -1,
      5699, 5698, 5700, -1,
      5699, 5700, 5701, -1,
      5701, 5700, 5702, -1,
      5701, 5702, 5703, -1,
      5703, 5702, 5704, -1,
      5703, 5704, 5705, -1,
      5705, 5704, 5706, -1,
      5705, 5706, 5707, -1,
      5707, 5706, 5708, -1,
      5707, 5708, 5709, -1,
      5709, 5708, 5710, -1,
      5709, 5710, 5711, -1,
      5711, 5710, 5712, -1,
      5711, 5712, 5713, -1,
      5713, 5712, 5714, -1,
      5713, 5714, 5715, -1,
      5715, 5714, 5716, -1,
      5715, 5716, 5717, -1,
      5717, 5716, 5696, -1,
      5717, 5696, 5718, -1,
      5718, 5696, 5695, -1,
      5, 3, 5719, -1,
      5719, 3, 5720, -1,
      5719, 5720, 5721, -1,
      5721, 5720, 5722, -1,
      5721, 5722, 5723, -1,
      5723, 5722, 5724, -1,
      5725, 5726, 5727, -1,
      5727, 5726, 5728, -1,
      5727, 5728, 5729, -1,
      5729, 5728, 5730, -1,
      5729, 5730, 5731, -1,
      5731, 5730, 5732, -1,
      5731, 5732, 5733, -1,
      5733, 5732, 5734, -1,
      5733, 5734, 5735, -1,
      5735, 5734, 5736, -1,
      5735, 5736, 5737, -1,
      5737, 5736, 5738, -1,
      5737, 5738, 5739, -1,
      5739, 5738, 5740, -1,
      5739, 5740, 5741, -1,
      5741, 5740, 5742, -1,
      5741, 5742, 5743, -1,
      5743, 5742, 5744, -1,
      5743, 5744, 5724, -1,
      5724, 5744, 5745, -1,
      5724, 5745, 5723, -1,
      5697, 5699, 5726, -1,
      5726, 5699, 5728, -1,
      5698, 5697, 5725, -1,
      5725, 5697, 5726, -1,
      5700, 5698, 5727, -1,
      5727, 5698, 5725, -1,
      5700, 5727, 5702, -1,
      5702, 5727, 5729, -1,
      5702, 5729, 5704, -1,
      5704, 5729, 5731, -1,
      5704, 5731, 5706, -1,
      5706, 5731, 5733, -1,
      5706, 5733, 5708, -1,
      5708, 5733, 5735, -1,
      5708, 5735, 5710, -1,
      5710, 5735, 5737, -1,
      5712, 5710, 5739, -1,
      5739, 5710, 5737, -1,
      5712, 5739, 5741, -1,
      5712, 5741, 5714, -1,
      5714, 5741, 5743, -1,
      5714, 5743, 5716, -1,
      5716, 5743, 5724, -1,
      5716, 5724, 5696, -1,
      5696, 5724, 5722, -1,
      5696, 5722, 5694, -1,
      5694, 5722, 5720, -1,
      5694, 5720, 5692, -1,
      6, 5692, 3, -1,
      3, 5692, 5720, -1,
      5719, 5693, 5, -1,
      5, 5693, 8, -1,
      5693, 5719, 5695, -1,
      5695, 5719, 5721, -1,
      5695, 5721, 5718, -1,
      5718, 5721, 5723, -1,
      5718, 5723, 5717, -1,
      5717, 5723, 5745, -1,
      5717, 5745, 5715, -1,
      5715, 5745, 5744, -1,
      5715, 5744, 5713, -1,
      5713, 5744, 5742, -1,
      5713, 5742, 5711, -1,
      5711, 5742, 5740, -1,
      5709, 5711, 5738, -1,
      5738, 5711, 5740, -1,
      5709, 5738, 5736, -1,
      5709, 5736, 5707, -1,
      5707, 5736, 5734, -1,
      5707, 5734, 5705, -1,
      5705, 5734, 5732, -1,
      5705, 5732, 5703, -1,
      5703, 5732, 5730, -1,
      5703, 5730, 5701, -1,
      5701, 5730, 5728, -1,
      5701, 5728, 5699, -1,
      2, 4, 5746, -1,
      5746, 4, 5747, -1,
      5746, 5747, 5748, -1,
      5748, 5747, 5749, -1,
      5748, 5749, 5750, -1,
      5751, 5752, 5753, -1,
      5753, 5752, 5754, -1,
      5753, 5754, 5755, -1,
      5755, 5754, 5756, -1,
      5755, 5756, 5757, -1,
      5757, 5756, 5758, -1,
      5757, 5758, 5759, -1,
      5759, 5758, 5760, -1,
      5759, 5760, 5761, -1,
      5761, 5760, 5762, -1,
      5761, 5762, 5763, -1,
      5763, 5762, 5764, -1,
      5763, 5764, 5765, -1,
      5765, 5764, 5766, -1,
      5765, 5766, 5767, -1,
      5767, 5766, 5768, -1,
      5767, 5768, 5769, -1,
      5769, 5768, 5770, -1,
      5769, 5770, 5771, -1,
      5771, 5770, 5750, -1,
      5771, 5750, 5772, -1,
      5772, 5750, 5749, -1,
      0, 1, 5773, -1,
      5773, 1, 5774, -1,
      5773, 5774, 5775, -1,
      5775, 5774, 5776, -1,
      5775, 5776, 5777, -1,
      5777, 5776, 5778, -1,
      5779, 5780, 5781, -1,
      5781, 5780, 5782, -1,
      5781, 5782, 5783, -1,
      5783, 5782, 5784, -1,
      5783, 5784, 5785, -1,
      5785, 5784, 5786, -1,
      5785, 5786, 5787, -1,
      5787, 5786, 5788, -1,
      5787, 5788, 5789, -1,
      5789, 5788, 5790, -1,
      5789, 5790, 5791, -1,
      5791, 5790, 5792, -1,
      5791, 5792, 5793, -1,
      5793, 5792, 5794, -1,
      5793, 5794, 5795, -1,
      5795, 5794, 5796, -1,
      5795, 5796, 5797, -1,
      5797, 5796, 5798, -1,
      5797, 5798, 5778, -1,
      5778, 5798, 5799, -1,
      5778, 5799, 5777, -1,
      5751, 5753, 5780, -1,
      5780, 5753, 5782, -1,
      5752, 5751, 5779, -1,
      5779, 5751, 5780, -1,
      5754, 5752, 5781, -1,
      5781, 5752, 5779, -1,
      5754, 5781, 5756, -1,
      5756, 5781, 5783, -1,
      5756, 5783, 5758, -1,
      5758, 5783, 5785, -1,
      5758, 5785, 5760, -1,
      5760, 5785, 5787, -1,
      5760, 5787, 5762, -1,
      5762, 5787, 5789, -1,
      5762, 5789, 5764, -1,
      5764, 5789, 5791, -1,
      5766, 5764, 5793, -1,
      5793, 5764, 5791, -1,
      5766, 5793, 5795, -1,
      5766, 5795, 5768, -1,
      5768, 5795, 5797, -1,
      5768, 5797, 5770, -1,
      5770, 5797, 5778, -1,
      5770, 5778, 5750, -1,
      5750, 5778, 5776, -1,
      5750, 5776, 5748, -1,
      5748, 5776, 5774, -1,
      5748, 5774, 5746, -1,
      2, 5746, 1, -1,
      1, 5746, 5774, -1,
      5773, 5747, 0, -1,
      0, 5747, 4, -1,
      5747, 5773, 5749, -1,
      5749, 5773, 5775, -1,
      5749, 5775, 5772, -1,
      5772, 5775, 5777, -1,
      5772, 5777, 5771, -1,
      5771, 5777, 5799, -1,
      5771, 5799, 5769, -1,
      5769, 5799, 5798, -1,
      5769, 5798, 5767, -1,
      5767, 5798, 5796, -1,
      5767, 5796, 5765, -1,
      5765, 5796, 5794, -1,
      5763, 5765, 5792, -1,
      5792, 5765, 5794, -1,
      5763, 5792, 5790, -1,
      5763, 5790, 5761, -1,
      5761, 5790, 5788, -1,
      5761, 5788, 5759, -1,
      5759, 5788, 5786, -1,
      5759, 5786, 5757, -1,
      5757, 5786, 5784, -1,
      5757, 5784, 5755, -1,
      5755, 5784, 5782, -1,
      5755, 5782, 5753, -1,
    ]
  }
}

Shape {
  appearance Appearance {
    material Material {
      diffuseColor 0.6471 0.6471 0.6471
      specularColor 0.3216 0.3216 0.3216
      ambientIntensity 0.2
      transparency 0.0000
      shininess 0.5
    }
  }
  geometry IndexedFaceSet {
    ccw TRUE
    solid FALSE
    coord DEF co Coordinate {
      point [
        -2.381765 -2.110511 0.590551,
        -2.342263 -2.080201 0.590551,
        -2.296263 -2.061147 0.590551,
        -2.081722 -2.150013 0.590551,
        -2.062669 -2.196013 0.590551,
        -2.056169 -2.245377 0.590551,
        -2.062669 -2.294742 0.590551,
        -2.342263 -2.410554 0.590551,
        -2.381765 -2.380243 0.590551,
        -2.412075 -2.340742 0.590551,
        -2.431129 -2.294742 0.590551,
        -2.246898 -2.054648 0.590551,
        -2.197534 -2.061147 0.590551,
        -2.151534 -2.080201 0.590551,
        -2.112033 -2.110511 0.590551,
        -2.081722 -2.340742 0.590551,
        -2.112033 -2.380243 0.590551,
        -2.151534 -2.410554 0.590551,
        -2.437628 -2.245377 0.590551,
        -2.431129 -2.196013 0.590551,
        -2.412075 -2.150013 0.590551,
        -2.197534 -2.429607 0.590551,
        -2.246898 -2.436106 0.590551,
        -2.296263 -2.429607 0.590551,
        -2.056169 -2.245377 0.590157,
        -2.062669 -2.196013 0.590157,
        -2.081722 -2.150013 0.590157,
        -2.112033 -2.110511 0.590157,
        -2.151534 -2.080201 0.590157,
        -2.197534 -2.061147 0.590157,
        -2.246898 -2.054648 0.590157,
        -2.296263 -2.061147 0.590157,
        -2.342263 -2.080201 0.590157,
        -2.381765 -2.110511 0.590157,
        -2.412075 -2.150013 0.590157,
        -2.431129 -2.196013 0.590157,
        -2.437628 -2.245377 0.590157,
        -2.431129 -2.294742 0.590157,
        -2.412075 -2.340742 0.590157,
        -2.381765 -2.380243 0.590157,
        -2.342263 -2.410554 0.590157,
        -2.296263 -2.429607 0.590157,
        -2.246898 -2.436106 0.590157,
        -2.197534 -2.429607 0.590157,
        -2.151534 -2.410554 0.590157,
        -2.112033 -2.380243 0.590157,
        -2.081722 -2.340742 0.590157,
        -2.062669 -2.294742 0.590157,
        -2.246898 -2.245377 0.590157,
      ]
    }
    coordIndex [
      24, 5, 25, -1,
      25, 5, 4, -1,
      25, 4, 26, -1,
      26, 4, 3, -1,
      26, 3, 27, -1,
      27, 3, 14, -1,
      27, 14, 28, -1,
      28, 14, 13, -1,
      28, 13, 29, -1,
      29, 13, 12, -1,
      29, 12, 30, -1,
      30, 12, 11, -1,
      30, 11, 31, -1,
      31, 11, 2, -1,
      31, 2, 32, -1,
      32, 2, 1, -1,
      32, 1, 33, -1,
      33, 1, 0, -1,
      33, 0, 34, -1,
      34, 0, 20, -1,
      34, 20, 35, -1,
      35, 20, 19, -1,
      35, 19, 36, -1,
      36, 19, 18, -1,
      36, 18, 37, -1,
      37, 18, 10, -1,
      37, 10, 38, -1,
      38, 10, 9, -1,
      38, 9, 39, -1,
      39, 9, 8, -1,
      39, 8, 40, -1,
      40, 8, 7, -1,
      40, 7, 41, -1,
      41, 7, 23, -1,
      41, 23, 42, -1,
      42, 23, 22, -1,
      42, 22, 43, -1,
      43, 22, 21, -1,
      43, 21, 44, -1,
      44, 21, 17, -1,
      44, 17, 45, -1,
      45, 17, 16, -1,
      45, 16, 46, -1,
      46, 16, 15, -1,
      46, 15, 47, -1,
      47, 15, 6, -1,
      47, 6, 24, -1,
      24, 6, 5, -1,
      46, 47, 48, -1,
      48, 47, 24, -1,
      48, 24, 25, -1,
      43, 44, 48, -1,
      48, 44, 45, -1,
      48, 45, 46, -1,
      40, 41, 48, -1,
      48, 41, 42, -1,
      48, 42, 43, -1,
      37, 38, 48, -1,
      48, 38, 39, -1,
      48, 39, 40, -1,
      34, 35, 48, -1,
      48, 35, 36, -1,
      48, 36, 37, -1,
      31, 32, 48, -1,
      48, 32, 33, -1,
      48, 33, 34, -1,
      28, 29, 48, -1,
      48, 29, 30, -1,
      48, 30, 31, -1,
      25, 26, 48, -1,
      48, 26, 27, -1,
      48, 27, 28, -1,
    ]
  }
}

Shape {
  appearance Appearance {
    material Material {
      diffuseColor 0.2235 0.2235 0.2235
      specularColor 0.1137 0.1137 0.1137
      ambientIntensity 0.2
      transparency 0.0000
      shininess 0.5
    }
  }
  geometry IndexedFaceSet {
    ccw TRUE
    solid FALSE
    coord DEF co Coordinate {
      point [
        2.440978 -1.985956 0.590551,
        2.474254 -2.238718 0.590551,
        -1.830756 2.238718 0.590551,
        -2.066293 2.474254 0.590551,
        -1.985956 2.440978 0.590551,
        -1.916969 2.388042 0.590551,
        -1.864033 2.319055 0.590551,
        -2.152506 2.485605 0.590551,
        -2.238718 2.474254 0.590551,
        -2.474254 2.238718 0.590551,
        -2.440978 2.319055 0.590551,
        -2.388042 2.388042 0.590551,
        -2.319055 2.440978 0.590551,
        -2.485605 2.152506 0.590551,
        -2.474254 2.066293 0.590551,
        -1.864033 1.985956 0.590551,
        -1.916969 1.916969 0.590551,
        -2.238718 1.830756 0.590551,
        -2.319055 1.864033 0.590551,
        -2.388042 1.916969 0.590551,
        -2.440978 1.985956 0.590551,
        -1.985956 1.864033 0.590551,
        -2.066293 1.830756 0.590551,
        -2.152506 1.819406 0.590551,
        -1.819406 2.152506 0.590551,
        -1.830756 2.066293 0.590551,
        2.474254 -2.066293 0.590551,
        2.485605 -2.152506 0.590551,
        2.388042 -1.916969 0.590551,
        2.238718 -1.830756 0.590551,
        2.319055 -1.864033 0.590551,
        2.066293 -1.830756 0.590551,
        2.152506 -1.819406 0.590551,
        1.985956 -1.864033 0.590551,
        1.864033 -1.985956 0.590551,
        1.916969 -1.916969 0.590551,
        1.830756 -2.238718 0.590551,
        1.830756 -2.066293 0.590551,
        1.819406 -2.152506 0.590551,
        1.864033 -2.319055 0.590551,
        1.916969 -2.388042 0.590551,
        1.985956 -2.440978 0.590551,
        2.066293 -2.474254 0.590551,
        2.152506 -2.485605 0.590551,
        2.238718 -2.474254 0.590551,
        2.440978 -2.319055 0.590551,
        2.388042 -2.388042 0.590551,
        2.319055 -2.440978 0.590551,
        2.485605 -2.152506 0.551181,
        2.474254 -2.066293 0.551181,
        2.440978 -1.985956 0.551181,
        2.388042 -1.916969 0.551181,
        2.319055 -1.864033 0.551181,
        2.238718 -1.830756 0.551181,
        2.152506 -1.819406 0.551181,
        2.066293 -1.830756 0.551181,
        1.985956 -1.864033 0.551181,
        1.916969 -1.916969 0.551181,
        1.864033 -1.985956 0.551181,
        1.830756 -2.066293 0.551181,
        1.819406 -2.152506 0.551181,
        1.830756 -2.238718 0.551181,
        1.864033 -2.319055 0.551181,
        1.916969 -2.388042 0.551181,
        1.985956 -2.440978 0.551181,
        2.066293 -2.474254 0.551181,
        2.152506 -2.485605 0.551181,
        2.238718 -2.474254 0.551181,
        2.319055 -2.440978 0.551181,
        2.388042 -2.388042 0.551181,
        2.440978 -2.319055 0.551181,
        2.474254 -2.238718 0.551181,
        2.152506 -2.152506 0.551181,
        -1.819406 2.152506 0.551181,
        -1.830756 2.238718 0.551181,
        -1.864033 2.319055 0.551181,
        -1.916969 2.388042 0.551181,
        -1.985956 2.440978 0.551181,
        -2.066293 2.474254 0.551181,
        -2.152506 2.485605 0.551181,
        -2.238718 2.474254 0.551181,
        -2.319055 2.440978 0.551181,
        -2.388042 2.388042 0.551181,
        -2.440978 2.319055 0.551181,
        -2.474254 2.238718 0.551181,
        -2.485605 2.152506 0.551181,
        -2.474254 2.066293 0.551181,
        -2.440978 1.985956 0.551181,
        -2.388042 1.916969 0.551181,
        -2.319055 1.864033 0.551181,
        -2.238718 1.830756 0.551181,
        -2.152506 1.819406 0.551181,
        -2.066293 1.830756 0.551181,
        -1.985956 1.864033 0.551181,
        -1.916969 1.916969 0.551181,
        -1.864033 1.985956 0.551181,
        -1.830756 2.066293 0.551181,
        -2.152506 2.152506 0.551181,
      ]
    }
    coordIndex [
      48, 27, 49, -1,
      49, 27, 26, -1,
      49, 26, 50, -1,
      50, 26, 0, -1,
      50, 0, 51, -1,
      51, 0, 28, -1,
      51, 28, 52, -1,
      52, 28, 30, -1,
      52, 30, 53, -1,
      53, 30, 29, -1,
      53, 29, 54, -1,
      54, 29, 32, -1,
      54, 32, 55, -1,
      55, 32, 31, -1,
      55, 31, 56, -1,
      56, 31, 33, -1,
      56, 33, 57, -1,
      57, 33, 35, -1,
      57, 35, 58, -1,
      58, 35, 34, -1,
      58, 34, 59, -1,
      59, 34, 37, -1,
      59, 37, 60, -1,
      60, 37, 38, -1,
      60, 38, 61, -1,
      61, 38, 36, -1,
      61, 36, 62, -1,
      62, 36, 39, -1,
      62, 39, 63, -1,
      63, 39, 40, -1,
      63, 40, 64, -1,
      64, 40, 41, -1,
      64, 41, 65, -1,
      65, 41, 42, -1,
      65, 42, 66, -1,
      66, 42, 43, -1,
      66, 43, 67, -1,
      67, 43, 44, -1,
      67, 44, 68, -1,
      68, 44, 47, -1,
      68, 47, 69, -1,
      69, 47, 46, -1,
      69, 46, 70, -1,
      70, 46, 45, -1,
      70, 45, 71, -1,
      71, 45, 1, -1,
      71, 1, 48, -1,
      48, 1, 27, -1,
      70, 71, 72, -1,
      72, 71, 48, -1,
      72, 48, 49, -1,
      67, 68, 72, -1,
      72, 68, 69, -1,
      72, 69, 70, -1,
      64, 65, 72, -1,
      72, 65, 66, -1,
      72, 66, 67, -1,
      61, 62, 72, -1,
      72, 62, 63, -1,
      72, 63, 64, -1,
      58, 59, 72, -1,
      72, 59, 60, -1,
      72, 60, 61, -1,
      55, 56, 72, -1,
      72, 56, 57, -1,
      72, 57, 58, -1,
      52, 53, 72, -1,
      72, 53, 54, -1,
      72, 54, 55, -1,
      49, 50, 72, -1,
      72, 50, 51, -1,
      72, 51, 52, -1,
      73, 24, 74, -1,
      74, 24, 2, -1,
      74, 2, 75, -1,
      75, 2, 6, -1,
      75, 6, 76, -1,
      76, 6, 5, -1,
      76, 5, 77, -1,
      77, 5, 4, -1,
      77, 4, 78, -1,
      78, 4, 3, -1,
      78, 3, 79, -1,
      79, 3, 7, -1,
      79, 7, 80, -1,
      80, 7, 8, -1,
      80, 8, 81, -1,
      81, 8, 12, -1,
      81, 12, 82, -1,
      82, 12, 11, -1,
      82, 11, 83, -1,
      83, 11, 10, -1,
      83, 10, 84, -1,
      84, 10, 9, -1,
      84, 9, 85, -1,
      85, 9, 13, -1,
      85, 13, 86, -1,
      86, 13, 14, -1,
      86, 14, 87, -1,
      87, 14, 20, -1,
      87, 20, 88, -1,
      88, 20, 19, -1,
      88, 19, 89, -1,
      89, 19, 18, -1,
      89, 18, 90, -1,
      90, 18, 17, -1,
      90, 17, 91, -1,
      91, 17, 23, -1,
      91, 23, 92, -1,
      92, 23, 22, -1,
      92, 22, 93, -1,
      93, 22, 21, -1,
      93, 21, 94, -1,
      94, 21, 16, -1,
      94, 16, 95, -1,
      95, 16, 15, -1,
      95, 15, 96, -1,
      96, 15, 25, -1,
      96, 25, 73, -1,
      73, 25, 24, -1,
      95, 96, 97, -1,
      97, 96, 73, -1,
      97, 73, 74, -1,
      92, 93, 97, -1,
      97, 93, 94, -1,
      97, 94, 95, -1,
      89, 90, 97, -1,
      97, 90, 91, -1,
      97, 91, 92, -1,
      86, 87, 97, -1,
      97, 87, 88, -1,
      97, 88, 89, -1,
      83, 84, 97, -1,
      97, 84, 85, -1,
      97, 85, 86, -1,
      80, 81, 97, -1,
      97, 81, 82, -1,
      97, 82, 83, -1,
      77, 78, 97, -1,
      97, 78, 79, -1,
      97, 79, 80, -1,
      74, 75, 97, -1,
      97, 75, 76, -1,
      97, 76, 77, -1,
    ]
  }
}

Shape {
  appearance Appearance {
    material Material {
      diffuseColor 1.0000 1.0000 1.0000
      specularColor 0.5020 0.5020 0.5020
      ambientIntensity 0.2
      transparency 0.0000
      shininess 0.5
    }
  }
  geometry IndexedFaceSet {
    ccw TRUE
    solid FALSE
    coord DEF co Coordinate {
      point [
        1.950257 2.205783 0.590551,
        1.947179 2.204774 0.590551,
        2.096664 2.201831 0.590551,
        2.063630 2.201831 0.590551,
        2.097892 2.321935 0.590551,
        2.116889 2.204269 0.590551,
        2.063630 2.321935 0.590551,
        2.147615 2.301802 0.590551,
        2.155029 2.291307 0.590551,
        2.143300 2.306032 0.590551,
        2.157602 2.240148 0.590551,
        2.151326 2.227927 0.590551,
        2.116231 2.319910 0.590551,
        2.118646 2.319028 0.590551,
        2.130726 2.314615 0.590551,
        2.143300 2.218656 0.590551,
        2.130613 2.209585 0.590551,
        2.118646 2.204950 0.590551,
        2.159448 2.279828 0.590551,
        2.161414 2.263418 0.590551,
        2.160850 2.253924 0.590551,
        1.857469 2.215524 0.590551,
        1.857469 2.201831 0.590551,
        1.809636 2.321935 0.590551,
        1.806769 2.321935 0.590551,
        1.806769 2.201831 0.590551,
        1.794131 2.201831 0.590551,
        1.794131 2.321935 0.590551,
        1.952306 2.221664 0.590551,
        1.952306 2.206805 0.590551,
        1.921297 2.213620 0.590551,
        1.928376 2.213957 0.590551,
        1.947179 2.305121 0.590551,
        1.941728 2.216758 0.590551,
        1.947179 2.219286 0.590551,
        1.949312 2.304391 0.590551,
        1.952306 2.302839 0.590551,
        1.908920 2.307770 0.590551,
        1.899472 2.303403 0.590551,
        1.891271 2.296637 0.590551,
        1.890365 2.295641 0.590551,
        1.884584 2.287271 0.590551,
        1.880586 2.276859 0.590551,
        1.878653 2.260532 0.590551,
        1.878671 2.258846 0.590551,
        1.880648 2.244293 0.590551,
        1.893190 2.223586 0.590551,
        1.901141 2.218130 0.590551,
        1.909800 2.214930 0.590551,
        1.936923 2.308630 0.590551,
        1.923999 2.309961 0.590551,
        1.919373 2.309778 0.590551,
        1.884494 2.234572 0.590551,
        1.890442 2.226269 0.590551,
        1.935854 2.322948 0.590551,
        1.941353 2.322394 0.590551,
        1.947179 2.320615 0.590551,
        1.952306 2.319049 0.590551,
        1.915442 2.322948 0.590551,
        1.923845 2.323961 0.590551,
        1.926006 2.323942 0.590551,
        1.869563 2.227670 0.590551,
        1.864701 2.240242 0.590551,
        1.894032 2.317034 0.590551,
        1.906601 2.321882 0.590551,
        1.886650 2.208695 0.590551,
        1.897857 2.203144 0.590551,
        1.908224 2.200818 0.590551,
        1.877793 2.216199 0.590551,
        1.876703 2.217393 0.590551,
        1.862381 2.259611 0.590551,
        1.862788 2.268238 0.590551,
        1.865911 2.283481 0.590551,
        1.872016 2.296545 0.590551,
        1.879728 2.306277 0.590551,
        1.882409 2.308853 0.590551,
        1.910685 2.200266 0.590551,
        1.919056 2.199805 0.590551,
        1.929654 2.200818 0.590551,
        1.937362 2.201555 0.590551,
        1.809636 2.215524 0.590551,
        2.040941 2.201831 0.590551,
        1.976345 2.201831 0.590551,
        2.040941 2.215524 0.590551,
        2.038209 2.308119 0.590551,
        1.976345 2.321935 0.590551,
        2.038209 2.321935 0.590551,
        1.991849 2.255927 0.590551,
        1.991849 2.215524 0.590551,
        2.034801 2.255927 0.590551,
        2.034801 2.269681 0.590551,
        1.991849 2.269681 0.590551,
        1.991849 2.308119 0.590551,
        1.857469 2.215524 0.590945,
        1.857469 2.201831 0.590945,
        1.809636 2.215524 0.590945,
        1.809636 2.321935 0.590945,
        1.794131 2.321935 0.590945,
        1.794131 2.201831 0.590945,
        1.952306 2.206805 0.590945,
        1.950257 2.205783 0.590945,
        1.937362 2.201555 0.590945,
        1.919056 2.199805 0.590945,
        1.952306 2.221664 0.590945,
        1.941728 2.216758 0.590945,
        1.928376 2.213957 0.590945,
        1.921297 2.213620 0.590945,
        1.909800 2.214930 0.590945,
        1.901141 2.218130 0.590945,
        1.893190 2.223586 0.590945,
        1.890442 2.226269 0.590945,
        1.884494 2.234572 0.590945,
        1.880648 2.244293 0.590945,
        1.878671 2.258846 0.590945,
        1.878653 2.260532 0.590945,
        1.880586 2.276859 0.590945,
        1.884584 2.287271 0.590945,
        1.890365 2.295641 0.590945,
        1.891271 2.296637 0.590945,
        1.899472 2.303403 0.590945,
        1.908920 2.307770 0.590945,
        1.919373 2.309778 0.590945,
        1.923999 2.309961 0.590945,
        1.952306 2.302839 0.590945,
        1.949312 2.304391 0.590945,
        1.936923 2.308630 0.590945,
        1.952306 2.319049 0.590945,
        1.923845 2.323961 0.590945,
        1.926006 2.323942 0.590945,
        1.941353 2.322394 0.590945,
        1.906601 2.321882 0.590945,
        1.894032 2.317034 0.590945,
        1.882409 2.308853 0.590945,
        1.879728 2.306277 0.590945,
        1.872016 2.296545 0.590945,
        1.865911 2.283481 0.590945,
        1.862788 2.268238 0.590945,
        1.862381 2.259611 0.590945,
        1.864701 2.240242 0.590945,
        1.869563 2.227670 0.590945,
        1.876703 2.217393 0.590945,
        1.877793 2.216199 0.590945,
        1.910685 2.200266 0.590945,
        1.886650 2.208695 0.590945,
        1.897857 2.203144 0.590945,
        2.040941 2.215524 0.590945,
        2.040941 2.201831 0.590945,
        1.991849 2.215524 0.590945,
        1.991849 2.255927 0.590945,
        2.034801 2.255927 0.590945,
        2.034801 2.269681 0.590945,
        1.991849 2.269681 0.590945,
        1.991849 2.308119 0.590945,
        2.038209 2.308119 0.590945,
        2.038209 2.321935 0.590945,
        1.976345 2.321935 0.590945,
        1.976345 2.201831 0.590945,
        2.138478 2.235831 0.590945,
        2.132278 2.228050 0.590945,
        2.143300 2.218656 0.590945,
        2.130759 2.226639 0.590945,
        2.130613 2.209585 0.590945,
        2.122984 2.221282 0.590945,
        2.116889 2.204269 0.590945,
        2.113016 2.217460 0.590945,
        2.096664 2.201831 0.590945,
        2.096572 2.215524 0.590945,
        2.063630 2.201831 0.590945,
        2.079134 2.215524 0.590945,
        2.063630 2.321935 0.590945,
        2.079134 2.308119 0.590945,
        2.097892 2.321935 0.590945,
        2.097278 2.308119 0.590945,
        2.116231 2.319910 0.590945,
        2.112814 2.306395 0.590945,
        2.130726 2.314615 0.590945,
        2.123220 2.302626 0.590945,
        2.143300 2.306032 0.590945,
        2.131940 2.296821 0.590945,
        2.147615 2.301802 0.590945,
        2.136204 2.292443 0.590945,
        2.155029 2.291307 0.590945,
        2.140633 2.285426 0.590945,
        2.159448 2.279828 0.590945,
        2.143783 2.276145 0.590945,
        2.161414 2.263418 0.590945,
        2.145111 2.262988 0.590945,
        2.160850 2.253924 0.590945,
        2.144775 2.255967 0.590945,
        2.157602 2.240148 0.590945,
        2.142531 2.244830 0.590945,
        2.151326 2.227927 0.590945,
        2.097278 2.308119 0.590551,
        2.079134 2.308119 0.590551,
        2.079134 2.215524 0.590551,
        2.096572 2.215524 0.590551,
        2.132278 2.228050 0.590551,
        2.130759 2.226639 0.590551,
        2.122984 2.221282 0.590551,
        2.113016 2.217460 0.590551,
        2.145111 2.262988 0.590551,
        2.144775 2.255967 0.590551,
        2.142531 2.244830 0.590551,
        2.138478 2.235831 0.590551,
        2.131940 2.296821 0.590551,
        2.136204 2.292443 0.590551,
        2.140633 2.285426 0.590551,
        2.143783 2.276145 0.590551,
        2.112814 2.306395 0.590551,
        2.123220 2.302626 0.590551,
      ]
    }
    coordIndex [
      93, 94, 21, -1,
      21, 94, 22, -1,
      95, 93, 80, -1,
      80, 93, 21, -1,
      96, 95, 23, -1,
      23, 95, 80, -1,
      27, 97, 24, -1,
      24, 97, 96, -1,
      24, 96, 23, -1,
      98, 97, 26, -1,
      26, 97, 27, -1,
      22, 94, 25, -1,
      25, 94, 98, -1,
      25, 98, 26, -1,
      96, 97, 95, -1,
      95, 97, 98, -1,
      95, 98, 93, -1,
      93, 98, 94, -1,
      29, 99, 100, -1,
      101, 102, 78, -1,
      78, 102, 77, -1,
      78, 79, 101, -1,
      101, 79, 1, -1,
      101, 1, 100, -1,
      100, 1, 0, -1,
      100, 0, 29, -1,
      103, 99, 28, -1,
      28, 99, 29, -1,
      103, 28, 34, -1,
      103, 34, 104, -1,
      34, 33, 104, -1,
      104, 33, 31, -1,
      104, 31, 105, -1,
      105, 31, 30, -1,
      105, 30, 106, -1,
      106, 30, 48, -1,
      106, 48, 107, -1,
      107, 48, 47, -1,
      107, 47, 108, -1,
      108, 47, 46, -1,
      108, 46, 109, -1,
      109, 46, 53, -1,
      109, 53, 110, -1,
      110, 53, 52, -1,
      110, 52, 111, -1,
      111, 52, 45, -1,
      111, 45, 112, -1,
      112, 45, 44, -1,
      112, 44, 113, -1,
      113, 44, 43, -1,
      113, 43, 114, -1,
      114, 43, 42, -1,
      114, 42, 115, -1,
      115, 42, 41, -1,
      115, 41, 116, -1,
      116, 41, 40, -1,
      116, 40, 117, -1,
      117, 40, 39, -1,
      117, 39, 118, -1,
      118, 39, 38, -1,
      118, 38, 119, -1,
      119, 38, 37, -1,
      119, 37, 120, -1,
      120, 37, 51, -1,
      120, 51, 121, -1,
      121, 51, 50, -1,
      121, 50, 122, -1,
      36, 123, 124, -1,
      122, 50, 49, -1,
      122, 49, 125, -1,
      125, 49, 32, -1,
      125, 32, 124, -1,
      124, 32, 35, -1,
      124, 35, 36, -1,
      126, 123, 57, -1,
      57, 123, 36, -1,
      59, 127, 128, -1,
      126, 57, 56, -1,
      126, 56, 129, -1,
      56, 55, 129, -1,
      129, 55, 54, -1,
      129, 54, 128, -1,
      128, 54, 60, -1,
      128, 60, 59, -1,
      127, 59, 58, -1,
      127, 58, 130, -1,
      58, 64, 130, -1,
      130, 64, 63, -1,
      130, 63, 131, -1,
      131, 63, 75, -1,
      131, 75, 132, -1,
      132, 75, 74, -1,
      132, 74, 133, -1,
      133, 74, 73, -1,
      133, 73, 134, -1,
      134, 73, 72, -1,
      134, 72, 135, -1,
      135, 72, 71, -1,
      135, 71, 136, -1,
      136, 71, 70, -1,
      136, 70, 137, -1,
      137, 70, 62, -1,
      137, 62, 138, -1,
      138, 62, 61, -1,
      138, 61, 139, -1,
      139, 61, 69, -1,
      139, 69, 140, -1,
      140, 69, 68, -1,
      140, 68, 141, -1,
      77, 102, 142, -1,
      141, 68, 65, -1,
      141, 65, 143, -1,
      143, 65, 66, -1,
      143, 66, 144, -1,
      144, 66, 67, -1,
      144, 67, 142, -1,
      142, 67, 76, -1,
      142, 76, 77, -1,
      124, 123, 126, -1,
      119, 120, 130, -1,
      115, 116, 134, -1,
      130, 120, 127, -1,
      134, 116, 133, -1,
      124, 126, 125, -1,
      130, 131, 119, -1,
      119, 131, 132, -1,
      119, 132, 118, -1,
      118, 132, 133, -1,
      118, 133, 117, -1,
      117, 133, 116, -1,
      120, 121, 127, -1,
      127, 121, 122, -1,
      127, 122, 128, -1,
      128, 122, 125, -1,
      128, 125, 129, -1,
      129, 125, 126, -1,
      137, 114, 136, -1,
      136, 114, 115, -1,
      136, 115, 135, -1,
      135, 115, 134, -1,
      99, 103, 100, -1,
      100, 103, 104, -1,
      100, 104, 101, -1,
      101, 104, 105, -1,
      101, 105, 102, -1,
      102, 105, 106, -1,
      102, 106, 142, -1,
      142, 106, 107, -1,
      142, 107, 144, -1,
      144, 107, 108, -1,
      144, 108, 143, -1,
      143, 108, 109, -1,
      143, 109, 141, -1,
      141, 109, 110, -1,
      141, 110, 140, -1,
      140, 110, 111, -1,
      140, 111, 139, -1,
      139, 111, 138, -1,
      138, 111, 112, -1,
      138, 112, 137, -1,
      137, 112, 113, -1,
      137, 113, 114, -1,
      145, 146, 83, -1,
      83, 146, 81, -1,
      147, 145, 88, -1,
      88, 145, 83, -1,
      148, 147, 87, -1,
      87, 147, 88, -1,
      149, 148, 89, -1,
      89, 148, 87, -1,
      150, 149, 90, -1,
      90, 149, 89, -1,
      151, 150, 91, -1,
      91, 150, 90, -1,
      152, 151, 92, -1,
      92, 151, 91, -1,
      153, 152, 84, -1,
      84, 152, 92, -1,
      154, 153, 86, -1,
      86, 153, 84, -1,
      155, 154, 85, -1,
      85, 154, 86, -1,
      156, 155, 82, -1,
      82, 155, 85, -1,
      146, 156, 81, -1,
      81, 156, 82, -1,
      156, 146, 145, -1,
      145, 147, 156, -1,
      156, 147, 148, -1,
      156, 148, 155, -1,
      153, 154, 152, -1,
      152, 154, 155, -1,
      152, 155, 151, -1,
      151, 155, 148, -1,
      151, 148, 150, -1,
      150, 148, 149, -1,
      157, 158, 159, -1,
      159, 158, 160, -1,
      159, 160, 161, -1,
      161, 160, 162, -1,
      161, 162, 163, -1,
      163, 162, 164, -1,
      163, 164, 165, -1,
      165, 164, 166, -1,
      165, 166, 167, -1,
      167, 166, 168, -1,
      167, 168, 169, -1,
      169, 168, 170, -1,
      169, 170, 171, -1,
      171, 170, 172, -1,
      171, 172, 173, -1,
      173, 172, 174, -1,
      173, 174, 175, -1,
      175, 174, 176, -1,
      175, 176, 177, -1,
      177, 176, 178, -1,
      177, 178, 179, -1,
      179, 178, 180, -1,
      179, 180, 181, -1,
      181, 180, 182, -1,
      181, 182, 183, -1,
      183, 182, 184, -1,
      183, 184, 185, -1,
      185, 184, 186, -1,
      185, 186, 187, -1,
      187, 186, 188, -1,
      187, 188, 189, -1,
      189, 188, 190, -1,
      189, 190, 191, -1,
      191, 190, 157, -1,
      191, 157, 159, -1,
      165, 167, 2, -1,
      2, 167, 3, -1,
      15, 159, 161, -1,
      165, 2, 5, -1,
      165, 5, 163, -1,
      163, 5, 17, -1,
      163, 17, 161, -1,
      161, 17, 16, -1,
      161, 16, 15, -1,
      159, 15, 11, -1,
      159, 11, 191, -1,
      191, 11, 10, -1,
      191, 10, 189, -1,
      189, 10, 20, -1,
      189, 20, 187, -1,
      187, 20, 19, -1,
      187, 19, 185, -1,
      185, 19, 18, -1,
      185, 18, 183, -1,
      183, 18, 8, -1,
      183, 8, 181, -1,
      181, 8, 7, -1,
      181, 7, 179, -1,
      179, 7, 9, -1,
      179, 9, 177, -1,
      4, 171, 173, -1,
      177, 9, 14, -1,
      177, 14, 175, -1,
      175, 14, 13, -1,
      175, 13, 173, -1,
      173, 13, 12, -1,
      173, 12, 4, -1,
      169, 171, 6, -1,
      6, 171, 4, -1,
      167, 169, 3, -1,
      3, 169, 6, -1,
      172, 170, 192, -1,
      192, 170, 193, -1,
      170, 168, 193, -1,
      193, 168, 194, -1,
      168, 166, 194, -1,
      194, 166, 195, -1,
      158, 196, 197, -1,
      158, 197, 160, -1,
      160, 197, 198, -1,
      160, 198, 162, -1,
      162, 198, 199, -1,
      162, 199, 164, -1,
      164, 199, 195, -1,
      164, 195, 166, -1,
      186, 200, 201, -1,
      186, 201, 188, -1,
      188, 201, 202, -1,
      188, 202, 190, -1,
      190, 202, 203, -1,
      190, 203, 157, -1,
      157, 203, 196, -1,
      157, 196, 158, -1,
      178, 204, 205, -1,
      178, 205, 180, -1,
      180, 205, 206, -1,
      180, 206, 182, -1,
      182, 206, 207, -1,
      182, 207, 184, -1,
      184, 207, 200, -1,
      184, 200, 186, -1,
      172, 192, 208, -1,
      172, 208, 174, -1,
      174, 208, 209, -1,
      174, 209, 176, -1,
      176, 209, 204, -1,
      176, 204, 178, -1,
    ]
  }
}

Shape {
  appearance Appearance {
    material Material {
      diffuseColor 0.2235 0.2235 0.2235
      specularColor 0.1137 0.1137 0.1137
      ambientIntensity 0.2
      transparency 0.0000
      shininess 0.5
    }
  }
  geometry IndexedFaceSet {
    ccw TRUE
    solid FALSE
    coord DEF co Coordinate {
      point [
        2.097278 2.308119 0.590551,
        2.079134 2.308119 0.590551,
        2.079134 2.215524 0.590551,
        2.096572 2.215524 0.590551,
        2.132278 2.228050 0.590551,
        2.130759 2.226639 0.590551,
        2.122984 2.221282 0.590551,
        2.113016 2.217460 0.590551,
        2.145111 2.262988 0.590551,
        2.144775 2.255967 0.590551,
        2.142531 2.244830 0.590551,
        2.138478 2.235831 0.590551,
        2.131940 2.296821 0.590551,
        2.136204 2.292443 0.590551,
        2.140633 2.285426 0.590551,
        2.143783 2.276145 0.590551,
        2.112814 2.306395 0.590551,
        2.123220 2.302626 0.590551,
      ]
    }
    coordIndex [
      1, 2, 0, -1,
      0, 2, 3, -1,
      0, 3, 7, -1,
      7, 6, 0, -1,
      0, 6, 5, -1,
      0, 5, 4, -1,
      9, 8, 0, -1,
      0, 8, 15, -1,
      0, 15, 14, -1,
      14, 13, 0, -1,
      0, 13, 12, -1,
      0, 12, 16, -1,
      16, 12, 17, -1,
      4, 11, 0, -1,
      0, 11, 10, -1,
      0, 10, 9, -1,
    ]
  }
}

Shape {
  appearance Appearance {
    material Material {
      diffuseColor 1.0000 1.0000 1.0000
      specularColor 0.5020 0.5020 0.5020
      ambientIntensity 0.2
      transparency 0.0000
      shininess 0.5
    }
  }
  geometry IndexedFaceSet {
    ccw TRUE
    solid FALSE
    coord DEF co Coordinate {
      point [
        2.230400 2.321935 0.590551,
        2.276145 2.201831 0.590551,
        2.259014 2.201831 0.590551,
        2.246764 2.234681 0.590551,
        2.202692 2.234681 0.590551,
        2.196751 2.234681 0.590551,
        2.185207 2.201831 0.590551,
        2.168076 2.201831 0.590551,
        2.202692 2.292715 0.590551,
        2.213821 2.321935 0.590551,
        2.201663 2.248252 0.590945,
        2.196751 2.234681 0.590945,
        2.241974 2.248252 0.590945,
        2.246764 2.234681 0.590945,
        2.219624 2.298172 0.590945,
        2.213821 2.321935 0.590945,
        2.168076 2.201831 0.590945,
        2.185207 2.201831 0.590945,
        2.220664 2.301757 0.590945,
        2.221589 2.306585 0.590945,
        2.230400 2.321935 0.590945,
        2.221957 2.306585 0.590945,
        2.222928 2.301504 0.590945,
        2.223830 2.298172 0.590945,
        2.276145 2.201831 0.590945,
        2.259014 2.201831 0.590945,
        2.201663 2.248252 0.590551,
        2.241974 2.248252 0.590551,
        2.223830 2.298172 0.590551,
        2.221957 2.306585 0.590551,
        2.222928 2.301504 0.590551,
        2.221589 2.306585 0.590551,
        2.219624 2.298172 0.590551,
        2.220664 2.301757 0.590551,
      ]
    }
    coordIndex [
      10, 11, 12, -1,
      12, 11, 13, -1,
      14, 15, 10, -1,
      10, 15, 16, -1,
      10, 16, 11, -1,
      11, 16, 17, -1,
      14, 18, 15, -1,
      15, 18, 19, -1,
      15, 19, 20, -1,
      20, 19, 21, -1,
      20, 21, 22, -1,
      22, 23, 20, -1,
      20, 23, 12, -1,
      20, 12, 24, -1,
      24, 12, 13, -1,
      24, 13, 25, -1,
      20, 24, 0, -1,
      0, 24, 1, -1,
      15, 20, 9, -1,
      9, 20, 0, -1,
      7, 16, 8, -1,
      8, 16, 15, -1,
      8, 15, 9, -1,
      17, 16, 6, -1,
      6, 16, 7, -1,
      11, 17, 5, -1,
      5, 17, 6, -1,
      3, 13, 4, -1,
      4, 13, 11, -1,
      4, 11, 5, -1,
      25, 13, 2, -1,
      2, 13, 3, -1,
      24, 25, 1, -1,
      1, 25, 2, -1,
      10, 12, 26, -1,
      26, 12, 27, -1,
      12, 23, 27, -1,
      27, 23, 28, -1,
      21, 29, 30, -1,
      21, 30, 22, -1,
      22, 30, 28, -1,
      22, 28, 23, -1,
      21, 19, 29, -1,
      29, 19, 31, -1,
      14, 32, 33, -1,
      14, 33, 18, -1,
      18, 33, 31, -1,
      18, 31, 19, -1,
      14, 10, 32, -1,
      32, 10, 26, -1,
    ]
  }
}

Shape {
  appearance Appearance {
    material Material {
      diffuseColor 0.2235 0.2235 0.2235
      specularColor 0.1137 0.1137 0.1137
      ambientIntensity 0.2
      transparency 0.0000
      shininess 0.5
    }
  }
  geometry IndexedFaceSet {
    ccw TRUE
    solid FALSE
    coord DEF co Coordinate {
      point [
        2.201663 2.248252 0.590551,
        2.241974 2.248252 0.590551,
        2.223830 2.298172 0.590551,
        2.221957 2.306585 0.590551,
        2.222928 2.301504 0.590551,
        2.221589 2.306585 0.590551,
        2.219624 2.298172 0.590551,
        2.220664 2.301757 0.590551,
      ]
    }
    coordIndex [
      3, 5, 4, -1,
      4, 5, 7, -1,
      4, 7, 2, -1,
      2, 7, 6, -1,
      2, 6, 1, -1,
      1, 6, 0, -1,
    ]
  }
}

Shape {
  appearance Appearance {
    material Material {
      diffuseColor 1.0000 1.0000 1.0000
      specularColor 0.5020 0.5020 0.5020
      ambientIntensity 0.2
      transparency 0.0000
      shininess 0.5
    }
  }
  geometry IndexedFaceSet {
    ccw TRUE
    solid FALSE
    coord DEF co Coordinate {
      point [
        1.858098 2.024990 0.590551,
        1.858728 2.024990 0.590551,
        1.858728 2.011297 0.590551,
        1.809636 2.079148 0.590551,
        1.852587 2.079148 0.590551,
        1.852587 2.065393 0.590551,
        1.809636 2.065393 0.590551,
        1.809636 2.024990 0.590551,
        1.855995 2.131402 0.590551,
        1.855995 2.117586 0.590551,
        1.809636 2.115222 0.590551,
        1.809636 2.117586 0.590551,
        1.858098 2.011297 0.590551,
        1.806769 2.011297 0.590551,
        1.794131 2.011297 0.590551,
        1.794131 2.115222 0.590551,
        1.794131 2.131402 0.590551,
        1.806769 2.131402 0.590551,
        1.942052 2.011297 0.590551,
        1.942052 2.066499 0.590551,
        1.881508 2.076446 0.590551,
        1.881508 2.091060 0.590551,
        1.927007 2.011297 0.590551,
        1.935179 2.089939 0.590551,
        1.938310 2.085194 0.590551,
        1.940730 2.078563 0.590551,
        1.891329 2.010316 0.590551,
        1.885561 2.012491 0.590551,
        1.875687 2.022354 0.590551,
        1.873867 2.027443 0.590551,
        1.919921 2.098260 0.590551,
        1.926308 2.096358 0.590551,
        1.931324 2.093531 0.590551,
        1.880495 2.016026 0.590551,
        1.878812 2.017731 0.590551,
        1.873126 2.034262 0.590551,
        1.873894 2.041618 0.590551,
        1.875782 2.047075 0.590551,
        1.878988 2.051946 0.590551,
        1.883504 2.055973 0.590551,
        1.889750 2.059279 0.590551,
        1.891292 2.082691 0.590551,
        1.901587 2.062262 0.590551,
        1.914727 2.086289 0.590551,
        1.909630 2.086823 0.590551,
        1.900695 2.085897 0.590551,
        1.919498 2.015863 0.590551,
        1.914191 2.012337 0.590551,
        1.908093 2.010131 0.590551,
        1.900328 2.009271 0.590551,
        1.886463 2.093794 0.590551,
        1.897999 2.097714 0.590551,
        1.911043 2.099042 0.590551,
        1.927007 2.024560 0.590551,
        1.926609 2.024560 0.590551,
        1.924250 2.020973 0.590551,
        1.927007 2.065823 0.590551,
        1.926484 2.072475 0.590551,
        1.924929 2.077832 0.590551,
        1.923161 2.080930 0.590551,
        1.920887 2.083349 0.590551,
        1.918217 2.085070 0.590551,
        1.858728 2.024990 0.590945,
        1.858728 2.011297 0.590945,
        1.809636 2.024990 0.590945,
        1.809636 2.065393 0.590945,
        1.852587 2.065393 0.590945,
        1.852587 2.079148 0.590945,
        1.809636 2.079148 0.590945,
        1.809636 2.117586 0.590945,
        1.855995 2.117586 0.590945,
        1.855995 2.131402 0.590945,
        1.794131 2.131402 0.590945,
        1.794131 2.011297 0.590945,
        1.927007 2.011297 0.590945,
        1.942052 2.011297 0.590945,
        1.927007 2.024560 0.590945,
        1.942052 2.066499 0.590945,
        1.927007 2.065823 0.590945,
        1.894376 2.047888 0.590945,
        1.897967 2.049579 0.590945,
        1.926609 2.024560 0.590945,
        1.918674 2.026770 0.590945,
        1.924250 2.020973 0.590945,
        1.914423 2.023901 0.590945,
        1.906929 2.051639 0.590945,
        1.927007 2.054341 0.590945,
        1.927007 2.046113 0.590945,
        1.926993 2.045115 0.590945,
        1.926024 2.038402 0.590945,
        1.923818 2.033035 0.590945,
        1.920560 2.028613 0.590945,
        1.926484 2.072475 0.590945,
        1.940730 2.078563 0.590945,
        1.924929 2.077832 0.590945,
        1.938310 2.085194 0.590945,
        1.923161 2.080930 0.590945,
        1.935179 2.089939 0.590945,
        1.920887 2.083349 0.590945,
        1.931324 2.093531 0.590945,
        1.918217 2.085070 0.590945,
        1.926308 2.096358 0.590945,
        1.914727 2.086289 0.590945,
        1.919921 2.098260 0.590945,
        1.909630 2.086823 0.590945,
        1.911043 2.099042 0.590945,
        1.900695 2.085897 0.590945,
        1.897999 2.097714 0.590945,
        1.891292 2.082691 0.590945,
        1.886463 2.093794 0.590945,
        1.881508 2.076446 0.590945,
        1.881508 2.091060 0.590945,
        1.891466 2.026767 0.590945,
        1.880495 2.016026 0.590945,
        1.892745 2.025481 0.590945,
        1.885561 2.012491 0.590945,
        1.895743 2.023434 0.590945,
        1.891329 2.010316 0.590945,
        1.899146 2.022185 0.590945,
        1.900328 2.009271 0.590945,
        1.904227 2.021613 0.590945,
        1.908093 2.010131 0.590945,
        1.909858 2.022243 0.590945,
        1.914191 2.012337 0.590945,
        1.919498 2.015863 0.590945,
        1.901587 2.062262 0.590945,
        1.889750 2.059279 0.590945,
        1.892376 2.046359 0.590945,
        1.883504 2.055973 0.590945,
        1.890576 2.044129 0.590945,
        1.878988 2.051946 0.590945,
        1.889255 2.041323 0.590945,
        1.875782 2.047075 0.590945,
        1.888513 2.037878 0.590945,
        1.873894 2.041618 0.590945,
        1.888385 2.035490 0.590945,
        1.873126 2.034262 0.590945,
        1.888767 2.032037 0.590945,
        1.873867 2.027443 0.590945,
        1.889756 2.029303 0.590945,
        1.875687 2.022354 0.590945,
        1.878812 2.017731 0.590945,
        1.892376 2.046359 0.590551,
        1.894376 2.047888 0.590551,
        1.897967 2.049579 0.590551,
        1.906929 2.051639 0.590551,
        1.888385 2.035490 0.590551,
        1.888513 2.037878 0.590551,
        1.889255 2.041323 0.590551,
        1.890576 2.044129 0.590551,
        1.892745 2.025481 0.590551,
        1.891466 2.026767 0.590551,
        1.889756 2.029303 0.590551,
        1.888767 2.032037 0.590551,
        1.904227 2.021613 0.590551,
        1.899146 2.022185 0.590551,
        1.895743 2.023434 0.590551,
        1.920560 2.028613 0.590551,
        1.918674 2.026770 0.590551,
        1.914423 2.023901 0.590551,
        1.909858 2.022243 0.590551,
        1.927007 2.046113 0.590551,
        1.926993 2.045115 0.590551,
        1.926024 2.038402 0.590551,
        1.923818 2.033035 0.590551,
        1.927007 2.054341 0.590551,
      ]
    }
    coordIndex [
      62, 63, 1, -1,
      1, 63, 2, -1,
      7, 64, 0, -1,
      0, 64, 62, -1,
      0, 62, 1, -1,
      65, 64, 6, -1,
      6, 64, 7, -1,
      66, 65, 5, -1,
      5, 65, 6, -1,
      67, 66, 4, -1,
      4, 66, 5, -1,
      68, 67, 3, -1,
      3, 67, 4, -1,
      11, 69, 10, -1,
      10, 69, 68, -1,
      10, 68, 3, -1,
      70, 69, 9, -1,
      9, 69, 11, -1,
      71, 70, 8, -1,
      8, 70, 9, -1,
      16, 72, 17, -1,
      17, 72, 71, -1,
      17, 71, 8, -1,
      14, 73, 15, -1,
      15, 73, 72, -1,
      15, 72, 16, -1,
      12, 2, 63, -1,
      12, 63, 13, -1,
      13, 63, 73, -1,
      13, 73, 14, -1,
      73, 63, 62, -1,
      62, 64, 73, -1,
      73, 64, 65, -1,
      73, 65, 72, -1,
      70, 71, 69, -1,
      69, 71, 72, -1,
      69, 72, 68, -1,
      68, 72, 65, -1,
      68, 65, 67, -1,
      67, 65, 66, -1,
      74, 75, 76, -1,
      76, 75, 77, -1,
      78, 79, 80, -1,
      81, 82, 83, -1,
      83, 82, 84, -1,
      85, 86, 77, -1,
      77, 86, 87, -1,
      87, 88, 77, -1,
      77, 88, 89, -1,
      77, 89, 76, -1,
      76, 89, 90, -1,
      76, 90, 81, -1,
      81, 90, 91, -1,
      81, 91, 82, -1,
      80, 85, 78, -1,
      78, 85, 77, -1,
      78, 77, 92, -1,
      92, 77, 93, -1,
      92, 93, 94, -1,
      94, 93, 95, -1,
      94, 95, 96, -1,
      96, 95, 97, -1,
      96, 97, 98, -1,
      98, 97, 99, -1,
      98, 99, 100, -1,
      100, 99, 101, -1,
      100, 101, 102, -1,
      102, 101, 103, -1,
      102, 103, 104, -1,
      104, 103, 105, -1,
      104, 105, 106, -1,
      106, 105, 107, -1,
      106, 107, 108, -1,
      108, 107, 109, -1,
      108, 109, 110, -1,
      110, 109, 111, -1,
      112, 113, 114, -1,
      114, 113, 115, -1,
      114, 115, 116, -1,
      116, 115, 117, -1,
      116, 117, 118, -1,
      118, 117, 119, -1,
      118, 119, 120, -1,
      120, 119, 121, -1,
      120, 121, 122, -1,
      122, 121, 123, -1,
      122, 123, 84, -1,
      84, 123, 124, -1,
      84, 124, 83, -1,
      78, 125, 79, -1,
      79, 125, 126, -1,
      79, 126, 127, -1,
      127, 126, 128, -1,
      127, 128, 129, -1,
      129, 128, 130, -1,
      129, 130, 131, -1,
      131, 130, 132, -1,
      131, 132, 133, -1,
      133, 132, 134, -1,
      133, 134, 135, -1,
      135, 134, 136, -1,
      135, 136, 137, -1,
      137, 136, 138, -1,
      137, 138, 139, -1,
      139, 138, 140, -1,
      139, 140, 112, -1,
      112, 140, 141, -1,
      112, 141, 113, -1,
      105, 52, 51, -1,
      105, 51, 107, -1,
      107, 51, 50, -1,
      107, 50, 109, -1,
      109, 50, 21, -1,
      109, 21, 111, -1,
      110, 111, 20, -1,
      20, 111, 21, -1,
      110, 20, 41, -1,
      110, 41, 108, -1,
      108, 41, 45, -1,
      108, 45, 106, -1,
      106, 45, 44, -1,
      106, 44, 104, -1,
      104, 44, 43, -1,
      104, 43, 102, -1,
      102, 43, 61, -1,
      102, 61, 100, -1,
      100, 61, 60, -1,
      100, 60, 98, -1,
      98, 60, 59, -1,
      98, 59, 96, -1,
      96, 59, 58, -1,
      96, 58, 94, -1,
      94, 58, 57, -1,
      94, 57, 92, -1,
      92, 57, 56, -1,
      92, 56, 78, -1,
      125, 78, 42, -1,
      42, 78, 56, -1,
      125, 42, 40, -1,
      125, 40, 126, -1,
      126, 40, 39, -1,
      126, 39, 128, -1,
      128, 39, 38, -1,
      128, 38, 130, -1,
      130, 38, 37, -1,
      130, 37, 132, -1,
      132, 37, 36, -1,
      132, 36, 134, -1,
      134, 36, 35, -1,
      134, 35, 136, -1,
      136, 35, 29, -1,
      136, 29, 138, -1,
      138, 29, 28, -1,
      138, 28, 140, -1,
      140, 28, 34, -1,
      140, 34, 141, -1,
      141, 34, 33, -1,
      141, 33, 113, -1,
      113, 33, 27, -1,
      113, 27, 115, -1,
      115, 27, 26, -1,
      115, 26, 117, -1,
      117, 26, 49, -1,
      117, 49, 119, -1,
      119, 49, 48, -1,
      119, 48, 121, -1,
      121, 48, 47, -1,
      121, 47, 123, -1,
      123, 47, 46, -1,
      123, 46, 124, -1,
      124, 46, 55, -1,
      124, 55, 83, -1,
      83, 55, 54, -1,
      83, 54, 81, -1,
      76, 81, 53, -1,
      53, 81, 54, -1,
      74, 76, 22, -1,
      22, 76, 53, -1,
      75, 74, 18, -1,
      18, 74, 22, -1,
      77, 75, 19, -1,
      19, 75, 18, -1,
      77, 19, 25, -1,
      77, 25, 93, -1,
      93, 25, 24, -1,
      93, 24, 95, -1,
      95, 24, 23, -1,
      95, 23, 97, -1,
      97, 23, 32, -1,
      97, 32, 99, -1,
      99, 32, 31, -1,
      99, 31, 101, -1,
      101, 31, 30, -1,
      101, 30, 103, -1,
      103, 30, 52, -1,
      103, 52, 105, -1,
      127, 142, 143, -1,
      127, 143, 79, -1,
      79, 143, 144, -1,
      79, 144, 80, -1,
      80, 144, 145, -1,
      80, 145, 85, -1,
      135, 146, 147, -1,
      135, 147, 133, -1,
      133, 147, 148, -1,
      133, 148, 131, -1,
      131, 148, 149, -1,
      131, 149, 129, -1,
      129, 149, 142, -1,
      129, 142, 127, -1,
      114, 150, 151, -1,
      114, 151, 112, -1,
      112, 151, 152, -1,
      112, 152, 139, -1,
      139, 152, 153, -1,
      139, 153, 137, -1,
      137, 153, 146, -1,
      137, 146, 135, -1,
      120, 154, 155, -1,
      120, 155, 118, -1,
      118, 155, 156, -1,
      118, 156, 116, -1,
      116, 156, 150, -1,
      116, 150, 114, -1,
      91, 157, 158, -1,
      91, 158, 82, -1,
      82, 158, 159, -1,
      82, 159, 84, -1,
      84, 159, 160, -1,
      84, 160, 122, -1,
      122, 160, 154, -1,
      122, 154, 120, -1,
      87, 161, 162, -1,
      87, 162, 88, -1,
      88, 162, 163, -1,
      88, 163, 89, -1,
      89, 163, 164, -1,
      89, 164, 90, -1,
      90, 164, 157, -1,
      90, 157, 91, -1,
      87, 86, 161, -1,
      161, 86, 165, -1,
      86, 85, 165, -1,
      165, 85, 145, -1,
    ]
  }
}

Shape {
  appearance Appearance {
    material Material {
      diffuseColor 0.2235 0.2235 0.2235
      specularColor 0.1137 0.1137 0.1137
      ambientIntensity 0.2
      transparency 0.0000
      shininess 0.5
    }
  }
  geometry IndexedFaceSet {
    ccw TRUE
    solid FALSE
    coord DEF co Coordinate {
      point [
        1.892376 2.046359 0.590551,
        1.894376 2.047888 0.590551,
        1.897967 2.049579 0.590551,
        1.906929 2.051639 0.590551,
        1.888385 2.035490 0.590551,
        1.888513 2.037878 0.590551,
        1.889255 2.041323 0.590551,
        1.890576 2.044129 0.590551,
        1.892745 2.025481 0.590551,
        1.891466 2.026767 0.590551,
        1.889756 2.029303 0.590551,
        1.888767 2.032037 0.590551,
        1.904227 2.021613 0.590551,
        1.899146 2.022185 0.590551,
        1.895743 2.023434 0.590551,
        1.920560 2.028613 0.590551,
        1.918674 2.026770 0.590551,
        1.914423 2.023901 0.590551,
        1.909858 2.022243 0.590551,
        1.927007 2.046113 0.590551,
        1.926993 2.045115 0.590551,
        1.926024 2.038402 0.590551,
        1.923818 2.033035 0.590551,
        1.927007 2.054341 0.590551,
      ]
    }
    coordIndex [
      20, 19, 0, -1,
      19, 23, 3, -1,
      3, 2, 19, -1,
      19, 2, 1, -1,
      19, 1, 0, -1,
      20, 0, 21, -1,
      21, 0, 7, -1,
      21, 7, 22, -1,
      9, 8, 16, -1,
      9, 16, 10, -1,
      17, 16, 18, -1,
      18, 16, 12, -1,
      7, 6, 22, -1,
      22, 6, 5, -1,
      22, 5, 15, -1,
      15, 5, 4, -1,
      15, 4, 16, -1,
      16, 4, 11, -1,
      16, 11, 10, -1,
      8, 14, 16, -1,
      16, 14, 13, -1,
      16, 13, 12, -1,
    ]
  }
}

Shape {
  appearance Appearance {
    material Material {
      diffuseColor 1.0000 1.0000 1.0000
      specularColor 0.5020 0.5020 0.5020
      ambientIntensity 0.2
      transparency 0.0000
      shininess 0.5
    }
  }
  geometry IndexedFaceSet {
    ccw TRUE
    solid FALSE
    coord DEF co Coordinate {
      point [
        2.055248 1.995885 0.590551,
        2.061848 2.011481 0.590551,
        2.052285 2.035809 0.590551,
        2.071612 1.998341 0.590551,
        2.067371 1.990083 0.590551,
        2.214036 2.011297 0.590551,
        2.298021 2.111269 0.590551,
        2.305436 2.100773 0.590551,
        2.308008 2.049614 0.590551,
        2.301733 2.037393 0.590551,
        2.267295 2.013735 0.590551,
        2.247071 2.011297 0.590551,
        2.293707 2.028122 0.590551,
        2.281019 2.019052 0.590551,
        2.309856 2.089295 0.590551,
        2.311820 2.072885 0.590551,
        2.311257 2.063391 0.590551,
        2.214036 2.115222 0.590551,
        2.214036 2.131402 0.590551,
        2.248299 2.131402 0.590551,
        2.266637 2.129377 0.590551,
        2.281132 2.124081 0.590551,
        2.293707 2.115498 0.590551,
        2.293989 2.115222 0.590551,
        2.191348 2.024990 0.590551,
        2.185207 2.065393 0.590551,
        2.164745 2.024990 0.590551,
        2.164745 2.065393 0.590551,
        2.142256 2.024990 0.590551,
        2.142256 2.065393 0.590551,
        2.185207 2.079148 0.590551,
        2.164745 2.079148 0.590551,
        2.142256 2.079148 0.590551,
        2.142256 2.115222 0.590551,
        2.126752 2.011297 0.590551,
        2.126752 2.115222 0.590551,
        2.126752 2.131402 0.590551,
        2.142256 2.117586 0.590551,
        2.164745 2.117586 0.590551,
        2.188615 2.117586 0.590551,
        2.188615 2.131402 0.590551,
        2.164745 2.131402 0.590551,
        2.191348 2.011297 0.590551,
        2.164745 2.011297 0.590551,
        2.052285 2.076190 0.590551,
        2.067436 2.032604 0.590551,
        2.071520 2.032481 0.590551,
        2.110541 2.097078 0.590551,
        2.069278 2.025543 0.590551,
        2.069678 2.025543 0.590551,
        2.070369 2.028483 0.590551,
        1.972592 2.010686 0.590551,
        1.962437 2.014306 0.590551,
        1.962437 2.029841 0.590551,
        2.015336 2.048815 0.590551,
        2.018144 2.044670 0.590551,
        2.094945 2.097078 0.590551,
        2.045024 2.097078 0.590551,
        2.028200 2.097078 0.590551,
        2.019749 2.040235 0.590551,
        2.020371 2.034630 0.590551,
        2.019655 2.028586 0.590551,
        2.017808 2.023819 0.590551,
        2.052285 1.990463 0.590551,
        1.964915 2.084151 0.590551,
        1.967710 2.088217 0.590551,
        1.984416 2.097730 0.590551,
        1.995933 2.099042 0.590551,
        2.005487 2.098281 0.590551,
        2.016257 2.095235 0.590551,
        2.016257 2.080621 0.590551,
        2.051946 1.990083 0.590551,
        2.015004 2.019851 0.590551,
        2.010700 2.016087 0.590551,
        2.006321 2.013485 0.590551,
        1.998125 2.010594 0.590551,
        1.985709 2.009271 0.590551,
        1.966797 2.060358 0.590551,
        1.964835 2.063493 0.590551,
        1.963176 2.068087 0.590551,
        1.962530 2.073928 0.590551,
        1.963123 2.079307 0.590551,
        1.972170 2.092226 0.590551,
        1.976258 2.094702 0.590551,
        1.977008 2.022840 0.590551,
        1.985310 2.048999 0.590551,
        1.967609 2.026581 0.590551,
        1.976343 2.053109 0.590551,
        1.969258 2.057784 0.590551,
        1.994459 2.086823 0.590551,
        1.990006 2.086489 0.590551,
        1.978033 2.075279 0.590551,
        1.985981 2.085424 0.590551,
        1.982608 2.083630 0.590551,
        1.978171 2.073278 0.590551,
        1.978768 2.070941 0.590551,
        1.979851 2.068911 0.590551,
        1.981319 2.067297 0.590551,
        1.986622 2.063981 0.590551,
        2.005022 2.085531 0.590551,
        1.995933 2.059928 0.590551,
        2.013528 2.082222 0.590551,
        2.001758 2.057572 0.590551,
        2.011749 2.052015 0.590551,
        1.980338 2.081624 0.590551,
        1.979048 2.079709 0.590551,
        1.978306 2.077679 0.590551,
        1.987183 2.021552 0.590551,
        1.987847 2.021556 0.590551,
        1.995188 2.044862 0.590551,
        1.995559 2.022420 0.590551,
        2.004928 2.033157 0.590551,
        2.004781 2.035028 0.590551,
        1.999441 2.023841 0.590551,
        2.000812 2.024673 0.590551,
        2.002539 2.026206 0.590551,
        2.003852 2.028148 0.590551,
        2.004617 2.030287 0.590551,
        2.004097 2.037377 0.590551,
        2.002934 2.039372 0.590551,
        2.001060 2.041323 0.590551,
        2.052305 1.990485 0.590551,
        2.043448 1.984193 0.590551,
        2.046743 1.985429 0.590551,
        2.049504 1.987346 0.590551,
        2.041002 1.970894 0.590551,
        2.037681 1.971013 0.590551,
        2.031301 1.972122 0.590551,
        2.031301 1.985508 0.590551,
        2.034378 1.984500 0.590551,
        2.039836 1.983789 0.590551,
        2.064802 1.985078 0.590551,
        2.059296 1.978467 0.590551,
        2.058271 1.977527 0.590551,
        2.053017 1.973854 0.590551,
        2.052285 1.973576 0.590551,
        2.047080 1.971593 0.590551,
        1.987183 2.021552 0.590945,
        1.977008 2.022840 0.590945,
        1.967609 2.026581 0.590945,
        1.962437 2.029841 0.590945,
        1.962437 2.014306 0.590945,
        1.972592 2.010686 0.590945,
        1.985709 2.009271 0.590945,
        1.998125 2.010594 0.590945,
        2.006321 2.013485 0.590945,
        2.010700 2.016087 0.590945,
        2.015004 2.019851 0.590945,
        2.017808 2.023819 0.590945,
        2.019655 2.028586 0.590945,
        2.020371 2.034630 0.590945,
        2.019749 2.040235 0.590945,
        2.018144 2.044670 0.590945,
        2.015336 2.048815 0.590945,
        2.011749 2.052015 0.590945,
        2.001758 2.057572 0.590945,
        1.995933 2.059928 0.590945,
        1.986622 2.063981 0.590945,
        1.981319 2.067297 0.590945,
        1.979851 2.068911 0.590945,
        1.978768 2.070941 0.590945,
        1.978171 2.073278 0.590945,
        1.978033 2.075279 0.590945,
        1.978306 2.077679 0.590945,
        1.979048 2.079709 0.590945,
        1.980338 2.081624 0.590945,
        1.982608 2.083630 0.590945,
        1.985981 2.085424 0.590945,
        1.990006 2.086489 0.590945,
        1.994459 2.086823 0.590945,
        2.005022 2.085531 0.590945,
        2.013528 2.082222 0.590945,
        2.016257 2.080621 0.590945,
        2.016257 2.095235 0.590945,
        2.005487 2.098281 0.590945,
        1.995933 2.099042 0.590945,
        1.984416 2.097730 0.590945,
        1.976258 2.094702 0.590945,
        1.972170 2.092226 0.590945,
        1.967710 2.088217 0.590945,
        1.964915 2.084151 0.590945,
        1.963123 2.079307 0.590945,
        1.962530 2.073928 0.590945,
        1.963176 2.068087 0.590945,
        1.964835 2.063493 0.590945,
        1.966797 2.060358 0.590945,
        1.969258 2.057784 0.590945,
        1.976343 2.053109 0.590945,
        1.985310 2.048999 0.590945,
        1.995188 2.044862 0.590945,
        2.001060 2.041323 0.590945,
        2.002934 2.039372 0.590945,
        2.004097 2.037377 0.590945,
        2.004781 2.035028 0.590945,
        2.004928 2.033157 0.590945,
        2.004617 2.030287 0.590945,
        2.003852 2.028148 0.590945,
        2.002539 2.026206 0.590945,
        2.000812 2.024673 0.590945,
        1.999441 2.023841 0.590945,
        1.995559 2.022420 0.590945,
        1.987847 2.021556 0.590945,
        2.094945 2.097078 0.590945,
        2.110541 2.097078 0.590945,
        2.071520 2.032481 0.590945,
        2.070369 2.028483 0.590945,
        2.069678 2.025543 0.590945,
        2.069278 2.025543 0.590945,
        2.067436 2.032604 0.590945,
        2.045024 2.097078 0.590945,
        2.028200 2.097078 0.590945,
        2.061848 2.011481 0.590945,
        2.055248 1.995885 0.590945,
        2.052305 1.990485 0.590945,
        2.049504 1.987346 0.590945,
        2.046743 1.985429 0.590945,
        2.043448 1.984193 0.590945,
        2.039836 1.983789 0.590945,
        2.034378 1.984500 0.590945,
        2.031301 1.985508 0.590945,
        2.031301 1.972122 0.590945,
        2.037681 1.971013 0.590945,
        2.041002 1.970894 0.590945,
        2.053017 1.973854 0.590945,
        2.047080 1.971593 0.590945,
        2.071612 1.998341 0.590945,
        2.064802 1.985078 0.590945,
        2.059296 1.978467 0.590945,
        2.058271 1.977527 0.590945,
        2.191348 2.024990 0.590945,
        2.191348 2.011297 0.590945,
        2.142256 2.024990 0.590945,
        2.142256 2.065393 0.590945,
        2.185207 2.065393 0.590945,
        2.185207 2.079148 0.590945,
        2.142256 2.079148 0.590945,
        2.142256 2.117586 0.590945,
        2.188615 2.117586 0.590945,
        2.188615 2.131402 0.590945,
        2.126752 2.131402 0.590945,
        2.126752 2.011297 0.590945,
        2.288885 2.045297 0.590945,
        2.282685 2.037517 0.590945,
        2.293707 2.028122 0.590945,
        2.281166 2.036106 0.590945,
        2.281019 2.019052 0.590945,
        2.273391 2.030748 0.590945,
        2.267295 2.013735 0.590945,
        2.263423 2.026926 0.590945,
        2.247071 2.011297 0.590945,
        2.246979 2.024990 0.590945,
        2.214036 2.011297 0.590945,
        2.229541 2.024990 0.590945,
        2.214036 2.131402 0.590945,
        2.229541 2.117586 0.590945,
        2.248299 2.131402 0.590945,
        2.247685 2.117586 0.590945,
        2.266637 2.129377 0.590945,
        2.263220 2.115862 0.590945,
        2.281132 2.124081 0.590945,
        2.273626 2.112092 0.590945,
        2.293707 2.115498 0.590945,
        2.282347 2.106288 0.590945,
        2.298021 2.111269 0.590945,
        2.286611 2.101909 0.590945,
        2.305436 2.100773 0.590945,
        2.291040 2.094893 0.590945,
        2.309856 2.089295 0.590945,
        2.294189 2.085612 0.590945,
        2.311820 2.072885 0.590945,
        2.295518 2.072455 0.590945,
        2.311257 2.063391 0.590945,
        2.295182 2.065433 0.590945,
        2.308008 2.049614 0.590945,
        2.292938 2.054296 0.590945,
        2.301733 2.037393 0.590945,
        2.247685 2.117586 0.590551,
        2.229541 2.117586 0.590551,
        2.229541 2.024990 0.590551,
        2.246979 2.024990 0.590551,
        2.282685 2.037517 0.590551,
        2.281166 2.036106 0.590551,
        2.273391 2.030748 0.590551,
        2.263423 2.026926 0.590551,
        2.295518 2.072455 0.590551,
        2.295182 2.065433 0.590551,
        2.292938 2.054296 0.590551,
        2.288885 2.045297 0.590551,
        2.282347 2.106288 0.590551,
        2.286611 2.101909 0.590551,
        2.291040 2.094893 0.590551,
        2.294189 2.085612 0.590551,
        2.263220 2.115862 0.590551,
        2.273626 2.112092 0.590551,
      ]
    }
    coordIndex [
      137, 107, 84, -1,
      137, 84, 138, -1,
      138, 84, 86, -1,
      138, 86, 139, -1,
      139, 86, 53, -1,
      139, 53, 140, -1,
      141, 140, 52, -1,
      52, 140, 53, -1,
      141, 52, 51, -1,
      141, 51, 142, -1,
      142, 51, 76, -1,
      142, 76, 143, -1,
      143, 76, 75, -1,
      143, 75, 144, -1,
      144, 75, 74, -1,
      144, 74, 145, -1,
      145, 74, 73, -1,
      145, 73, 146, -1,
      146, 73, 72, -1,
      146, 72, 147, -1,
      147, 72, 62, -1,
      147, 62, 148, -1,
      148, 62, 61, -1,
      148, 61, 149, -1,
      149, 61, 60, -1,
      149, 60, 150, -1,
      150, 60, 59, -1,
      150, 59, 151, -1,
      151, 59, 55, -1,
      151, 55, 152, -1,
      152, 55, 54, -1,
      152, 54, 153, -1,
      153, 54, 103, -1,
      153, 103, 154, -1,
      154, 103, 102, -1,
      154, 102, 155, -1,
      155, 102, 100, -1,
      155, 100, 156, -1,
      156, 100, 98, -1,
      156, 98, 157, -1,
      157, 98, 97, -1,
      157, 97, 158, -1,
      158, 97, 96, -1,
      158, 96, 159, -1,
      159, 96, 95, -1,
      159, 95, 160, -1,
      160, 95, 94, -1,
      160, 94, 161, -1,
      161, 94, 91, -1,
      161, 91, 162, -1,
      162, 91, 106, -1,
      162, 106, 163, -1,
      163, 106, 105, -1,
      163, 105, 164, -1,
      164, 105, 104, -1,
      164, 104, 165, -1,
      165, 104, 93, -1,
      165, 93, 166, -1,
      166, 93, 92, -1,
      166, 92, 167, -1,
      167, 92, 90, -1,
      167, 90, 168, -1,
      168, 90, 89, -1,
      168, 89, 169, -1,
      169, 89, 99, -1,
      169, 99, 170, -1,
      170, 99, 101, -1,
      170, 101, 171, -1,
      171, 101, 70, -1,
      171, 70, 172, -1,
      173, 172, 69, -1,
      69, 172, 70, -1,
      173, 69, 68, -1,
      173, 68, 174, -1,
      174, 68, 67, -1,
      174, 67, 175, -1,
      175, 67, 66, -1,
      175, 66, 176, -1,
      176, 66, 83, -1,
      176, 83, 177, -1,
      177, 83, 82, -1,
      177, 82, 178, -1,
      178, 82, 65, -1,
      178, 65, 179, -1,
      179, 65, 64, -1,
      179, 64, 180, -1,
      180, 64, 81, -1,
      180, 81, 181, -1,
      181, 81, 80, -1,
      181, 80, 182, -1,
      182, 80, 79, -1,
      182, 79, 183, -1,
      183, 79, 78, -1,
      183, 78, 184, -1,
      184, 78, 77, -1,
      184, 77, 185, -1,
      185, 77, 88, -1,
      185, 88, 186, -1,
      186, 88, 87, -1,
      186, 87, 187, -1,
      187, 87, 85, -1,
      187, 85, 188, -1,
      188, 85, 109, -1,
      188, 109, 189, -1,
      189, 109, 120, -1,
      189, 120, 190, -1,
      190, 120, 119, -1,
      190, 119, 191, -1,
      191, 119, 118, -1,
      191, 118, 192, -1,
      192, 118, 112, -1,
      192, 112, 193, -1,
      193, 112, 111, -1,
      193, 111, 194, -1,
      194, 111, 117, -1,
      194, 117, 195, -1,
      195, 117, 116, -1,
      195, 116, 196, -1,
      196, 116, 115, -1,
      196, 115, 197, -1,
      197, 115, 114, -1,
      197, 114, 198, -1,
      198, 114, 113, -1,
      198, 113, 199, -1,
      199, 113, 110, -1,
      199, 110, 200, -1,
      200, 110, 108, -1,
      200, 108, 201, -1,
      201, 108, 107, -1,
      201, 107, 137, -1,
      165, 166, 177, -1,
      177, 166, 176, -1,
      189, 156, 188, -1,
      188, 156, 157, -1,
      143, 137, 142, -1,
      142, 137, 138, -1,
      142, 138, 141, -1,
      141, 138, 139, -1,
      141, 139, 140, -1,
      166, 167, 176, -1,
      176, 167, 168, -1,
      176, 168, 175, -1,
      175, 168, 169, -1,
      175, 169, 174, -1,
      174, 169, 170, -1,
      174, 170, 173, -1,
      173, 170, 171, -1,
      173, 171, 172, -1,
      145, 146, 197, -1,
      197, 146, 147, -1,
      197, 147, 196, -1,
      196, 147, 148, -1,
      196, 148, 195, -1,
      195, 148, 149, -1,
      195, 149, 194, -1,
      194, 149, 150, -1,
      194, 150, 193, -1,
      193, 150, 151, -1,
      193, 151, 192, -1,
      192, 151, 152, -1,
      192, 152, 191, -1,
      191, 152, 153, -1,
      191, 153, 190, -1,
      190, 153, 154, -1,
      190, 154, 189, -1,
      189, 154, 155, -1,
      189, 155, 156, -1,
      197, 198, 145, -1,
      145, 198, 199, -1,
      145, 199, 144, -1,
      144, 199, 200, -1,
      144, 200, 143, -1,
      143, 200, 201, -1,
      143, 201, 137, -1,
      177, 178, 165, -1,
      165, 178, 179, -1,
      165, 179, 164, -1,
      164, 179, 180, -1,
      164, 180, 163, -1,
      163, 180, 181, -1,
      163, 181, 162, -1,
      162, 181, 182, -1,
      162, 182, 161, -1,
      161, 182, 183, -1,
      161, 183, 160, -1,
      160, 183, 184, -1,
      160, 184, 159, -1,
      159, 184, 185, -1,
      159, 185, 158, -1,
      158, 185, 186, -1,
      158, 186, 157, -1,
      157, 186, 187, -1,
      157, 187, 188, -1,
      202, 203, 56, -1,
      56, 203, 47, -1,
      204, 202, 46, -1,
      46, 202, 56, -1,
      204, 46, 50, -1,
      204, 50, 205, -1,
      205, 50, 49, -1,
      205, 49, 206, -1,
      207, 206, 48, -1,
      48, 206, 49, -1,
      208, 207, 45, -1,
      45, 207, 48, -1,
      57, 209, 44, -1,
      44, 209, 208, -1,
      44, 208, 45, -1,
      210, 209, 58, -1,
      58, 209, 57, -1,
      1, 211, 2, -1,
      2, 211, 210, -1,
      2, 210, 58, -1,
      212, 211, 0, -1,
      0, 211, 1, -1,
      213, 212, 121, -1,
      121, 212, 0, -1,
      121, 63, 213, -1,
      213, 63, 71, -1,
      213, 71, 214, -1,
      71, 124, 214, -1,
      214, 124, 123, -1,
      214, 123, 215, -1,
      215, 123, 122, -1,
      215, 122, 216, -1,
      216, 122, 130, -1,
      216, 130, 217, -1,
      217, 130, 129, -1,
      217, 129, 218, -1,
      218, 129, 128, -1,
      218, 128, 219, -1,
      220, 219, 127, -1,
      127, 219, 128, -1,
      220, 127, 126, -1,
      220, 126, 221, -1,
      221, 126, 125, -1,
      221, 125, 222, -1,
      222, 125, 136, -1,
      135, 223, 136, -1,
      136, 223, 224, -1,
      136, 224, 222, -1,
      3, 225, 4, -1,
      4, 225, 226, -1,
      4, 226, 131, -1,
      131, 226, 227, -1,
      131, 227, 132, -1,
      132, 227, 228, -1,
      132, 228, 133, -1,
      133, 228, 223, -1,
      133, 223, 134, -1,
      134, 223, 135, -1,
      203, 225, 47, -1,
      47, 225, 3, -1,
      205, 206, 225, -1,
      203, 202, 225, -1,
      225, 202, 204, -1,
      225, 204, 205, -1,
      209, 210, 208, -1,
      208, 210, 211, -1,
      208, 211, 207, -1,
      226, 213, 227, -1,
      227, 213, 214, -1,
      219, 220, 218, -1,
      218, 220, 221, -1,
      218, 221, 217, -1,
      217, 221, 222, -1,
      217, 222, 216, -1,
      216, 222, 224, -1,
      216, 224, 215, -1,
      215, 224, 223, -1,
      215, 223, 214, -1,
      214, 223, 228, -1,
      214, 228, 227, -1,
      206, 207, 225, -1,
      225, 207, 211, -1,
      225, 211, 226, -1,
      226, 211, 212, -1,
      226, 212, 213, -1,
      229, 230, 24, -1,
      24, 230, 42, -1,
      28, 231, 26, -1,
      26, 231, 229, -1,
      26, 229, 24, -1,
      232, 231, 29, -1,
      29, 231, 28, -1,
      25, 233, 27, -1,
      27, 233, 232, -1,
      27, 232, 29, -1,
      234, 233, 30, -1,
      30, 233, 25, -1,
      32, 235, 31, -1,
      31, 235, 234, -1,
      31, 234, 30, -1,
      37, 236, 33, -1,
      33, 236, 235, -1,
      33, 235, 32, -1,
      39, 237, 38, -1,
      38, 237, 236, -1,
      38, 236, 37, -1,
      238, 237, 40, -1,
      40, 237, 39, -1,
      36, 239, 41, -1,
      41, 239, 238, -1,
      41, 238, 40, -1,
      34, 240, 35, -1,
      35, 240, 239, -1,
      35, 239, 36, -1,
      42, 230, 43, -1,
      43, 230, 240, -1,
      43, 240, 34, -1,
      240, 230, 229, -1,
      229, 231, 240, -1,
      240, 231, 232, -1,
      240, 232, 239, -1,
      237, 238, 236, -1,
      236, 238, 239, -1,
      236, 239, 235, -1,
      235, 239, 232, -1,
      235, 232, 234, -1,
      234, 232, 233, -1,
      241, 242, 243, -1,
      243, 242, 244, -1,
      243, 244, 245, -1,
      245, 244, 246, -1,
      245, 246, 247, -1,
      247, 246, 248, -1,
      247, 248, 249, -1,
      249, 248, 250, -1,
      249, 250, 251, -1,
      251, 250, 252, -1,
      251, 252, 253, -1,
      253, 252, 254, -1,
      253, 254, 255, -1,
      255, 254, 256, -1,
      255, 256, 257, -1,
      257, 256, 258, -1,
      257, 258, 259, -1,
      259, 258, 260, -1,
      259, 260, 261, -1,
      261, 260, 262, -1,
      261, 262, 263, -1,
      263, 262, 264, -1,
      263, 264, 265, -1,
      265, 264, 266, -1,
      265, 266, 267, -1,
      267, 266, 268, -1,
      267, 268, 269, -1,
      269, 268, 270, -1,
      269, 270, 271, -1,
      271, 270, 272, -1,
      271, 272, 273, -1,
      273, 272, 274, -1,
      273, 274, 275, -1,
      275, 274, 241, -1,
      275, 241, 243, -1,
      249, 251, 11, -1,
      11, 251, 5, -1,
      249, 11, 10, -1,
      249, 10, 247, -1,
      247, 10, 13, -1,
      247, 13, 245, -1,
      245, 13, 12, -1,
      245, 12, 243, -1,
      243, 12, 9, -1,
      243, 9, 275, -1,
      275, 9, 8, -1,
      275, 8, 273, -1,
      273, 8, 16, -1,
      273, 16, 271, -1,
      271, 16, 15, -1,
      271, 15, 269, -1,
      269, 15, 14, -1,
      269, 14, 267, -1,
      267, 14, 7, -1,
      267, 7, 265, -1,
      265, 7, 6, -1,
      265, 6, 263, -1,
      263, 6, 261, -1,
      261, 6, 23, -1,
      261, 23, 22, -1,
      261, 22, 21, -1,
      261, 21, 259, -1,
      259, 21, 20, -1,
      259, 20, 257, -1,
      257, 20, 19, -1,
      257, 19, 255, -1,
      253, 255, 18, -1,
      18, 255, 19, -1,
      5, 251, 17, -1,
      17, 251, 253, -1,
      17, 253, 18, -1,
      256, 254, 276, -1,
      276, 254, 277, -1,
      254, 252, 277, -1,
      277, 252, 278, -1,
      252, 250, 278, -1,
      278, 250, 279, -1,
      242, 280, 281, -1,
      242, 281, 244, -1,
      244, 281, 282, -1,
      244, 282, 246, -1,
      246, 282, 283, -1,
      246, 283, 248, -1,
      248, 283, 279, -1,
      248, 279, 250, -1,
      270, 284, 285, -1,
      270, 285, 272, -1,
      272, 285, 286, -1,
      272, 286, 274, -1,
      274, 286, 287, -1,
      274, 287, 241, -1,
      241, 287, 280, -1,
      241, 280, 242, -1,
      262, 288, 289, -1,
      262, 289, 264, -1,
      264, 289, 290, -1,
      264, 290, 266, -1,
      266, 290, 291, -1,
      266, 291, 268, -1,
      268, 291, 284, -1,
      268, 284, 270, -1,
      256, 276, 292, -1,
      256, 292, 258, -1,
      258, 292, 293, -1,
      258, 293, 260, -1,
      260, 293, 288, -1,
      260, 288, 262, -1,
    ]
  }
}

Shape {
  appearance Appearance {
    material Material {
      diffuseColor 0.2235 0.2235 0.2235
      specularColor 0.1137 0.1137 0.1137
      ambientIntensity 0.2
      transparency 0.0000
      shininess 0.5
    }
  }
  geometry IndexedFaceSet {
    ccw TRUE
    solid FALSE
    coord DEF co Coordinate {
      point [
        2.247685 2.117586 0.590551,
        2.229541 2.117586 0.590551,
        2.229541 2.024990 0.590551,
        2.246979 2.024990 0.590551,
        2.282685 2.037517 0.590551,
        2.281166 2.036106 0.590551,
        2.273391 2.030748 0.590551,
        2.263423 2.026926 0.590551,
        2.295518 2.072455 0.590551,
        2.295182 2.065433 0.590551,
        2.292938 2.054296 0.590551,
        2.288885 2.045297 0.590551,
        2.282347 2.106288 0.590551,
        2.286611 2.101909 0.590551,
        2.291040 2.094893 0.590551,
        2.294189 2.085612 0.590551,
        2.263220 2.115862 0.590551,
        2.273626 2.112092 0.590551,
      ]
    }
    coordIndex [
      1, 2, 0, -1,
      0, 2, 3, -1,
      0, 3, 7, -1,
      7, 6, 0, -1,
      0, 6, 5, -1,
      0, 5, 4, -1,
      9, 8, 0, -1,
      0, 8, 15, -1,
      0, 15, 14, -1,
      14, 13, 0, -1,
      0, 13, 12, -1,
      0, 12, 16, -1,
      16, 12, 17, -1,
      4, 11, 0, -1,
      0, 11, 10, -1,
      0, 10, 9, -1,
    ]
  }
}

Shape {
  appearance Appearance {
    material Material {
      diffuseColor 1.0000 1.0000 1.0000
      specularColor 0.5020 0.5020 0.5020
      ambientIntensity 0.2
      transparency 0.0000
      shininess 0.5
    }
  }
  geometry IndexedFaceSet {
    ccw TRUE
    solid FALSE
    coord DEF co Coordinate {
      point [
        2.335614 2.011297 0.590551,
        2.318483 2.011297 0.590551,
        2.358065 2.115222 0.590551,
        2.364228 2.131402 0.590551,
        2.380807 2.131402 0.590551,
        2.386969 2.115222 0.590551,
        2.426552 2.011297 0.590551,
        2.409420 2.011297 0.590551,
        2.397170 2.044148 0.590551,
        2.347158 2.044148 0.590551,
        2.352070 2.057718 0.590945,
        2.347158 2.044148 0.590945,
        2.392381 2.057718 0.590945,
        2.397170 2.044148 0.590945,
        2.370030 2.107639 0.590945,
        2.364228 2.131402 0.590945,
        2.318483 2.011297 0.590945,
        2.335614 2.011297 0.590945,
        2.371070 2.111223 0.590945,
        2.371995 2.116051 0.590945,
        2.380807 2.131402 0.590945,
        2.372364 2.116051 0.590945,
        2.373335 2.110970 0.590945,
        2.374237 2.107639 0.590945,
        2.426552 2.011297 0.590945,
        2.409420 2.011297 0.590945,
        2.352070 2.057718 0.590551,
        2.392381 2.057718 0.590551,
        2.374237 2.107639 0.590551,
        2.372364 2.116051 0.590551,
        2.373335 2.110970 0.590551,
        2.371995 2.116051 0.590551,
        2.370030 2.107639 0.590551,
        2.371070 2.111223 0.590551,
      ]
    }
    coordIndex [
      10, 11, 12, -1,
      12, 11, 13, -1,
      14, 15, 10, -1,
      10, 15, 16, -1,
      10, 16, 11, -1,
      11, 16, 17, -1,
      14, 18, 15, -1,
      15, 18, 19, -1,
      15, 19, 20, -1,
      20, 19, 21, -1,
      20, 21, 22, -1,
      22, 23, 20, -1,
      20, 23, 12, -1,
      20, 12, 24, -1,
      24, 12, 13, -1,
      24, 13, 25, -1,
      4, 20, 5, -1,
      5, 20, 24, -1,
      5, 24, 6, -1,
      15, 20, 3, -1,
      3, 20, 4, -1,
      1, 16, 2, -1,
      2, 16, 15, -1,
      2, 15, 3, -1,
      17, 16, 0, -1,
      0, 16, 1, -1,
      11, 17, 9, -1,
      9, 17, 0, -1,
      13, 11, 8, -1,
      8, 11, 9, -1,
      25, 13, 7, -1,
      7, 13, 8, -1,
      24, 25, 6, -1,
      6, 25, 7, -1,
      10, 12, 26, -1,
      26, 12, 27, -1,
      12, 23, 27, -1,
      27, 23, 28, -1,
      21, 29, 30, -1,
      21, 30, 22, -1,
      22, 30, 28, -1,
      22, 28, 23, -1,
      21, 19, 29, -1,
      29, 19, 31, -1,
      14, 32, 33, -1,
      14, 33, 18, -1,
      18, 33, 31, -1,
      18, 31, 19, -1,
      14, 10, 32, -1,
      32, 10, 26, -1,
    ]
  }
}

Shape {
  appearance Appearance {
    material Material {
      diffuseColor 0.2235 0.2235 0.2235
      specularColor 0.1137 0.1137 0.1137
      ambientIntensity 0.2
      transparency 0.0000
      shininess 0.5
    }
  }
  geometry IndexedFaceSet {
    ccw TRUE
    solid FALSE
    coord DEF co Coordinate {
      point [
        2.352070 2.057718 0.590551,
        2.392381 2.057718 0.590551,
        2.374237 2.107639 0.590551,
        2.372364 2.116051 0.590551,
        2.373335 2.110970 0.590551,
        2.371995 2.116051 0.590551,
        2.370030 2.107639 0.590551,
        2.371070 2.111223 0.590551,
      ]
    }
    coordIndex [
      3, 5, 4, -1,
      4, 5, 7, -1,
      4, 7, 2, -1,
      2, 7, 6, -1,
      2, 6, 1, -1,
      1, 6, 0, -1,
    ]
  }
}

Shape {
  appearance Appearance {
    material Material {
      diffuseColor 1.0000 1.0000 1.0000
      specularColor 0.5020 0.5020 0.5020
      ambientIntensity 0.2
      transparency 0.0000
      shininess 0.5
    }
  }
  geometry IndexedFaceSet {
    ccw TRUE
    solid FALSE
    coord DEF co Coordinate {
      point [
        1.385362 2.110732 0.590551,
        1.400309 2.097128 0.590551,
        1.434946 2.115222 0.590551,
        1.669636 2.200818 0.590551,
        1.663971 2.208709 0.590551,
        1.640804 2.228294 0.590551,
        1.527995 2.334873 0.590551,
        1.545620 2.322948 0.590551,
        1.565117 2.309756 0.590551,
        1.593481 2.276904 0.590551,
        1.611230 2.242296 0.590551,
        1.615389 2.240898 0.590551,
        1.485237 2.350235 0.590551,
        1.448983 2.354161 0.590551,
        1.406756 2.348961 0.590551,
        1.367379 2.333782 0.590551,
        1.349888 2.322948 0.590551,
        1.346511 2.320857 0.590551,
        1.163088 2.200818 0.590551,
        1.170554 2.217667 0.590551,
        1.191096 2.244004 0.590551,
        1.255646 2.280833 0.590551,
        1.289298 2.284992 0.590551,
        1.326444 2.303672 0.590551,
        1.299118 2.284458 0.590551,
        1.308938 2.283284 0.590551,
        1.196854 2.249454 0.590551,
        1.224014 2.268549 0.590551,
        1.150961 2.146656 0.590551,
        1.151202 2.154829 0.590551,
        1.156931 2.186923 0.590551,
        1.154847 2.115222 0.590551,
        1.155099 2.113183 0.590551,
        1.167339 2.081394 0.590551,
        1.276434 1.978566 0.590551,
        1.267092 1.990083 0.590551,
        1.263725 1.994233 0.590551,
        1.255141 2.012589 0.590551,
        1.244327 2.015825 0.590551,
        1.213467 2.030860 0.590551,
        1.186826 2.053577 0.590551,
        1.312851 1.957715 0.590551,
        1.293144 1.965984 0.590551,
        1.393011 1.976240 0.590551,
        1.376007 1.964398 0.590551,
        1.405366 1.990083 0.590551,
        1.356964 1.957075 0.590551,
        1.336264 1.954521 0.590551,
        1.333015 1.954581 0.590551,
        1.525315 2.060660 0.590551,
        1.531174 2.062975 0.590551,
        1.541207 2.111644 0.590551,
        1.693815 2.115222 0.590551,
        1.691857 2.099979 0.590551,
        1.416165 2.009859 0.590551,
        1.406043 1.990841 0.590551,
        1.520064 2.056939 0.590551,
        1.664173 2.049307 0.590551,
        1.640951 2.029647 0.590551,
        1.614897 2.016894 0.590551,
        1.537791 2.063824 0.590551,
        1.538622 2.063764 0.590551,
        1.541184 2.063197 0.590551,
        1.681135 2.072942 0.590551,
        1.625476 2.084394 0.590551,
        1.634877 2.097709 0.590551,
        1.511320 2.037352 0.590551,
        1.511537 2.040722 0.590551,
        1.421657 2.048454 0.590551,
        1.513252 2.047222 0.590551,
        1.516535 2.053048 0.590551,
        1.525624 2.013880 0.590551,
        1.520086 2.017817 0.590551,
        1.518102 2.019837 0.590551,
        1.514379 2.025201 0.590551,
        1.512130 2.030992 0.590551,
        1.421185 2.030933 0.590551,
        1.421657 2.039914 0.590551,
        1.542915 2.062970 0.590551,
        1.581342 2.062970 0.590551,
        1.596736 2.065928 0.590551,
        1.586465 2.010881 0.590551,
        1.536084 2.010881 0.590551,
        1.531273 2.011656 0.590551,
        1.611796 2.072924 0.590551,
        1.624410 2.083248 0.590551,
        1.346622 2.125549 0.590551,
        1.367238 2.120438 0.590551,
        1.568366 2.200818 0.590551,
        1.336264 2.126161 0.590551,
        1.640769 2.112926 0.590551,
        1.641052 2.115222 0.590551,
        1.539115 2.115222 0.590551,
        1.642825 2.129577 0.590551,
        1.642397 2.137150 0.590551,
        1.315840 2.123640 0.590551,
        1.223488 2.200818 0.590551,
        1.296981 2.116417 0.590551,
        1.214635 2.188106 0.590551,
        1.207313 2.169064 0.590551,
        1.211645 2.115222 0.590551,
        1.295262 2.115222 0.590551,
        1.205794 2.135111 0.590551,
        1.204759 2.148363 0.590551,
        1.620629 2.179170 0.590551,
        1.607389 2.188426 0.590551,
        1.638363 2.153546 0.590551,
        1.630404 2.168265 0.590551,
        1.569387 2.196183 0.590551,
        1.514735 2.156903 0.590551,
        1.576218 2.196183 0.590551,
        1.592487 2.194173 0.590551,
        1.376978 2.115222 0.590551,
        1.211939 2.114222 0.590551,
        1.265413 2.088131 0.590551,
        1.279526 2.104279 0.590551,
        1.222058 2.097016 0.590551,
        1.237363 2.081282 0.590551,
        1.255995 2.069802 0.590551,
        1.550926 2.247566 0.590551,
        1.531646 2.270559 0.590551,
        1.335410 2.220948 0.590551,
        1.529587 2.272434 0.590551,
        1.505599 2.289091 0.590551,
        1.348467 2.247976 0.590551,
        1.329431 2.224222 0.590551,
        1.564126 2.220064 0.590551,
        1.310287 2.231248 0.590551,
        1.290152 2.233756 0.590551,
        1.281171 2.233284 0.590551,
        1.367623 2.270854 0.590551,
        1.478823 2.299358 0.590551,
        1.390485 2.287558 0.590551,
        1.449837 2.302925 0.590551,
        1.418378 2.298869 0.590551,
        1.260097 2.228264 0.590551,
        1.241079 2.218142 0.590551,
        1.226478 2.205111 0.590551,
        1.681406 2.184421 0.590551,
        1.691853 2.158343 0.590551,
        1.695769 2.130431 0.590551,
        1.263725 1.994233 0.590945,
        1.276434 1.978566 0.590945,
        1.255995 2.069802 0.590945,
        1.241079 2.218142 0.590945,
        1.260097 2.228264 0.590945,
        1.255646 2.280833 0.590945,
        1.308938 2.283284 0.590945,
        1.335410 2.220948 0.590945,
        1.348467 2.247976 0.590945,
        1.237363 2.081282 0.590945,
        1.244327 2.015825 0.590945,
        1.255141 2.012589 0.590945,
        1.289298 2.284992 0.590945,
        1.342519 2.071591 0.590945,
        1.350450 2.068753 0.590945,
        1.421657 2.048454 0.590945,
        1.357319 2.064115 0.590945,
        1.362820 2.057975 0.590945,
        1.541207 2.111644 0.590945,
        1.514735 2.156903 0.590945,
        1.400309 2.097128 0.590945,
        1.335410 2.072363 0.590945,
        1.327059 2.071293 0.590945,
        1.315840 2.123640 0.590945,
        1.319602 2.068349 0.590945,
        1.296981 2.116417 0.590945,
        1.312926 2.063602 0.590945,
        1.279526 2.104279 0.590945,
        1.309550 2.060032 0.590945,
        1.265413 2.088131 0.590945,
        1.305136 2.052969 0.590945,
        1.302619 2.044932 0.590945,
        1.302195 2.036609 0.590945,
        1.367238 2.120438 0.590945,
        1.346622 2.125549 0.590945,
        1.336264 2.126161 0.590945,
        1.366530 2.050964 0.590945,
        1.368480 2.043046 0.590945,
        1.421657 2.039914 0.590945,
        1.368492 2.035233 0.590945,
        1.421185 2.030933 0.590945,
        1.569387 2.196183 0.590945,
        1.576218 2.196183 0.590945,
        1.611230 2.242296 0.590945,
        1.592487 2.194173 0.590945,
        1.615389 2.240898 0.590945,
        1.607389 2.188426 0.590945,
        1.640804 2.228294 0.590945,
        1.663971 2.208709 0.590945,
        1.326444 2.303672 0.590945,
        1.367623 2.270854 0.590945,
        1.346511 2.320857 0.590945,
        1.390485 2.287558 0.590945,
        1.367379 2.333782 0.590945,
        1.281171 2.233284 0.590945,
        1.290152 2.233756 0.590945,
        1.299118 2.284458 0.590945,
        1.310287 2.231248 0.590945,
        1.329431 2.224222 0.590945,
        1.385362 2.110732 0.590945,
        1.664173 2.049307 0.590945,
        1.624410 2.083248 0.590945,
        1.640951 2.029647 0.590945,
        1.611796 2.072924 0.590945,
        1.614897 2.016894 0.590945,
        1.596736 2.065928 0.590945,
        1.586465 2.010881 0.590945,
        1.581342 2.062970 0.590945,
        1.536084 2.010881 0.590945,
        1.542915 2.062970 0.590945,
        1.531273 2.011656 0.590945,
        1.303776 2.028601 0.590945,
        1.307156 2.021423 0.590945,
        1.620629 2.179170 0.590945,
        1.630404 2.168265 0.590945,
        1.681406 2.184421 0.590945,
        1.638363 2.153546 0.590945,
        1.691853 2.158343 0.590945,
        1.642397 2.137150 0.590945,
        1.695769 2.130431 0.590945,
        1.642825 2.129577 0.590945,
        1.691857 2.099979 0.590945,
        1.640769 2.112926 0.590945,
        1.681135 2.072942 0.590945,
        1.634877 2.097709 0.590945,
        1.625476 2.084394 0.590945,
        1.565117 2.309756 0.590945,
        1.531646 2.270559 0.590945,
        1.593481 2.276904 0.590945,
        1.550926 2.247566 0.590945,
        1.564126 2.220064 0.590945,
        1.207313 2.169064 0.590945,
        1.151202 2.154829 0.590945,
        1.204759 2.148363 0.590945,
        1.150961 2.146656 0.590945,
        1.205794 2.135111 0.590945,
        1.155099 2.113183 0.590945,
        1.211939 2.114222 0.590945,
        1.167339 2.081394 0.590945,
        1.222058 2.097016 0.590945,
        1.186826 2.053577 0.590945,
        1.213467 2.030860 0.590945,
        1.416165 2.009859 0.590945,
        1.366453 2.027038 0.590945,
        1.406043 1.990841 0.590945,
        1.362481 2.019703 0.590945,
        1.393011 1.976240 0.590945,
        1.357846 2.014467 0.590945,
        1.376007 1.964398 0.590945,
        1.351360 2.009815 0.590945,
        1.356964 1.957075 0.590945,
        1.343963 2.006860 0.590945,
        1.336264 1.954521 0.590945,
        1.335410 2.005757 0.590945,
        1.333015 1.954581 0.590945,
        1.333955 2.005789 0.590945,
        1.312851 1.957715 0.590945,
        1.326289 2.007039 0.590945,
        1.293144 1.965984 0.590945,
        1.318570 2.010354 0.590945,
        1.312034 2.015364 0.590945,
        1.406756 2.348961 0.590945,
        1.418378 2.298869 0.590945,
        1.448983 2.354161 0.590945,
        1.449837 2.302925 0.590945,
        1.485237 2.350235 0.590945,
        1.478823 2.299358 0.590945,
        1.527995 2.334873 0.590945,
        1.505599 2.289091 0.590945,
        1.529587 2.272434 0.590945,
        1.224014 2.268549 0.590945,
        1.196854 2.249454 0.590945,
        1.226478 2.205111 0.590945,
        1.191096 2.244004 0.590945,
        1.214635 2.188106 0.590945,
        1.170554 2.217667 0.590945,
        1.156931 2.186923 0.590945,
        1.538622 2.063764 0.590945,
        1.518102 2.019837 0.590945,
        1.520086 2.017817 0.590945,
        1.541184 2.063197 0.590945,
        1.525624 2.013880 0.590945,
        1.511320 2.037352 0.590945,
        1.512130 2.030992 0.590945,
        1.514379 2.025201 0.590945,
        1.531174 2.062975 0.590945,
        1.525315 2.060660 0.590945,
        1.511537 2.040722 0.590945,
        1.520064 2.056939 0.590945,
        1.516535 2.053048 0.590945,
        1.513252 2.047222 0.590945,
        1.537791 2.063824 0.590945,
        1.335410 2.072363 0.590551,
        1.342519 2.071591 0.590551,
        1.350450 2.068753 0.590551,
        1.357319 2.064115 0.590551,
        1.362820 2.057975 0.590551,
        1.366530 2.050964 0.590551,
        1.368480 2.043046 0.590551,
        1.368492 2.035233 0.590551,
        1.366453 2.027038 0.590551,
        1.362481 2.019703 0.590551,
        1.357846 2.014467 0.590551,
        1.351360 2.009815 0.590551,
        1.343963 2.006860 0.590551,
        1.335410 2.005757 0.590551,
        1.333955 2.005789 0.590551,
        1.326289 2.007039 0.590551,
        1.318570 2.010354 0.590551,
        1.312034 2.015364 0.590551,
        1.307156 2.021423 0.590551,
        1.303776 2.028601 0.590551,
        1.302195 2.036609 0.590551,
        1.302619 2.044932 0.590551,
        1.305136 2.052969 0.590551,
        1.309550 2.060032 0.590551,
        1.312926 2.063602 0.590551,
        1.319602 2.068349 0.590551,
        1.327059 2.071293 0.590551,
      ]
    }
    coordIndex [
      141, 142, 143, -1,
      144, 145, 146, -1,
      147, 148, 149, -1,
      150, 151, 143, -1,
      143, 151, 152, -1,
      143, 152, 141, -1,
      146, 145, 153, -1,
      154, 155, 156, -1,
      156, 155, 157, -1,
      156, 157, 158, -1,
      159, 160, 156, -1,
      156, 160, 161, -1,
      156, 161, 154, -1,
      154, 161, 162, -1,
      163, 164, 165, -1,
      165, 164, 166, -1,
      165, 166, 167, -1,
      167, 166, 168, -1,
      167, 168, 169, -1,
      169, 168, 170, -1,
      169, 170, 171, -1,
      171, 170, 143, -1,
      171, 143, 172, -1,
      172, 143, 173, -1,
      174, 175, 163, -1,
      163, 175, 176, -1,
      163, 176, 164, -1,
      158, 177, 156, -1,
      156, 177, 178, -1,
      156, 178, 179, -1,
      179, 178, 180, -1,
      179, 180, 181, -1,
      182, 183, 184, -1,
      184, 183, 185, -1,
      184, 185, 186, -1,
      186, 185, 187, -1,
      186, 187, 188, -1,
      188, 187, 189, -1,
      147, 149, 190, -1,
      190, 149, 191, -1,
      190, 191, 192, -1,
      192, 191, 193, -1,
      192, 193, 194, -1,
      145, 195, 153, -1,
      153, 195, 196, -1,
      153, 196, 197, -1,
      197, 196, 198, -1,
      197, 198, 147, -1,
      147, 198, 199, -1,
      147, 199, 148, -1,
      162, 161, 163, -1,
      163, 161, 200, -1,
      163, 200, 174, -1,
      201, 202, 203, -1,
      203, 202, 204, -1,
      203, 204, 205, -1,
      205, 204, 206, -1,
      205, 206, 207, -1,
      207, 206, 208, -1,
      207, 208, 209, -1,
      209, 208, 210, -1,
      209, 210, 211, -1,
      173, 143, 212, -1,
      212, 143, 142, -1,
      212, 142, 213, -1,
      187, 214, 189, -1,
      189, 214, 215, -1,
      189, 215, 216, -1,
      216, 215, 217, -1,
      216, 217, 218, -1,
      218, 217, 219, -1,
      218, 219, 220, -1,
      220, 219, 221, -1,
      220, 221, 222, -1,
      222, 221, 223, -1,
      222, 223, 224, -1,
      224, 223, 225, -1,
      224, 225, 201, -1,
      201, 225, 226, -1,
      201, 226, 202, -1,
      227, 228, 229, -1,
      229, 228, 230, -1,
      229, 230, 184, -1,
      184, 230, 231, -1,
      184, 231, 182, -1,
      232, 233, 234, -1,
      234, 233, 235, -1,
      234, 235, 236, -1,
      236, 235, 237, -1,
      236, 237, 238, -1,
      238, 237, 239, -1,
      238, 239, 240, -1,
      240, 239, 241, -1,
      240, 241, 150, -1,
      150, 241, 242, -1,
      150, 242, 151, -1,
      181, 180, 243, -1,
      243, 180, 244, -1,
      243, 244, 245, -1,
      245, 244, 246, -1,
      245, 246, 247, -1,
      247, 246, 248, -1,
      247, 248, 249, -1,
      249, 248, 250, -1,
      249, 250, 251, -1,
      251, 250, 252, -1,
      251, 252, 253, -1,
      253, 252, 254, -1,
      253, 254, 255, -1,
      255, 254, 256, -1,
      255, 256, 257, -1,
      257, 256, 258, -1,
      257, 258, 259, -1,
      259, 258, 260, -1,
      259, 260, 142, -1,
      142, 260, 261, -1,
      142, 261, 213, -1,
      194, 193, 262, -1,
      262, 193, 263, -1,
      262, 263, 264, -1,
      264, 263, 265, -1,
      264, 265, 266, -1,
      266, 265, 267, -1,
      266, 267, 268, -1,
      268, 267, 269, -1,
      268, 269, 227, -1,
      227, 269, 270, -1,
      227, 270, 228, -1,
      146, 271, 144, -1,
      144, 271, 272, -1,
      144, 272, 273, -1,
      273, 272, 274, -1,
      273, 274, 275, -1,
      275, 274, 276, -1,
      275, 276, 232, -1,
      232, 276, 277, -1,
      232, 277, 233, -1,
      278, 279, 280, -1,
      210, 281, 211, -1,
      211, 281, 278, -1,
      211, 278, 282, -1,
      282, 278, 280, -1,
      283, 284, 278, -1,
      278, 284, 285, -1,
      278, 285, 279, -1,
      286, 287, 288, -1,
      287, 289, 288, -1,
      288, 289, 290, -1,
      288, 290, 291, -1,
      283, 278, 288, -1,
      288, 278, 292, -1,
      288, 292, 286, -1,
      220, 140, 139, -1,
      220, 139, 218, -1,
      218, 139, 138, -1,
      218, 138, 216, -1,
      216, 138, 3, -1,
      216, 3, 189, -1,
      3, 4, 189, -1,
      189, 4, 5, -1,
      189, 5, 188, -1,
      188, 5, 11, -1,
      188, 11, 186, -1,
      186, 11, 10, -1,
      186, 10, 184, -1,
      184, 10, 9, -1,
      184, 9, 229, -1,
      229, 9, 8, -1,
      229, 8, 227, -1,
      268, 227, 7, -1,
      7, 227, 8, -1,
      7, 6, 268, -1,
      268, 6, 12, -1,
      268, 12, 266, -1,
      266, 12, 13, -1,
      266, 13, 264, -1,
      17, 192, 16, -1,
      16, 192, 194, -1,
      16, 194, 15, -1,
      15, 194, 262, -1,
      15, 262, 14, -1,
      14, 262, 264, -1,
      14, 264, 13, -1,
      192, 17, 23, -1,
      192, 23, 190, -1,
      190, 23, 25, -1,
      190, 25, 147, -1,
      147, 25, 24, -1,
      147, 24, 197, -1,
      197, 24, 22, -1,
      197, 22, 153, -1,
      153, 22, 21, -1,
      153, 21, 146, -1,
      146, 21, 27, -1,
      146, 27, 271, -1,
      271, 27, 26, -1,
      271, 26, 272, -1,
      272, 26, 20, -1,
      272, 20, 274, -1,
      274, 20, 19, -1,
      274, 19, 276, -1,
      276, 19, 18, -1,
      276, 18, 277, -1,
      18, 30, 277, -1,
      277, 30, 29, -1,
      277, 29, 233, -1,
      233, 29, 28, -1,
      233, 28, 235, -1,
      237, 235, 31, -1,
      31, 235, 28, -1,
      31, 32, 237, -1,
      237, 32, 33, -1,
      237, 33, 239, -1,
      239, 33, 40, -1,
      239, 40, 241, -1,
      241, 40, 39, -1,
      241, 39, 242, -1,
      242, 39, 38, -1,
      242, 38, 151, -1,
      151, 38, 37, -1,
      151, 37, 152, -1,
      152, 37, 36, -1,
      152, 36, 141, -1,
      141, 36, 35, -1,
      141, 35, 142, -1,
      35, 34, 142, -1,
      142, 34, 42, -1,
      142, 42, 259, -1,
      259, 42, 41, -1,
      259, 41, 257, -1,
      257, 41, 48, -1,
      257, 48, 255, -1,
      255, 48, 47, -1,
      255, 47, 253, -1,
      43, 249, 44, -1,
      44, 249, 251, -1,
      44, 251, 46, -1,
      46, 251, 253, -1,
      46, 253, 47, -1,
      45, 245, 43, -1,
      43, 245, 247, -1,
      43, 247, 249, -1,
      45, 55, 245, -1,
      245, 55, 54, -1,
      245, 54, 243, -1,
      243, 54, 76, -1,
      243, 76, 181, -1,
      181, 76, 77, -1,
      181, 77, 179, -1,
      156, 179, 68, -1,
      68, 179, 77, -1,
      159, 156, 51, -1,
      51, 156, 68, -1,
      109, 160, 92, -1,
      92, 160, 159, -1,
      92, 159, 51, -1,
      1, 161, 2, -1,
      2, 161, 160, -1,
      2, 160, 109, -1,
      161, 1, 0, -1,
      161, 0, 200, -1,
      200, 0, 112, -1,
      200, 112, 174, -1,
      112, 87, 174, -1,
      174, 87, 86, -1,
      174, 86, 175, -1,
      175, 86, 89, -1,
      175, 89, 176, -1,
      176, 89, 95, -1,
      176, 95, 164, -1,
      164, 95, 97, -1,
      164, 97, 166, -1,
      166, 97, 101, -1,
      166, 101, 168, -1,
      101, 115, 168, -1,
      168, 115, 114, -1,
      168, 114, 170, -1,
      170, 114, 118, -1,
      170, 118, 143, -1,
      103, 234, 236, -1,
      143, 118, 117, -1,
      143, 117, 150, -1,
      150, 117, 116, -1,
      150, 116, 240, -1,
      240, 116, 113, -1,
      240, 113, 238, -1,
      238, 113, 100, -1,
      238, 100, 236, -1,
      236, 100, 102, -1,
      236, 102, 103, -1,
      234, 103, 99, -1,
      234, 99, 232, -1,
      232, 99, 98, -1,
      232, 98, 275, -1,
      275, 98, 96, -1,
      275, 96, 273, -1,
      96, 137, 273, -1,
      273, 137, 136, -1,
      273, 136, 144, -1,
      144, 136, 135, -1,
      144, 135, 145, -1,
      145, 135, 129, -1,
      145, 129, 195, -1,
      195, 129, 128, -1,
      195, 128, 196, -1,
      196, 128, 127, -1,
      196, 127, 198, -1,
      198, 127, 125, -1,
      198, 125, 199, -1,
      199, 125, 121, -1,
      199, 121, 148, -1,
      148, 121, 124, -1,
      148, 124, 149, -1,
      149, 124, 130, -1,
      149, 130, 191, -1,
      191, 130, 132, -1,
      191, 132, 193, -1,
      193, 132, 134, -1,
      193, 134, 263, -1,
      263, 134, 133, -1,
      263, 133, 265, -1,
      108, 182, 88, -1,
      88, 182, 231, -1,
      88, 231, 126, -1,
      126, 231, 230, -1,
      126, 230, 119, -1,
      119, 230, 228, -1,
      119, 228, 120, -1,
      120, 228, 270, -1,
      120, 270, 122, -1,
      122, 270, 269, -1,
      122, 269, 123, -1,
      123, 269, 267, -1,
      123, 267, 131, -1,
      131, 267, 265, -1,
      131, 265, 133, -1,
      183, 182, 110, -1,
      110, 182, 108, -1,
      183, 110, 111, -1,
      183, 111, 185, -1,
      185, 111, 105, -1,
      185, 105, 187, -1,
      187, 105, 104, -1,
      187, 104, 214, -1,
      214, 104, 107, -1,
      214, 107, 215, -1,
      215, 107, 106, -1,
      215, 106, 217, -1,
      217, 106, 94, -1,
      217, 94, 219, -1,
      219, 94, 93, -1,
      219, 93, 221, -1,
      223, 221, 91, -1,
      91, 221, 93, -1,
      91, 90, 223, -1,
      223, 90, 65, -1,
      223, 65, 225, -1,
      225, 65, 64, -1,
      225, 64, 226, -1,
      226, 64, 85, -1,
      226, 85, 202, -1,
      202, 85, 84, -1,
      202, 84, 204, -1,
      204, 84, 80, -1,
      204, 80, 206, -1,
      206, 80, 79, -1,
      206, 79, 208, -1,
      210, 208, 78, -1,
      78, 208, 79, -1,
      210, 78, 62, -1,
      210, 62, 281, -1,
      281, 62, 61, -1,
      281, 61, 278, -1,
      278, 61, 60, -1,
      278, 60, 292, -1,
      292, 60, 50, -1,
      292, 50, 286, -1,
      286, 50, 49, -1,
      286, 49, 287, -1,
      287, 49, 56, -1,
      287, 56, 289, -1,
      289, 56, 70, -1,
      289, 70, 290, -1,
      290, 70, 69, -1,
      290, 69, 291, -1,
      291, 69, 67, -1,
      291, 67, 288, -1,
      288, 67, 66, -1,
      288, 66, 283, -1,
      283, 66, 75, -1,
      283, 75, 284, -1,
      284, 75, 74, -1,
      284, 74, 285, -1,
      285, 74, 73, -1,
      285, 73, 279, -1,
      279, 73, 72, -1,
      279, 72, 280, -1,
      280, 72, 71, -1,
      280, 71, 282, -1,
      282, 71, 83, -1,
      282, 83, 211, -1,
      211, 83, 82, -1,
      211, 82, 209, -1,
      207, 209, 81, -1,
      81, 209, 82, -1,
      207, 81, 59, -1,
      207, 59, 205, -1,
      205, 59, 58, -1,
      205, 58, 203, -1,
      203, 58, 57, -1,
      203, 57, 201, -1,
      140, 220, 52, -1,
      52, 220, 222, -1,
      52, 222, 53, -1,
      53, 222, 224, -1,
      53, 224, 63, -1,
      63, 224, 201, -1,
      63, 201, 57, -1,
      162, 293, 294, -1,
      162, 294, 154, -1,
      154, 294, 295, -1,
      154, 295, 155, -1,
      155, 295, 296, -1,
      155, 296, 157, -1,
      157, 296, 297, -1,
      157, 297, 158, -1,
      158, 297, 298, -1,
      158, 298, 177, -1,
      177, 298, 299, -1,
      177, 299, 178, -1,
      178, 299, 300, -1,
      178, 300, 180, -1,
      180, 300, 301, -1,
      180, 301, 244, -1,
      244, 301, 302, -1,
      244, 302, 246, -1,
      246, 302, 303, -1,
      246, 303, 248, -1,
      248, 303, 304, -1,
      248, 304, 250, -1,
      250, 304, 305, -1,
      250, 305, 252, -1,
      252, 305, 306, -1,
      252, 306, 254, -1,
      254, 306, 307, -1,
      254, 307, 256, -1,
      256, 307, 308, -1,
      256, 308, 258, -1,
      258, 308, 309, -1,
      258, 309, 260, -1,
      260, 309, 310, -1,
      260, 310, 261, -1,
      261, 310, 311, -1,
      261, 311, 213, -1,
      213, 311, 312, -1,
      213, 312, 212, -1,
      212, 312, 313, -1,
      212, 313, 173, -1,
      173, 313, 314, -1,
      173, 314, 172, -1,
      172, 314, 315, -1,
      172, 315, 171, -1,
      171, 315, 316, -1,
      171, 316, 169, -1,
      169, 316, 317, -1,
      169, 317, 167, -1,
      167, 317, 318, -1,
      167, 318, 165, -1,
      165, 318, 319, -1,
      165, 319, 163, -1,
      163, 319, 293, -1,
      163, 293, 162, -1,
    ]
  }
}

Shape {
  appearance Appearance {
    material Material {
      diffuseColor 0.2235 0.2235 0.2235
      specularColor 0.1137 0.1137 0.1137
      ambientIntensity 0.2
      transparency 0.0000
      shininess 0.5
    }
  }
  geometry IndexedFaceSet {
    ccw TRUE
    solid FALSE
    coord DEF co Coordinate {
      point [
        1.335410 2.072363 0.590551,
        1.342519 2.071591 0.590551,
        1.350450 2.068753 0.590551,
        1.357319 2.064115 0.590551,
        1.362820 2.057975 0.590551,
        1.366530 2.050964 0.590551,
        1.368480 2.043046 0.590551,
        1.368492 2.035233 0.590551,
        1.366453 2.027038 0.590551,
        1.362481 2.019703 0.590551,
        1.357846 2.014467 0.590551,
        1.351360 2.009815 0.590551,
        1.343963 2.006860 0.590551,
        1.335410 2.005757 0.590551,
        1.333955 2.005789 0.590551,
        1.326289 2.007039 0.590551,
        1.318570 2.010354 0.590551,
        1.312034 2.015364 0.590551,
        1.307156 2.021423 0.590551,
        1.303776 2.028601 0.590551,
        1.302195 2.036609 0.590551,
        1.302619 2.044932 0.590551,
        1.305136 2.052969 0.590551,
        1.309550 2.060032 0.590551,
        1.312926 2.063602 0.590551,
        1.319602 2.068349 0.590551,
        1.327059 2.071293 0.590551,
      ]
    }
    coordIndex [
      14, 24, 23, -1,
      12, 11, 1, -1,
      0, 26, 14, -1,
      14, 26, 25, -1,
      14, 25, 24, -1,
      19, 18, 23, -1,
      23, 18, 17, -1,
      0, 14, 1, -1,
      1, 14, 13, -1,
      1, 13, 12, -1,
      22, 21, 23, -1,
      23, 21, 20, -1,
      23, 20, 19, -1,
      17, 16, 23, -1,
      23, 16, 15, -1,
      23, 15, 14, -1,
      11, 10, 1, -1,
      1, 10, 9, -1,
      1, 9, 8, -1,
      8, 7, 1, -1,
      1, 7, 6, -1,
      1, 6, 5, -1,
      5, 4, 1, -1,
      1, 4, 3, -1,
      1, 3, 2, -1,
    ]
  }
}
