#VRML V2.0 utf8

Shape {
  appearance Appearance {
    material Material {
      diffuseColor 0.2235 0.2235 0.2235
      specularColor 0.1137 0.1137 0.1137
      ambientIntensity 0.2
      transparency 0.0000
      shininess 0.5
    }
  }
  geometry IndexedFaceSet {
    ccw TRUE
    solid FALSE
    coord DEF co Coordinate {
      point [
        -0.915354 0.767717 0.314961,
        -0.915354 0.767717 0.393701,
        -0.830709 0.767717 0.314961,
        -0.830709 0.767717 0.393701,
        -0.669291 0.767717 0.393701,
        -0.330709 0.767717 0.393701,
        -0.669291 0.767717 0.314961,
        -0.330709 0.767717 0.314961,
        -0.169291 0.767717 0.393701,
        0.169291 0.767717 0.393701,
        -0.169291 0.767717 0.314961,
        0.169291 0.767717 0.314961,
        -0.915354 -0.767717 0.393701,
        -0.915354 -0.767717 0.314961,
        -0.830709 -0.767717 0.393701,
        -0.830709 -0.767717 0.314961,
        -0.669291 -0.767717 0.314961,
        -0.330709 -0.767717 0.314961,
        -0.669291 -0.767717 0.393701,
        -0.330709 -0.767717 0.393701,
        -0.169291 -0.767717 0.314961,
        0.169291 -0.767717 0.314961,
        -0.169291 -0.767717 0.393701,
        0.169291 -0.767717 0.393701,
        0.330709 -0.767717 0.314961,
        0.669291 -0.767717 0.314961,
        0.330709 -0.767717 0.393701,
        0.669291 -0.767717 0.393701,
        0.330709 0.767717 0.393701,
        0.669291 0.767717 0.393701,
        0.330709 0.767717 0.314961,
        0.669291 0.767717 0.314961,
        0.964567 -0.718504 0.314961,
        0.964567 0.718504 0.314961,
        0.964567 -0.718504 0.393701,
        0.964567 0.718504 0.393701,
        0.830709 0.767717 0.393701,
        0.915354 0.767717 0.393701,
        0.830709 0.767717 0.314961,
        0.915354 0.767717 0.314961,
        -0.964567 -0.718504 0.393701,
        -0.964567 0.718504 0.393701,
        -0.964567 -0.718504 0.314961,
        -0.964567 0.718504 0.314961,
        0.830709 -0.767717 0.314961,
        0.915354 -0.767717 0.314961,
        0.830709 -0.767717 0.393701,
        0.915354 -0.767717 0.393701,
        -0.552703 -0.408870 0.669291,
        -0.568637 -0.429635 0.669291,
        0.874679 -0.570996 0.669291,
        -0.874679 -0.570996 0.669291,
        -0.726362 -0.408870 0.669291,
        -0.736379 -0.384688 0.669291,
        -0.542687 -0.384688 0.669291,
        -0.739795 -0.358739 0.669291,
        -0.736379 -0.332789 0.669291,
        -0.874679 0.677828 0.669291,
        -0.726362 -0.308607 0.669291,
        -0.710429 -0.287843 0.669291,
        -0.689664 -0.271909 0.669291,
        -0.665483 -0.261893 0.669291,
        -0.568637 -0.287843 0.669291,
        -0.552703 -0.308607 0.669291,
        0.874679 0.677828 0.669291,
        -0.542687 -0.332789 0.669291,
        -0.539270 -0.358739 0.669291,
        -0.589402 -0.445568 0.669291,
        -0.613583 -0.455584 0.669291,
        -0.639533 -0.459000 0.669291,
        -0.665483 -0.455584 0.669291,
        -0.689664 -0.445568 0.669291,
        -0.710429 -0.429635 0.669291,
        -0.639533 -0.258476 0.669291,
        -0.613583 -0.261893 0.669291,
        -0.589402 -0.271909 0.669291,
        -0.874679 -0.677828 0.039370,
        -0.874679 0.677828 0.039370,
        0.874679 -0.677828 0.039370,
        0.874679 0.677828 0.039370,
        0.916096 -0.767711 0.314929,
        0.874679 -0.726293 0.080037,
        -0.874679 -0.726293 0.080037,
        -0.916096 -0.767711 0.314929,
        0.964561 -0.719246 0.314929,
        0.923143 -0.677828 0.080037,
        0.923143 0.677828 0.080037,
        0.964561 0.719246 0.314929,
        -0.964561 0.719246 0.314929,
        -0.923143 0.677828 0.080037,
        -0.923143 -0.677828 0.080037,
        -0.964561 -0.719246 0.314929,
        -0.916096 0.767711 0.314929,
        -0.874679 0.726293 0.080037,
        0.874679 0.726293 0.080037,
        0.916096 0.767711 0.314929,
        0.916096 0.767711 0.393733,
        0.874679 0.726293 0.628624,
        -0.874679 0.726293 0.628624,
        -0.916096 0.767711 0.393733,
        -0.964561 -0.719246 0.393733,
        -0.946013 -0.700698 0.498922,
        -0.923143 -0.570996 0.628624,
        -0.923143 0.677828 0.628624,
        -0.964561 0.719246 0.393733,
        0.964561 0.719246 0.393733,
        0.923143 0.677828 0.628624,
        0.923143 -0.570996 0.628624,
        0.946013 -0.700698 0.498922,
        0.964561 -0.719246 0.393733,
        -0.897548 -0.749163 0.498922,
        -0.916096 -0.767711 0.393733,
        0.897548 -0.749163 0.498922,
        0.916096 -0.767711 0.393733,
        -0.874679 -0.605795 0.654877,
        -0.897548 -0.735497 0.525176,
        0.874679 -0.605795 0.654877,
        0.897548 -0.735497 0.525176,
        0.920002 0.677828 0.639255,
        0.919812 -0.570996 0.639554,
        0.919833 0.677828 0.639552,
        0.919669 -0.570996 0.640023,
        0.914317 0.677828 0.649246,
        0.914059 -0.570996 0.649410,
        0.914130 0.677828 0.649445,
        0.913556 -0.570996 0.650252,
        0.906470 0.677828 0.657645,
        0.906200 -0.570996 0.657667,
        0.906299 0.677828 0.657758,
        0.905165 -0.570996 0.658711,
        0.896888 0.677828 0.663995,
        0.896661 -0.570996 0.663886,
        0.896760 0.677828 0.664042,
        0.894985 -0.570996 0.664906,
        0.886094 0.677828 0.667949,
        0.885957 -0.570996 0.667739,
        0.886027 0.677828 0.667957,
        0.883615 -0.570996 0.668473,
        0.874679 0.723151 0.639255,
        -0.874679 0.723151 0.639255,
        0.874679 0.722982 0.639552,
        -0.874679 0.722982 0.639552,
        0.874679 0.717466 0.649246,
        -0.874679 0.717466 0.649246,
        0.874679 0.717280 0.649445,
        -0.874679 0.717280 0.649445,
        0.874679 0.709619 0.657645,
        -0.874679 0.709619 0.657645,
        0.874679 0.709448 0.657758,
        -0.874679 0.709448 0.657758,
        0.874679 0.700037 0.663995,
        -0.874679 0.700037 0.663995,
        0.874679 0.699909 0.664042,
        -0.874679 0.699909 0.664042,
        0.874679 0.689244 0.667949,
        -0.874679 0.689244 0.667949,
        0.874679 0.689176 0.667957,
        -0.874679 0.689176 0.667957,
        -0.914130 0.677828 0.649445,
        -0.914317 0.677828 0.649246,
        -0.919812 -0.570996 0.639554,
        -0.919833 0.677828 0.639552,
        -0.920002 0.677828 0.639255,
        -0.919669 -0.570996 0.640023,
        -0.914059 -0.570996 0.649410,
        -0.906470 0.677828 0.657645,
        -0.906299 0.677828 0.657758,
        -0.913556 -0.570996 0.650252,
        -0.906200 -0.570996 0.657667,
        -0.896888 0.677828 0.663995,
        -0.896760 0.677828 0.664042,
        -0.905165 -0.570996 0.658711,
        -0.896661 -0.570996 0.663886,
        -0.886094 0.677828 0.667949,
        -0.886027 0.677828 0.667957,
        -0.894985 -0.570996 0.664906,
        -0.885957 -0.570996 0.667739,
        -0.883615 -0.570996 0.668473,
        0.874679 -0.580547 0.668351,
        -0.874679 -0.580547 0.668351,
        0.874679 -0.580597 0.668346,
        -0.874679 -0.580597 0.668346,
        -0.874679 -0.589829 0.665545,
        0.874679 -0.589829 0.665545,
        0.874679 -0.598280 0.661028,
        -0.874679 -0.598280 0.661028,
        0.874679 -0.598337 0.660998,
        -0.874679 -0.598337 0.660998,
        0.884991 -0.596832 0.660675,
        0.884237 -0.588804 0.664950,
        0.883772 -0.580078 0.667583,
        0.919709 -0.573326 0.639794,
        0.920281 -0.579424 0.636548,
        0.920022 -0.577624 0.638022,
        0.914812 -0.587263 0.643422,
        0.914241 -0.583863 0.646368,
        0.913635 -0.575519 0.649809,
        0.906141 -0.589348 0.653172,
        0.907002 -0.594208 0.648990,
        0.914746 -0.587358 0.643505,
        0.905276 -0.577447 0.658080,
        0.886333 -0.603731 0.654869,
        0.897089 -0.599938 0.652972,
        0.896196 -0.593757 0.658037,
        0.897322 -0.599805 0.652880,
        0.906861 -0.594332 0.649089,
        0.919828 -0.575565 0.639119,
        0.913866 -0.579865 0.648497,
        0.905606 -0.583646 0.656209,
        0.895533 -0.586685 0.661802,
        0.895124 -0.578997 0.664123,
        0.920299 -0.579374 0.636500,
        0.886004 -0.603848 0.654927,
        0.882907 0.708536 0.657645,
        0.880427 0.699281 0.663995,
        0.877633 0.688855 0.667949,
        0.880387 0.687715 0.667949,
        0.884565 0.683536 0.667949,
        0.882751 0.685901 0.667949,
        0.885706 0.680783 0.667949,
        0.886409 0.721607 0.639255,
        0.887122 0.724277 0.630463,
        0.886993 0.724333 0.630450,
        0.898499 0.719323 0.631596,
        0.897340 0.717079 0.639255,
        0.898592 0.719251 0.631599,
        0.906727 0.709876 0.639255,
        0.908443 0.711593 0.631986,
        0.913929 0.700490 0.639255,
        0.916102 0.701741 0.631599,
        0.916174 0.701648 0.631596,
        0.918457 0.689559 0.639255,
        0.921127 0.690271 0.630463,
        0.921183 0.690142 0.630450,
        0.885783 0.697062 0.663995,
        0.890383 0.693533 0.663995,
        0.893913 0.688933 0.663995,
        0.896131 0.683576 0.663995,
        0.890574 0.705360 0.657645,
        0.897158 0.700308 0.657645,
        0.902210 0.693724 0.657645,
        0.905386 0.686056 0.657645,
        0.884938 0.716116 0.649246,
        0.894498 0.712156 0.649246,
        0.902707 0.705857 0.649246,
        0.909006 0.697647 0.649246,
        0.912966 0.688087 0.649246,
        -0.905386 0.686056 0.657645,
        -0.896131 0.683576 0.663995,
        -0.885706 0.680783 0.667949,
        -0.884565 0.683536 0.667949,
        -0.880387 0.687715 0.667949,
        -0.882751 0.685901 0.667949,
        -0.877633 0.688855 0.667949,
        -0.918457 0.689559 0.639255,
        -0.921127 0.690271 0.630463,
        -0.921183 0.690142 0.630450,
        -0.916174 0.701648 0.631596,
        -0.913929 0.700490 0.639255,
        -0.916102 0.701741 0.631599,
        -0.906727 0.709876 0.639255,
        -0.908443 0.711593 0.631986,
        -0.897340 0.717079 0.639255,
        -0.898592 0.719251 0.631599,
        -0.898499 0.719323 0.631596,
        -0.886409 0.721607 0.639255,
        -0.887122 0.724277 0.630463,
        -0.886993 0.724333 0.630450,
        -0.893913 0.688933 0.663995,
        -0.890383 0.693533 0.663995,
        -0.885783 0.697062 0.663995,
        -0.880427 0.699281 0.663995,
        -0.902210 0.693724 0.657645,
        -0.897158 0.700308 0.657645,
        -0.890574 0.705360 0.657645,
        -0.882907 0.708536 0.657645,
        -0.912966 0.688087 0.649246,
        -0.909006 0.697647 0.649246,
        -0.902707 0.705857 0.649246,
        -0.894498 0.712156 0.649246,
        -0.884938 0.716116 0.649246,
        -0.883772 -0.580078 0.667583,
        -0.884237 -0.588804 0.664950,
        -0.884991 -0.596832 0.660675,
        -0.886004 -0.603848 0.654927,
        -0.920022 -0.577624 0.638022,
        -0.920299 -0.579374 0.636500,
        -0.919709 -0.573326 0.639794,
        -0.913635 -0.575519 0.649809,
        -0.920281 -0.579424 0.636548,
        -0.914812 -0.587263 0.643422,
        -0.914241 -0.583863 0.646368,
        -0.905276 -0.577447 0.658080,
        -0.914746 -0.587358 0.643505,
        -0.907002 -0.594208 0.648990,
        -0.906141 -0.589348 0.653172,
        -0.895124 -0.578997 0.664123,
        -0.919828 -0.575565 0.639119,
        -0.913866 -0.579865 0.648497,
        -0.905606 -0.583646 0.656209,
        -0.895533 -0.586685 0.661802,
        -0.896196 -0.593757 0.658037,
        -0.906861 -0.594332 0.649089,
        -0.897322 -0.599805 0.652880,
        -0.897089 -0.599938 0.652972,
        -0.886333 -0.603731 0.654869,
        0.905142 -0.734404 0.525422,
        0.909116 -0.733223 0.524941,
        0.917213 -0.730817 0.523963,
        0.920047 -0.729347 0.522993,
        0.927980 -0.725231 0.520276,
        0.929705 -0.723809 0.519157,
        0.936726 -0.718018 0.514605,
        0.937534 -0.716919 0.513648,
        0.942874 -0.709655 0.507326,
        0.943080 -0.709067 0.506774,
        0.940174 0.760999 0.395241,
        0.939948 0.761094 0.395229,
        0.928569 0.765909 0.394659,
        0.928083 0.765980 0.394623,
        0.950153 0.753302 0.395439,
        0.957850 0.743324 0.395241,
        0.957945 0.743098 0.395229,
        0.962759 0.731719 0.394659,
        0.962830 0.731232 0.394623,
        -0.957850 0.743324 0.395241,
        -0.957945 0.743098 0.395229,
        -0.962759 0.731719 0.394659,
        -0.962830 0.731232 0.394623,
        -0.950153 0.753302 0.395439,
        -0.940174 0.760999 0.395241,
        -0.939948 0.761094 0.395229,
        -0.928569 0.765909 0.394659,
        -0.928083 0.765980 0.394623,
        -0.943080 -0.709067 0.506774,
        -0.905142 -0.734404 0.525422,
        -0.909116 -0.733223 0.524941,
        -0.917213 -0.730817 0.523963,
        -0.920047 -0.729347 0.522993,
        -0.927980 -0.725231 0.520276,
        -0.929705 -0.723809 0.519157,
        -0.936726 -0.718018 0.514605,
        -0.937534 -0.716919 0.513648,
        -0.942874 -0.709655 0.507326,
        0.897548 -0.746434 0.508546,
        0.897548 -0.741782 0.517459,
        -0.897548 -0.741782 0.517459,
        0.897548 -0.741815 0.517420,
        -0.897548 -0.741815 0.517420,
        0.897548 -0.746412 0.508588,
        -0.897548 -0.746412 0.508588,
        -0.897548 -0.746434 0.508546,
        0.907906 -0.744737 0.509747,
        0.943608 -0.712401 0.503161,
        0.944032 -0.713084 0.500757,
        0.944044 -0.713011 0.500746,
        0.943217 -0.711243 0.505380,
        0.939026 -0.724511 0.501889,
        0.938147 -0.723328 0.506550,
        0.938966 -0.724648 0.501903,
        0.937390 -0.721087 0.510843,
        0.931291 -0.734446 0.502277,
        0.929991 -0.732752 0.508867,
        0.931152 -0.734623 0.502284,
        0.928919 -0.729579 0.514947,
        0.921346 -0.742164 0.501885,
        0.919683 -0.740050 0.509957,
        0.921108 -0.742347 0.501875,
        0.918367 -0.736154 0.517420,
        0.909845 -0.747160 0.500737,
        0.909501 -0.747307 0.500703,
        0.906433 -0.740377 0.518100,
        0.962830 0.731232 0.314039,
        0.962759 0.731719 0.314002,
        0.957945 0.743098 0.313432,
        0.957850 0.743324 0.313421,
        0.950153 0.753302 0.313223,
        0.940174 0.760999 0.313421,
        0.939948 0.761094 0.313432,
        0.928569 0.765909 0.314002,
        0.928083 0.765980 0.314039,
        -0.928083 0.765980 0.314039,
        -0.928569 0.765909 0.314002,
        -0.939948 0.761094 0.313432,
        -0.940174 0.760999 0.313421,
        -0.950153 0.753302 0.313223,
        -0.957850 0.743324 0.313421,
        -0.957945 0.743098 0.313432,
        -0.962759 0.731719 0.314002,
        -0.962830 0.731232 0.314039,
        -0.907906 -0.744737 0.509747,
        -0.906433 -0.740377 0.518100,
        -0.943608 -0.712401 0.503161,
        -0.944044 -0.713011 0.500746,
        -0.937390 -0.721087 0.510843,
        -0.943217 -0.711243 0.505380,
        -0.944032 -0.713084 0.500757,
        -0.939026 -0.724511 0.501889,
        -0.938147 -0.723328 0.506550,
        -0.928919 -0.729579 0.514947,
        -0.938966 -0.724648 0.501903,
        -0.931291 -0.734446 0.502277,
        -0.929991 -0.732752 0.508867,
        -0.918367 -0.736154 0.517420,
        -0.931152 -0.734623 0.502284,
        -0.921346 -0.742164 0.501885,
        -0.919683 -0.740050 0.509957,
        -0.909501 -0.747307 0.500703,
        -0.909845 -0.747160 0.500737,
        -0.921108 -0.742347 0.501875,
        0.957850 -0.743324 0.395241,
        0.957945 -0.743098 0.395229,
        0.962759 -0.731719 0.394659,
        0.962830 -0.731232 0.394623,
        0.950153 -0.753302 0.395439,
        0.940174 -0.760999 0.395241,
        0.928083 -0.765980 0.394623,
        0.928569 -0.765909 0.394659,
        0.939948 -0.761094 0.395229,
        0.921183 0.690142 0.078211,
        0.921127 0.690271 0.078198,
        0.916174 0.701648 0.077066,
        0.916102 0.701741 0.077062,
        0.908443 0.711593 0.076676,
        0.898592 0.719251 0.077062,
        0.898499 0.719323 0.077066,
        0.887122 0.724277 0.078198,
        0.886993 0.724333 0.078211,
        -0.874679 0.723151 0.069407,
        0.874679 0.723151 0.069407,
        -0.874679 0.722982 0.069110,
        0.874679 0.722982 0.069110,
        -0.874679 0.717466 0.059416,
        0.874679 0.717466 0.059416,
        -0.874679 0.717280 0.059217,
        0.874679 0.717280 0.059217,
        -0.874679 0.709619 0.051017,
        0.874679 0.709619 0.051017,
        -0.874679 0.709448 0.050904,
        0.874679 0.709448 0.050904,
        -0.874679 0.700037 0.044667,
        0.874679 0.700037 0.044667,
        -0.874679 0.699909 0.044620,
        0.874679 0.699909 0.044620,
        -0.874679 0.689244 0.040713,
        0.874679 0.689244 0.040713,
        -0.874679 0.689176 0.040705,
        0.874679 0.689176 0.040705,
        -0.886993 0.724333 0.078211,
        -0.887122 0.724277 0.078198,
        -0.898499 0.719323 0.077066,
        -0.898592 0.719251 0.077062,
        -0.908443 0.711593 0.076676,
        -0.916102 0.701741 0.077062,
        -0.916174 0.701648 0.077066,
        -0.921127 0.690271 0.078198,
        -0.921183 0.690142 0.078211,
        -0.928083 -0.765980 0.394623,
        -0.928569 -0.765909 0.394659,
        -0.939948 -0.761094 0.395229,
        -0.940174 -0.760999 0.395241,
        -0.950153 -0.753302 0.395439,
        -0.957850 -0.743324 0.395241,
        -0.957945 -0.743098 0.395229,
        -0.962759 -0.731719 0.394659,
        -0.962830 -0.731232 0.394623,
        0.928083 -0.765980 0.314039,
        0.928569 -0.765909 0.314002,
        0.939948 -0.761094 0.313432,
        0.940174 -0.760999 0.313421,
        0.950153 -0.753302 0.313223,
        0.957850 -0.743324 0.313421,
        0.957945 -0.743098 0.313432,
        0.962759 -0.731719 0.314002,
        0.962830 -0.731232 0.314039,
        0.914130 0.677828 0.059217,
        0.906470 0.677828 0.051017,
        0.905386 0.686056 0.051017,
        0.896131 0.683576 0.044667,
        0.885706 0.680783 0.040713,
        0.884565 0.683536 0.040713,
        0.880387 0.687715 0.040713,
        0.882751 0.685901 0.040713,
        0.877633 0.688855 0.040713,
        0.886027 0.677828 0.040705,
        0.918457 0.689559 0.069407,
        0.913929 0.700490 0.069407,
        0.906727 0.709876 0.069407,
        0.897340 0.717079 0.069407,
        0.886409 0.721607 0.069407,
        0.906299 0.677828 0.050904,
        0.896888 0.677828 0.044667,
        0.896760 0.677828 0.044620,
        0.886094 0.677828 0.040713,
        0.893913 0.688933 0.044667,
        0.890383 0.693533 0.044667,
        0.885783 0.697062 0.044667,
        0.880427 0.699281 0.044667,
        0.902210 0.693724 0.051017,
        0.897158 0.700308 0.051017,
        0.890574 0.705360 0.051017,
        0.882907 0.708536 0.051017,
        0.919833 0.677828 0.069110,
        0.914317 0.677828 0.059416,
        0.912966 0.688087 0.059416,
        0.909006 0.697647 0.059416,
        0.902707 0.705857 0.059416,
        0.894498 0.712156 0.059416,
        0.884938 0.716116 0.059416,
        0.920002 0.677828 0.069407,
        -0.882907 0.708536 0.051017,
        -0.880427 0.699281 0.044667,
        -0.877633 0.688855 0.040713,
        -0.880387 0.687715 0.040713,
        -0.884565 0.683536 0.040713,
        -0.882751 0.685901 0.040713,
        -0.885706 0.680783 0.040713,
        -0.886409 0.721607 0.069407,
        -0.897340 0.717079 0.069407,
        -0.906727 0.709876 0.069407,
        -0.913929 0.700490 0.069407,
        -0.918457 0.689559 0.069407,
        -0.920002 0.677828 0.069407,
        -0.886027 0.677828 0.040705,
        -0.885783 0.697062 0.044667,
        -0.890383 0.693533 0.044667,
        -0.893913 0.688933 0.044667,
        -0.896131 0.683576 0.044667,
        -0.886094 0.677828 0.040713,
        -0.896760 0.677828 0.044620,
        -0.896888 0.677828 0.044667,
        -0.906299 0.677828 0.050904,
        -0.890574 0.705360 0.051017,
        -0.897158 0.700308 0.051017,
        -0.902210 0.693724 0.051017,
        -0.905386 0.686056 0.051017,
        -0.884938 0.716116 0.059416,
        -0.894498 0.712156 0.059416,
        -0.902707 0.705857 0.059416,
        -0.909006 0.697647 0.059416,
        -0.912966 0.688087 0.059416,
        -0.906470 0.677828 0.051017,
        -0.914130 0.677828 0.059217,
        -0.914317 0.677828 0.059416,
        -0.919833 0.677828 0.069110,
        -0.962830 -0.731232 0.314039,
        -0.962759 -0.731719 0.314002,
        -0.957945 -0.743098 0.313432,
        -0.957850 -0.743324 0.313421,
        -0.950153 -0.753302 0.313223,
        -0.940174 -0.760999 0.313421,
        -0.939948 -0.761094 0.313432,
        -0.928569 -0.765909 0.314002,
        -0.928083 -0.765980 0.314039,
        0.886993 -0.724333 0.078211,
        0.887122 -0.724277 0.078198,
        0.898499 -0.719323 0.077066,
        0.898592 -0.719251 0.077062,
        0.908443 -0.711593 0.076676,
        0.916102 -0.701741 0.077062,
        0.916174 -0.701648 0.077066,
        0.921127 -0.690271 0.078198,
        0.921183 -0.690142 0.078211,
        0.920002 -0.677828 0.069407,
        0.919833 -0.677828 0.069110,
        0.914317 -0.677828 0.059416,
        0.914130 -0.677828 0.059217,
        0.906470 -0.677828 0.051017,
        0.906299 -0.677828 0.050904,
        0.896888 -0.677828 0.044667,
        0.896760 -0.677828 0.044620,
        0.886094 -0.677828 0.040713,
        0.886027 -0.677828 0.040705,
        -0.920002 -0.677828 0.069407,
        -0.919833 -0.677828 0.069110,
        -0.914317 -0.677828 0.059416,
        -0.914130 -0.677828 0.059217,
        -0.906470 -0.677828 0.051017,
        -0.906299 -0.677828 0.050904,
        -0.896888 -0.677828 0.044667,
        -0.896760 -0.677828 0.044620,
        -0.886094 -0.677828 0.040713,
        -0.886027 -0.677828 0.040705,
        -0.921183 -0.690142 0.078211,
        -0.921127 -0.690271 0.078198,
        -0.916174 -0.701648 0.077066,
        -0.916102 -0.701741 0.077062,
        -0.908443 -0.711593 0.076676,
        -0.898592 -0.719251 0.077062,
        -0.898499 -0.719323 0.077066,
        -0.887122 -0.724277 0.078198,
        -0.886993 -0.724333 0.078211,
        0.874679 -0.717280 0.059217,
        0.874679 -0.709619 0.051017,
        0.882907 -0.708536 0.051017,
        0.880427 -0.699281 0.044667,
        0.877633 -0.688855 0.040713,
        0.880387 -0.687715 0.040713,
        0.884565 -0.683536 0.040713,
        0.882751 -0.685901 0.040713,
        0.885706 -0.680783 0.040713,
        0.874679 -0.689176 0.040705,
        0.886409 -0.721607 0.069407,
        0.897340 -0.717079 0.069407,
        0.906727 -0.709876 0.069407,
        0.913929 -0.700490 0.069407,
        0.918457 -0.689559 0.069407,
        0.874679 -0.709448 0.050904,
        0.874679 -0.700037 0.044667,
        0.874679 -0.699909 0.044620,
        0.874679 -0.689244 0.040713,
        0.885783 -0.697062 0.044667,
        0.890383 -0.693533 0.044667,
        0.893913 -0.688933 0.044667,
        0.896131 -0.683576 0.044667,
        0.890574 -0.705360 0.051017,
        0.897158 -0.700308 0.051017,
        0.902210 -0.693724 0.051017,
        0.905386 -0.686056 0.051017,
        0.874679 -0.722982 0.069110,
        0.874679 -0.717466 0.059416,
        0.884938 -0.716116 0.059416,
        0.894498 -0.712156 0.059416,
        0.902707 -0.705857 0.059416,
        0.909006 -0.697647 0.059416,
        0.912966 -0.688087 0.059416,
        0.874679 -0.723151 0.069407,
        -0.905386 -0.686056 0.051017,
        -0.896131 -0.683576 0.044667,
        -0.885706 -0.680783 0.040713,
        -0.884565 -0.683536 0.040713,
        -0.880387 -0.687715 0.040713,
        -0.882751 -0.685901 0.040713,
        -0.877633 -0.688855 0.040713,
        -0.918457 -0.689559 0.069407,
        -0.913929 -0.700490 0.069407,
        -0.906727 -0.709876 0.069407,
        -0.897340 -0.717079 0.069407,
        -0.886409 -0.721607 0.069407,
        -0.874679 -0.723151 0.069407,
        -0.874679 -0.689176 0.040705,
        -0.893913 -0.688933 0.044667,
        -0.890383 -0.693533 0.044667,
        -0.885783 -0.697062 0.044667,
        -0.880427 -0.699281 0.044667,
        -0.874679 -0.689244 0.040713,
        -0.874679 -0.699909 0.044620,
        -0.874679 -0.700037 0.044667,
        -0.874679 -0.709448 0.050904,
        -0.902210 -0.693724 0.051017,
        -0.897158 -0.700308 0.051017,
        -0.890574 -0.705360 0.051017,
        -0.882907 -0.708536 0.051017,
        -0.912966 -0.688087 0.059416,
        -0.909006 -0.697647 0.059416,
        -0.902707 -0.705857 0.059416,
        -0.894498 -0.712156 0.059416,
        -0.884938 -0.716116 0.059416,
        -0.874679 -0.709619 0.051017,
        -0.874679 -0.717280 0.059217,
        -0.874679 -0.717466 0.059416,
        -0.874679 -0.722982 0.069110,
      ]
    }
    coordIndex [
      0, 1, 2, -1,
      2, 1, 3, -1,
      4, 5, 6, -1,
      6, 5, 7, -1,
      8, 9, 10, -1,
      10, 9, 11, -1,
      12, 13, 14, -1,
      14, 13, 15, -1,
      16, 17, 18, -1,
      18, 17, 19, -1,
      20, 21, 22, -1,
      22, 21, 23, -1,
      24, 25, 26, -1,
      26, 25, 27, -1,
      28, 29, 30, -1,
      30, 29, 31, -1,
      32, 33, 34, -1,
      34, 33, 35, -1,
      36, 37, 38, -1,
      38, 37, 39, -1,
      40, 41, 42, -1,
      42, 41, 43, -1,
      44, 45, 46, -1,
      46, 45, 47, -1,
      48, 49, 50, -1,
      51, 52, 53, -1,
      48, 50, 54, -1,
      53, 55, 51, -1,
      51, 55, 56, -1,
      51, 56, 57, -1,
      57, 56, 58, -1,
      58, 59, 57, -1,
      57, 59, 60, -1,
      57, 60, 61, -1,
      62, 63, 64, -1,
      64, 63, 65, -1,
      64, 65, 50, -1,
      50, 65, 66, -1,
      50, 66, 54, -1,
      49, 67, 50, -1,
      50, 67, 68, -1,
      50, 68, 51, -1,
      51, 68, 69, -1,
      51, 69, 70, -1,
      70, 71, 51, -1,
      51, 71, 72, -1,
      51, 72, 52, -1,
      61, 73, 57, -1,
      57, 73, 74, -1,
      57, 74, 64, -1,
      64, 74, 75, -1,
      64, 75, 62, -1,
      76, 77, 78, -1,
      78, 77, 79, -1,
      80, 45, 81, -1,
      81, 45, 44, -1,
      81, 44, 25, -1,
      25, 24, 81, -1,
      81, 24, 21, -1,
      81, 21, 82, -1,
      21, 20, 82, -1,
      82, 20, 17, -1,
      82, 17, 16, -1,
      16, 15, 82, -1,
      82, 15, 13, -1,
      82, 13, 83, -1,
      32, 84, 85, -1,
      32, 85, 33, -1,
      33, 85, 86, -1,
      33, 86, 87, -1,
      43, 88, 89, -1,
      43, 89, 42, -1,
      42, 89, 90, -1,
      42, 90, 91, -1,
      92, 0, 93, -1,
      93, 0, 2, -1,
      93, 2, 6, -1,
      6, 7, 93, -1,
      93, 7, 10, -1,
      93, 10, 94, -1,
      10, 11, 94, -1,
      94, 11, 30, -1,
      94, 30, 31, -1,
      31, 38, 94, -1,
      94, 38, 39, -1,
      94, 39, 95, -1,
      96, 37, 97, -1,
      97, 37, 36, -1,
      97, 36, 29, -1,
      5, 4, 98, -1,
      29, 28, 97, -1,
      97, 28, 9, -1,
      97, 9, 98, -1,
      98, 9, 8, -1,
      98, 8, 5, -1,
      4, 3, 98, -1,
      98, 3, 1, -1,
      98, 1, 99, -1,
      40, 100, 101, -1,
      101, 102, 103, -1,
      40, 101, 41, -1,
      41, 101, 103, -1,
      41, 103, 104, -1,
      35, 105, 106, -1,
      106, 107, 35, -1,
      35, 107, 108, -1,
      35, 108, 34, -1,
      34, 108, 109, -1,
      110, 111, 12, -1,
      12, 14, 110, -1,
      110, 14, 18, -1,
      110, 18, 19, -1,
      19, 22, 110, -1,
      110, 22, 23, -1,
      110, 23, 112, -1,
      112, 23, 26, -1,
      112, 26, 27, -1,
      27, 46, 112, -1,
      112, 46, 47, -1,
      112, 47, 113, -1,
      114, 115, 116, -1,
      116, 115, 117, -1,
      107, 106, 118, -1,
      107, 118, 119, -1,
      119, 118, 120, -1,
      119, 120, 121, -1,
      121, 120, 122, -1,
      121, 122, 123, -1,
      123, 122, 124, -1,
      123, 124, 125, -1,
      125, 124, 126, -1,
      125, 126, 127, -1,
      127, 126, 128, -1,
      127, 128, 129, -1,
      129, 128, 130, -1,
      129, 130, 131, -1,
      131, 130, 132, -1,
      131, 132, 133, -1,
      133, 132, 134, -1,
      133, 134, 135, -1,
      135, 134, 136, -1,
      135, 136, 137, -1,
      137, 136, 64, -1,
      137, 64, 50, -1,
      97, 98, 138, -1,
      138, 98, 139, -1,
      138, 139, 140, -1,
      140, 139, 141, -1,
      140, 141, 142, -1,
      142, 141, 143, -1,
      142, 143, 144, -1,
      144, 143, 145, -1,
      144, 145, 146, -1,
      146, 145, 147, -1,
      146, 147, 148, -1,
      148, 147, 149, -1,
      148, 149, 150, -1,
      150, 149, 151, -1,
      150, 151, 152, -1,
      152, 151, 153, -1,
      152, 153, 154, -1,
      154, 153, 155, -1,
      154, 155, 156, -1,
      155, 157, 156, -1,
      156, 157, 57, -1,
      156, 57, 64, -1,
      158, 159, 160, -1,
      160, 159, 161, -1,
      160, 161, 102, -1,
      102, 161, 162, -1,
      102, 162, 103, -1,
      160, 163, 158, -1,
      158, 163, 164, -1,
      158, 164, 165, -1,
      165, 164, 166, -1,
      164, 167, 166, -1,
      166, 167, 168, -1,
      166, 168, 169, -1,
      169, 168, 170, -1,
      168, 171, 170, -1,
      170, 171, 172, -1,
      170, 172, 173, -1,
      173, 172, 174, -1,
      172, 175, 174, -1,
      174, 175, 176, -1,
      174, 176, 57, -1,
      57, 176, 177, -1,
      57, 177, 51, -1,
      50, 51, 178, -1,
      178, 51, 179, -1,
      178, 179, 180, -1,
      179, 181, 180, -1,
      180, 181, 182, -1,
      180, 182, 183, -1,
      183, 182, 184, -1,
      184, 182, 185, -1,
      184, 185, 186, -1,
      185, 187, 186, -1,
      186, 187, 114, -1,
      186, 114, 116, -1,
      186, 188, 184, -1,
      184, 188, 189, -1,
      184, 189, 183, -1,
      183, 189, 180, -1,
      180, 189, 190, -1,
      180, 190, 178, -1,
      178, 190, 137, -1,
      178, 137, 50, -1,
      191, 107, 119, -1,
      192, 193, 194, -1,
      194, 193, 195, -1,
      119, 121, 191, -1,
      191, 121, 123, -1,
      191, 123, 196, -1,
      197, 198, 195, -1,
      195, 198, 199, -1,
      195, 199, 194, -1,
      123, 125, 196, -1,
      196, 125, 127, -1,
      196, 127, 200, -1,
      201, 202, 203, -1,
      203, 202, 204, -1,
      203, 204, 197, -1,
      197, 204, 205, -1,
      197, 205, 198, -1,
      193, 206, 195, -1,
      195, 206, 207, -1,
      195, 207, 197, -1,
      197, 207, 208, -1,
      197, 208, 203, -1,
      203, 208, 209, -1,
      210, 209, 200, -1,
      200, 209, 208, -1,
      200, 208, 196, -1,
      196, 208, 207, -1,
      196, 207, 191, -1,
      191, 207, 206, -1,
      191, 206, 107, -1,
      193, 107, 206, -1,
      192, 211, 193, -1,
      193, 211, 107, -1,
      201, 188, 212, -1,
      212, 188, 186, -1,
      212, 186, 116, -1,
      127, 129, 200, -1,
      200, 129, 131, -1,
      200, 131, 210, -1,
      210, 131, 133, -1,
      210, 133, 135, -1,
      201, 203, 188, -1,
      188, 203, 209, -1,
      188, 209, 189, -1,
      189, 209, 210, -1,
      189, 210, 190, -1,
      190, 210, 135, -1,
      190, 135, 137, -1,
      144, 146, 213, -1,
      214, 215, 216, -1,
      64, 217, 218, -1,
      219, 217, 64, -1,
      216, 215, 64, -1,
      156, 64, 215, -1,
      220, 221, 222, -1,
      221, 220, 223, -1,
      223, 220, 224, -1,
      223, 224, 225, -1,
      225, 224, 226, -1,
      225, 226, 227, -1,
      227, 226, 228, -1,
      227, 228, 229, -1,
      229, 228, 230, -1,
      230, 228, 231, -1,
      230, 231, 232, -1,
      232, 231, 233, -1,
      233, 231, 118, -1,
      233, 118, 106, -1,
      136, 219, 64, -1,
      148, 150, 214, -1,
      214, 150, 152, -1,
      214, 152, 215, -1,
      215, 152, 154, -1,
      215, 154, 156, -1,
      234, 218, 235, -1,
      235, 218, 217, -1,
      235, 217, 236, -1,
      236, 217, 219, -1,
      236, 219, 237, -1,
      136, 134, 219, -1,
      219, 134, 132, -1,
      219, 132, 237, -1,
      237, 132, 130, -1,
      237, 130, 128, -1,
      213, 234, 238, -1,
      238, 234, 235, -1,
      238, 235, 239, -1,
      239, 235, 236, -1,
      239, 236, 240, -1,
      240, 236, 237, -1,
      240, 237, 241, -1,
      241, 237, 128, -1,
      140, 142, 242, -1,
      242, 142, 144, -1,
      144, 213, 242, -1,
      242, 213, 238, -1,
      242, 238, 243, -1,
      243, 238, 239, -1,
      243, 239, 244, -1,
      244, 239, 240, -1,
      244, 240, 245, -1,
      245, 240, 241, -1,
      245, 241, 246, -1,
      146, 148, 213, -1,
      213, 148, 214, -1,
      213, 214, 234, -1,
      234, 214, 216, -1,
      234, 216, 218, -1,
      218, 216, 64, -1,
      140, 220, 138, -1,
      138, 220, 222, -1,
      138, 222, 97, -1,
      128, 126, 241, -1,
      241, 126, 124, -1,
      241, 124, 246, -1,
      246, 124, 122, -1,
      246, 122, 120, -1,
      140, 242, 220, -1,
      220, 242, 243, -1,
      220, 243, 224, -1,
      224, 243, 244, -1,
      224, 244, 226, -1,
      226, 244, 245, -1,
      226, 245, 228, -1,
      228, 245, 246, -1,
      228, 246, 231, -1,
      231, 246, 120, -1,
      231, 120, 118, -1,
      158, 165, 247, -1,
      248, 249, 250, -1,
      57, 251, 252, -1,
      253, 251, 57, -1,
      250, 249, 57, -1,
      174, 57, 249, -1,
      254, 255, 256, -1,
      255, 254, 257, -1,
      257, 254, 258, -1,
      257, 258, 259, -1,
      259, 258, 260, -1,
      259, 260, 261, -1,
      261, 260, 262, -1,
      261, 262, 263, -1,
      263, 262, 264, -1,
      264, 262, 265, -1,
      264, 265, 266, -1,
      266, 265, 267, -1,
      267, 265, 139, -1,
      267, 139, 98, -1,
      157, 253, 57, -1,
      166, 169, 248, -1,
      248, 169, 170, -1,
      248, 170, 249, -1,
      249, 170, 173, -1,
      249, 173, 174, -1,
      268, 252, 269, -1,
      269, 252, 251, -1,
      269, 251, 270, -1,
      270, 251, 253, -1,
      270, 253, 271, -1,
      157, 155, 253, -1,
      253, 155, 153, -1,
      253, 153, 271, -1,
      271, 153, 151, -1,
      271, 151, 149, -1,
      247, 268, 272, -1,
      272, 268, 269, -1,
      272, 269, 273, -1,
      273, 269, 270, -1,
      273, 270, 274, -1,
      274, 270, 271, -1,
      274, 271, 275, -1,
      275, 271, 149, -1,
      161, 159, 276, -1,
      276, 159, 158, -1,
      158, 247, 276, -1,
      276, 247, 272, -1,
      276, 272, 277, -1,
      277, 272, 273, -1,
      277, 273, 278, -1,
      278, 273, 274, -1,
      278, 274, 279, -1,
      279, 274, 275, -1,
      279, 275, 280, -1,
      165, 166, 247, -1,
      247, 166, 248, -1,
      247, 248, 268, -1,
      268, 248, 250, -1,
      268, 250, 252, -1,
      252, 250, 57, -1,
      161, 254, 162, -1,
      162, 254, 256, -1,
      162, 256, 103, -1,
      149, 147, 275, -1,
      275, 147, 145, -1,
      275, 145, 280, -1,
      280, 145, 143, -1,
      280, 143, 141, -1,
      161, 276, 254, -1,
      254, 276, 277, -1,
      254, 277, 258, -1,
      258, 277, 278, -1,
      258, 278, 260, -1,
      260, 278, 279, -1,
      260, 279, 262, -1,
      262, 279, 280, -1,
      262, 280, 265, -1,
      265, 280, 141, -1,
      265, 141, 139, -1,
      179, 281, 181, -1,
      181, 281, 282, -1,
      181, 282, 182, -1,
      182, 282, 283, -1,
      182, 283, 185, -1,
      185, 283, 187, -1,
      187, 283, 284, -1,
      187, 284, 114, -1,
      285, 102, 286, -1,
      163, 287, 164, -1,
      164, 287, 288, -1,
      286, 289, 285, -1,
      285, 289, 290, -1,
      285, 290, 291, -1,
      292, 168, 288, -1,
      288, 168, 167, -1,
      288, 167, 164, -1,
      290, 293, 291, -1,
      291, 293, 294, -1,
      291, 294, 295, -1,
      176, 175, 296, -1,
      296, 175, 172, -1,
      296, 172, 292, -1,
      292, 172, 171, -1,
      292, 171, 168, -1,
      287, 297, 288, -1,
      288, 297, 298, -1,
      288, 298, 292, -1,
      292, 298, 299, -1,
      292, 299, 296, -1,
      296, 299, 300, -1,
      301, 300, 295, -1,
      295, 300, 299, -1,
      295, 299, 291, -1,
      291, 299, 298, -1,
      291, 298, 285, -1,
      285, 298, 297, -1,
      285, 297, 102, -1,
      287, 102, 297, -1,
      163, 160, 287, -1,
      287, 160, 102, -1,
      179, 51, 281, -1,
      281, 51, 177, -1,
      281, 177, 176, -1,
      294, 302, 295, -1,
      295, 302, 303, -1,
      295, 303, 301, -1,
      301, 303, 304, -1,
      301, 304, 305, -1,
      176, 296, 281, -1,
      281, 296, 300, -1,
      281, 300, 282, -1,
      282, 300, 301, -1,
      282, 301, 283, -1,
      283, 301, 305, -1,
      283, 305, 284, -1,
      108, 107, 211, -1,
      116, 117, 212, -1,
      212, 117, 306, -1,
      212, 306, 201, -1,
      201, 306, 307, -1,
      201, 307, 202, -1,
      202, 307, 308, -1,
      202, 308, 204, -1,
      204, 308, 309, -1,
      204, 309, 205, -1,
      205, 309, 310, -1,
      205, 310, 198, -1,
      198, 310, 311, -1,
      198, 311, 199, -1,
      199, 311, 312, -1,
      199, 312, 194, -1,
      194, 312, 313, -1,
      194, 313, 192, -1,
      192, 313, 314, -1,
      192, 314, 211, -1,
      211, 314, 315, -1,
      211, 315, 108, -1,
      316, 317, 222, -1,
      222, 317, 318, -1,
      222, 318, 97, -1,
      97, 318, 319, -1,
      97, 319, 96, -1,
      222, 221, 316, -1,
      316, 221, 223, -1,
      316, 223, 320, -1,
      320, 223, 225, -1,
      225, 227, 320, -1,
      320, 227, 229, -1,
      320, 229, 321, -1,
      321, 229, 230, -1,
      321, 230, 322, -1,
      322, 230, 232, -1,
      322, 232, 323, -1,
      323, 232, 233, -1,
      323, 233, 324, -1,
      324, 233, 106, -1,
      324, 106, 105, -1,
      325, 326, 256, -1,
      256, 326, 327, -1,
      256, 327, 103, -1,
      103, 327, 328, -1,
      103, 328, 104, -1,
      256, 255, 325, -1,
      325, 255, 257, -1,
      325, 257, 329, -1,
      329, 257, 259, -1,
      259, 261, 329, -1,
      329, 261, 263, -1,
      329, 263, 330, -1,
      330, 263, 264, -1,
      330, 264, 331, -1,
      331, 264, 266, -1,
      331, 266, 332, -1,
      332, 266, 267, -1,
      332, 267, 333, -1,
      333, 267, 98, -1,
      333, 98, 99, -1,
      102, 101, 334, -1,
      115, 114, 335, -1,
      335, 114, 284, -1,
      335, 284, 336, -1,
      336, 284, 305, -1,
      336, 305, 337, -1,
      337, 305, 304, -1,
      337, 304, 338, -1,
      338, 304, 303, -1,
      338, 303, 339, -1,
      339, 303, 302, -1,
      339, 302, 340, -1,
      340, 302, 294, -1,
      340, 294, 341, -1,
      341, 294, 293, -1,
      341, 293, 342, -1,
      342, 293, 290, -1,
      342, 290, 343, -1,
      343, 290, 289, -1,
      343, 289, 334, -1,
      334, 289, 286, -1,
      334, 286, 102, -1,
      110, 112, 344, -1,
      117, 115, 345, -1,
      345, 115, 346, -1,
      345, 346, 347, -1,
      347, 346, 348, -1,
      347, 348, 349, -1,
      349, 348, 350, -1,
      349, 350, 344, -1,
      344, 350, 351, -1,
      344, 351, 110, -1,
      347, 349, 352, -1,
      352, 349, 344, -1,
      353, 354, 355, -1,
      356, 108, 315, -1,
      354, 353, 357, -1,
      357, 353, 358, -1,
      357, 358, 359, -1,
      315, 314, 356, -1,
      356, 314, 313, -1,
      356, 313, 360, -1,
      359, 358, 361, -1,
      361, 358, 362, -1,
      361, 362, 363, -1,
      313, 312, 360, -1,
      360, 312, 311, -1,
      360, 311, 364, -1,
      363, 362, 365, -1,
      365, 362, 366, -1,
      365, 366, 367, -1,
      311, 310, 364, -1,
      364, 310, 309, -1,
      364, 309, 368, -1,
      367, 366, 369, -1,
      369, 366, 352, -1,
      369, 352, 370, -1,
      370, 352, 344, -1,
      370, 344, 112, -1,
      345, 347, 371, -1,
      371, 347, 352, -1,
      371, 352, 368, -1,
      368, 352, 366, -1,
      368, 366, 364, -1,
      364, 366, 362, -1,
      364, 362, 360, -1,
      360, 362, 358, -1,
      360, 358, 356, -1,
      356, 358, 353, -1,
      356, 353, 108, -1,
      355, 108, 353, -1,
      117, 345, 306, -1,
      306, 345, 371, -1,
      306, 371, 307, -1,
      307, 371, 368, -1,
      307, 368, 308, -1,
      308, 368, 309, -1,
      35, 33, 105, -1,
      105, 33, 87, -1,
      105, 87, 324, -1,
      324, 87, 372, -1,
      324, 372, 323, -1,
      323, 372, 373, -1,
      323, 373, 322, -1,
      322, 373, 374, -1,
      322, 374, 321, -1,
      321, 374, 375, -1,
      321, 375, 320, -1,
      320, 375, 376, -1,
      320, 376, 316, -1,
      316, 376, 377, -1,
      316, 377, 317, -1,
      317, 377, 378, -1,
      317, 378, 318, -1,
      318, 378, 379, -1,
      318, 379, 319, -1,
      319, 379, 380, -1,
      319, 380, 96, -1,
      96, 380, 95, -1,
      96, 95, 37, -1,
      37, 95, 39, -1,
      1, 0, 99, -1,
      99, 0, 92, -1,
      99, 92, 333, -1,
      333, 92, 381, -1,
      333, 381, 332, -1,
      332, 381, 382, -1,
      332, 382, 331, -1,
      331, 382, 383, -1,
      331, 383, 330, -1,
      330, 383, 384, -1,
      330, 384, 329, -1,
      329, 384, 385, -1,
      329, 385, 325, -1,
      325, 385, 386, -1,
      325, 386, 326, -1,
      326, 386, 387, -1,
      326, 387, 327, -1,
      327, 387, 388, -1,
      327, 388, 328, -1,
      328, 388, 389, -1,
      328, 389, 104, -1,
      104, 389, 88, -1,
      104, 88, 41, -1,
      41, 88, 43, -1,
      351, 350, 390, -1,
      348, 346, 391, -1,
      391, 346, 115, -1,
      392, 101, 393, -1,
      394, 342, 395, -1,
      395, 342, 343, -1,
      395, 343, 334, -1,
      393, 396, 392, -1,
      392, 396, 397, -1,
      392, 397, 398, -1,
      399, 340, 394, -1,
      394, 340, 341, -1,
      394, 341, 342, -1,
      397, 400, 398, -1,
      398, 400, 401, -1,
      398, 401, 402, -1,
      403, 338, 399, -1,
      399, 338, 339, -1,
      399, 339, 340, -1,
      401, 404, 402, -1,
      402, 404, 405, -1,
      402, 405, 406, -1,
      115, 335, 391, -1,
      391, 335, 336, -1,
      391, 336, 403, -1,
      403, 336, 337, -1,
      403, 337, 338, -1,
      350, 348, 390, -1,
      390, 348, 391, -1,
      390, 391, 406, -1,
      406, 391, 403, -1,
      406, 403, 402, -1,
      402, 403, 399, -1,
      402, 399, 398, -1,
      398, 399, 394, -1,
      398, 394, 392, -1,
      392, 394, 395, -1,
      392, 395, 101, -1,
      334, 101, 395, -1,
      110, 351, 407, -1,
      407, 351, 390, -1,
      407, 390, 408, -1,
      408, 390, 406, -1,
      408, 406, 409, -1,
      409, 406, 405, -1,
      410, 411, 355, -1,
      355, 411, 412, -1,
      355, 412, 108, -1,
      108, 412, 413, -1,
      108, 413, 109, -1,
      355, 354, 410, -1,
      410, 354, 357, -1,
      410, 357, 414, -1,
      357, 359, 414, -1,
      414, 359, 361, -1,
      414, 361, 415, -1,
      112, 113, 370, -1,
      370, 113, 416, -1,
      370, 416, 369, -1,
      369, 416, 417, -1,
      369, 417, 367, -1,
      367, 417, 418, -1,
      367, 418, 365, -1,
      365, 418, 415, -1,
      365, 415, 363, -1,
      363, 415, 361, -1,
      375, 374, 419, -1,
      419, 374, 373, -1,
      419, 373, 86, -1,
      86, 373, 372, -1,
      86, 372, 87, -1,
      419, 420, 375, -1,
      375, 420, 421, -1,
      375, 421, 376, -1,
      376, 421, 422, -1,
      422, 423, 376, -1,
      376, 423, 424, -1,
      376, 424, 377, -1,
      377, 424, 425, -1,
      377, 425, 378, -1,
      378, 425, 426, -1,
      378, 426, 379, -1,
      379, 426, 427, -1,
      379, 427, 380, -1,
      380, 427, 94, -1,
      380, 94, 95, -1,
      93, 94, 428, -1,
      428, 94, 429, -1,
      428, 429, 430, -1,
      430, 429, 431, -1,
      430, 431, 432, -1,
      432, 431, 433, -1,
      432, 433, 434, -1,
      434, 433, 435, -1,
      434, 435, 436, -1,
      436, 435, 437, -1,
      436, 437, 438, -1,
      438, 437, 439, -1,
      438, 439, 440, -1,
      440, 439, 441, -1,
      440, 441, 442, -1,
      442, 441, 443, -1,
      442, 443, 444, -1,
      444, 443, 445, -1,
      444, 445, 446, -1,
      445, 447, 446, -1,
      446, 447, 79, -1,
      446, 79, 77, -1,
      384, 383, 448, -1,
      448, 383, 382, -1,
      448, 382, 93, -1,
      93, 382, 381, -1,
      93, 381, 92, -1,
      448, 449, 384, -1,
      384, 449, 450, -1,
      384, 450, 385, -1,
      385, 450, 451, -1,
      451, 452, 385, -1,
      385, 452, 453, -1,
      385, 453, 386, -1,
      386, 453, 454, -1,
      386, 454, 387, -1,
      387, 454, 455, -1,
      387, 455, 388, -1,
      388, 455, 456, -1,
      388, 456, 389, -1,
      389, 456, 89, -1,
      389, 89, 88, -1,
      111, 110, 457, -1,
      457, 110, 407, -1,
      457, 407, 458, -1,
      458, 407, 408, -1,
      458, 408, 459, -1,
      459, 408, 409, -1,
      459, 409, 460, -1,
      409, 405, 460, -1,
      460, 405, 404, -1,
      460, 404, 461, -1,
      404, 401, 461, -1,
      461, 401, 400, -1,
      461, 400, 462, -1,
      462, 400, 397, -1,
      462, 397, 463, -1,
      463, 397, 396, -1,
      463, 396, 464, -1,
      464, 396, 393, -1,
      464, 393, 465, -1,
      465, 393, 101, -1,
      465, 101, 100, -1,
      47, 45, 113, -1,
      113, 45, 80, -1,
      113, 80, 416, -1,
      416, 80, 466, -1,
      416, 466, 417, -1,
      417, 466, 467, -1,
      417, 467, 418, -1,
      418, 467, 468, -1,
      418, 468, 415, -1,
      415, 468, 469, -1,
      415, 469, 414, -1,
      414, 469, 470, -1,
      414, 470, 410, -1,
      410, 470, 471, -1,
      410, 471, 411, -1,
      411, 471, 472, -1,
      411, 472, 412, -1,
      412, 472, 473, -1,
      412, 473, 413, -1,
      413, 473, 474, -1,
      413, 474, 109, -1,
      109, 474, 84, -1,
      109, 84, 34, -1,
      34, 84, 32, -1,
      475, 476, 477, -1,
      478, 479, 480, -1,
      79, 481, 482, -1,
      483, 481, 79, -1,
      480, 479, 79, -1,
      484, 79, 479, -1,
      485, 420, 419, -1,
      420, 485, 421, -1,
      421, 485, 486, -1,
      421, 486, 422, -1,
      422, 486, 487, -1,
      422, 487, 423, -1,
      423, 487, 488, -1,
      423, 488, 424, -1,
      424, 488, 425, -1,
      425, 488, 489, -1,
      425, 489, 426, -1,
      426, 489, 427, -1,
      427, 489, 429, -1,
      427, 429, 94, -1,
      447, 483, 79, -1,
      490, 491, 478, -1,
      478, 491, 492, -1,
      478, 492, 479, -1,
      479, 492, 493, -1,
      479, 493, 484, -1,
      494, 482, 495, -1,
      495, 482, 481, -1,
      495, 481, 496, -1,
      496, 481, 483, -1,
      496, 483, 497, -1,
      447, 445, 483, -1,
      483, 445, 443, -1,
      483, 443, 497, -1,
      497, 443, 441, -1,
      497, 441, 439, -1,
      477, 494, 498, -1,
      498, 494, 495, -1,
      498, 495, 499, -1,
      499, 495, 496, -1,
      499, 496, 500, -1,
      500, 496, 497, -1,
      500, 497, 501, -1,
      501, 497, 439, -1,
      502, 503, 504, -1,
      504, 503, 475, -1,
      475, 477, 504, -1,
      504, 477, 498, -1,
      504, 498, 505, -1,
      505, 498, 499, -1,
      505, 499, 506, -1,
      506, 499, 500, -1,
      506, 500, 507, -1,
      507, 500, 501, -1,
      507, 501, 508, -1,
      476, 490, 477, -1,
      477, 490, 478, -1,
      477, 478, 494, -1,
      494, 478, 480, -1,
      494, 480, 482, -1,
      482, 480, 79, -1,
      502, 485, 509, -1,
      509, 485, 419, -1,
      509, 419, 86, -1,
      439, 437, 501, -1,
      501, 437, 435, -1,
      501, 435, 508, -1,
      508, 435, 433, -1,
      508, 433, 431, -1,
      502, 504, 485, -1,
      485, 504, 505, -1,
      485, 505, 486, -1,
      486, 505, 506, -1,
      486, 506, 487, -1,
      487, 506, 507, -1,
      487, 507, 488, -1,
      488, 507, 508, -1,
      488, 508, 489, -1,
      489, 508, 431, -1,
      489, 431, 429, -1,
      434, 436, 510, -1,
      511, 512, 513, -1,
      77, 514, 515, -1,
      516, 514, 77, -1,
      513, 512, 77, -1,
      446, 77, 512, -1,
      517, 449, 448, -1,
      449, 517, 450, -1,
      450, 517, 518, -1,
      450, 518, 451, -1,
      451, 518, 519, -1,
      451, 519, 452, -1,
      452, 519, 520, -1,
      452, 520, 453, -1,
      453, 520, 454, -1,
      454, 520, 521, -1,
      454, 521, 455, -1,
      455, 521, 456, -1,
      456, 521, 522, -1,
      456, 522, 89, -1,
      523, 516, 77, -1,
      438, 440, 511, -1,
      511, 440, 442, -1,
      511, 442, 512, -1,
      512, 442, 444, -1,
      512, 444, 446, -1,
      524, 515, 525, -1,
      525, 515, 514, -1,
      525, 514, 526, -1,
      526, 514, 516, -1,
      526, 516, 527, -1,
      523, 528, 516, -1,
      516, 528, 529, -1,
      516, 529, 527, -1,
      527, 529, 530, -1,
      527, 530, 531, -1,
      510, 524, 532, -1,
      532, 524, 525, -1,
      532, 525, 533, -1,
      533, 525, 526, -1,
      533, 526, 534, -1,
      534, 526, 527, -1,
      534, 527, 535, -1,
      535, 527, 531, -1,
      430, 432, 536, -1,
      536, 432, 434, -1,
      434, 510, 536, -1,
      536, 510, 532, -1,
      536, 532, 537, -1,
      537, 532, 533, -1,
      537, 533, 538, -1,
      538, 533, 534, -1,
      538, 534, 539, -1,
      539, 534, 535, -1,
      539, 535, 540, -1,
      436, 438, 510, -1,
      510, 438, 511, -1,
      510, 511, 524, -1,
      524, 511, 513, -1,
      524, 513, 515, -1,
      515, 513, 77, -1,
      430, 517, 428, -1,
      428, 517, 448, -1,
      428, 448, 93, -1,
      531, 541, 535, -1,
      535, 541, 542, -1,
      535, 542, 540, -1,
      540, 542, 543, -1,
      540, 543, 544, -1,
      430, 536, 517, -1,
      517, 536, 537, -1,
      517, 537, 518, -1,
      518, 537, 538, -1,
      518, 538, 519, -1,
      519, 538, 539, -1,
      519, 539, 520, -1,
      520, 539, 540, -1,
      520, 540, 521, -1,
      521, 540, 544, -1,
      521, 544, 522, -1,
      40, 42, 100, -1,
      100, 42, 91, -1,
      100, 91, 465, -1,
      465, 91, 545, -1,
      465, 545, 464, -1,
      464, 545, 546, -1,
      464, 546, 463, -1,
      463, 546, 547, -1,
      463, 547, 462, -1,
      462, 547, 548, -1,
      462, 548, 461, -1,
      461, 548, 549, -1,
      461, 549, 460, -1,
      460, 549, 550, -1,
      460, 550, 459, -1,
      459, 550, 551, -1,
      459, 551, 458, -1,
      458, 551, 552, -1,
      458, 552, 457, -1,
      457, 552, 553, -1,
      457, 553, 111, -1,
      111, 553, 83, -1,
      111, 83, 12, -1,
      12, 83, 13, -1,
      469, 468, 554, -1,
      554, 468, 467, -1,
      554, 467, 81, -1,
      81, 467, 466, -1,
      81, 466, 80, -1,
      554, 555, 469, -1,
      469, 555, 556, -1,
      469, 556, 470, -1,
      470, 556, 557, -1,
      557, 558, 470, -1,
      470, 558, 559, -1,
      470, 559, 471, -1,
      471, 559, 560, -1,
      471, 560, 472, -1,
      472, 560, 561, -1,
      472, 561, 473, -1,
      473, 561, 562, -1,
      473, 562, 474, -1,
      474, 562, 85, -1,
      474, 85, 84, -1,
      86, 85, 509, -1,
      509, 85, 563, -1,
      509, 563, 502, -1,
      502, 563, 564, -1,
      502, 564, 503, -1,
      503, 564, 565, -1,
      503, 565, 475, -1,
      475, 565, 566, -1,
      475, 566, 476, -1,
      476, 566, 567, -1,
      476, 567, 490, -1,
      490, 567, 568, -1,
      490, 568, 491, -1,
      491, 568, 569, -1,
      491, 569, 492, -1,
      492, 569, 570, -1,
      492, 570, 493, -1,
      493, 570, 571, -1,
      493, 571, 484, -1,
      571, 572, 484, -1,
      484, 572, 78, -1,
      484, 78, 79, -1,
      90, 89, 573, -1,
      573, 89, 522, -1,
      573, 522, 574, -1,
      574, 522, 544, -1,
      574, 544, 575, -1,
      575, 544, 543, -1,
      575, 543, 576, -1,
      576, 543, 542, -1,
      576, 542, 577, -1,
      577, 542, 541, -1,
      577, 541, 578, -1,
      578, 541, 531, -1,
      578, 531, 579, -1,
      579, 531, 530, -1,
      579, 530, 580, -1,
      580, 530, 529, -1,
      580, 529, 581, -1,
      581, 529, 528, -1,
      581, 528, 582, -1,
      528, 523, 582, -1,
      582, 523, 77, -1,
      582, 77, 76, -1,
      548, 547, 583, -1,
      583, 547, 546, -1,
      583, 546, 90, -1,
      90, 546, 545, -1,
      90, 545, 91, -1,
      583, 584, 548, -1,
      548, 584, 585, -1,
      548, 585, 549, -1,
      549, 585, 586, -1,
      586, 587, 549, -1,
      549, 587, 588, -1,
      549, 588, 550, -1,
      550, 588, 589, -1,
      550, 589, 551, -1,
      551, 589, 590, -1,
      551, 590, 552, -1,
      552, 590, 591, -1,
      552, 591, 553, -1,
      553, 591, 82, -1,
      553, 82, 83, -1,
      592, 593, 594, -1,
      595, 596, 597, -1,
      78, 598, 599, -1,
      600, 598, 78, -1,
      597, 596, 78, -1,
      601, 78, 596, -1,
      602, 555, 554, -1,
      555, 602, 556, -1,
      556, 602, 603, -1,
      556, 603, 557, -1,
      557, 603, 604, -1,
      557, 604, 558, -1,
      558, 604, 605, -1,
      558, 605, 559, -1,
      559, 605, 560, -1,
      560, 605, 606, -1,
      560, 606, 561, -1,
      561, 606, 562, -1,
      562, 606, 563, -1,
      562, 563, 85, -1,
      572, 600, 78, -1,
      607, 608, 595, -1,
      595, 608, 609, -1,
      595, 609, 596, -1,
      596, 609, 610, -1,
      596, 610, 601, -1,
      611, 599, 612, -1,
      612, 599, 598, -1,
      612, 598, 613, -1,
      613, 598, 600, -1,
      613, 600, 614, -1,
      572, 571, 600, -1,
      600, 571, 570, -1,
      600, 570, 614, -1,
      614, 570, 569, -1,
      614, 569, 568, -1,
      594, 611, 615, -1,
      615, 611, 612, -1,
      615, 612, 616, -1,
      616, 612, 613, -1,
      616, 613, 617, -1,
      617, 613, 614, -1,
      617, 614, 618, -1,
      618, 614, 568, -1,
      619, 620, 621, -1,
      621, 620, 592, -1,
      592, 594, 621, -1,
      621, 594, 615, -1,
      621, 615, 622, -1,
      622, 615, 616, -1,
      622, 616, 623, -1,
      623, 616, 617, -1,
      623, 617, 624, -1,
      624, 617, 618, -1,
      624, 618, 625, -1,
      593, 607, 594, -1,
      594, 607, 595, -1,
      594, 595, 611, -1,
      611, 595, 597, -1,
      611, 597, 599, -1,
      599, 597, 78, -1,
      619, 602, 626, -1,
      626, 602, 554, -1,
      626, 554, 81, -1,
      568, 567, 618, -1,
      618, 567, 566, -1,
      618, 566, 625, -1,
      625, 566, 565, -1,
      625, 565, 564, -1,
      619, 621, 602, -1,
      602, 621, 622, -1,
      602, 622, 603, -1,
      603, 622, 623, -1,
      603, 623, 604, -1,
      604, 623, 624, -1,
      604, 624, 605, -1,
      605, 624, 625, -1,
      605, 625, 606, -1,
      606, 625, 564, -1,
      606, 564, 563, -1,
      576, 577, 627, -1,
      628, 629, 630, -1,
      76, 631, 632, -1,
      633, 631, 76, -1,
      630, 629, 76, -1,
      582, 76, 629, -1,
      634, 584, 583, -1,
      584, 634, 585, -1,
      585, 634, 635, -1,
      585, 635, 586, -1,
      586, 635, 636, -1,
      586, 636, 587, -1,
      587, 636, 637, -1,
      587, 637, 588, -1,
      588, 637, 589, -1,
      589, 637, 638, -1,
      589, 638, 590, -1,
      590, 638, 591, -1,
      591, 638, 639, -1,
      591, 639, 82, -1,
      640, 633, 76, -1,
      578, 579, 628, -1,
      628, 579, 580, -1,
      628, 580, 629, -1,
      629, 580, 581, -1,
      629, 581, 582, -1,
      641, 632, 642, -1,
      642, 632, 631, -1,
      642, 631, 643, -1,
      643, 631, 633, -1,
      643, 633, 644, -1,
      640, 645, 633, -1,
      633, 645, 646, -1,
      633, 646, 644, -1,
      644, 646, 647, -1,
      644, 647, 648, -1,
      627, 641, 649, -1,
      649, 641, 642, -1,
      649, 642, 650, -1,
      650, 642, 643, -1,
      650, 643, 651, -1,
      651, 643, 644, -1,
      651, 644, 652, -1,
      652, 644, 648, -1,
      574, 575, 653, -1,
      653, 575, 576, -1,
      576, 627, 653, -1,
      653, 627, 649, -1,
      653, 649, 654, -1,
      654, 649, 650, -1,
      654, 650, 655, -1,
      655, 650, 651, -1,
      655, 651, 656, -1,
      656, 651, 652, -1,
      656, 652, 657, -1,
      577, 578, 627, -1,
      627, 578, 628, -1,
      627, 628, 641, -1,
      641, 628, 630, -1,
      641, 630, 632, -1,
      632, 630, 76, -1,
      574, 634, 573, -1,
      573, 634, 583, -1,
      573, 583, 90, -1,
      648, 658, 652, -1,
      652, 658, 659, -1,
      652, 659, 657, -1,
      657, 659, 660, -1,
      657, 660, 661, -1,
      574, 653, 634, -1,
      634, 653, 654, -1,
      634, 654, 635, -1,
      635, 654, 655, -1,
      635, 655, 636, -1,
      636, 655, 656, -1,
      636, 656, 637, -1,
      637, 656, 657, -1,
      637, 657, 638, -1,
      638, 657, 661, -1,
      638, 661, 639, -1,
      81, 82, 626, -1,
      626, 82, 639, -1,
      626, 639, 619, -1,
      619, 639, 661, -1,
      619, 661, 620, -1,
      620, 661, 660, -1,
      620, 660, 592, -1,
      592, 660, 659, -1,
      592, 659, 593, -1,
      593, 659, 658, -1,
      593, 658, 607, -1,
      607, 658, 648, -1,
      607, 648, 608, -1,
      608, 648, 647, -1,
      608, 647, 609, -1,
      609, 647, 646, -1,
      609, 646, 610, -1,
      610, 646, 645, -1,
      610, 645, 601, -1,
      645, 640, 601, -1,
      601, 640, 76, -1,
      601, 76, 78, -1,
    ]
  }
}

Shape {
  appearance Appearance {
    material Material {
      diffuseColor 0.4392 0.4392 0.4392
      specularColor 0.2196 0.2196 0.2196
      ambientIntensity 0.2
      transparency 0.0000
      shininess 0.5
    }
  }
  geometry IndexedFaceSet {
    ccw TRUE
    solid FALSE
    coord DEF co Coordinate {
      point [
        -0.552703 -0.408870 0.669291,
        -0.568637 -0.429635 0.669291,
        -0.726362 -0.408870 0.669291,
        -0.736379 -0.384688 0.669291,
        -0.542687 -0.384688 0.669291,
        -0.739795 -0.358739 0.669291,
        -0.736379 -0.332789 0.669291,
        -0.726362 -0.308607 0.669291,
        -0.710429 -0.287843 0.669291,
        -0.689664 -0.271909 0.669291,
        -0.665483 -0.261893 0.669291,
        -0.568637 -0.287843 0.669291,
        -0.552703 -0.308607 0.669291,
        -0.542687 -0.332789 0.669291,
        -0.539270 -0.358739 0.669291,
        -0.589402 -0.445568 0.669291,
        -0.613583 -0.455584 0.669291,
        -0.639533 -0.459000 0.669291,
        -0.665483 -0.455584 0.669291,
        -0.689664 -0.445568 0.669291,
        -0.710429 -0.429635 0.669291,
        -0.639533 -0.258476 0.669291,
        -0.613583 -0.261893 0.669291,
        -0.589402 -0.271909 0.669291,
        -0.539270 -0.358739 0.649606,
        -0.542687 -0.332789 0.649606,
        -0.552703 -0.308607 0.649606,
        -0.568637 -0.287843 0.649606,
        -0.589402 -0.271909 0.649606,
        -0.613583 -0.261893 0.649606,
        -0.639533 -0.258476 0.649606,
        -0.665483 -0.261893 0.649606,
        -0.689664 -0.271909 0.649606,
        -0.710429 -0.287843 0.649606,
        -0.726362 -0.308607 0.649606,
        -0.736379 -0.332789 0.649606,
        -0.739795 -0.358739 0.649606,
        -0.736379 -0.384688 0.649606,
        -0.726362 -0.408870 0.649606,
        -0.710429 -0.429635 0.649606,
        -0.689664 -0.445568 0.649606,
        -0.665483 -0.455584 0.649606,
        -0.639533 -0.459000 0.649606,
        -0.613583 -0.455584 0.649606,
        -0.589402 -0.445568 0.649606,
        -0.568637 -0.429635 0.649606,
        -0.552703 -0.408870 0.649606,
        -0.542687 -0.384688 0.649606,
        -0.639533 -0.358739 0.649606,
      ]
    }
    coordIndex [
      24, 14, 25, -1,
      25, 14, 13, -1,
      25, 13, 26, -1,
      26, 13, 12, -1,
      26, 12, 27, -1,
      27, 12, 11, -1,
      27, 11, 28, -1,
      28, 11, 23, -1,
      28, 23, 29, -1,
      29, 23, 22, -1,
      29, 22, 30, -1,
      30, 22, 21, -1,
      30, 21, 31, -1,
      31, 21, 10, -1,
      31, 10, 32, -1,
      32, 10, 9, -1,
      32, 9, 33, -1,
      33, 9, 8, -1,
      33, 8, 34, -1,
      34, 8, 7, -1,
      34, 7, 35, -1,
      35, 7, 6, -1,
      35, 6, 36, -1,
      36, 6, 5, -1,
      36, 5, 37, -1,
      37, 5, 3, -1,
      37, 3, 38, -1,
      38, 3, 2, -1,
      38, 2, 39, -1,
      39, 2, 20, -1,
      39, 20, 40, -1,
      40, 20, 19, -1,
      40, 19, 41, -1,
      41, 19, 18, -1,
      41, 18, 42, -1,
      42, 18, 17, -1,
      42, 17, 43, -1,
      43, 17, 16, -1,
      43, 16, 44, -1,
      44, 16, 15, -1,
      44, 15, 45, -1,
      45, 15, 1, -1,
      45, 1, 46, -1,
      46, 1, 0, -1,
      46, 0, 47, -1,
      47, 0, 4, -1,
      47, 4, 24, -1,
      24, 4, 14, -1,
      46, 47, 48, -1,
      48, 47, 24, -1,
      48, 24, 25, -1,
      43, 44, 48, -1,
      48, 44, 45, -1,
      48, 45, 46, -1,
      40, 41, 48, -1,
      48, 41, 42, -1,
      48, 42, 43, -1,
      37, 38, 48, -1,
      48, 38, 39, -1,
      48, 39, 40, -1,
      34, 35, 48, -1,
      48, 35, 36, -1,
      48, 36, 37, -1,
      31, 32, 48, -1,
      48, 32, 33, -1,
      48, 33, 34, -1,
      28, 29, 48, -1,
      48, 29, 30, -1,
      48, 30, 31, -1,
      25, 26, 48, -1,
      48, 26, 27, -1,
      48, 27, 28, -1,
    ]
  }
}

Shape {
  appearance Appearance {
    material Material {
      diffuseColor 0.8510 0.8510 0.8510
      specularColor 0.4235 0.4235 0.4235
      ambientIntensity 0.2
      transparency 0.0000
      shininess 0.5
    }
  }
  geometry IndexedFaceSet {
    ccw TRUE
    solid FALSE
    coord DEF co Coordinate {
      point [
        -0.830709 0.767717 0.314961,
        -0.830709 0.767717 0.393701,
        -0.669291 0.767717 0.393701,
        -0.330709 0.767717 0.393701,
        -0.669291 0.767717 0.314961,
        -0.330709 0.767717 0.314961,
        -0.169291 0.767717 0.393701,
        0.169291 0.767717 0.393701,
        -0.169291 0.767717 0.314961,
        0.169291 0.767717 0.314961,
        -0.830709 -0.767717 0.393701,
        -0.830709 -0.767717 0.314961,
        -0.669291 -0.767717 0.314961,
        -0.330709 -0.767717 0.314961,
        -0.669291 -0.767717 0.393701,
        -0.330709 -0.767717 0.393701,
        -0.169291 -0.767717 0.314961,
        0.169291 -0.767717 0.314961,
        -0.169291 -0.767717 0.393701,
        0.169291 -0.767717 0.393701,
        0.330709 -0.767717 0.314961,
        0.669291 -0.767717 0.314961,
        0.330709 -0.767717 0.393701,
        0.669291 -0.767717 0.393701,
        0.330709 0.767717 0.393701,
        0.669291 0.767717 0.393701,
        0.330709 0.767717 0.314961,
        0.669291 0.767717 0.314961,
        0.830709 0.767717 0.393701,
        0.830709 0.767717 0.314961,
        0.830709 -0.767717 0.314961,
        0.830709 -0.767717 0.393701,
        0.830709 1.181102 0.000000,
        0.830709 1.181102 0.078740,
        0.830709 1.043307 0.000000,
        0.830709 1.043307 0.078740,
        0.830709 1.014733 0.003508,
        0.830709 1.033783 0.079909,
        0.830709 0.987858 0.013825,
        0.830709 1.024824 0.083348,
        0.830709 0.964276 0.030337,
        0.830709 1.016963 0.088853,
        0.830709 0.945389 0.052064,
        0.830709 1.010668 0.096095,
        0.830709 0.932320 0.077714,
        0.830709 1.006311 0.104645,
        0.830709 0.855398 0.289056,
        0.830709 0.929389 0.315987,
        0.830709 0.851041 0.297606,
        0.830709 0.916320 0.341637,
        0.830709 0.844746 0.304848,
        0.830709 0.897433 0.363363,
        0.830709 0.836885 0.310352,
        0.830709 0.873851 0.379876,
        0.830709 0.827926 0.313791,
        0.830709 0.846975 0.390193,
        0.830709 0.818402 0.314961,
        0.830709 0.818402 0.393701,
        0.669291 0.818402 0.314961,
        0.669291 0.818402 0.393701,
        0.669291 0.827926 0.313791,
        0.669291 0.846975 0.390193,
        0.669291 0.836885 0.310352,
        0.669291 0.873851 0.379876,
        0.669291 0.844746 0.304848,
        0.669291 0.897433 0.363363,
        0.669291 0.851041 0.297606,
        0.669291 0.916320 0.341637,
        0.669291 0.855398 0.289056,
        0.669291 0.929389 0.315987,
        0.669291 0.932320 0.077714,
        0.669291 1.006311 0.104645,
        0.669291 0.945389 0.052064,
        0.669291 1.010668 0.096095,
        0.669291 0.964276 0.030337,
        0.669291 1.016963 0.088853,
        0.669291 0.987858 0.013825,
        0.669291 1.024824 0.083348,
        0.669291 1.014733 0.003508,
        0.669291 1.033783 0.079909,
        0.669291 1.043307 -0.000000,
        0.669291 1.043307 0.078740,
        0.669291 1.181102 0.000000,
        0.669291 1.181102 0.078740,
        0.830709 -0.818402 0.314961,
        0.830709 -0.818402 0.393701,
        0.830709 -0.827926 0.313791,
        0.830709 -0.846975 0.390193,
        0.830709 -0.836885 0.310352,
        0.830709 -0.873851 0.379876,
        0.830709 -0.844746 0.304848,
        0.830709 -0.897433 0.363363,
        0.830709 -0.851041 0.297606,
        0.830709 -0.916320 0.341637,
        0.830709 -0.855398 0.289056,
        0.830709 -0.929389 0.315987,
        0.830709 -0.932320 0.077714,
        0.830709 -1.006311 0.104645,
        0.830709 -0.945389 0.052064,
        0.830709 -1.010668 0.096095,
        0.830709 -0.964276 0.030337,
        0.830709 -1.016963 0.088853,
        0.830709 -0.987858 0.013825,
        0.830709 -1.024824 0.083348,
        0.830709 -1.014733 0.003508,
        0.830709 -1.033783 0.079909,
        0.830709 -1.043307 -0.000000,
        0.830709 -1.043307 0.078740,
        0.830709 -1.181102 0.000000,
        0.830709 -1.181102 0.078740,
        0.669291 -1.181102 0.000000,
        0.669291 -1.181102 0.078740,
        0.669291 -1.043307 0.000000,
        0.669291 -1.043307 0.078740,
        0.669291 -1.014733 0.003508,
        0.669291 -1.033783 0.079909,
        0.669291 -0.987858 0.013825,
        0.669291 -1.024824 0.083348,
        0.669291 -0.964276 0.030337,
        0.669291 -1.016963 0.088853,
        0.669291 -0.945389 0.052064,
        0.669291 -1.010668 0.096095,
        0.669291 -0.932320 0.077714,
        0.669291 -1.006311 0.104645,
        0.669291 -0.855398 0.289056,
        0.669291 -0.929389 0.315987,
        0.669291 -0.851041 0.297606,
        0.669291 -0.916320 0.341637,
        0.669291 -0.844746 0.304848,
        0.669291 -0.897433 0.363363,
        0.669291 -0.836885 0.310352,
        0.669291 -0.873851 0.379876,
        0.669291 -0.827926 0.313791,
        0.669291 -0.846975 0.390193,
        0.669291 -0.818402 0.314961,
        0.669291 -0.818402 0.393701,
        0.330709 -0.818402 0.314961,
        0.330709 -0.818402 0.393701,
        0.330709 -0.827926 0.313791,
        0.330709 -0.846975 0.390193,
        0.330709 -0.836885 0.310352,
        0.330709 -0.873851 0.379876,
        0.330709 -0.844746 0.304848,
        0.330709 -0.897433 0.363363,
        0.330709 -0.851041 0.297606,
        0.330709 -0.916320 0.341637,
        0.330709 -0.855398 0.289056,
        0.330709 -0.929389 0.315987,
        0.330709 -0.932320 0.077714,
        0.330709 -1.006311 0.104645,
        0.330709 -0.945389 0.052064,
        0.330709 -1.010668 0.096095,
        0.330709 -0.964276 0.030337,
        0.330709 -1.016963 0.088853,
        0.330709 -0.987858 0.013825,
        0.330709 -1.024824 0.083348,
        0.330709 -1.014733 0.003508,
        0.330709 -1.033783 0.079909,
        0.330709 -1.043307 -0.000000,
        0.330709 -1.043307 0.078740,
        0.330709 -1.181102 0.000000,
        0.330709 -1.181102 0.078740,
        0.169291 -1.181102 0.000000,
        0.169291 -1.181102 0.078740,
        0.169291 -1.043307 0.000000,
        0.169291 -1.043307 0.078740,
        0.169291 -1.014733 0.003508,
        0.169291 -1.033783 0.079909,
        0.169291 -0.987858 0.013825,
        0.169291 -1.024824 0.083348,
        0.169291 -0.964276 0.030337,
        0.169291 -1.016963 0.088853,
        0.169291 -0.945389 0.052064,
        0.169291 -1.010668 0.096095,
        0.169291 -0.932320 0.077714,
        0.169291 -1.006311 0.104645,
        0.169291 -0.855398 0.289056,
        0.169291 -0.929389 0.315987,
        0.169291 -0.851041 0.297606,
        0.169291 -0.916320 0.341637,
        0.169291 -0.844746 0.304848,
        0.169291 -0.897433 0.363363,
        0.169291 -0.836885 0.310352,
        0.169291 -0.873851 0.379876,
        0.169291 -0.827926 0.313791,
        0.169291 -0.846975 0.390193,
        0.169291 -0.818402 0.314961,
        0.169291 -0.818402 0.393701,
        -0.169291 -0.818402 0.314961,
        -0.169291 -0.818402 0.393701,
        -0.169291 -0.827926 0.313791,
        -0.169291 -0.846975 0.390193,
        -0.169291 -0.836885 0.310352,
        -0.169291 -0.873851 0.379876,
        -0.169291 -0.844746 0.304848,
        -0.169291 -0.897433 0.363363,
        -0.169291 -0.851041 0.297606,
        -0.169291 -0.916320 0.341637,
        -0.169291 -0.855398 0.289056,
        -0.169291 -0.929389 0.315987,
        -0.169291 -0.932320 0.077714,
        -0.169291 -1.006311 0.104645,
        -0.169291 -0.945389 0.052064,
        -0.169291 -1.010668 0.096095,
        -0.169291 -0.964276 0.030337,
        -0.169291 -1.016963 0.088853,
        -0.169291 -0.987858 0.013825,
        -0.169291 -1.024824 0.083348,
        -0.169291 -1.014733 0.003508,
        -0.169291 -1.033783 0.079909,
        -0.169291 -1.043307 -0.000000,
        -0.169291 -1.043307 0.078740,
        -0.169291 -1.181102 0.000000,
        -0.169291 -1.181102 0.078740,
        -0.330709 -1.181102 0.000000,
        -0.330709 -1.181102 0.078740,
        -0.330709 -1.043307 0.000000,
        -0.330709 -1.043307 0.078740,
        -0.330709 -1.014733 0.003508,
        -0.330709 -1.033783 0.079909,
        -0.330709 -0.987858 0.013825,
        -0.330709 -1.024824 0.083348,
        -0.330709 -0.964276 0.030337,
        -0.330709 -1.016963 0.088853,
        -0.330709 -0.945389 0.052064,
        -0.330709 -1.010668 0.096095,
        -0.330709 -0.932320 0.077714,
        -0.330709 -1.006311 0.104645,
        -0.330709 -0.855398 0.289056,
        -0.330709 -0.929389 0.315987,
        -0.330709 -0.851041 0.297606,
        -0.330709 -0.916320 0.341637,
        -0.330709 -0.844746 0.304848,
        -0.330709 -0.897433 0.363363,
        -0.330709 -0.836885 0.310352,
        -0.330709 -0.873851 0.379876,
        -0.330709 -0.827926 0.313791,
        -0.330709 -0.846975 0.390193,
        -0.330709 -0.818402 0.314961,
        -0.330709 -0.818402 0.393701,
        -0.669291 -0.818402 0.314961,
        -0.669291 -0.818402 0.393701,
        -0.669291 -0.827926 0.313791,
        -0.669291 -0.846975 0.390193,
        -0.669291 -0.836885 0.310352,
        -0.669291 -0.873851 0.379876,
        -0.669291 -0.844746 0.304848,
        -0.669291 -0.897433 0.363363,
        -0.669291 -0.851041 0.297606,
        -0.669291 -0.916320 0.341637,
        -0.669291 -0.855398 0.289056,
        -0.669291 -0.929389 0.315987,
        -0.669291 -0.932320 0.077714,
        -0.669291 -1.006311 0.104645,
        -0.669291 -0.945389 0.052064,
        -0.669291 -1.010668 0.096095,
        -0.669291 -0.964276 0.030337,
        -0.669291 -1.016963 0.088853,
        -0.669291 -0.987858 0.013825,
        -0.669291 -1.024824 0.083348,
        -0.669291 -1.014733 0.003508,
        -0.669291 -1.033783 0.079909,
        -0.669291 -1.043307 -0.000000,
        -0.669291 -1.043307 0.078740,
        -0.669291 -1.181102 0.000000,
        -0.669291 -1.181102 0.078740,
        -0.830709 -1.181102 0.000000,
        -0.830709 -1.181102 0.078740,
        -0.830709 -1.043307 0.000000,
        -0.830709 -1.043307 0.078740,
        -0.830709 -1.014733 0.003508,
        -0.830709 -1.033783 0.079909,
        -0.830709 -0.987858 0.013825,
        -0.830709 -1.024824 0.083348,
        -0.830709 -0.964276 0.030337,
        -0.830709 -1.016963 0.088853,
        -0.830709 -0.945389 0.052064,
        -0.830709 -1.010668 0.096095,
        -0.830709 -0.932320 0.077714,
        -0.830709 -1.006311 0.104645,
        -0.830709 -0.855398 0.289056,
        -0.830709 -0.929389 0.315987,
        -0.830709 -0.851041 0.297606,
        -0.830709 -0.916320 0.341637,
        -0.830709 -0.844746 0.304848,
        -0.830709 -0.897433 0.363363,
        -0.830709 -0.836885 0.310352,
        -0.830709 -0.873851 0.379876,
        -0.830709 -0.827926 0.313791,
        -0.830709 -0.846975 0.390193,
        -0.830709 -0.818402 0.314961,
        -0.830709 -0.818402 0.393701,
        0.330709 1.181102 0.000000,
        0.330709 1.181102 0.078740,
        0.330709 1.043307 0.000000,
        0.330709 1.043307 0.078740,
        0.330709 1.014733 0.003508,
        0.330709 1.033783 0.079909,
        0.330709 0.987858 0.013825,
        0.330709 1.024824 0.083348,
        0.330709 0.964276 0.030337,
        0.330709 1.016963 0.088853,
        0.330709 0.945389 0.052064,
        0.330709 1.010668 0.096095,
        0.330709 0.932320 0.077714,
        0.330709 1.006311 0.104645,
        0.330709 0.855398 0.289056,
        0.330709 0.929389 0.315987,
        0.330709 0.851041 0.297606,
        0.330709 0.916320 0.341637,
        0.330709 0.844746 0.304848,
        0.330709 0.897433 0.363363,
        0.330709 0.836885 0.310352,
        0.330709 0.873851 0.379876,
        0.330709 0.827926 0.313791,
        0.330709 0.846975 0.390193,
        0.330709 0.818402 0.314961,
        0.330709 0.818402 0.393701,
        0.169291 0.818402 0.314961,
        0.169291 0.818402 0.393701,
        0.169291 0.827926 0.313791,
        0.169291 0.846975 0.390193,
        0.169291 0.836885 0.310352,
        0.169291 0.873851 0.379876,
        0.169291 0.844746 0.304848,
        0.169291 0.897433 0.363363,
        0.169291 0.851041 0.297606,
        0.169291 0.916320 0.341637,
        0.169291 0.855398 0.289056,
        0.169291 0.929389 0.315987,
        0.169291 0.932320 0.077714,
        0.169291 1.006311 0.104645,
        0.169291 0.945389 0.052064,
        0.169291 1.010668 0.096095,
        0.169291 0.964276 0.030337,
        0.169291 1.016963 0.088853,
        0.169291 0.987858 0.013825,
        0.169291 1.024824 0.083348,
        0.169291 1.014733 0.003508,
        0.169291 1.033783 0.079909,
        0.169291 1.043307 -0.000000,
        0.169291 1.043307 0.078740,
        0.169291 1.181102 0.000000,
        0.169291 1.181102 0.078740,
        -0.169291 1.181102 0.000000,
        -0.169291 1.181102 0.078740,
        -0.169291 1.043307 0.000000,
        -0.169291 1.043307 0.078740,
        -0.169291 1.014733 0.003508,
        -0.169291 1.033783 0.079909,
        -0.169291 0.987858 0.013825,
        -0.169291 1.024824 0.083348,
        -0.169291 0.964276 0.030337,
        -0.169291 1.016963 0.088853,
        -0.169291 0.945389 0.052064,
        -0.169291 1.010668 0.096095,
        -0.169291 0.932320 0.077714,
        -0.169291 1.006311 0.104645,
        -0.169291 0.855398 0.289056,
        -0.169291 0.929389 0.315987,
        -0.169291 0.851041 0.297606,
        -0.169291 0.916320 0.341637,
        -0.169291 0.844746 0.304848,
        -0.169291 0.897433 0.363363,
        -0.169291 0.836885 0.310352,
        -0.169291 0.873851 0.379876,
        -0.169291 0.827926 0.313791,
        -0.169291 0.846975 0.390193,
        -0.169291 0.818402 0.314961,
        -0.169291 0.818402 0.393701,
        -0.330709 0.818402 0.314961,
        -0.330709 0.818402 0.393701,
        -0.330709 0.827926 0.313791,
        -0.330709 0.846975 0.390193,
        -0.330709 0.836885 0.310352,
        -0.330709 0.873851 0.379876,
        -0.330709 0.844746 0.304848,
        -0.330709 0.897433 0.363363,
        -0.330709 0.851041 0.297606,
        -0.330709 0.916320 0.341637,
        -0.330709 0.855398 0.289056,
        -0.330709 0.929389 0.315987,
        -0.330709 0.932320 0.077714,
        -0.330709 1.006311 0.104645,
        -0.330709 0.945389 0.052064,
        -0.330709 1.010668 0.096095,
        -0.330709 0.964276 0.030337,
        -0.330709 1.016963 0.088853,
        -0.330709 0.987858 0.013825,
        -0.330709 1.024824 0.083348,
        -0.330709 1.014733 0.003508,
        -0.330709 1.033783 0.079909,
        -0.330709 1.043307 -0.000000,
        -0.330709 1.043307 0.078740,
        -0.330709 1.181102 0.000000,
        -0.330709 1.181102 0.078740,
        -0.669291 1.181102 0.000000,
        -0.669291 1.181102 0.078740,
        -0.669291 1.043307 0.000000,
        -0.669291 1.043307 0.078740,
        -0.669291 1.014733 0.003508,
        -0.669291 1.033783 0.079909,
        -0.669291 0.987858 0.013825,
        -0.669291 1.024824 0.083348,
        -0.669291 0.964276 0.030337,
        -0.669291 1.016963 0.088853,
        -0.669291 0.945389 0.052064,
        -0.669291 1.010668 0.096095,
        -0.669291 0.932320 0.077714,
        -0.669291 1.006311 0.104645,
        -0.669291 0.855398 0.289056,
        -0.669291 0.929389 0.315987,
        -0.669291 0.851041 0.297606,
        -0.669291 0.916320 0.341637,
        -0.669291 0.844746 0.304848,
        -0.669291 0.897433 0.363363,
        -0.669291 0.836885 0.310352,
        -0.669291 0.873851 0.379876,
        -0.669291 0.827926 0.313791,
        -0.669291 0.846975 0.390193,
        -0.669291 0.818402 0.314961,
        -0.669291 0.818402 0.393701,
        -0.830709 0.818402 0.314961,
        -0.830709 0.818402 0.393701,
        -0.830709 0.827926 0.313791,
        -0.830709 0.846975 0.390193,
        -0.830709 0.836885 0.310352,
        -0.830709 0.873851 0.379876,
        -0.830709 0.844746 0.304848,
        -0.830709 0.897433 0.363363,
        -0.830709 0.851041 0.297606,
        -0.830709 0.916320 0.341637,
        -0.830709 0.855398 0.289056,
        -0.830709 0.929389 0.315987,
        -0.830709 0.932320 0.077714,
        -0.830709 1.006311 0.104645,
        -0.830709 0.945389 0.052064,
        -0.830709 1.010668 0.096095,
        -0.830709 0.964276 0.030337,
        -0.830709 1.016963 0.088853,
        -0.830709 0.987858 0.013825,
        -0.830709 1.024824 0.083348,
        -0.830709 1.014733 0.003508,
        -0.830709 1.033783 0.079909,
        -0.830709 1.043307 -0.000000,
        -0.830709 1.043307 0.078740,
        -0.830709 1.181102 0.000000,
        -0.830709 1.181102 0.078740,
      ]
    }
    coordIndex [
      32, 33, 34, -1,
      34, 33, 35, -1,
      34, 35, 36, -1,
      36, 35, 37, -1,
      36, 37, 38, -1,
      38, 37, 39, -1,
      38, 39, 40, -1,
      40, 39, 41, -1,
      40, 41, 42, -1,
      42, 41, 43, -1,
      42, 43, 44, -1,
      44, 43, 45, -1,
      44, 45, 46, -1,
      46, 45, 47, -1,
      46, 47, 48, -1,
      48, 47, 49, -1,
      48, 49, 50, -1,
      50, 49, 51, -1,
      50, 51, 52, -1,
      52, 51, 53, -1,
      52, 53, 54, -1,
      54, 53, 55, -1,
      54, 55, 56, -1,
      56, 55, 57, -1,
      56, 57, 29, -1,
      29, 57, 28, -1,
      27, 25, 58, -1,
      58, 25, 59, -1,
      58, 59, 60, -1,
      60, 59, 61, -1,
      60, 61, 62, -1,
      62, 61, 63, -1,
      62, 63, 64, -1,
      64, 63, 65, -1,
      64, 65, 66, -1,
      66, 65, 67, -1,
      66, 67, 68, -1,
      68, 67, 69, -1,
      68, 69, 70, -1,
      70, 69, 71, -1,
      70, 71, 72, -1,
      72, 71, 73, -1,
      72, 73, 74, -1,
      74, 73, 75, -1,
      74, 75, 76, -1,
      76, 75, 77, -1,
      76, 77, 78, -1,
      78, 77, 79, -1,
      78, 79, 80, -1,
      80, 79, 81, -1,
      80, 81, 82, -1,
      82, 81, 83, -1,
      32, 34, 82, -1,
      82, 34, 80, -1,
      33, 32, 83, -1,
      83, 32, 82, -1,
      35, 33, 81, -1,
      81, 33, 83, -1,
      35, 81, 37, -1,
      37, 81, 79, -1,
      37, 79, 39, -1,
      39, 79, 77, -1,
      39, 77, 41, -1,
      41, 77, 75, -1,
      41, 75, 43, -1,
      43, 75, 73, -1,
      43, 73, 45, -1,
      45, 73, 71, -1,
      47, 45, 69, -1,
      69, 45, 71, -1,
      47, 69, 67, -1,
      47, 67, 49, -1,
      49, 67, 65, -1,
      49, 65, 51, -1,
      51, 65, 63, -1,
      51, 63, 53, -1,
      53, 63, 61, -1,
      53, 61, 55, -1,
      55, 61, 59, -1,
      55, 59, 57, -1,
      28, 57, 25, -1,
      25, 57, 59, -1,
      58, 56, 27, -1,
      27, 56, 29, -1,
      56, 58, 54, -1,
      54, 58, 60, -1,
      54, 60, 52, -1,
      52, 60, 62, -1,
      52, 62, 50, -1,
      50, 62, 64, -1,
      50, 64, 48, -1,
      48, 64, 66, -1,
      48, 66, 46, -1,
      46, 66, 68, -1,
      44, 46, 70, -1,
      70, 46, 68, -1,
      44, 70, 72, -1,
      44, 72, 42, -1,
      42, 72, 74, -1,
      42, 74, 40, -1,
      40, 74, 76, -1,
      40, 76, 38, -1,
      38, 76, 78, -1,
      38, 78, 36, -1,
      36, 78, 80, -1,
      36, 80, 34, -1,
      30, 31, 84, -1,
      84, 31, 85, -1,
      84, 85, 86, -1,
      86, 85, 87, -1,
      86, 87, 88, -1,
      88, 87, 89, -1,
      88, 89, 90, -1,
      90, 89, 91, -1,
      90, 91, 92, -1,
      92, 91, 93, -1,
      92, 93, 94, -1,
      94, 93, 95, -1,
      94, 95, 96, -1,
      96, 95, 97, -1,
      96, 97, 98, -1,
      98, 97, 99, -1,
      98, 99, 100, -1,
      100, 99, 101, -1,
      100, 101, 102, -1,
      102, 101, 103, -1,
      102, 103, 104, -1,
      104, 103, 105, -1,
      104, 105, 106, -1,
      106, 105, 107, -1,
      106, 107, 108, -1,
      108, 107, 109, -1,
      110, 111, 112, -1,
      112, 111, 113, -1,
      112, 113, 114, -1,
      114, 113, 115, -1,
      114, 115, 116, -1,
      116, 115, 117, -1,
      116, 117, 118, -1,
      118, 117, 119, -1,
      118, 119, 120, -1,
      120, 119, 121, -1,
      120, 121, 122, -1,
      122, 121, 123, -1,
      122, 123, 124, -1,
      124, 123, 125, -1,
      124, 125, 126, -1,
      126, 125, 127, -1,
      126, 127, 128, -1,
      128, 127, 129, -1,
      128, 129, 130, -1,
      130, 129, 131, -1,
      130, 131, 132, -1,
      132, 131, 133, -1,
      132, 133, 134, -1,
      134, 133, 135, -1,
      134, 135, 21, -1,
      21, 135, 23, -1,
      106, 108, 112, -1,
      112, 108, 110, -1,
      106, 112, 114, -1,
      106, 114, 104, -1,
      104, 114, 116, -1,
      104, 116, 102, -1,
      102, 116, 118, -1,
      102, 118, 100, -1,
      100, 118, 120, -1,
      100, 120, 98, -1,
      98, 120, 122, -1,
      98, 122, 96, -1,
      94, 96, 124, -1,
      124, 96, 122, -1,
      94, 124, 92, -1,
      92, 124, 126, -1,
      92, 126, 90, -1,
      90, 126, 128, -1,
      90, 128, 88, -1,
      88, 128, 130, -1,
      88, 130, 86, -1,
      86, 130, 132, -1,
      86, 132, 84, -1,
      84, 132, 134, -1,
      30, 84, 21, -1,
      21, 84, 134, -1,
      135, 85, 23, -1,
      23, 85, 31, -1,
      85, 135, 133, -1,
      85, 133, 87, -1,
      87, 133, 131, -1,
      87, 131, 89, -1,
      89, 131, 129, -1,
      89, 129, 91, -1,
      91, 129, 127, -1,
      91, 127, 93, -1,
      93, 127, 125, -1,
      93, 125, 95, -1,
      97, 95, 123, -1,
      123, 95, 125, -1,
      97, 123, 99, -1,
      99, 123, 121, -1,
      99, 121, 101, -1,
      101, 121, 119, -1,
      101, 119, 103, -1,
      103, 119, 117, -1,
      103, 117, 105, -1,
      105, 117, 115, -1,
      105, 115, 107, -1,
      107, 115, 113, -1,
      109, 107, 111, -1,
      111, 107, 113, -1,
      108, 109, 110, -1,
      110, 109, 111, -1,
      20, 22, 136, -1,
      136, 22, 137, -1,
      136, 137, 138, -1,
      138, 137, 139, -1,
      138, 139, 140, -1,
      140, 139, 141, -1,
      140, 141, 142, -1,
      142, 141, 143, -1,
      142, 143, 144, -1,
      144, 143, 145, -1,
      144, 145, 146, -1,
      146, 145, 147, -1,
      146, 147, 148, -1,
      148, 147, 149, -1,
      148, 149, 150, -1,
      150, 149, 151, -1,
      150, 151, 152, -1,
      152, 151, 153, -1,
      152, 153, 154, -1,
      154, 153, 155, -1,
      154, 155, 156, -1,
      156, 155, 157, -1,
      156, 157, 158, -1,
      158, 157, 159, -1,
      158, 159, 160, -1,
      160, 159, 161, -1,
      162, 163, 164, -1,
      164, 163, 165, -1,
      164, 165, 166, -1,
      166, 165, 167, -1,
      166, 167, 168, -1,
      168, 167, 169, -1,
      168, 169, 170, -1,
      170, 169, 171, -1,
      170, 171, 172, -1,
      172, 171, 173, -1,
      172, 173, 174, -1,
      174, 173, 175, -1,
      174, 175, 176, -1,
      176, 175, 177, -1,
      176, 177, 178, -1,
      178, 177, 179, -1,
      178, 179, 180, -1,
      180, 179, 181, -1,
      180, 181, 182, -1,
      182, 181, 183, -1,
      182, 183, 184, -1,
      184, 183, 185, -1,
      184, 185, 186, -1,
      186, 185, 187, -1,
      186, 187, 17, -1,
      17, 187, 19, -1,
      158, 160, 164, -1,
      164, 160, 162, -1,
      158, 164, 166, -1,
      158, 166, 156, -1,
      156, 166, 168, -1,
      156, 168, 154, -1,
      154, 168, 170, -1,
      154, 170, 152, -1,
      152, 170, 172, -1,
      152, 172, 150, -1,
      150, 172, 174, -1,
      150, 174, 148, -1,
      146, 148, 176, -1,
      176, 148, 174, -1,
      146, 176, 144, -1,
      144, 176, 178, -1,
      144, 178, 142, -1,
      142, 178, 180, -1,
      142, 180, 140, -1,
      140, 180, 182, -1,
      140, 182, 138, -1,
      138, 182, 184, -1,
      138, 184, 136, -1,
      136, 184, 186, -1,
      20, 136, 17, -1,
      17, 136, 186, -1,
      187, 137, 19, -1,
      19, 137, 22, -1,
      137, 187, 185, -1,
      137, 185, 139, -1,
      139, 185, 183, -1,
      139, 183, 141, -1,
      141, 183, 181, -1,
      141, 181, 143, -1,
      143, 181, 179, -1,
      143, 179, 145, -1,
      145, 179, 177, -1,
      145, 177, 147, -1,
      149, 147, 175, -1,
      175, 147, 177, -1,
      149, 175, 151, -1,
      151, 175, 173, -1,
      151, 173, 153, -1,
      153, 173, 171, -1,
      153, 171, 155, -1,
      155, 171, 169, -1,
      155, 169, 157, -1,
      157, 169, 167, -1,
      157, 167, 159, -1,
      159, 167, 165, -1,
      161, 159, 163, -1,
      163, 159, 165, -1,
      160, 161, 162, -1,
      162, 161, 163, -1,
      16, 18, 188, -1,
      188, 18, 189, -1,
      188, 189, 190, -1,
      190, 189, 191, -1,
      190, 191, 192, -1,
      192, 191, 193, -1,
      192, 193, 194, -1,
      194, 193, 195, -1,
      194, 195, 196, -1,
      196, 195, 197, -1,
      196, 197, 198, -1,
      198, 197, 199, -1,
      198, 199, 200, -1,
      200, 199, 201, -1,
      200, 201, 202, -1,
      202, 201, 203, -1,
      202, 203, 204, -1,
      204, 203, 205, -1,
      204, 205, 206, -1,
      206, 205, 207, -1,
      206, 207, 208, -1,
      208, 207, 209, -1,
      208, 209, 210, -1,
      210, 209, 211, -1,
      210, 211, 212, -1,
      212, 211, 213, -1,
      214, 215, 216, -1,
      216, 215, 217, -1,
      216, 217, 218, -1,
      218, 217, 219, -1,
      218, 219, 220, -1,
      220, 219, 221, -1,
      220, 221, 222, -1,
      222, 221, 223, -1,
      222, 223, 224, -1,
      224, 223, 225, -1,
      224, 225, 226, -1,
      226, 225, 227, -1,
      226, 227, 228, -1,
      228, 227, 229, -1,
      228, 229, 230, -1,
      230, 229, 231, -1,
      230, 231, 232, -1,
      232, 231, 233, -1,
      232, 233, 234, -1,
      234, 233, 235, -1,
      234, 235, 236, -1,
      236, 235, 237, -1,
      236, 237, 238, -1,
      238, 237, 239, -1,
      238, 239, 13, -1,
      13, 239, 15, -1,
      210, 212, 216, -1,
      216, 212, 214, -1,
      210, 216, 218, -1,
      210, 218, 208, -1,
      208, 218, 220, -1,
      208, 220, 206, -1,
      206, 220, 222, -1,
      206, 222, 204, -1,
      204, 222, 224, -1,
      204, 224, 202, -1,
      202, 224, 226, -1,
      202, 226, 200, -1,
      198, 200, 228, -1,
      228, 200, 226, -1,
      198, 228, 196, -1,
      196, 228, 230, -1,
      196, 230, 194, -1,
      194, 230, 232, -1,
      194, 232, 192, -1,
      192, 232, 234, -1,
      192, 234, 190, -1,
      190, 234, 236, -1,
      190, 236, 188, -1,
      188, 236, 238, -1,
      16, 188, 13, -1,
      13, 188, 238, -1,
      239, 189, 15, -1,
      15, 189, 18, -1,
      189, 239, 237, -1,
      189, 237, 191, -1,
      191, 237, 235, -1,
      191, 235, 193, -1,
      193, 235, 233, -1,
      193, 233, 195, -1,
      195, 233, 231, -1,
      195, 231, 197, -1,
      197, 231, 229, -1,
      197, 229, 199, -1,
      201, 199, 227, -1,
      227, 199, 229, -1,
      201, 227, 203, -1,
      203, 227, 225, -1,
      203, 225, 205, -1,
      205, 225, 223, -1,
      205, 223, 207, -1,
      207, 223, 221, -1,
      207, 221, 209, -1,
      209, 221, 219, -1,
      209, 219, 211, -1,
      211, 219, 217, -1,
      213, 211, 215, -1,
      215, 211, 217, -1,
      212, 213, 214, -1,
      214, 213, 215, -1,
      12, 14, 240, -1,
      240, 14, 241, -1,
      240, 241, 242, -1,
      242, 241, 243, -1,
      242, 243, 244, -1,
      244, 243, 245, -1,
      244, 245, 246, -1,
      246, 245, 247, -1,
      246, 247, 248, -1,
      248, 247, 249, -1,
      248, 249, 250, -1,
      250, 249, 251, -1,
      250, 251, 252, -1,
      252, 251, 253, -1,
      252, 253, 254, -1,
      254, 253, 255, -1,
      254, 255, 256, -1,
      256, 255, 257, -1,
      256, 257, 258, -1,
      258, 257, 259, -1,
      258, 259, 260, -1,
      260, 259, 261, -1,
      260, 261, 262, -1,
      262, 261, 263, -1,
      262, 263, 264, -1,
      264, 263, 265, -1,
      266, 267, 268, -1,
      268, 267, 269, -1,
      268, 269, 270, -1,
      270, 269, 271, -1,
      270, 271, 272, -1,
      272, 271, 273, -1,
      272, 273, 274, -1,
      274, 273, 275, -1,
      274, 275, 276, -1,
      276, 275, 277, -1,
      276, 277, 278, -1,
      278, 277, 279, -1,
      278, 279, 280, -1,
      280, 279, 281, -1,
      280, 281, 282, -1,
      282, 281, 283, -1,
      282, 283, 284, -1,
      284, 283, 285, -1,
      284, 285, 286, -1,
      286, 285, 287, -1,
      286, 287, 288, -1,
      288, 287, 289, -1,
      288, 289, 290, -1,
      290, 289, 291, -1,
      290, 291, 11, -1,
      11, 291, 10, -1,
      262, 264, 268, -1,
      268, 264, 266, -1,
      262, 268, 270, -1,
      262, 270, 260, -1,
      260, 270, 272, -1,
      260, 272, 258, -1,
      258, 272, 274, -1,
      258, 274, 256, -1,
      256, 274, 276, -1,
      256, 276, 254, -1,
      254, 276, 278, -1,
      254, 278, 252, -1,
      250, 252, 280, -1,
      280, 252, 278, -1,
      250, 280, 248, -1,
      248, 280, 282, -1,
      248, 282, 246, -1,
      246, 282, 284, -1,
      246, 284, 244, -1,
      244, 284, 286, -1,
      244, 286, 242, -1,
      242, 286, 288, -1,
      242, 288, 240, -1,
      240, 288, 290, -1,
      12, 240, 11, -1,
      11, 240, 290, -1,
      291, 241, 10, -1,
      10, 241, 14, -1,
      241, 291, 289, -1,
      241, 289, 243, -1,
      243, 289, 287, -1,
      243, 287, 245, -1,
      245, 287, 285, -1,
      245, 285, 247, -1,
      247, 285, 283, -1,
      247, 283, 249, -1,
      249, 283, 281, -1,
      249, 281, 251, -1,
      253, 251, 279, -1,
      279, 251, 281, -1,
      253, 279, 255, -1,
      255, 279, 277, -1,
      255, 277, 257, -1,
      257, 277, 275, -1,
      257, 275, 259, -1,
      259, 275, 273, -1,
      259, 273, 261, -1,
      261, 273, 271, -1,
      261, 271, 263, -1,
      263, 271, 269, -1,
      265, 263, 267, -1,
      267, 263, 269, -1,
      264, 265, 266, -1,
      266, 265, 267, -1,
      292, 293, 294, -1,
      294, 293, 295, -1,
      294, 295, 296, -1,
      296, 295, 297, -1,
      296, 297, 298, -1,
      298, 297, 299, -1,
      298, 299, 300, -1,
      300, 299, 301, -1,
      300, 301, 302, -1,
      302, 301, 303, -1,
      302, 303, 304, -1,
      304, 303, 305, -1,
      304, 305, 306, -1,
      306, 305, 307, -1,
      306, 307, 308, -1,
      308, 307, 309, -1,
      308, 309, 310, -1,
      310, 309, 311, -1,
      310, 311, 312, -1,
      312, 311, 313, -1,
      312, 313, 314, -1,
      314, 313, 315, -1,
      314, 315, 316, -1,
      316, 315, 317, -1,
      316, 317, 26, -1,
      26, 317, 24, -1,
      9, 7, 318, -1,
      318, 7, 319, -1,
      318, 319, 320, -1,
      320, 319, 321, -1,
      320, 321, 322, -1,
      322, 321, 323, -1,
      322, 323, 324, -1,
      324, 323, 325, -1,
      324, 325, 326, -1,
      326, 325, 327, -1,
      326, 327, 328, -1,
      328, 327, 329, -1,
      328, 329, 330, -1,
      330, 329, 331, -1,
      330, 331, 332, -1,
      332, 331, 333, -1,
      332, 333, 334, -1,
      334, 333, 335, -1,
      334, 335, 336, -1,
      336, 335, 337, -1,
      336, 337, 338, -1,
      338, 337, 339, -1,
      338, 339, 340, -1,
      340, 339, 341, -1,
      340, 341, 342, -1,
      342, 341, 343, -1,
      292, 294, 342, -1,
      342, 294, 340, -1,
      293, 292, 343, -1,
      343, 292, 342, -1,
      295, 293, 341, -1,
      341, 293, 343, -1,
      295, 341, 297, -1,
      297, 341, 339, -1,
      297, 339, 299, -1,
      299, 339, 337, -1,
      299, 337, 301, -1,
      301, 337, 335, -1,
      301, 335, 303, -1,
      303, 335, 333, -1,
      303, 333, 305, -1,
      305, 333, 331, -1,
      307, 305, 329, -1,
      329, 305, 331, -1,
      307, 329, 327, -1,
      307, 327, 309, -1,
      309, 327, 325, -1,
      309, 325, 311, -1,
      311, 325, 323, -1,
      311, 323, 313, -1,
      313, 323, 321, -1,
      313, 321, 315, -1,
      315, 321, 319, -1,
      315, 319, 317, -1,
      24, 317, 7, -1,
      7, 317, 319, -1,
      318, 316, 9, -1,
      9, 316, 26, -1,
      316, 318, 314, -1,
      314, 318, 320, -1,
      314, 320, 312, -1,
      312, 320, 322, -1,
      312, 322, 310, -1,
      310, 322, 324, -1,
      310, 324, 308, -1,
      308, 324, 326, -1,
      308, 326, 306, -1,
      306, 326, 328, -1,
      304, 306, 330, -1,
      330, 306, 328, -1,
      304, 330, 332, -1,
      304, 332, 302, -1,
      302, 332, 334, -1,
      302, 334, 300, -1,
      300, 334, 336, -1,
      300, 336, 298, -1,
      298, 336, 338, -1,
      298, 338, 296, -1,
      296, 338, 340, -1,
      296, 340, 294, -1,
      344, 345, 346, -1,
      346, 345, 347, -1,
      346, 347, 348, -1,
      348, 347, 349, -1,
      348, 349, 350, -1,
      350, 349, 351, -1,
      350, 351, 352, -1,
      352, 351, 353, -1,
      352, 353, 354, -1,
      354, 353, 355, -1,
      354, 355, 356, -1,
      356, 355, 357, -1,
      356, 357, 358, -1,
      358, 357, 359, -1,
      358, 359, 360, -1,
      360, 359, 361, -1,
      360, 361, 362, -1,
      362, 361, 363, -1,
      362, 363, 364, -1,
      364, 363, 365, -1,
      364, 365, 366, -1,
      366, 365, 367, -1,
      366, 367, 368, -1,
      368, 367, 369, -1,
      368, 369, 8, -1,
      8, 369, 6, -1,
      5, 3, 370, -1,
      370, 3, 371, -1,
      370, 371, 372, -1,
      372, 371, 373, -1,
      372, 373, 374, -1,
      374, 373, 375, -1,
      374, 375, 376, -1,
      376, 375, 377, -1,
      376, 377, 378, -1,
      378, 377, 379, -1,
      378, 379, 380, -1,
      380, 379, 381, -1,
      380, 381, 382, -1,
      382, 381, 383, -1,
      382, 383, 384, -1,
      384, 383, 385, -1,
      384, 385, 386, -1,
      386, 385, 387, -1,
      386, 387, 388, -1,
      388, 387, 389, -1,
      388, 389, 390, -1,
      390, 389, 391, -1,
      390, 391, 392, -1,
      392, 391, 393, -1,
      392, 393, 394, -1,
      394, 393, 395, -1,
      344, 346, 394, -1,
      394, 346, 392, -1,
      345, 344, 395, -1,
      395, 344, 394, -1,
      347, 345, 393, -1,
      393, 345, 395, -1,
      347, 393, 349, -1,
      349, 393, 391, -1,
      349, 391, 351, -1,
      351, 391, 389, -1,
      351, 389, 353, -1,
      353, 389, 387, -1,
      353, 387, 355, -1,
      355, 387, 385, -1,
      355, 385, 357, -1,
      357, 385, 383, -1,
      359, 357, 381, -1,
      381, 357, 383, -1,
      359, 381, 379, -1,
      359, 379, 361, -1,
      361, 379, 377, -1,
      361, 377, 363, -1,
      363, 377, 375, -1,
      363, 375, 365, -1,
      365, 375, 373, -1,
      365, 373, 367, -1,
      367, 373, 371, -1,
      367, 371, 369, -1,
      6, 369, 3, -1,
      3, 369, 371, -1,
      370, 368, 5, -1,
      5, 368, 8, -1,
      368, 370, 366, -1,
      366, 370, 372, -1,
      366, 372, 364, -1,
      364, 372, 374, -1,
      364, 374, 362, -1,
      362, 374, 376, -1,
      362, 376, 360, -1,
      360, 376, 378, -1,
      360, 378, 358, -1,
      358, 378, 380, -1,
      356, 358, 382, -1,
      382, 358, 380, -1,
      356, 382, 384, -1,
      356, 384, 354, -1,
      354, 384, 386, -1,
      354, 386, 352, -1,
      352, 386, 388, -1,
      352, 388, 350, -1,
      350, 388, 390, -1,
      350, 390, 348, -1,
      348, 390, 392, -1,
      348, 392, 346, -1,
      396, 397, 398, -1,
      398, 397, 399, -1,
      398, 399, 400, -1,
      400, 399, 401, -1,
      400, 401, 402, -1,
      402, 401, 403, -1,
      402, 403, 404, -1,
      404, 403, 405, -1,
      404, 405, 406, -1,
      406, 405, 407, -1,
      406, 407, 408, -1,
      408, 407, 409, -1,
      408, 409, 410, -1,
      410, 409, 411, -1,
      410, 411, 412, -1,
      412, 411, 413, -1,
      412, 413, 414, -1,
      414, 413, 415, -1,
      414, 415, 416, -1,
      416, 415, 417, -1,
      416, 417, 418, -1,
      418, 417, 419, -1,
      418, 419, 420, -1,
      420, 419, 421, -1,
      420, 421, 4, -1,
      4, 421, 2, -1,
      0, 1, 422, -1,
      422, 1, 423, -1,
      422, 423, 424, -1,
      424, 423, 425, -1,
      424, 425, 426, -1,
      426, 425, 427, -1,
      426, 427, 428, -1,
      428, 427, 429, -1,
      428, 429, 430, -1,
      430, 429, 431, -1,
      430, 431, 432, -1,
      432, 431, 433, -1,
      432, 433, 434, -1,
      434, 433, 435, -1,
      434, 435, 436, -1,
      436, 435, 437, -1,
      436, 437, 438, -1,
      438, 437, 439, -1,
      438, 439, 440, -1,
      440, 439, 441, -1,
      440, 441, 442, -1,
      442, 441, 443, -1,
      442, 443, 444, -1,
      444, 443, 445, -1,
      444, 445, 446, -1,
      446, 445, 447, -1,
      396, 398, 446, -1,
      446, 398, 444, -1,
      397, 396, 447, -1,
      447, 396, 446, -1,
      399, 397, 445, -1,
      445, 397, 447, -1,
      399, 445, 401, -1,
      401, 445, 443, -1,
      401, 443, 403, -1,
      403, 443, 441, -1,
      403, 441, 405, -1,
      405, 441, 439, -1,
      405, 439, 407, -1,
      407, 439, 437, -1,
      407, 437, 409, -1,
      409, 437, 435, -1,
      411, 409, 433, -1,
      433, 409, 435, -1,
      411, 433, 431, -1,
      411, 431, 413, -1,
      413, 431, 429, -1,
      413, 429, 415, -1,
      415, 429, 427, -1,
      415, 427, 417, -1,
      417, 427, 425, -1,
      417, 425, 419, -1,
      419, 425, 423, -1,
      419, 423, 421, -1,
      2, 421, 1, -1,
      1, 421, 423, -1,
      422, 420, 0, -1,
      0, 420, 4, -1,
      420, 422, 418, -1,
      418, 422, 424, -1,
      418, 424, 416, -1,
      416, 424, 426, -1,
      416, 426, 414, -1,
      414, 426, 428, -1,
      414, 428, 412, -1,
      412, 428, 430, -1,
      412, 430, 410, -1,
      410, 430, 432, -1,
      408, 410, 434, -1,
      434, 410, 432, -1,
      408, 434, 436, -1,
      408, 436, 406, -1,
      406, 436, 438, -1,
      406, 438, 404, -1,
      404, 438, 440, -1,
      404, 440, 402, -1,
      402, 440, 442, -1,
      402, 442, 400, -1,
      400, 442, 444, -1,
      400, 444, 398, -1,
    ]
  }
}
