#VRML V2.0 utf8

Shape {
  appearance Appearance {
    material Material {
      diffuseColor 0.8510 0.8510 0.8510
      specularColor 0.6824 0.6824 0.6824
      ambientIntensity 0.2
      transparency 0.0000
      shininess 0.5
    }
  }
  geometry IndexedFaceSet {
    ccw TRUE
    solid FALSE
    coord DEF co Coordinate {
      point [
        -0.141044 -0.209830 0.019685,
        -0.118285 -0.203654 0.019685,
        -0.079875 -0.209055 0.019685,
        -0.164384 -0.189850 0.019685,
        -0.121813 -0.042059 0.019685,
        -0.140458 -0.186742 0.019685,
        -0.118285 -0.044013 0.019685,
        -0.118285 -0.177247 0.019685,
        -0.147214 -0.210256 0.019685,
        0.020951 -0.209055 0.019685,
        0.044957 -0.210256 0.019685,
        0.020951 -0.187450 0.019685,
        0.025752 -0.033810 0.019685,
        -0.785137 0.298427 0.019685,
        -0.809771 0.313906 0.019685,
        -1.366142 1.011811 0.019685,
        -0.053468 -0.101028 0.019685,
        -0.053468 -0.033810 0.019685,
        0.016150 -0.101028 0.019685,
        0.016150 -0.122633 0.019685,
        -0.053468 -0.122633 0.019685,
        -0.053468 -0.187450 0.019685,
        -0.749087 0.253221 0.019685,
        -0.764565 0.277855 0.019685,
        -0.382352 -0.012205 0.019685,
        -0.837231 0.323514 0.019685,
        -0.866142 0.326772 0.019685,
        -1.366142 0.326772 0.019685,
        -0.183766 -0.187679 0.019685,
        -0.198423 -0.182381 0.019685,
        -0.212370 -0.173031 0.019685,
        -0.224203 -0.159843 0.019685,
        -0.232236 -0.144617 0.019685,
        -0.237444 -0.123304 0.019685,
        -0.238316 -0.108530 0.019685,
        -0.236326 -0.087235 0.019685,
        -0.230982 -0.070303 0.019685,
        -0.168810 -0.031410 0.019685,
        -0.213644 -0.046973 0.019685,
        -0.187078 -0.033447 0.019685,
        -0.201556 -0.038768 0.019685,
        -0.222798 -0.056630 0.019685,
        -0.142680 -0.034310 0.019685,
        -0.736220 -0.210256 0.019685,
        -0.736220 0.196850 0.019685,
        -0.739478 0.225761 0.019685,
        -0.254318 -0.157290 0.019685,
        -0.242570 -0.175930 0.019685,
        -0.355946 -0.209055 0.019685,
        -0.225391 -0.192449 0.019685,
        -0.206991 -0.203176 0.019685,
        0.044957 1.011811 0.019685,
        0.025752 -0.012205 0.019685,
        -0.079875 -0.012205 0.019685,
        -0.185396 -0.209661 0.019685,
        -0.178511 -0.210256 0.019685,
        -0.382352 -0.209055 0.019685,
        -0.355946 -0.033810 0.019685,
        -0.264722 -0.106917 0.019685,
        -0.261894 -0.134865 0.019685,
        -0.215785 -0.018868 0.019685,
        -0.231768 -0.029120 0.019685,
        -0.281527 -0.012205 0.019685,
        -0.246176 -0.044300 0.019685,
        -0.281527 -0.033810 0.019685,
        -0.256687 -0.062826 0.019685,
        -0.262788 -0.083947 0.019685,
        -0.118285 -0.022407 0.019685,
        -0.139268 -0.013792 0.019685,
        -0.167066 -0.009896 0.019685,
        -0.172449 -0.009804 0.019685,
        -0.196670 -0.012315 0.019685,
        -1.366142 -1.248031 0.019685,
        -1.366142 -0.562992 0.019685,
        -0.866142 -0.562992 0.019685,
        -0.801181 -0.545586 0.019685,
        -0.774274 -0.524939 0.019685,
        0.044957 -1.248031 0.019685,
        -0.832516 -0.558565 0.019685,
        -0.164609 -0.211456 0.019685,
        -0.753627 -0.498031 0.019685,
        -0.740647 -0.466697 0.019685,
        -0.736220 -0.433071 0.019685,
        0.753627 -0.498031 0.019685,
        0.774274 -0.524939 0.019685,
        0.801181 -0.545586 0.019685,
        0.832516 -0.558565 0.019685,
        1.366142 -1.248031 0.019685,
        0.866142 -0.562992 0.019685,
        1.366142 -0.562992 0.019685,
        0.385844 -0.012205 0.019685,
        0.365927 -0.067419 0.019685,
        0.284606 -0.067419 0.019685,
        0.117688 -0.012205 0.019685,
        0.064162 -0.012205 0.019685,
        0.311425 -0.209055 0.019685,
        0.171196 -0.197929 0.019685,
        0.190696 -0.185239 0.019685,
        0.237006 -0.012205 0.019685,
        0.165290 -0.021333 0.019685,
        0.142629 -0.014439 0.019685,
        0.337832 -0.209055 0.019685,
        1.366142 0.326772 0.019685,
        0.866142 0.326772 0.019685,
        1.366142 1.011811 0.019685,
        0.837231 0.323514 0.019685,
        0.809771 0.313906 0.019685,
        0.785137 0.298427 0.019685,
        0.764565 0.277855 0.019685,
        0.265813 -0.012205 0.019685,
        0.749087 0.253221 0.019685,
        0.739478 0.225761 0.019685,
        0.212801 -0.066250 0.019685,
        0.201758 -0.048888 0.019685,
        0.185669 -0.033333 0.019685,
        0.064162 -0.209055 0.019685,
        0.119713 -0.209055 0.019685,
        0.148153 -0.206015 0.019685,
        0.414652 -0.012205 0.019685,
        0.736220 0.196850 0.019685,
        0.736220 -0.210256 0.019685,
        0.736220 -0.433071 0.019685,
        0.740647 -0.466697 0.019685,
        0.198341 -0.178152 0.019685,
        0.210144 -0.162737 0.019685,
        0.218434 -0.143630 0.019685,
        0.222227 -0.122834 0.019685,
        0.222602 -0.113106 0.019685,
        0.219845 -0.086765 0.019685,
      ]
    }
    coordIndex [
      0, 1, 2, -1,
      3, 4, 5, -1,
      5, 4, 6, -1,
      5, 6, 7, -1,
      0, 2, 8, -1,
      2, 9, 10, -1,
      10, 9, 11, -1,
      10, 11, 12, -1,
      13, 14, 15, -1,
      16, 17, 18, -1,
      18, 17, 12, -1,
      18, 12, 19, -1,
      19, 12, 11, -1,
      19, 11, 20, -1,
      20, 11, 21, -1,
      22, 23, 24, -1,
      14, 25, 15, -1,
      15, 25, 26, -1,
      15, 26, 27, -1,
      3, 28, 4, -1,
      4, 28, 29, -1,
      4, 29, 30, -1,
      30, 31, 4, -1,
      4, 31, 32, -1,
      4, 32, 33, -1,
      33, 34, 4, -1,
      4, 34, 35, -1,
      4, 35, 36, -1,
      37, 38, 39, -1,
      39, 38, 40, -1,
      36, 41, 4, -1,
      4, 41, 38, -1,
      4, 38, 42, -1,
      42, 38, 37, -1,
      43, 44, 24, -1,
      24, 44, 45, -1,
      24, 45, 22, -1,
      46, 47, 48, -1,
      48, 47, 49, -1,
      48, 49, 50, -1,
      51, 52, 53, -1,
      50, 54, 48, -1,
      48, 54, 55, -1,
      48, 55, 56, -1,
      57, 58, 48, -1,
      48, 58, 59, -1,
      48, 59, 46, -1,
      60, 61, 62, -1,
      62, 61, 63, -1,
      62, 63, 64, -1,
      64, 63, 65, -1,
      64, 65, 57, -1,
      57, 65, 66, -1,
      57, 66, 58, -1,
      23, 13, 24, -1,
      24, 13, 15, -1,
      24, 15, 62, -1,
      62, 15, 51, -1,
      62, 51, 60, -1,
      1, 7, 2, -1,
      2, 7, 6, -1,
      2, 6, 53, -1,
      53, 6, 67, -1,
      53, 67, 51, -1,
      51, 67, 68, -1,
      51, 68, 69, -1,
      69, 70, 51, -1,
      51, 70, 71, -1,
      51, 71, 60, -1,
      72, 73, 74, -1,
      75, 76, 77, -1,
      72, 74, 77, -1,
      77, 74, 78, -1,
      77, 78, 75, -1,
      2, 10, 8, -1,
      8, 10, 77, -1,
      8, 77, 79, -1,
      76, 80, 77, -1,
      77, 80, 81, -1,
      77, 81, 79, -1,
      79, 81, 82, -1,
      79, 82, 55, -1,
      55, 82, 43, -1,
      55, 43, 56, -1,
      56, 43, 24, -1,
      83, 84, 77, -1,
      84, 85, 77, -1,
      77, 85, 86, -1,
      77, 86, 87, -1,
      87, 86, 88, -1,
      87, 88, 89, -1,
      90, 91, 92, -1,
      93, 94, 51, -1,
      51, 94, 10, -1,
      51, 10, 52, -1,
      52, 10, 12, -1,
      95, 96, 97, -1,
      98, 99, 100, -1,
      10, 95, 101, -1,
      102, 103, 104, -1,
      104, 103, 105, -1,
      104, 105, 106, -1,
      107, 108, 109, -1,
      109, 108, 110, -1,
      109, 110, 111, -1,
      112, 113, 98, -1,
      98, 113, 114, -1,
      98, 114, 99, -1,
      106, 107, 104, -1,
      104, 107, 109, -1,
      104, 109, 51, -1,
      51, 109, 98, -1,
      51, 98, 93, -1,
      93, 98, 100, -1,
      94, 115, 10, -1,
      10, 115, 116, -1,
      10, 116, 95, -1,
      95, 116, 117, -1,
      95, 117, 96, -1,
      92, 109, 90, -1,
      90, 109, 111, -1,
      90, 111, 118, -1,
      118, 111, 119, -1,
      118, 119, 101, -1,
      101, 119, 120, -1,
      101, 120, 10, -1,
      10, 120, 121, -1,
      10, 121, 77, -1,
      77, 121, 122, -1,
      77, 122, 83, -1,
      97, 123, 95, -1,
      95, 123, 124, -1,
      95, 124, 125, -1,
      125, 126, 95, -1,
      95, 126, 127, -1,
      95, 127, 98, -1,
      98, 127, 128, -1,
      98, 128, 112, -1,
    ]
  }
}

Shape {
  appearance Appearance {
    material Material {
      diffuseColor 0.1765 0.1765 0.1765
      specularColor 0.0118 0.0118 0.0118
      ambientIntensity 0.2
      transparency 0.0000
      shininess 0.5
    }
  }
  geometry IndexedFaceSet {
    ccw TRUE
    solid FALSE
    coord DEF co Coordinate {
      point [
        1.141732 -0.403113 0.767717,
        1.181102 -0.403113 0.767717,
        1.181102 0.807087 0.767717,
        1.181102 -0.551181 0.767717,
        1.141732 -0.551181 0.767717,
        0.703740 -0.551181 0.767717,
        0.703740 -0.403113 0.767717,
        0.393701 -0.551181 0.767717,
        0.393701 -0.403113 0.767717,
        0.196850 -0.551181 0.767717,
        0.196850 -0.403113 0.767717,
        0.000000 -0.551181 0.767717,
        0.000000 -0.403113 0.767717,
        -0.196850 -0.551181 0.767717,
        -0.196850 -0.403113 0.767717,
        -0.393701 -0.551181 0.767717,
        -0.393701 -0.403113 0.767717,
        -0.703740 -0.551181 0.767717,
        -0.703740 -0.403113 0.767717,
        -1.181102 -0.551181 0.767717,
        -1.181102 -0.403113 0.767717,
        -1.102362 0.729207 0.767717,
        -1.181102 0.807087 0.767717,
        -1.102362 -0.255044 0.767717,
        -0.866142 -0.255044 0.767717,
        -0.866142 0.729207 0.767717,
        -0.703740 0.807087 0.767717,
        -0.541339 0.729207 0.767717,
        -0.541339 -0.255044 0.767717,
        -0.442913 -0.255044 0.767717,
        -0.442913 0.729207 0.767717,
        -0.393701 0.807087 0.767717,
        -0.344488 0.729207 0.767717,
        -0.344488 -0.255044 0.767717,
        -0.246063 -0.255044 0.767717,
        -0.246063 0.729207 0.767717,
        -0.196850 0.807087 0.767717,
        -0.147638 0.729207 0.767717,
        -0.147638 -0.255044 0.767717,
        -0.049213 -0.255044 0.767717,
        -0.049213 0.729207 0.767717,
        0.000000 0.807087 0.767717,
        0.049213 0.729207 0.767717,
        0.049213 -0.255044 0.767717,
        0.147638 -0.255044 0.767717,
        0.147638 0.729207 0.767717,
        0.196850 0.807087 0.767717,
        0.246063 0.729207 0.767717,
        0.246063 -0.255044 0.767717,
        0.344488 -0.255044 0.767717,
        0.344488 0.729207 0.767717,
        0.393701 0.807087 0.767717,
        0.442913 0.729207 0.767717,
        0.442913 -0.255044 0.767717,
        0.541339 -0.255044 0.767717,
        0.541339 0.729207 0.767717,
        0.703740 0.807087 0.767717,
        1.141732 0.807087 0.767717,
        1.102362 -0.255044 0.767717,
        0.866142 -0.255044 0.767717,
        0.866142 0.729207 0.767717,
        1.102362 0.729207 0.767717,
        -0.649606 -1.673228 0.078740,
        -0.728346 -1.673228 0.078740,
        -1.366142 -1.653543 0.078740,
        -1.043307 -1.673228 0.078740,
        -1.043307 -1.850394 0.078740,
        -1.190945 -1.850394 0.078740,
        0.885827 -1.673228 0.078740,
        0.885827 -1.850394 0.078740,
        0.728346 -1.850394 0.078740,
        -0.531496 -1.673228 0.078740,
        -0.531496 -1.850394 0.078740,
        -0.649606 -1.850394 0.078740,
        -1.348425 -1.850394 0.078740,
        -1.366142 -1.850394 0.078740,
        -1.348425 -1.673228 0.078740,
        -1.190945 -1.673228 0.078740,
        0.452756 -1.673228 0.078740,
        0.452756 -1.850394 0.078740,
        0.334646 -1.850394 0.078740,
        -0.728346 -1.850394 0.078740,
        -0.885827 -1.850394 0.078740,
        -0.885827 -1.673228 0.078740,
        -0.137795 -1.673228 0.078740,
        -0.137795 -1.850394 0.078740,
        -0.255906 -1.850394 0.078740,
        -0.334646 -1.850394 0.078740,
        -0.452756 -1.850394 0.078740,
        -0.334646 -1.673228 0.078740,
        -0.452756 -1.673228 0.078740,
        1.366142 -1.850394 0.078740,
        1.348425 -1.850394 0.078740,
        1.366142 -1.653543 0.078740,
        1.348425 -1.673228 0.078740,
        1.190945 -1.673228 0.078740,
        0.728346 -1.673228 0.078740,
        0.649606 -1.673228 0.078740,
        1.043307 -1.673228 0.078740,
        1.043307 -1.850394 0.078740,
        1.190945 -1.850394 0.078740,
        0.334646 -1.673228 0.078740,
        0.255906 -1.673228 0.078740,
        0.649606 -1.850394 0.078740,
        0.531496 -1.850394 0.078740,
        0.531496 -1.673228 0.078740,
        -0.255906 -1.673228 0.078740,
        0.255906 -1.850394 0.078740,
        0.137795 -1.850394 0.078740,
        0.137795 -1.673228 0.078740,
        0.059055 -1.673228 0.078740,
        -0.059055 -1.673228 0.078740,
        -0.059055 -1.850394 0.078740,
        0.059055 -1.850394 0.078740,
      ]
    }
    coordIndex [
      0, 1, 2, -1,
      3, 1, 4, -1,
      4, 1, 0, -1,
      4, 0, 5, -1,
      5, 0, 6, -1,
      5, 6, 7, -1,
      7, 6, 8, -1,
      7, 8, 9, -1,
      9, 8, 10, -1,
      9, 10, 11, -1,
      11, 10, 12, -1,
      11, 12, 13, -1,
      13, 12, 14, -1,
      13, 14, 15, -1,
      15, 14, 16, -1,
      15, 16, 17, -1,
      17, 16, 18, -1,
      17, 18, 19, -1,
      19, 18, 20, -1,
      21, 22, 23, -1,
      23, 22, 20, -1,
      23, 20, 24, -1,
      24, 20, 18, -1,
      24, 18, 25, -1,
      25, 18, 26, -1,
      25, 26, 21, -1,
      21, 26, 22, -1,
      27, 26, 28, -1,
      28, 26, 18, -1,
      28, 18, 29, -1,
      29, 18, 16, -1,
      29, 16, 30, -1,
      30, 16, 31, -1,
      30, 31, 27, -1,
      27, 31, 26, -1,
      32, 31, 33, -1,
      33, 31, 16, -1,
      33, 16, 34, -1,
      34, 16, 14, -1,
      34, 14, 35, -1,
      35, 14, 36, -1,
      35, 36, 32, -1,
      32, 36, 31, -1,
      37, 36, 38, -1,
      38, 36, 14, -1,
      38, 14, 39, -1,
      39, 14, 12, -1,
      39, 12, 40, -1,
      40, 12, 41, -1,
      40, 41, 37, -1,
      37, 41, 36, -1,
      42, 41, 43, -1,
      43, 41, 12, -1,
      43, 12, 44, -1,
      44, 12, 10, -1,
      44, 10, 45, -1,
      45, 10, 46, -1,
      45, 46, 42, -1,
      42, 46, 41, -1,
      47, 46, 48, -1,
      48, 46, 10, -1,
      48, 10, 49, -1,
      49, 10, 8, -1,
      49, 8, 50, -1,
      50, 8, 51, -1,
      50, 51, 47, -1,
      47, 51, 46, -1,
      52, 51, 53, -1,
      53, 51, 8, -1,
      53, 8, 54, -1,
      54, 8, 6, -1,
      54, 6, 55, -1,
      55, 6, 56, -1,
      55, 56, 52, -1,
      52, 56, 51, -1,
      2, 57, 0, -1,
      0, 57, 58, -1,
      0, 58, 6, -1,
      6, 58, 59, -1,
      6, 59, 56, -1,
      56, 59, 60, -1,
      56, 60, 57, -1,
      57, 60, 61, -1,
      57, 61, 58, -1,
      62, 63, 64, -1,
      65, 66, 67, -1,
      68, 69, 70, -1,
      71, 72, 73, -1,
      74, 75, 76, -1,
      76, 75, 64, -1,
      76, 64, 77, -1,
      78, 79, 80, -1,
      81, 82, 63, -1,
      63, 82, 83, -1,
      63, 83, 64, -1,
      64, 83, 65, -1,
      64, 65, 77, -1,
      77, 65, 67, -1,
      84, 85, 86, -1,
      87, 88, 89, -1,
      89, 88, 90, -1,
      91, 92, 93, -1,
      93, 92, 94, -1,
      93, 94, 95, -1,
      96, 97, 93, -1,
      70, 96, 68, -1,
      68, 96, 93, -1,
      68, 93, 98, -1,
      98, 93, 95, -1,
      98, 95, 99, -1,
      99, 95, 100, -1,
      101, 102, 93, -1,
      103, 104, 97, -1,
      97, 104, 105, -1,
      97, 105, 93, -1,
      93, 105, 78, -1,
      93, 78, 101, -1,
      101, 78, 80, -1,
      73, 62, 71, -1,
      71, 62, 64, -1,
      71, 64, 90, -1,
      90, 64, 93, -1,
      90, 93, 89, -1,
      89, 93, 106, -1,
      107, 108, 102, -1,
      102, 108, 109, -1,
      102, 109, 93, -1,
      93, 109, 110, -1,
      86, 106, 84, -1,
      84, 106, 93, -1,
      84, 93, 111, -1,
      111, 93, 110, -1,
      111, 110, 112, -1,
      112, 110, 113, -1,
    ]
  }
}

Shape {
  appearance Appearance {
    material Material {
      diffuseColor 0.8510 0.8510 0.8510
      specularColor 0.6824 0.6824 0.6824
      ambientIntensity 0.2
      transparency 0.0000
      shininess 0.5
    }
  }
  geometry IndexedFaceSet {
    ccw TRUE
    solid FALSE
    coord DEF co Coordinate {
      point [
        1.641732 -1.838583 0.295276,
        1.641732 -1.448819 0.295276,
        1.641732 -1.838583 -0.177165,
        1.641732 -1.448819 -0.177165,
        1.641732 -1.453782 -0.214867,
        1.641732 -1.468335 -0.250000,
        1.641732 -1.491484 -0.280169,
        1.641732 -1.521654 -0.303319,
        1.641732 -1.730615 -0.317871,
        1.641732 -1.765748 -0.303319,
        1.641732 -1.795917 -0.280169,
        1.641732 -1.556786 -0.317871,
        1.641732 -1.594488 -0.322835,
        1.641732 -1.692913 -0.322835,
        1.641732 -1.833619 -0.214867,
        1.641732 -1.819067 -0.250000,
        -0.452756 -1.838583 1.161417,
        -0.486227 -1.838583 1.161417,
        -0.486227 -1.546998 1.161417,
        -0.469079 -1.543392 1.161417,
        -0.453339 -1.535687 1.161417,
        -0.452756 -1.535302 1.161417,
        0.486227 -1.546998 1.161417,
        0.486227 -1.838583 1.161417,
        0.469079 -1.543392 1.161417,
        0.452756 -1.838583 1.161417,
        0.453339 -1.535687 1.161417,
        0.452756 -1.535302 1.161417,
      ]
    }
    coordIndex [
      0, 1, 2, -1,
      2, 1, 3, -1,
      4, 5, 3, -1,
      3, 5, 6, -1,
      3, 6, 7, -1,
      8, 9, 10, -1,
      7, 11, 3, -1,
      3, 11, 12, -1,
      3, 12, 2, -1,
      2, 12, 13, -1,
      2, 13, 14, -1,
      14, 13, 8, -1,
      14, 8, 15, -1,
      15, 8, 10, -1,
      16, 17, 18, -1,
      18, 19, 16, -1,
      16, 19, 20, -1,
      16, 20, 21, -1,
      22, 23, 24, -1,
      24, 23, 25, -1,
      24, 25, 26, -1,
      26, 25, 27, -1,
    ]
  }
}

Shape {
  appearance Appearance {
    material Material {
      diffuseColor 0.1765 0.1765 0.1765
      specularColor 0.0118 0.0118 0.0118
      ambientIntensity 0.2
      transparency 0.0000
      shininess 0.5
    }
  }
  geometry IndexedFaceSet {
    ccw TRUE
    solid FALSE
    coord DEF co Coordinate {
      point [
        -0.452756 -1.515748 0.759843,
        -0.452756 -1.515748 1.161417,
        -1.220472 -1.515748 0.759843,
        -1.220472 -1.515748 1.161417,
        1.220472 -1.515748 0.759843,
        1.220472 -1.515748 1.161417,
        0.452756 -1.515748 0.759843,
        0.452756 -1.515748 1.161417,
      ]
    }
    coordIndex [
      0, 1, 2, -1,
      2, 1, 3, -1,
      4, 5, 6, -1,
      6, 5, 7, -1,
    ]
  }
}

Shape {
  appearance Appearance {
    material Material {
      diffuseColor 0.8510 0.8510 0.8510
      specularColor 0.6824 0.6824 0.6824
      ambientIntensity 0.2
      transparency 0.0000
      shininess 0.5
    }
  }
  geometry IndexedFaceSet {
    ccw TRUE
    solid FALSE
    coord DEF co Coordinate {
      point [
        -0.785137 0.298427 0.019685,
        -0.809771 0.313906 0.019685,
        -1.366142 1.011811 0.019685,
        -0.749087 0.253221 0.019685,
        -0.764565 0.277855 0.019685,
        -0.837231 0.323514 0.019685,
        -0.866142 0.326772 0.019685,
        -1.366142 0.326772 0.019685,
        -0.736220 0.196850 0.019685,
        -0.739478 0.225761 0.019685,
        -1.366142 -1.248031 0.019685,
        -1.366142 -0.562992 0.019685,
        -0.866142 -0.562992 0.019685,
        -0.801181 -0.545586 0.019685,
        -0.774274 -0.524939 0.019685,
        -0.832516 -0.558565 0.019685,
        -0.753627 -0.498031 0.019685,
        -0.740647 -0.466697 0.019685,
        -0.736220 -0.433071 0.019685,
        0.753627 -0.498031 0.019685,
        0.774274 -0.524939 0.019685,
        0.801181 -0.545586 0.019685,
        0.832516 -0.558565 0.019685,
        1.366142 -1.248031 0.019685,
        0.866142 -0.562992 0.019685,
        1.366142 -0.562992 0.019685,
        1.366142 0.326772 0.019685,
        0.866142 0.326772 0.019685,
        1.366142 1.011811 0.019685,
        0.837231 0.323514 0.019685,
        0.809771 0.313906 0.019685,
        0.785137 0.298427 0.019685,
        0.764565 0.277855 0.019685,
        0.749087 0.253221 0.019685,
        0.739478 0.225761 0.019685,
        0.736220 0.196850 0.019685,
        0.736220 -0.433071 0.019685,
        0.740647 -0.466697 0.019685,
        1.641732 -1.838583 0.295276,
        1.641732 -1.448819 0.295276,
        1.641732 -1.838583 -0.177165,
        1.641732 -1.448819 -0.177165,
        1.641732 -1.453782 -0.214867,
        1.641732 -1.468335 -0.250000,
        1.641732 -1.491484 -0.280169,
        1.641732 -1.521654 -0.303319,
        1.641732 -1.730615 -0.317871,
        1.641732 -1.765748 -0.303319,
        1.641732 -1.795917 -0.280169,
        1.641732 -1.556786 -0.317871,
        1.641732 -1.594488 -0.322835,
        1.641732 -1.692913 -0.322835,
        1.641732 -1.833619 -0.214867,
        1.641732 -1.819067 -0.250000,
        -0.452756 -1.838583 1.161417,
        -0.486227 -1.838583 1.161417,
        -0.486227 -1.546998 1.161417,
        -0.469079 -1.543392 1.161417,
        -0.453339 -1.535687 1.161417,
        -0.452756 -1.535302 1.161417,
        0.486227 -1.546998 1.161417,
        0.486227 -1.838583 1.161417,
        0.469079 -1.543392 1.161417,
        0.452756 -1.838583 1.161417,
        0.453339 -1.535687 1.161417,
        0.452756 -1.535302 1.161417,
        -1.641732 -1.448819 0.295276,
        -1.641732 -1.838583 0.295276,
        -1.641732 -1.448819 -0.177165,
        -1.641732 -1.838583 -0.177165,
        -1.641732 -1.833619 -0.214867,
        -1.641732 -1.819067 -0.250000,
        -1.641732 -1.795917 -0.280169,
        -1.641732 -1.765748 -0.303319,
        -1.641732 -1.730615 -0.317871,
        -1.641732 -1.692913 -0.322835,
        -1.641732 -1.594488 -0.322835,
        -1.641732 -1.556786 -0.317871,
        -1.641732 -1.468335 -0.250000,
        -1.641732 -1.453782 -0.214867,
        -1.641732 -1.491484 -0.280169,
        -1.641732 -1.521654 -0.303319,
        -1.641732 1.011811 0.885827,
        -1.641732 0.281496 0.570546,
        -1.641732 0.300250 0.556155,
        -1.641732 -0.559907 0.515562,
        -1.641732 -0.550861 0.537402,
        -1.641732 -0.570866 0.885827,
        -1.641732 -0.536470 0.556155,
        -1.641732 -0.517717 0.570546,
        -1.641732 -0.495877 0.579592,
        -1.641732 -0.472441 0.582677,
        -1.641732 0.145669 0.492126,
        -1.641732 0.148755 0.515562,
        -1.641732 -0.449005 0.579592,
        -1.641732 0.172191 0.556155,
        -1.641732 0.190945 0.570546,
        -1.641732 0.212784 0.579592,
        -1.641732 0.236220 0.582677,
        -1.641732 0.259657 0.579592,
        -1.641732 0.314640 0.537402,
        -1.641732 0.323686 0.515562,
        -1.641732 1.011811 0.413386,
        -1.641732 0.326772 0.492126,
        -1.641732 0.326772 0.413386,
        -1.641732 -0.562992 0.492126,
        -1.641732 -0.570866 0.413386,
        -1.641732 -0.562992 0.413386,
        -1.641732 0.157801 0.537402,
        -1.641732 -0.427165 0.570546,
        -1.641732 -0.408411 0.556155,
        -1.641732 -0.394021 0.537402,
        -1.641732 -0.158815 0.026365,
        -1.641732 -0.151660 0.016146,
        -1.641732 -0.147190 0.004500,
        -1.641732 0.145669 -0.177165,
        -1.641732 -0.145669 -0.007882,
        -1.641732 -0.145669 -0.177165,
        -1.641732 -0.140706 -0.214867,
        -1.641732 -0.363756 0.107332,
        -1.641732 -0.179345 0.040212,
        -1.641732 -0.168230 0.034549,
        -1.641732 0.072835 -0.303319,
        -1.641732 0.103004 -0.280169,
        -1.641732 0.126153 -0.250000,
        -1.641732 -0.378664 0.120291,
        -1.641732 -0.374811 0.114789,
        -1.641732 -0.381071 0.126562,
        -1.641732 -0.381890 0.133230,
        -1.641732 -0.384975 0.515562,
        -1.641732 -0.381890 0.492126,
        -1.641732 -0.369742 0.110382,
        -1.641732 -0.126153 -0.250000,
        -1.641732 -0.103004 -0.280169,
        -1.641732 0.140706 -0.214867,
        -1.641732 -0.072835 -0.303319,
        -1.641732 -0.037702 -0.317871,
        -1.641732 0.000000 -0.322835,
        -1.641732 0.037702 -0.317871,
        -1.366142 1.011811 1.161417,
        1.366142 1.011811 1.161417,
        -1.366142 -0.570866 1.161417,
        1.366142 -0.570866 1.161417,
        1.641732 -0.562992 0.413386,
        1.641732 -0.570866 0.413386,
        1.641732 -0.562992 0.492126,
        1.641732 -0.570866 0.885827,
        1.641732 0.323686 0.515562,
        1.641732 0.314640 0.537402,
        1.641732 1.011811 0.885827,
        1.641732 0.300250 0.556155,
        1.641732 0.281496 0.570546,
        1.641732 0.259657 0.579592,
        1.641732 -0.449005 0.579592,
        1.641732 -0.427165 0.570546,
        1.641732 -0.517717 0.570546,
        1.641732 -0.536470 0.556155,
        1.641732 -0.384975 0.515562,
        1.641732 -0.394021 0.537402,
        1.641732 0.148755 0.515562,
        1.641732 -0.472441 0.582677,
        1.641732 -0.495877 0.579592,
        1.641732 -0.550861 0.537402,
        1.641732 -0.559907 0.515562,
        1.641732 0.326772 0.492126,
        1.641732 1.011811 0.413386,
        1.641732 0.326772 0.413386,
        1.641732 -0.381890 0.492126,
        1.641732 0.172191 0.556155,
        1.641732 0.157801 0.537402,
        1.641732 -0.408411 0.556155,
        1.641732 0.236220 0.582677,
        1.641732 0.212784 0.579592,
        1.641732 0.190945 0.570546,
        1.641732 0.145669 -0.177165,
        1.641732 -0.145669 -0.007882,
        1.641732 0.145669 0.492126,
        1.641732 -0.147190 0.004500,
        1.641732 -0.151660 0.016146,
        1.641732 -0.037702 -0.317871,
        1.641732 -0.072835 -0.303319,
        1.641732 0.140706 -0.214867,
        1.641732 -0.103004 -0.280169,
        1.641732 -0.126153 -0.250000,
        1.641732 -0.140706 -0.214867,
        1.641732 -0.145669 -0.177165,
        1.641732 0.072835 -0.303319,
        1.641732 0.103004 -0.280169,
        1.641732 0.126153 -0.250000,
        1.641732 0.037702 -0.317871,
        1.641732 0.000000 -0.322835,
        1.641732 -0.158815 0.026365,
        1.641732 -0.168230 0.034549,
        1.641732 -0.179345 0.040212,
        1.641732 -0.363756 0.107332,
        1.641732 -0.374811 0.114789,
        1.641732 -0.378664 0.120291,
        1.641732 -0.369742 0.110382,
        1.641732 -0.381071 0.126562,
        1.641732 -0.381890 0.133230,
        -0.832516 -0.558565 0.137795,
        -0.866142 -0.562992 0.137795,
        0.753627 -0.498031 0.137795,
        1.366142 -0.570866 0.137795,
        1.366142 -0.562992 0.137795,
        0.866142 -0.562992 0.137795,
        0.866142 0.326772 0.137795,
        1.366142 0.326772 0.137795,
        1.366142 1.011811 0.137795,
        -1.366142 -0.570866 0.137795,
        -0.740647 -0.466697 0.137795,
        -0.753627 -0.498031 0.137795,
        -1.366142 -0.562992 0.137795,
        -0.774274 -0.524939 0.137795,
        -0.801181 -0.545586 0.137795,
        0.832516 -0.558565 0.137795,
        0.801181 -0.545586 0.137795,
        0.774274 -0.524939 0.137795,
        -1.366142 1.011811 0.137795,
        -1.366142 0.326772 0.137795,
        -0.866142 0.326772 0.137795,
        0.749087 0.253221 0.137795,
        0.764565 0.277855 0.137795,
        0.785137 0.298427 0.137795,
        0.809771 0.313906 0.137795,
        0.837231 0.323514 0.137795,
        -0.837231 0.323514 0.137795,
        -0.809771 0.313906 0.137795,
        -0.785137 0.298427 0.137795,
        -0.764565 0.277855 0.137795,
        0.740647 -0.466697 0.137795,
        0.736220 -0.433071 0.137795,
        -0.736220 -0.433071 0.137795,
        -0.736220 0.196850 0.137795,
        -0.749087 0.253221 0.137795,
        -0.739478 0.225761 0.137795,
        0.739478 0.225761 0.137795,
        0.736220 0.196850 0.137795,
        -0.486227 -1.850394 1.267717,
        -0.486227 -1.850394 1.173228,
        0.486227 -1.850394 1.267717,
        0.486227 -1.850394 1.173228,
        -1.279528 -1.850394 1.173228,
        -1.279528 -1.850394 1.267717,
        -1.366142 -1.850394 1.173228,
        -1.366142 -1.850394 1.267717,
        -1.422211 -1.850394 1.167706,
        -1.432456 -1.850394 1.261915,
        -1.476126 -1.850394 1.151351,
        -1.496756 -1.850394 1.244686,
        -1.525813 -1.850394 1.124793,
        -1.557087 -1.850394 1.216553,
        -1.569365 -1.850394 1.089050,
        -1.748031 -1.850394 -0.177165,
        -1.653543 -1.850394 -0.177165,
        -1.748031 -1.850394 0.885827,
        -1.653543 -1.850394 0.885827,
        -1.742230 -1.850394 0.952141,
        -1.648021 -1.850394 0.941896,
        -1.725001 -1.850394 1.016441,
        -1.631666 -1.850394 0.995811,
        -1.696868 -1.850394 1.076772,
        -1.605107 -1.850394 1.045498,
        -1.658686 -1.850394 1.131301,
        -1.611616 -1.850394 1.178371,
        -1.748031 -1.338583 0.570866,
        -1.653543 -1.338583 0.570866,
        -1.748031 -1.358268 0.570866,
        -1.653543 -1.358268 0.570866,
        1.748031 -1.358268 0.570866,
        1.653543 -1.358268 0.570866,
        1.748031 -1.338583 0.570866,
        1.653543 -1.338583 0.570866,
        -1.434507 -0.562992 0.025666,
        -1.434507 -1.248031 0.025666,
        -1.453432 -0.562992 0.030737,
        -1.453432 -1.248031 0.030737,
        -1.500795 -0.562992 0.043428,
        -1.500795 -1.248031 0.043428,
        -1.536342 -0.562992 0.060004,
        -1.536342 -1.248031 0.060004,
        -1.562992 -0.562992 0.072431,
        -1.562992 -1.248031 0.072431,
        -1.611189 -0.562992 0.106179,
        -1.611189 -1.248031 0.106179,
        -1.619208 -0.562992 0.111794,
        -1.619208 -1.248031 0.111794,
        -1.667734 -0.562992 0.160320,
        -1.667734 -1.248031 0.160320,
        -1.673348 -0.562992 0.168338,
        -1.673348 -1.248031 0.168338,
        -1.707097 -0.562992 0.216535,
        -1.707097 -1.248031 0.216535,
        -1.719524 -0.562992 0.243186,
        -1.719524 -1.248031 0.243186,
        -1.736100 -0.562992 0.278732,
        -1.736100 -1.248031 0.278732,
        -1.748790 -0.562992 0.326096,
        -1.748790 -1.248031 0.326096,
        -1.753861 -0.562992 0.345020,
        -1.753861 -1.248031 0.345020,
        -1.759843 -0.562992 0.413386,
        -1.759843 -1.248031 0.413386,
        -1.419907 -0.570866 0.143091,
        -1.419907 -0.562992 0.143091,
        -1.427278 -0.570866 0.145327,
        -1.427278 -0.562992 0.145327,
        -1.471606 -0.570866 0.158773,
        -1.471606 -0.562992 0.158773,
        -1.485206 -0.570866 0.166043,
        -1.485206 -0.562992 0.166043,
        -1.519252 -0.570866 0.184241,
        -1.519252 -0.562992 0.184241,
        -1.537145 -0.570866 0.198925,
        -1.537145 -0.562992 0.198925,
        -1.561014 -0.570866 0.218514,
        -1.561014 -0.562992 0.218514,
        -1.580602 -0.570866 0.242383,
        -1.580602 -0.562992 0.242383,
        -1.595287 -0.570866 0.260276,
        -1.595287 -0.562992 0.260276,
        -1.613485 -0.570866 0.294322,
        -1.613485 -0.562992 0.294322,
        -1.620754 -0.570866 0.307922,
        -1.620754 -0.562992 0.307922,
        -1.634201 -0.570866 0.352250,
        -1.634201 -0.562992 0.352250,
        -1.636437 -0.570866 0.359621,
        -1.636437 -0.562992 0.359621,
        1.279528 -1.850394 1.267717,
        1.279528 -1.850394 1.173228,
        1.366142 -1.850394 1.267717,
        1.366142 -1.850394 1.173228,
        1.432456 -1.850394 1.261915,
        1.422211 -1.850394 1.167706,
        1.496756 -1.850394 1.244686,
        1.476126 -1.850394 1.151351,
        1.557087 -1.850394 1.216553,
        1.525813 -1.850394 1.124793,
        1.611616 -1.850394 1.178371,
        1.569365 -1.850394 1.089050,
        1.653543 -1.850394 -0.177165,
        1.748031 -1.850394 -0.177165,
        1.653543 -1.850394 0.885827,
        1.748031 -1.850394 0.885827,
        1.648021 -1.850394 0.941896,
        1.742230 -1.850394 0.952141,
        1.631666 -1.850394 0.995811,
        1.725001 -1.850394 1.016441,
        1.605107 -1.850394 1.045498,
        1.696868 -1.850394 1.076772,
        1.658686 -1.850394 1.131301,
        1.419907 1.011811 0.143091,
        1.419907 0.326772 0.143091,
        1.427278 1.011811 0.145327,
        1.427278 0.326772 0.145327,
        1.471606 1.011811 0.158773,
        1.471606 0.326772 0.158773,
        1.485206 1.011811 0.166043,
        1.485206 0.326772 0.166043,
        1.519252 1.011811 0.184241,
        1.519252 0.326772 0.184241,
        1.537145 1.011811 0.198925,
        1.537145 0.326772 0.198925,
        1.561014 1.011811 0.218514,
        1.561014 0.326772 0.218514,
        1.580602 1.011811 0.242383,
        1.580602 0.326772 0.242383,
        1.595287 1.011811 0.260276,
        1.595287 0.326772 0.260276,
        1.613485 1.011811 0.294322,
        1.613485 0.326772 0.294322,
        1.620754 1.011811 0.307922,
        1.620754 0.326772 0.307922,
        1.634201 1.011811 0.352250,
        1.634201 0.326772 0.352250,
        1.636437 1.011811 0.359621,
        1.636437 0.326772 0.359621,
        1.759843 1.011811 0.413386,
        1.759843 0.326772 0.413386,
        1.753861 1.011811 0.345020,
        1.753861 0.326772 0.345020,
        1.748790 1.011811 0.326096,
        1.748790 0.326772 0.326096,
        1.736100 1.011811 0.278732,
        1.736100 0.326772 0.278732,
        1.719524 1.011811 0.243186,
        1.719524 0.326772 0.243186,
        1.707097 1.011811 0.216535,
        1.707097 0.326772 0.216535,
        1.673348 1.011811 0.168338,
        1.673348 0.326772 0.168338,
        1.667734 1.011811 0.160320,
        1.667734 0.326772 0.160320,
        1.619208 1.011811 0.111794,
        1.619208 0.326772 0.111794,
        1.611189 1.011811 0.106179,
        1.611189 0.326772 0.106179,
        1.562992 1.011811 0.072431,
        1.562992 0.326772 0.072431,
        1.536342 1.011811 0.060004,
        1.536342 0.326772 0.060004,
        1.500795 1.011811 0.043428,
        1.500795 0.326772 0.043428,
        1.453432 1.011811 0.030737,
        1.453432 0.326772 0.030737,
        1.434507 1.011811 0.025666,
        1.434507 0.326772 0.025666,
        1.525813 1.023622 1.124793,
        1.611616 1.023622 1.178371,
        1.569365 1.023622 1.089050,
        1.658686 1.023622 1.131301,
        1.605107 1.023622 1.045498,
        1.696868 1.023622 1.076772,
        1.631666 1.023622 0.995811,
        1.725001 1.023622 1.016441,
        1.648021 1.023622 0.941896,
        1.742230 1.023622 0.952141,
        1.653543 1.023622 0.885827,
        1.748031 1.023622 0.885827,
        1.653543 1.023622 0.413386,
        1.748031 1.023622 0.413386,
        1.648021 1.023622 0.357317,
        1.742230 1.023622 0.347071,
        1.631666 1.023622 0.303402,
        1.725001 1.023622 0.282772,
        1.605107 1.023622 0.253714,
        -1.605107 1.023622 1.045498,
        -1.658686 1.023622 1.131301,
        -1.569365 1.023622 1.089050,
        -1.611616 1.023622 1.178371,
        -1.525813 1.023622 1.124793,
        -1.557087 1.023622 1.216553,
        -1.476126 1.023622 1.151351,
        -1.496756 1.023622 1.244686,
        -1.422211 1.023622 1.167706,
        -1.432456 1.023622 1.261915,
        -1.366142 1.023622 1.173228,
        -1.366142 1.023622 1.267717,
        1.366142 1.023622 1.173228,
        1.366142 1.023622 1.267717,
        1.422211 1.023622 1.167706,
        1.432456 1.023622 1.261915,
        1.476126 1.023622 1.151351,
        1.496756 1.023622 1.244686,
        1.557087 1.023622 1.216553,
        -1.569365 1.023622 0.210162,
        -1.658686 1.023622 0.167912,
        -1.605107 1.023622 0.253714,
        -1.696868 1.023622 0.222441,
        -1.631666 1.023622 0.303402,
        -1.725001 1.023622 0.282772,
        -1.648021 1.023622 0.357317,
        -1.742230 1.023622 0.347071,
        -1.653543 1.023622 0.413386,
        -1.748031 1.023622 0.413386,
        -1.653543 1.023622 0.885827,
        -1.748031 1.023622 0.885827,
        -1.648021 1.023622 0.941896,
        -1.742230 1.023622 0.952141,
        -1.631666 1.023622 0.995811,
        -1.725001 1.023622 1.016441,
        -1.696868 1.023622 1.076772,
        1.696868 1.023622 0.222441,
        1.658686 1.023622 0.167912,
        1.569365 1.023622 0.210162,
        1.611616 1.023622 0.120841,
        1.525813 1.023622 0.174420,
        1.557087 1.023622 0.082659,
        1.476126 1.023622 0.147861,
        1.496756 1.023622 0.054527,
        1.422211 1.023622 0.131507,
        1.432456 1.023622 0.037298,
        1.366142 1.023622 0.125984,
        1.366142 1.023622 0.031496,
        -1.366142 1.023622 0.125984,
        -1.366142 1.023622 0.031496,
        -1.422211 1.023622 0.131507,
        -1.432456 1.023622 0.037298,
        -1.476126 1.023622 0.147861,
        -1.496756 1.023622 0.054527,
        -1.525813 1.023622 0.174420,
        -1.557087 1.023622 0.082659,
        -1.611616 1.023622 0.120841,
        1.366142 1.011811 1.279528,
        1.229869 -1.458037 1.279528,
        1.366142 -1.838583 1.279528,
        1.232283 -1.476378 1.279528,
        1.279528 -1.838583 1.279528,
        1.179759 -1.407926 1.279528,
        1.196850 -1.415006 1.279528,
        0.423674 -1.458037 1.279528,
        -0.456693 -1.415006 1.279528,
        -0.442016 -1.426268 1.279528,
        -1.196850 -1.415006 1.279528,
        -1.366142 1.011811 1.279528,
        -1.211527 -1.426268 1.279528,
        -1.222789 -1.440945 1.279528,
        1.161417 -1.405512 1.279528,
        1.211527 -1.426268 1.279528,
        1.222789 -1.440945 1.279528,
        0.486227 -1.838583 1.279528,
        0.486227 -1.546998 1.279528,
        0.469079 -1.543392 1.279528,
        -1.229869 -1.458037 1.279528,
        -1.366142 -1.838583 1.279528,
        -1.232283 -1.476378 1.279528,
        1.255906 -1.832253 1.279528,
        1.233893 -1.803567 1.279528,
        1.246121 -1.824745 1.279528,
        1.238613 -1.814961 1.279528,
        1.232283 -1.791339 1.279528,
        1.267300 -1.836973 1.279528,
        -0.486227 -1.838583 1.279528,
        0.453339 -1.535687 1.279528,
        0.439972 -1.524357 1.279528,
        -0.486227 -1.546998 1.279528,
        -0.469079 -1.543392 1.279528,
        -0.453339 -1.535687 1.279528,
        -1.179759 -1.407926 1.279528,
        -1.161417 -1.405512 1.279528,
        -0.492126 -1.405512 1.279528,
        0.442016 -1.426268 1.279528,
        0.456693 -1.415006 1.279528,
        0.473785 -1.407926 1.279528,
        0.492126 -1.405512 1.279528,
        -1.232283 -1.791339 1.279528,
        -1.279528 -1.838583 1.279528,
        -1.267300 -1.836973 1.279528,
        0.430754 -1.440945 1.279528,
        -0.473785 -1.407926 1.279528,
        -0.439972 -1.524357 1.279528,
        -0.429794 -1.510093 1.279528,
        0.429794 -1.510093 1.279528,
        0.423426 -1.493767 1.279528,
        -1.255906 -1.832253 1.279528,
        -1.246121 -1.824745 1.279528,
        -1.233893 -1.803567 1.279528,
        -1.238613 -1.814961 1.279528,
        -0.430754 -1.440945 1.279528,
        -0.423674 -1.458037 1.279528,
        0.421260 -1.476378 1.279528,
        -0.421260 -1.476378 1.279528,
        -0.423426 -1.493767 1.279528,
        1.759843 -0.449005 0.579592,
        1.759843 -0.427165 0.570546,
        1.759843 0.212784 0.579592,
        1.759843 0.281496 0.570546,
        1.759843 0.300250 0.556155,
        1.759843 1.011811 0.885827,
        1.759843 -0.550861 0.537402,
        1.759843 -0.536470 0.556155,
        1.759843 -1.838583 0.885827,
        1.759843 -0.472441 0.582677,
        1.759843 0.314640 0.537402,
        1.759843 0.323686 0.515562,
        1.759843 0.326772 0.492126,
        1.759843 -1.448819 -0.177165,
        1.759843 -1.448819 0.492126,
        1.759843 -1.445733 0.515562,
        1.759843 -1.436687 0.537402,
        1.759843 -0.517717 0.570546,
        1.759843 -0.495877 0.579592,
        1.759843 0.148755 0.515562,
        1.759843 0.157801 0.537402,
        1.759843 -0.394021 0.537402,
        1.759843 0.172191 0.556155,
        1.759843 0.236220 0.582677,
        1.759843 0.259657 0.579592,
        1.759843 -1.422297 0.556155,
        1.759843 -1.403543 0.570546,
        1.759843 -1.381704 0.579592,
        1.759843 -0.408411 0.556155,
        1.759843 0.190945 0.570546,
        1.759843 -1.293307 0.570546,
        1.759843 -1.274553 0.556155,
        1.759843 -0.559907 0.515562,
        1.759843 -1.260163 0.537402,
        1.759843 -1.453782 -0.214867,
        1.759843 -1.594488 -0.322835,
        1.759843 -1.692913 -0.322835,
        1.759843 -1.315146 0.579592,
        1.759843 -1.248031 0.492126,
        1.759843 -1.248031 0.413386,
        1.759843 -0.562992 0.413386,
        1.759843 -1.838583 -0.177165,
        1.759843 -1.833619 -0.214867,
        1.759843 -1.521654 -0.303319,
        1.759843 -1.491484 -0.280169,
        1.759843 -1.468335 -0.250000,
        1.759843 -1.358268 0.582677,
        1.759843 -1.338583 0.582677,
        1.759843 -1.251117 0.515562,
        1.759843 -0.562992 0.492126,
        1.759843 -1.765748 -0.303319,
        1.759843 -1.730615 -0.317871,
        1.759843 -1.795917 -0.280169,
        1.759843 -1.819067 -0.250000,
        1.759843 -0.179345 0.040212,
        1.759843 0.145669 0.492126,
        1.759843 -0.168230 0.034549,
        1.759843 -0.158815 0.026365,
        1.759843 -1.556786 -0.317871,
        1.759843 -0.384975 0.515562,
        1.759843 -0.381890 0.492126,
        1.759843 -0.381890 0.133230,
        1.759843 -0.363756 0.107332,
        1.759843 -0.151660 0.016146,
        1.759843 -0.147190 0.004500,
        1.759843 0.145669 -0.177165,
        1.759843 -0.145669 -0.007882,
        1.759843 -0.378664 0.120291,
        1.759843 -0.374811 0.114789,
        1.759843 -0.369742 0.110382,
        1.759843 -0.381071 0.126562,
        1.759843 -0.145669 -0.177165,
        1.759843 -0.140706 -0.214867,
        1.759843 -0.126153 -0.250000,
        1.759843 -0.103004 -0.280169,
        1.759843 -0.072835 -0.303319,
        1.759843 -0.037702 -0.317871,
        1.759843 0.103004 -0.280169,
        1.759843 0.126153 -0.250000,
        1.759843 0.072835 -0.303319,
        1.759843 0.037702 -0.317871,
        1.759843 0.000000 -0.322835,
        1.759843 0.140706 -0.214867,
        -1.759843 0.323686 0.515562,
        -1.759843 0.314640 0.537402,
        -1.759843 1.011811 0.885827,
        -1.759843 0.300250 0.556155,
        -1.759843 0.281496 0.570546,
        -1.759843 0.259657 0.579592,
        -1.759843 0.236220 0.582677,
        -1.759843 -1.838583 0.885827,
        -1.759843 0.212784 0.579592,
        -1.759843 0.190945 0.570546,
        -1.759843 -0.495877 0.579592,
        -1.759843 -0.517717 0.570546,
        -1.759843 0.172191 0.556155,
        -1.759843 0.157801 0.537402,
        -1.759843 0.148755 0.515562,
        -1.759843 0.326772 0.492126,
        -1.759843 1.011811 0.413386,
        -1.759843 0.326772 0.413386,
        -1.759843 -0.536470 0.556155,
        -1.759843 -0.550861 0.537402,
        -1.759843 -1.251117 0.515562,
        -1.759843 -0.147190 0.004500,
        -1.759843 -0.151660 0.016146,
        -1.759843 0.145669 0.492126,
        -1.759843 -0.381890 0.133230,
        -1.759843 -0.381890 0.492126,
        -1.759843 -0.384975 0.515562,
        -1.759843 -0.394021 0.537402,
        -1.759843 -0.408411 0.556155,
        -1.759843 -0.427165 0.570546,
        -1.759843 -0.449005 0.579592,
        -1.759843 -0.472441 0.582677,
        -1.759843 -1.260163 0.537402,
        -1.759843 -1.274553 0.556155,
        -1.759843 -1.358268 0.582677,
        -1.759843 -1.381704 0.579592,
        -1.759843 -1.403543 0.570546,
        -1.759843 -0.562992 0.492126,
        -1.759843 -0.559907 0.515562,
        -1.759843 -1.248031 0.492126,
        -1.759843 -1.293307 0.570546,
        -1.759843 -1.315146 0.579592,
        -1.759843 -1.338583 0.582677,
        -1.759843 -1.422297 0.556155,
        -1.759843 -1.436687 0.537402,
        -1.759843 -1.445733 0.515562,
        -1.759843 -0.363756 0.107332,
        -1.759843 -0.179345 0.040212,
        -1.759843 -0.168230 0.034549,
        -1.759843 -0.158815 0.026365,
        -1.759843 0.126153 -0.250000,
        -1.759843 0.103004 -0.280169,
        -1.759843 -0.145669 -0.177165,
        -1.759843 0.072835 -0.303319,
        -1.759843 0.037702 -0.317871,
        -1.759843 -0.369742 0.110382,
        -1.759843 -0.374811 0.114789,
        -1.759843 -0.381071 0.126562,
        -1.759843 -0.378664 0.120291,
        -1.759843 -0.145669 -0.007882,
        -1.759843 0.145669 -0.177165,
        -1.759843 0.140706 -0.214867,
        -1.759843 0.000000 -0.322835,
        -1.759843 -0.037702 -0.317871,
        -1.759843 -0.072835 -0.303319,
        -1.759843 -0.103004 -0.280169,
        -1.759843 -0.126153 -0.250000,
        -1.759843 -0.140706 -0.214867,
        -1.759843 -1.448819 0.492126,
        -1.759843 -1.448819 -0.177165,
        -1.759843 -1.692913 -0.322835,
        -1.759843 -1.838583 -0.177165,
        -1.759843 -1.730615 -0.317871,
        -1.759843 -1.765748 -0.303319,
        -1.759843 -1.453782 -0.214867,
        -1.759843 -1.556786 -0.317871,
        -1.759843 -1.594488 -0.322835,
        -1.759843 -1.795917 -0.280169,
        -1.759843 -1.819067 -0.250000,
        -1.759843 -1.833619 -0.214867,
        -1.759843 -1.468335 -0.250000,
        -1.759843 -1.491484 -0.280169,
        -1.759843 -1.521654 -0.303319,
        -1.753861 1.011811 0.954192,
        -1.753861 -1.838583 0.954192,
        -1.748790 1.011811 0.973117,
        -1.748790 -1.838583 0.973117,
        -1.736100 1.011811 1.020480,
        -1.736100 -1.838583 1.020480,
        -1.719524 1.011811 1.056027,
        -1.719524 -1.838583 1.056027,
        -1.707097 1.011811 1.082677,
        -1.707097 -1.838583 1.082677,
        -1.673348 1.011811 1.130874,
        -1.673348 -1.838583 1.130874,
        -1.667734 1.011811 1.138893,
        -1.667734 -1.838583 1.138893,
        -1.619208 1.011811 1.187419,
        -1.619208 -1.838583 1.187419,
        -1.611189 1.011811 1.193033,
        -1.611189 -1.838583 1.193033,
        -1.562992 1.011811 1.226781,
        -1.562992 -1.838583 1.226781,
        -1.536342 1.011811 1.239209,
        -1.536342 -1.838583 1.239209,
        -1.500795 1.011811 1.255784,
        -1.500795 -1.838583 1.255784,
        -1.453432 1.011811 1.268476,
        -1.453432 -1.838583 1.268476,
        -1.434507 1.011811 1.273546,
        -1.434507 -1.838583 1.273546,
        -1.434507 1.011811 0.025666,
        -1.434507 0.326772 0.025666,
        -1.453432 1.011811 0.030737,
        -1.453432 0.326772 0.030737,
        -1.500795 1.011811 0.043428,
        -1.500795 0.326772 0.043428,
        -1.536342 1.011811 0.060004,
        -1.536342 0.326772 0.060004,
        -1.562992 1.011811 0.072431,
        -1.562992 0.326772 0.072431,
        -1.611189 1.011811 0.106179,
        -1.611189 0.326772 0.106179,
        -1.619208 1.011811 0.111794,
        -1.619208 0.326772 0.111794,
        -1.667734 1.011811 0.160320,
        -1.667734 0.326772 0.160320,
        -1.673348 1.011811 0.168338,
        -1.673348 0.326772 0.168338,
        -1.707097 1.011811 0.216535,
        -1.707097 0.326772 0.216535,
        -1.719524 1.011811 0.243186,
        -1.719524 0.326772 0.243186,
        -1.736100 1.011811 0.278732,
        -1.736100 0.326772 0.278732,
        -1.748790 1.011811 0.326096,
        -1.748790 0.326772 0.326096,
        -1.753861 1.011811 0.345020,
        -1.753861 0.326772 0.345020,
        -1.636437 1.011811 0.359621,
        -1.636437 0.326772 0.359621,
        -1.634201 1.011811 0.352250,
        -1.634201 0.326772 0.352250,
        -1.620754 1.011811 0.307922,
        -1.620754 0.326772 0.307922,
        -1.613485 1.011811 0.294322,
        -1.613485 0.326772 0.294322,
        -1.595287 1.011811 0.260276,
        -1.595287 0.326772 0.260276,
        -1.580602 1.011811 0.242383,
        -1.580602 0.326772 0.242383,
        -1.561014 1.011811 0.218514,
        -1.561014 0.326772 0.218514,
        -1.537145 1.011811 0.198925,
        -1.537145 0.326772 0.198925,
        -1.519252 1.011811 0.184241,
        -1.519252 0.326772 0.184241,
        -1.485206 1.011811 0.166043,
        -1.485206 0.326772 0.166043,
        -1.471606 1.011811 0.158773,
        -1.471606 0.326772 0.158773,
        -1.427278 1.011811 0.145327,
        -1.427278 0.326772 0.145327,
        -1.419907 1.011811 0.143091,
        -1.419907 0.326772 0.143091,
        -1.419907 1.011811 1.156122,
        -1.419907 -0.570866 1.156122,
        -1.427278 1.011811 1.153886,
        -1.427278 -0.570866 1.153886,
        -1.471606 1.011811 1.140439,
        -1.471606 -0.570866 1.140439,
        -1.485206 1.011811 1.133170,
        -1.485206 -0.570866 1.133170,
        -1.519252 1.011811 1.114972,
        -1.519252 -0.570866 1.114972,
        -1.537145 1.011811 1.100287,
        -1.537145 -0.570866 1.100287,
        -1.561014 1.011811 1.080699,
        -1.561014 -0.570866 1.080699,
        -1.580602 1.011811 1.056830,
        -1.580602 -0.570866 1.056830,
        -1.595287 1.011811 1.038937,
        -1.595287 -0.570866 1.038937,
        -1.613485 1.011811 1.004891,
        -1.613485 -0.570866 1.004891,
        -1.620754 1.011811 0.991291,
        -1.620754 -0.570866 0.991291,
        -1.634201 1.011811 0.946963,
        -1.634201 -0.570866 0.946963,
        -1.636437 1.011811 0.939592,
        -1.636437 -0.570866 0.939592,
        1.636437 1.011811 0.939592,
        1.636437 -0.570866 0.939592,
        1.634201 1.011811 0.946963,
        1.634201 -0.570866 0.946963,
        1.620754 1.011811 0.991291,
        1.620754 -0.570866 0.991291,
        1.613485 1.011811 1.004891,
        1.613485 -0.570866 1.004891,
        1.595287 1.011811 1.038937,
        1.595287 -0.570866 1.038937,
        1.580602 1.011811 1.056830,
        1.580602 -0.570866 1.056830,
        1.561014 1.011811 1.080699,
        1.561014 -0.570866 1.080699,
        1.537145 1.011811 1.100287,
        1.537145 -0.570866 1.100287,
        1.519252 1.011811 1.114972,
        1.519252 -0.570866 1.114972,
        1.485206 1.011811 1.133170,
        1.485206 -0.570866 1.133170,
        1.471606 1.011811 1.140439,
        1.471606 -0.570866 1.140439,
        1.427278 1.011811 1.153886,
        1.427278 -0.570866 1.153886,
        1.419907 1.011811 1.156122,
        1.419907 -0.570866 1.156122,
        1.419907 -0.562992 0.143091,
        1.419907 -0.570866 0.143091,
        1.427278 -0.562992 0.145327,
        1.427278 -0.570866 0.145327,
        1.471606 -0.562992 0.158773,
        1.471606 -0.570866 0.158773,
        1.485206 -0.562992 0.166043,
        1.485206 -0.570866 0.166043,
        1.519252 -0.562992 0.184241,
        1.519252 -0.570866 0.184241,
        1.537145 -0.562992 0.198925,
        1.537145 -0.570866 0.198925,
        1.561014 -0.562992 0.218514,
        1.561014 -0.570866 0.218514,
        1.580602 -0.562992 0.242383,
        1.580602 -0.570866 0.242383,
        1.595287 -0.562992 0.260276,
        1.595287 -0.570866 0.260276,
        1.613485 -0.562992 0.294322,
        1.613485 -0.570866 0.294322,
        1.620754 -0.562992 0.307922,
        1.620754 -0.570866 0.307922,
        1.634201 -0.562992 0.352250,
        1.634201 -0.570866 0.352250,
        1.636437 -0.562992 0.359621,
        1.636437 -0.570866 0.359621,
        1.434507 -1.248031 0.025666,
        1.434507 -0.562992 0.025666,
        1.453432 -1.248031 0.030737,
        1.453432 -0.562992 0.030737,
        1.500795 -1.248031 0.043428,
        1.500795 -0.562992 0.043428,
        1.536342 -1.248031 0.060004,
        1.536342 -0.562992 0.060004,
        1.562992 -1.248031 0.072431,
        1.562992 -0.562992 0.072431,
        1.611189 -1.248031 0.106179,
        1.611189 -0.562992 0.106179,
        1.619208 -1.248031 0.111794,
        1.619208 -0.562992 0.111794,
        1.667734 -1.248031 0.160320,
        1.667734 -0.562992 0.160320,
        1.673348 -1.248031 0.168338,
        1.673348 -0.562992 0.168338,
        1.707097 -1.248031 0.216535,
        1.707097 -0.562992 0.216535,
        1.719524 -1.248031 0.243186,
        1.719524 -0.562992 0.243186,
        1.736100 -1.248031 0.278732,
        1.736100 -0.562992 0.278732,
        1.748790 -1.248031 0.326096,
        1.748790 -0.562992 0.326096,
        1.753861 -1.248031 0.345020,
        1.753861 -0.562992 0.345020,
        1.434507 1.011811 1.273546,
        1.434507 -1.838583 1.273546,
        1.453432 1.011811 1.268476,
        1.453432 -1.838583 1.268476,
        1.500795 1.011811 1.255784,
        1.500795 -1.838583 1.255784,
        1.536342 1.011811 1.239209,
        1.536342 -1.838583 1.239209,
        1.562992 1.011811 1.226781,
        1.562992 -1.838583 1.226781,
        1.611189 1.011811 1.193033,
        1.611189 -1.838583 1.193033,
        1.619208 1.011811 1.187419,
        1.619208 -1.838583 1.187419,
        1.667734 1.011811 1.138893,
        1.667734 -1.838583 1.138893,
        1.673348 1.011811 1.130874,
        1.673348 -1.838583 1.130874,
        1.707097 1.011811 1.082677,
        1.707097 -1.838583 1.082677,
        1.719524 1.011811 1.056027,
        1.719524 -1.838583 1.056027,
        1.736100 1.011811 1.020480,
        1.736100 -1.838583 1.020480,
        1.748790 1.011811 0.973117,
        1.748790 -1.838583 0.973117,
        1.753861 1.011811 0.954192,
        1.753861 -1.838583 0.954192,
        0.748031 0.196850 0.125984,
        0.748031 0.196850 0.031496,
        0.750993 0.223132 0.125984,
        0.750993 0.223132 0.031496,
        0.759728 0.248096 0.125984,
        0.759728 0.248096 0.031496,
        0.773800 0.270491 0.125984,
        0.773800 0.270491 0.031496,
        0.792501 0.289193 0.125984,
        0.792501 0.289193 0.031496,
        0.814896 0.303264 0.125984,
        0.814896 0.303264 0.031496,
        0.839860 0.311999 0.125984,
        0.839860 0.311999 0.031496,
        0.866142 0.314961 0.125984,
        0.866142 0.314961 0.031496,
        0.748031 -0.433071 0.031496,
        0.748031 -0.433071 0.125984,
        0.866142 -0.551181 0.125984,
        0.866142 -0.551181 0.031496,
        0.835572 -0.547157 0.125984,
        0.835572 -0.547157 0.031496,
        0.807087 -0.535357 0.125984,
        0.807087 -0.535357 0.031496,
        0.782625 -0.516587 0.125984,
        0.782625 -0.516587 0.031496,
        0.763855 -0.492126 0.125984,
        0.763855 -0.492126 0.031496,
        0.752056 -0.463640 0.125984,
        0.752056 -0.463640 0.031496,
        1.366142 0.314961 0.125984,
        1.366142 0.314961 0.031496,
        1.422211 0.314961 0.131507,
        1.432456 0.314961 0.037298,
        1.476126 0.314961 0.147861,
        1.496756 0.314961 0.054527,
        1.525813 0.314961 0.174420,
        1.557087 0.314961 0.082659,
        1.569365 0.314961 0.210162,
        1.748031 0.314961 0.492126,
        1.653543 0.314961 0.492126,
        1.748031 0.314961 0.413386,
        1.653543 0.314961 0.413386,
        1.742230 0.314961 0.347071,
        1.648021 0.314961 0.357317,
        1.725001 0.314961 0.282772,
        1.631666 0.314961 0.303402,
        1.696868 0.314961 0.222441,
        1.605107 0.314961 0.253714,
        1.658686 0.314961 0.167912,
        1.611616 0.314961 0.120841,
        1.366142 -0.551181 0.031496,
        1.366142 -0.551181 0.125984,
        1.432456 -0.551181 0.037298,
        1.422211 -0.551181 0.131507,
        1.496756 -0.551181 0.054527,
        1.476126 -0.551181 0.147861,
        1.557087 -0.551181 0.082659,
        1.525813 -0.551181 0.174420,
        1.611616 -0.551181 0.120841,
        1.569365 -0.551181 0.210162,
        1.658686 -0.551181 0.167912,
        1.605107 -0.551181 0.253714,
        1.653543 -0.551181 0.492126,
        1.748031 -0.551181 0.492126,
        1.653543 -0.551181 0.413386,
        1.748031 -0.551181 0.413386,
        1.648021 -0.551181 0.357317,
        1.742230 -0.551181 0.347071,
        1.631666 -0.551181 0.303402,
        1.725001 -0.551181 0.282772,
        1.696868 -0.551181 0.222441,
        -1.653543 -1.259843 0.492126,
        -1.748031 -1.259843 0.492126,
        -1.653543 -1.259843 0.413386,
        -1.748031 -1.259843 0.413386,
        -1.648021 -1.259843 0.357317,
        -1.742230 -1.259843 0.347071,
        -1.631666 -1.259843 0.303402,
        -1.725001 -1.259843 0.282772,
        -1.605107 -1.259843 0.253714,
        1.748031 -1.259843 0.492126,
        1.653543 -1.259843 0.492126,
        1.748031 -1.259843 0.413386,
        1.653543 -1.259843 0.413386,
        1.742230 -1.259843 0.347071,
        1.648021 -1.259843 0.357317,
        1.725001 -1.259843 0.282772,
        1.631666 -1.259843 0.303402,
        1.696868 -1.259843 0.222441,
        1.605107 -1.259843 0.253714,
        1.658686 -1.259843 0.167912,
        1.569365 -1.259843 0.210162,
        -1.696868 -1.259843 0.222441,
        -1.658686 -1.259843 0.167912,
        -1.569365 -1.259843 0.210162,
        -1.611616 -1.259843 0.120841,
        -1.525813 -1.259843 0.174420,
        -1.557087 -1.259843 0.082659,
        -1.476126 -1.259843 0.147861,
        -1.496756 -1.259843 0.054527,
        -1.422211 -1.259843 0.131507,
        -1.432456 -1.259843 0.037298,
        -1.366142 -1.259843 0.125984,
        -1.366142 -1.259843 0.031496,
        1.366142 -1.259843 0.125984,
        1.366142 -1.259843 0.031496,
        1.422211 -1.259843 0.131507,
        1.432456 -1.259843 0.037298,
        1.476126 -1.259843 0.147861,
        1.496756 -1.259843 0.054527,
        1.525813 -1.259843 0.174420,
        1.557087 -1.259843 0.082659,
        1.611616 -1.259843 0.120841,
        -1.748031 -0.551181 0.492126,
        -1.653543 -0.551181 0.492126,
        -1.748031 -0.551181 0.413386,
        -1.653543 -0.551181 0.413386,
        -1.742230 -0.551181 0.347071,
        -1.648021 -0.551181 0.357317,
        -1.725001 -0.551181 0.282772,
        -1.631666 -0.551181 0.303402,
        -1.696868 -0.551181 0.222441,
        -1.605107 -0.551181 0.253714,
        -1.658686 -0.551181 0.167912,
        -1.569365 -0.551181 0.210162,
        -1.611616 -0.551181 0.120841,
        -1.525813 -0.551181 0.174420,
        -0.866142 -0.551181 0.125984,
        -0.866142 -0.551181 0.031496,
        -1.366142 -0.551181 0.125984,
        -1.366142 -0.551181 0.031496,
        -1.422211 -0.551181 0.131507,
        -1.432456 -0.551181 0.037298,
        -1.476126 -0.551181 0.147861,
        -1.496756 -0.551181 0.054527,
        -1.557087 -0.551181 0.082659,
        -0.748031 -0.433071 0.125984,
        -0.748031 -0.433071 0.031496,
        -0.752056 -0.463640 0.125984,
        -0.752056 -0.463640 0.031496,
        -0.763855 -0.492126 0.125984,
        -0.763855 -0.492126 0.031496,
        -0.782625 -0.516587 0.125984,
        -0.782625 -0.516587 0.031496,
        -0.807087 -0.535357 0.125984,
        -0.807087 -0.535357 0.031496,
        -0.835572 -0.547157 0.125984,
        -0.835572 -0.547157 0.031496,
        -0.748031 0.196850 0.031496,
        -0.748031 0.196850 0.125984,
        -0.866142 0.314961 0.125984,
        -0.866142 0.314961 0.031496,
        -0.839860 0.311999 0.125984,
        -0.839860 0.311999 0.031496,
        -0.814896 0.303264 0.125984,
        -0.814896 0.303264 0.031496,
        -0.792501 0.289193 0.125984,
        -0.792501 0.289193 0.031496,
        -0.773800 0.270491 0.125984,
        -0.773800 0.270491 0.031496,
        -0.759728 0.248096 0.125984,
        -0.759728 0.248096 0.031496,
        -0.750993 0.223132 0.125984,
        -0.750993 0.223132 0.031496,
        -1.605107 0.314961 0.253714,
        -1.658686 0.314961 0.167912,
        -1.569365 0.314961 0.210162,
        -1.611616 0.314961 0.120841,
        -1.525813 0.314961 0.174420,
        -1.557087 0.314961 0.082659,
        -1.476126 0.314961 0.147861,
        -1.496756 0.314961 0.054527,
        -1.422211 0.314961 0.131507,
        -1.432456 0.314961 0.037298,
        -1.366142 0.314961 0.125984,
        -1.366142 0.314961 0.031496,
        -1.653543 0.314961 0.492126,
        -1.748031 0.314961 0.492126,
        -1.653543 0.314961 0.413386,
        -1.748031 0.314961 0.413386,
        -1.648021 0.314961 0.357317,
        -1.742230 0.314961 0.347071,
        -1.631666 0.314961 0.303402,
        -1.725001 0.314961 0.282772,
        -1.696868 0.314961 0.222441,
        1.748031 0.157480 -0.177165,
        1.653543 0.157480 -0.177165,
        1.748031 0.157480 0.492126,
        1.653543 0.157480 0.492126,
        1.748031 -0.393701 0.492126,
        1.653543 -0.393701 0.492126,
        1.748031 -0.393701 0.133230,
        1.653543 -0.393701 0.133230,
        1.748031 -1.437008 -0.177165,
        1.653543 -1.437008 -0.177165,
        1.748031 -1.437008 0.492126,
        1.653543 -1.437008 0.492126,
        1.748031 -1.692913 -0.334646,
        1.653543 -1.692913 -0.334646,
        1.748031 -1.594488 -0.334646,
        1.653543 -1.594488 -0.334646,
        -1.748031 0.157480 0.492126,
        -1.653543 0.157480 0.492126,
        -1.748031 0.157480 -0.177165,
        -1.653543 0.157480 -0.177165,
        -1.748031 -0.393701 0.133230,
        -1.653543 -0.393701 0.133230,
        -1.748031 -0.393701 0.492126,
        -1.653543 -0.393701 0.492126,
        -1.748031 -1.437008 0.492126,
        -1.653543 -1.437008 0.492126,
        -1.748031 -1.437008 -0.177165,
        -1.653543 -1.437008 -0.177165,
        -1.748031 -1.594488 -0.334646,
        -1.653543 -1.594488 -0.334646,
        -1.748031 -1.692913 -0.334646,
        -1.653543 -1.692913 -0.334646,
        -1.748031 -0.157480 -0.177165,
        -1.653543 -0.157480 -0.177165,
        -1.748031 -0.157480 -0.007882,
        -1.653543 -0.157480 -0.007882,
        1.748031 -0.157480 -0.007882,
        1.653543 -0.157480 -0.007882,
        1.748031 -0.157480 -0.177165,
        1.653543 -0.157480 -0.177165,
        -1.653543 0.152114 -0.217924,
        -1.748031 0.152114 -0.217924,
        -1.653543 0.136382 -0.255906,
        -1.748031 0.136382 -0.255906,
        -1.653543 0.111356 -0.288521,
        -1.748031 0.111356 -0.288521,
        -1.653543 0.078740 -0.313547,
        -1.748031 0.078740 -0.313547,
        -1.653543 0.040759 -0.329280,
        -1.748031 0.040759 -0.329280,
        -1.653543 0.000000 -0.334646,
        -1.748031 0.000000 -0.334646,
        -1.653543 -0.040759 -0.329280,
        -1.748031 -0.040759 -0.329280,
        -1.653543 -0.078740 -0.313547,
        -1.748031 -0.078740 -0.313547,
        -1.653543 -0.111356 -0.288521,
        -1.748031 -0.111356 -0.288521,
        -1.653543 -0.136382 -0.255906,
        -1.748031 -0.136382 -0.255906,
        -1.653543 -0.152114 -0.217924,
        -1.748031 -0.152114 -0.217924,
        1.748031 0.000000 -0.334646,
        1.653543 0.000000 -0.334646,
        1.653543 0.040759 -0.329280,
        1.748031 0.040759 -0.329280,
        1.653543 0.078740 -0.313547,
        1.748031 0.078740 -0.313547,
        1.653543 0.111356 -0.288521,
        1.748031 0.111356 -0.288521,
        1.653543 0.136382 -0.255906,
        1.748031 0.136382 -0.255906,
        1.653543 0.152114 -0.217924,
        1.748031 0.152114 -0.217924,
        1.653543 -0.152114 -0.217924,
        1.748031 -0.152114 -0.217924,
        1.653543 -0.136382 -0.255906,
        1.748031 -0.136382 -0.255906,
        1.653543 -0.111356 -0.288521,
        1.748031 -0.111356 -0.288521,
        1.653543 -0.078740 -0.313547,
        1.748031 -0.078740 -0.313547,
        1.653543 -0.040759 -0.329280,
        1.748031 -0.040759 -0.329280,
        1.653543 -1.845028 -0.217924,
        1.748031 -1.845028 -0.217924,
        1.653543 -1.829295 -0.255906,
        1.748031 -1.829295 -0.255906,
        1.653543 -1.804269 -0.288521,
        1.748031 -1.804269 -0.288521,
        1.653543 -1.771654 -0.313547,
        1.748031 -1.771654 -0.313547,
        1.653543 -1.733672 -0.329280,
        1.748031 -1.733672 -0.329280,
        1.748031 -1.442374 -0.217924,
        1.653543 -1.442374 -0.217924,
        1.748031 -1.458106 -0.255906,
        1.653543 -1.458106 -0.255906,
        1.748031 -1.483133 -0.288521,
        1.653543 -1.483133 -0.288521,
        1.748031 -1.515748 -0.313547,
        1.653543 -1.515748 -0.313547,
        1.748031 -1.553729 -0.329280,
        1.653543 -1.553729 -0.329280,
        -1.748031 -1.845028 -0.217924,
        -1.653543 -1.845028 -0.217924,
        -1.748031 -1.829295 -0.255906,
        -1.653543 -1.829295 -0.255906,
        -1.748031 -1.804269 -0.288521,
        -1.653543 -1.804269 -0.288521,
        -1.748031 -1.771654 -0.313547,
        -1.653543 -1.771654 -0.313547,
        -1.748031 -1.733672 -0.329280,
        -1.653543 -1.733672 -0.329280,
        -1.653543 -1.442374 -0.217924,
        -1.748031 -1.442374 -0.217924,
        -1.653543 -1.458106 -0.255906,
        -1.748031 -1.458106 -0.255906,
        -1.653543 -1.483133 -0.288521,
        -1.748031 -1.483133 -0.288521,
        -1.653543 -1.515748 -0.313547,
        -1.748031 -1.515748 -0.313547,
        -1.653543 -1.553729 -0.329280,
        -1.748031 -1.553729 -0.329280,
        -1.748031 -0.183385 0.029114,
        -1.653543 -0.183385 0.029114,
        -1.748031 -0.367796 0.096234,
        -1.653543 -0.367796 0.096234,
        1.748031 -0.367796 0.096234,
        1.653543 -0.367796 0.096234,
        1.748031 -0.183385 0.029114,
        1.653543 -0.183385 0.029114,
        -1.653543 -0.376346 0.100590,
        -1.748031 -0.376346 0.100590,
        -1.653543 -0.383588 0.106886,
        -1.748031 -0.383588 0.106886,
        -1.653543 -0.389093 0.114746,
        -1.748031 -0.389093 0.114746,
        -1.653543 -0.392531 0.123705,
        -1.748031 -0.392531 0.123705,
        -1.653543 -0.174835 0.024757,
        -1.748031 -0.174835 0.024757,
        -1.653543 -0.167593 0.018461,
        -1.748031 -0.167593 0.018461,
        -1.653543 -0.162089 0.010601,
        -1.748031 -0.162089 0.010601,
        -1.653543 -0.158650 0.001642,
        -1.748031 -0.158650 0.001642,
        1.748031 -0.174835 0.024757,
        1.653543 -0.174835 0.024757,
        1.748031 -0.167593 0.018461,
        1.653543 -0.167593 0.018461,
        1.748031 -0.162089 0.010601,
        1.653543 -0.162089 0.010601,
        1.748031 -0.158650 0.001642,
        1.653543 -0.158650 0.001642,
        1.748031 -0.376346 0.100590,
        1.653543 -0.376346 0.100590,
        1.748031 -0.383588 0.106886,
        1.653543 -0.383588 0.106886,
        1.748031 -0.389093 0.114746,
        1.653543 -0.389093 0.114746,
        1.748031 -0.392531 0.123705,
        1.653543 -0.392531 0.123705,
        1.653543 -1.378647 0.568183,
        1.748031 -1.378647 0.568183,
        1.653543 -1.397638 0.560317,
        1.748031 -1.397638 0.560317,
        1.653543 -1.413945 0.547804,
        1.748031 -1.413945 0.547804,
        1.653543 -1.426459 0.531496,
        1.748031 -1.426459 0.531496,
        1.653543 -1.434325 0.512506,
        1.748031 -1.434325 0.512506,
        1.748031 -1.318203 0.568183,
        1.653543 -1.318203 0.568183,
        1.748031 -1.299213 0.560317,
        1.653543 -1.299213 0.560317,
        1.748031 -1.282905 0.547804,
        1.653543 -1.282905 0.547804,
        1.748031 -1.270392 0.531496,
        1.653543 -1.270392 0.531496,
        1.748031 -1.262526 0.512506,
        1.653543 -1.262526 0.512506,
        -1.653543 -1.318203 0.568183,
        -1.748031 -1.318203 0.568183,
        -1.653543 -1.299213 0.560317,
        -1.748031 -1.299213 0.560317,
        -1.653543 -1.282905 0.547804,
        -1.748031 -1.282905 0.547804,
        -1.653543 -1.270392 0.531496,
        -1.748031 -1.270392 0.531496,
        -1.653543 -1.262526 0.512506,
        -1.748031 -1.262526 0.512506,
        -1.748031 -1.378647 0.568183,
        -1.653543 -1.378647 0.568183,
        -1.748031 -1.397638 0.560317,
        -1.653543 -1.397638 0.560317,
        -1.748031 -1.413945 0.547804,
        -1.653543 -1.413945 0.547804,
        -1.748031 -1.426459 0.531496,
        -1.653543 -1.426459 0.531496,
        -1.748031 -1.434325 0.512506,
        -1.653543 -1.434325 0.512506,
        -1.653543 0.236220 0.570866,
        -1.748031 0.236220 0.570866,
        -1.653543 0.256600 0.568183,
        -1.748031 0.256600 0.568183,
        -1.653543 0.275591 0.560317,
        -1.748031 0.275591 0.560317,
        -1.653543 0.291898 0.547804,
        -1.748031 0.291898 0.547804,
        -1.653543 0.304411 0.531496,
        -1.748031 0.304411 0.531496,
        -1.653543 0.312278 0.512506,
        -1.748031 0.312278 0.512506,
        -1.748031 0.215841 0.568183,
        -1.653543 0.215841 0.568183,
        -1.748031 0.196850 0.560317,
        -1.653543 0.196850 0.560317,
        -1.748031 0.180543 0.547804,
        -1.653543 0.180543 0.547804,
        -1.748031 0.168030 0.531496,
        -1.653543 0.168030 0.531496,
        -1.748031 0.160163 0.512506,
        -1.653543 0.160163 0.512506,
        -1.748031 -0.472441 0.570866,
        -1.653543 -0.472441 0.570866,
        -1.748031 -0.492820 0.568183,
        -1.653543 -0.492820 0.568183,
        -1.748031 -0.511811 0.560317,
        -1.653543 -0.511811 0.560317,
        -1.748031 -0.528119 0.547804,
        -1.653543 -0.528119 0.547804,
        -1.748031 -0.540632 0.531496,
        -1.653543 -0.540632 0.531496,
        -1.748031 -0.548498 0.512506,
        -1.653543 -0.548498 0.512506,
        -1.653543 -0.452061 0.568183,
        -1.748031 -0.452061 0.568183,
        -1.653543 -0.433071 0.560317,
        -1.748031 -0.433071 0.560317,
        -1.653543 -0.416763 0.547804,
        -1.748031 -0.416763 0.547804,
        -1.653543 -0.404250 0.531496,
        -1.748031 -0.404250 0.531496,
        -1.653543 -0.396384 0.512506,
        -1.748031 -0.396384 0.512506,
        1.748031 -0.472441 0.570866,
        1.653543 -0.472441 0.570866,
        1.748031 -0.452061 0.568183,
        1.653543 -0.452061 0.568183,
        1.748031 -0.433071 0.560317,
        1.653543 -0.433071 0.560317,
        1.748031 -0.416763 0.547804,
        1.653543 -0.416763 0.547804,
        1.748031 -0.404250 0.531496,
        1.653543 -0.404250 0.531496,
        1.748031 -0.396384 0.512506,
        1.653543 -0.396384 0.512506,
        1.653543 -0.492820 0.568183,
        1.748031 -0.492820 0.568183,
        1.653543 -0.511811 0.560317,
        1.748031 -0.511811 0.560317,
        1.653543 -0.528119 0.547804,
        1.748031 -0.528119 0.547804,
        1.653543 -0.540632 0.531496,
        1.748031 -0.540632 0.531496,
        1.653543 -0.548498 0.512506,
        1.748031 -0.548498 0.512506,
        1.748031 0.236220 0.570866,
        1.653543 0.236220 0.570866,
        1.748031 0.256600 0.568183,
        1.653543 0.256600 0.568183,
        1.748031 0.275591 0.560317,
        1.653543 0.275591 0.560317,
        1.748031 0.291898 0.547804,
        1.653543 0.291898 0.547804,
        1.748031 0.304411 0.531496,
        1.653543 0.304411 0.531496,
        1.748031 0.312278 0.512506,
        1.653543 0.312278 0.512506,
        1.653543 0.215841 0.568183,
        1.748031 0.215841 0.568183,
        1.653543 0.196850 0.560317,
        1.748031 0.196850 0.560317,
        1.653543 0.180543 0.547804,
        1.748031 0.180543 0.547804,
        1.653543 0.168030 0.531496,
        1.748031 0.168030 0.531496,
        1.653543 0.160163 0.512506,
        1.748031 0.160163 0.512506,
        -1.220472 -1.791339 1.267717,
        -1.220472 -1.791339 1.173228,
        -1.220472 -1.476378 1.267717,
        -1.220472 -1.476378 1.173228,
        -1.161417 -1.417323 1.267717,
        -1.161417 -1.417323 1.173228,
        -0.492126 -1.417323 1.267717,
        -0.492126 -1.417323 1.173228,
        0.492126 -1.417323 1.267717,
        0.492126 -1.417323 1.173228,
        1.161417 -1.417323 1.267717,
        1.161417 -1.417323 1.173228,
        1.220472 -1.476378 1.267717,
        1.220472 -1.476378 1.173228,
        1.220472 -1.791339 1.267717,
        1.220472 -1.791339 1.173228,
        -0.596827 -1.535433 1.216848,
        -0.525087 -1.535433 1.155356,
        -0.844832 -1.535433 0.927509,
        -0.773091 -1.535433 0.866017,
        -0.516119 -1.838583 1.147669,
        -0.833302 -1.732283 0.777622,
        -0.516119 -1.547244 1.147669,
        -0.833302 -1.653543 0.777622,
        -0.764124 -1.547244 0.858330,
        -0.782028 -1.550866 0.837441,
        -0.824034 -1.785433 0.788435,
        -0.782028 -1.834961 0.837441,
        -0.813040 -1.807448 0.801261,
        -0.798713 -1.824341 0.817976,
        -0.764124 -1.838583 0.858330,
        -0.830945 -1.759796 0.780372,
        -0.830945 -1.626031 0.780372,
        -0.824034 -1.600394 0.788435,
        -0.813040 -1.578378 0.801261,
        -0.798713 -1.561485 0.817976,
        -0.844832 -1.850394 0.927509,
        -0.773091 -1.850394 0.866017,
        -0.596827 -1.850394 1.216848,
        -0.525087 -1.850394 1.155356,
        -0.605795 -1.547244 1.224534,
        -0.922978 -1.653543 0.854487,
        -0.605795 -1.838583 1.224534,
        -0.922978 -1.732283 0.854487,
        -0.902716 -1.578378 0.878126,
        -0.913710 -1.600394 0.865300,
        -0.888389 -1.561485 0.894841,
        -0.871704 -1.550866 0.914306,
        -0.853800 -1.547244 0.935195,
        -0.920621 -1.626031 0.857237,
        -0.920621 -1.759796 0.857237,
        -0.871704 -1.834961 0.914306,
        -0.853800 -1.838583 0.935195,
        -0.913710 -1.785433 0.865300,
        -0.902716 -1.807448 0.878126,
        -0.888389 -1.824341 0.894841,
        -0.515685 -1.535433 1.163901,
        -0.575165 -1.535433 1.237414,
        -0.504467 -1.535433 1.169868,
        -0.492126 -1.535433 1.267597,
        -0.492126 -1.535433 1.172887,
        -0.521690 -1.535433 1.263334,
        -0.549763 -1.535433 1.253130,
        -0.488498 -1.547183 1.161352,
        -0.490765 -1.547244 1.161155,
        -0.494578 -1.547244 1.160222,
        -0.494647 -1.838583 1.160506,
        -0.500258 -1.547244 1.158832,
        -0.502678 -1.838583 1.157815,
        -0.502566 -1.547244 1.157605,
        -0.509947 -1.838583 1.153469,
        -0.509852 -1.547244 1.153365,
        -0.508887 -1.547244 1.154243,
        -0.497173 -1.850394 1.172044,
        -0.517382 -1.850394 1.264346,
        -0.507613 -1.850394 1.168546,
        -0.547096 -1.850394 1.254390,
        -0.517063 -1.850394 1.162896,
        -0.573993 -1.850394 1.238309,
        -0.582376 -1.547244 1.246768,
        -0.581109 -1.838583 1.247735,
        -0.552031 -1.838583 1.265120,
        -0.554915 -1.547244 1.263758,
        -0.581027 -1.547244 1.247603,
        -0.519908 -1.838583 1.275883,
        -0.524566 -1.547244 1.274789,
        -0.551930 -1.547244 1.264843,
        -0.489413 -1.547183 1.279495,
        -0.492604 -1.547244 1.279398,
        -0.519849 -1.547244 1.275470,
        -0.921697 -1.653543 0.837833,
        -0.849956 -1.653543 0.776341,
        -0.921697 -1.732283 0.837833,
        -0.849956 -1.732283 0.776341,
        0.596827 -1.850394 1.216848,
        0.525087 -1.850394 1.155356,
        0.844832 -1.850394 0.927509,
        0.773091 -1.850394 0.866017,
        0.782028 -1.834961 0.837441,
        0.764124 -1.838583 0.858330,
        0.833302 -1.732283 0.777622,
        0.516119 -1.838583 1.147669,
        0.833302 -1.653543 0.777622,
        0.516119 -1.547244 1.147669,
        0.764124 -1.547244 0.858330,
        0.782028 -1.550866 0.837441,
        0.824034 -1.600394 0.788435,
        0.830945 -1.626031 0.780372,
        0.813040 -1.578378 0.801261,
        0.798713 -1.561485 0.817976,
        0.830945 -1.759796 0.780372,
        0.824034 -1.785433 0.788435,
        0.798713 -1.824341 0.817976,
        0.813040 -1.807448 0.801261,
        0.844832 -1.535433 0.927509,
        0.773091 -1.535433 0.866017,
        0.596827 -1.535433 1.216848,
        0.525087 -1.535433 1.155356,
        0.605795 -1.838583 1.224534,
        0.922978 -1.732283 0.854487,
        0.605795 -1.547244 1.224534,
        0.922978 -1.653543 0.854487,
        0.853800 -1.547244 0.935195,
        0.871704 -1.550866 0.914306,
        0.902716 -1.807448 0.878126,
        0.913710 -1.785433 0.865300,
        0.888389 -1.824341 0.894841,
        0.871704 -1.834961 0.914306,
        0.853800 -1.838583 0.935195,
        0.920621 -1.759796 0.857237,
        0.920621 -1.626031 0.857237,
        0.913710 -1.600394 0.865300,
        0.888389 -1.561485 0.894841,
        0.902716 -1.578378 0.878126,
        0.517063 -1.850394 1.162896,
        0.573993 -1.850394 1.238309,
        0.507613 -1.850394 1.168546,
        0.547096 -1.850394 1.254390,
        0.497173 -1.850394 1.172044,
        0.517382 -1.850394 1.264346,
        0.509852 -1.547244 1.153365,
        0.509947 -1.838583 1.153469,
        0.508887 -1.547244 1.154243,
        0.502678 -1.838583 1.157815,
        0.494647 -1.838583 1.160506,
        0.500258 -1.547244 1.158832,
        0.502566 -1.547244 1.157605,
        0.488498 -1.547183 1.161352,
        0.490765 -1.547244 1.161155,
        0.494578 -1.547244 1.160222,
        0.575165 -1.535433 1.237414,
        0.515685 -1.535433 1.163901,
        0.549763 -1.535433 1.253130,
        0.504467 -1.535433 1.169868,
        0.521690 -1.535433 1.263334,
        0.492126 -1.535433 1.172887,
        0.492126 -1.535433 1.267597,
        0.489413 -1.547183 1.279495,
        0.492604 -1.547244 1.279398,
        0.519849 -1.547244 1.275470,
        0.519908 -1.838583 1.275883,
        0.524566 -1.547244 1.274789,
        0.552031 -1.838583 1.265120,
        0.551930 -1.547244 1.264843,
        0.554915 -1.547244 1.263758,
        0.581109 -1.838583 1.247735,
        0.581027 -1.547244 1.247603,
        0.582376 -1.547244 1.246768,
        0.921697 -1.732283 0.837833,
        0.849956 -1.732283 0.776341,
        0.921697 -1.653543 0.837833,
        0.849956 -1.653543 0.776341,
        1.264243 -1.848381 1.267717,
        1.264243 -1.848381 1.173228,
        1.250000 -1.842482 1.267717,
        1.250000 -1.842482 1.173228,
        1.237769 -1.833097 1.267717,
        1.237769 -1.833097 1.173228,
        1.228384 -1.820866 1.267717,
        1.228384 -1.820866 1.173228,
        1.222485 -1.806623 1.267717,
        1.222485 -1.806623 1.173228,
        -1.222485 -1.806623 1.267717,
        -1.222485 -1.806623 1.173228,
        -1.228384 -1.820866 1.267717,
        -1.228384 -1.820866 1.173228,
        -1.237769 -1.833097 1.267717,
        -1.237769 -1.833097 1.173228,
        -1.250000 -1.842482 1.267717,
        -1.250000 -1.842482 1.173228,
        -1.264243 -1.848381 1.267717,
        -1.264243 -1.848381 1.173228,
        -1.218460 -1.461093 1.267717,
        -1.218460 -1.461093 1.173228,
        -1.212561 -1.446850 1.267717,
        -1.212561 -1.446850 1.173228,
        -1.203176 -1.434620 1.267717,
        -1.203176 -1.434620 1.173228,
        -1.190945 -1.425235 1.267717,
        -1.190945 -1.425235 1.173228,
        -1.176702 -1.419335 1.267717,
        -1.176702 -1.419335 1.173228,
        1.176702 -1.419335 1.267717,
        1.176702 -1.419335 1.173228,
        1.190945 -1.425235 1.267717,
        1.190945 -1.425235 1.173228,
        1.203176 -1.434620 1.267717,
        1.203176 -1.434620 1.173228,
        1.212561 -1.446850 1.267717,
        1.212561 -1.446850 1.173228,
        1.218460 -1.461093 1.267717,
        1.218460 -1.461093 1.173228,
        0.433071 -1.476378 1.267717,
        0.433071 -1.476378 1.173228,
        0.435083 -1.461093 1.267717,
        0.435083 -1.461093 1.173228,
        0.440983 -1.446850 1.267717,
        0.440983 -1.446850 1.173228,
        0.450368 -1.434620 1.267717,
        0.450368 -1.434620 1.173228,
        0.462598 -1.425235 1.267717,
        0.462598 -1.425235 1.173228,
        0.476841 -1.419335 1.267717,
        0.476841 -1.419335 1.173228,
        0.434706 -1.489500 1.173228,
        0.434706 -1.489500 1.267717,
        0.434876 -1.490869 1.173228,
        0.434876 -1.490869 1.267717,
        0.439178 -1.501900 1.173228,
        0.439178 -1.501900 1.267717,
        0.440182 -1.504474 1.173228,
        0.440182 -1.504474 1.267717,
        0.446255 -1.512984 1.173228,
        0.446255 -1.512984 1.267717,
        0.448665 -1.516361 1.173228,
        0.448665 -1.516361 1.267717,
        0.455581 -1.522224 1.173228,
        0.455581 -1.522224 1.267717,
        0.459804 -1.525803 1.173228,
        0.459804 -1.525803 1.267717,
        0.466702 -1.529179 1.173228,
        0.466702 -1.529179 1.267717,
        0.472920 -1.532222 1.173228,
        0.472920 -1.532222 1.267717,
        0.479076 -1.533517 1.173228,
        0.479076 -1.533517 1.267717,
        0.487210 -1.535228 1.267717,
        0.487210 -1.535228 1.173228,
        0.489667 -1.535382 1.267687,
        0.489670 -1.535382 1.173143,
        -0.476841 -1.419335 1.267717,
        -0.476841 -1.419335 1.173228,
        -0.462598 -1.425235 1.267717,
        -0.462598 -1.425235 1.173228,
        -0.450368 -1.434620 1.267717,
        -0.450368 -1.434620 1.173228,
        -0.440983 -1.446850 1.267717,
        -0.440983 -1.446850 1.173228,
        -0.435083 -1.461093 1.267717,
        -0.435083 -1.461093 1.173228,
        -0.433071 -1.476378 1.267717,
        -0.433071 -1.476378 1.173228,
        -0.489670 -1.535382 1.173143,
        -0.487210 -1.535228 1.173228,
        -0.434876 -1.490869 1.267717,
        -0.434876 -1.490869 1.173228,
        -0.435172 -1.491628 1.267717,
        -0.435172 -1.491628 1.173228,
        -0.440182 -1.504474 1.267717,
        -0.440182 -1.504474 1.173228,
        -0.441130 -1.505801 1.267717,
        -0.441130 -1.505801 1.173228,
        -0.448665 -1.516361 1.267717,
        -0.448665 -1.516361 1.173228,
        -0.450531 -1.517943 1.267717,
        -0.450531 -1.517943 1.173228,
        -0.459804 -1.525803 1.267717,
        -0.459804 -1.525803 1.173228,
        -0.462737 -1.527238 1.267717,
        -0.462737 -1.527238 1.173228,
        -0.472920 -1.532222 1.267717,
        -0.472920 -1.532222 1.173228,
        -0.476917 -1.533063 1.267717,
        -0.476917 -1.533063 1.173228,
        -0.487210 -1.535228 1.267717,
        -0.489667 -1.535382 1.267687,
        0.864726 -1.539457 0.904299,
        0.792985 -1.539457 0.842807,
        0.883265 -1.551257 0.882671,
        0.811524 -1.551257 0.821178,
        0.899184 -1.570027 0.864098,
        0.827443 -1.570027 0.802606,
        0.911399 -1.594488 0.849847,
        0.839658 -1.594488 0.788355,
        0.919078 -1.622974 0.840888,
        0.847337 -1.622974 0.779396,
        0.792985 -1.846369 0.842807,
        0.864726 -1.846369 0.904299,
        0.811524 -1.834570 0.821178,
        0.883265 -1.834570 0.882671,
        0.827443 -1.815800 0.802606,
        0.899184 -1.815800 0.864098,
        0.839658 -1.791339 0.788355,
        0.911399 -1.791339 0.849847,
        0.847337 -1.762853 0.779396,
        0.919078 -1.762853 0.840888,
        -0.864726 -1.846369 0.904299,
        -0.792985 -1.846369 0.842807,
        -0.883265 -1.834570 0.882671,
        -0.811524 -1.834570 0.821178,
        -0.899184 -1.815800 0.864098,
        -0.827443 -1.815800 0.802606,
        -0.911399 -1.791339 0.849847,
        -0.839658 -1.791339 0.788355,
        -0.919078 -1.762853 0.840888,
        -0.847337 -1.762853 0.779396,
        -0.792985 -1.539457 0.842807,
        -0.864726 -1.539457 0.904299,
        -0.811524 -1.551257 0.821178,
        -0.883265 -1.551257 0.882671,
        -0.827443 -1.570027 0.802606,
        -0.899184 -1.570027 0.864098,
        -0.839658 -1.594488 0.788355,
        -0.911399 -1.594488 0.849847,
        -0.847337 -1.622974 0.779396,
        -0.919078 -1.622974 0.840888,
        0.866142 -0.551477 0.028868,
        0.866142 -0.551622 0.028453,
        1.366142 -0.551583 0.028439,
        0.866142 -0.552351 0.026371,
        0.866142 -0.552819 0.025626,
        1.366142 -0.552763 0.025591,
        0.866142 -0.553758 0.024132,
        0.866142 -0.554693 0.023197,
        1.366142 -0.554641 0.023144,
        0.866142 -0.555628 0.022262,
        1.366142 -0.557087 0.021267,
        0.866142 -0.557122 0.021323,
        0.866142 -0.557867 0.020855,
        1.366142 -0.559935 0.020087,
        0.866142 -0.559949 0.020126,
        0.866142 -0.560364 0.019981,
        0.835496 -0.547443 0.028868,
        0.747735 -0.433071 0.028868,
        0.751770 -0.463717 0.028868,
        0.747590 -0.433071 0.028453,
        0.750926 -0.463943 0.026371,
        0.835270 -0.548287 0.026371,
        0.749567 -0.464307 0.024132,
        0.746393 -0.433071 0.025626,
        0.746862 -0.433071 0.026371,
        0.834906 -0.549646 0.024132,
        0.747761 -0.464791 0.022262,
        0.744520 -0.433071 0.023197,
        0.745455 -0.433071 0.024132,
        0.834422 -0.551452 0.022262,
        0.739264 -0.433071 0.020126,
        0.741345 -0.433071 0.020855,
        0.745597 -0.465370 0.020855,
        0.742091 -0.433071 0.021323,
        0.743585 -0.433071 0.022262,
        0.763599 -0.492274 0.028868,
        0.762843 -0.492711 0.026371,
        0.761624 -0.493415 0.024132,
        0.760004 -0.494350 0.022262,
        0.758065 -0.495469 0.020855,
        0.782416 -0.516797 0.028868,
        0.781798 -0.517415 0.026371,
        0.780803 -0.518409 0.024132,
        0.779481 -0.519732 0.022262,
        0.777897 -0.521315 0.020855,
        0.806939 -0.535614 0.028868,
        0.806502 -0.536370 0.026371,
        0.805798 -0.537589 0.024132,
        0.804863 -0.539209 0.022262,
        0.803743 -0.541148 0.020855,
        0.833842 -0.553615 0.020855,
        0.738849 -0.433071 0.019981,
        0.743186 -0.466017 0.019981,
        0.755903 -0.496717 0.019981,
        0.776132 -0.523081 0.019981,
        0.802495 -0.543310 0.019981,
        0.833196 -0.556026 0.019981,
        1.751089 -0.551583 0.413386,
        1.745240 -0.551583 0.346541,
        1.753937 -0.552763 0.413386,
        1.748046 -0.552763 0.346046,
        1.756383 -0.554641 0.413386,
        1.750455 -0.554641 0.345621,
        1.758260 -0.557087 0.413386,
        1.752303 -0.557087 0.345295,
        1.759440 -0.559935 0.413386,
        1.753465 -0.559935 0.345090,
        1.735721 -0.559935 0.278870,
        1.667426 -0.559935 0.160578,
        1.706748 -0.559935 0.216737,
        1.618949 -0.559935 0.112102,
        1.562791 -0.559935 0.072780,
        1.434437 -0.559935 0.026063,
        1.500658 -0.559935 0.043806,
        1.734613 -0.557087 0.279274,
        1.705726 -0.557087 0.217327,
        1.666522 -0.557087 0.161337,
        1.618191 -0.557087 0.113006,
        1.562201 -0.557087 0.073801,
        1.500254 -0.557087 0.044915,
        1.434232 -0.557087 0.027224,
        1.732848 -0.554641 0.279915,
        1.704101 -0.554641 0.218265,
        1.665084 -0.554641 0.162543,
        1.616984 -0.554641 0.114444,
        1.561262 -0.554641 0.075427,
        1.499612 -0.554641 0.046679,
        1.433906 -0.554641 0.029073,
        1.730550 -0.552763 0.280752,
        1.701982 -0.552763 0.219488,
        1.663210 -0.552763 0.164116,
        1.615412 -0.552763 0.116317,
        1.560039 -0.552763 0.077545,
        1.498776 -0.552763 0.048978,
        1.433482 -0.552763 0.031482,
        1.727873 -0.551583 0.281726,
        1.699515 -0.551583 0.220913,
        1.661028 -0.551583 0.165947,
        1.613581 -0.551583 0.118500,
        1.558615 -0.551583 0.080012,
        1.497801 -0.551583 0.051654,
        1.432987 -0.551583 0.034287,
        0.747735 0.196850 0.028868,
        0.747590 0.196850 0.028453,
        0.746862 0.196850 0.026371,
        0.746393 0.196850 0.025626,
        0.745455 0.196850 0.024132,
        0.744520 0.196850 0.023197,
        0.743585 0.196850 0.022262,
        0.742091 0.196850 0.021323,
        0.741345 0.196850 0.020855,
        0.739264 0.196850 0.020126,
        0.738849 0.196850 0.019981,
        1.751089 -0.551583 0.492126,
        1.753937 -0.552763 0.492126,
        1.756383 -0.554641 0.492126,
        1.758260 -0.557087 0.492126,
        1.759440 -0.559935 0.492126,
        0.866142 0.315257 0.028868,
        0.839794 0.312288 0.028868,
        0.814767 0.303531 0.028868,
        0.792317 0.289424 0.028868,
        0.773568 0.270676 0.028868,
        0.759461 0.248225 0.028868,
        0.750704 0.223198 0.028868,
        0.866142 0.316599 0.025626,
        0.866142 0.316130 0.026371,
        0.839600 0.313140 0.026371,
        0.866142 0.315402 0.028453,
        0.749852 0.223393 0.026371,
        0.758674 0.248604 0.026371,
        0.772885 0.271220 0.026371,
        0.791772 0.290107 0.026371,
        0.814388 0.304318 0.026371,
        0.839286 0.314511 0.024132,
        0.866142 0.317537 0.024132,
        0.813778 0.305586 0.024132,
        0.790894 0.291207 0.024132,
        0.771785 0.272098 0.024132,
        0.757406 0.249215 0.024132,
        0.748481 0.223706 0.024132,
        0.866142 0.320901 0.021323,
        0.866142 0.319407 0.022262,
        0.838870 0.316335 0.022262,
        0.866142 0.318472 0.023197,
        0.746657 0.224122 0.022262,
        0.755722 0.250026 0.022262,
        0.770323 0.273263 0.022262,
        0.789728 0.292669 0.022262,
        0.812966 0.307270 0.022262,
        0.866142 0.323728 0.020126,
        0.866142 0.321647 0.020855,
        0.838372 0.318518 0.020855,
        0.811994 0.309288 0.020855,
        0.788332 0.294420 0.020855,
        0.768572 0.274660 0.020855,
        0.753704 0.250998 0.020855,
        0.744474 0.224620 0.020855,
        0.866142 0.324143 0.019981,
        0.837816 0.320952 0.019981,
        0.810911 0.311537 0.019981,
        0.786776 0.296372 0.019981,
        0.766620 0.276216 0.019981,
        0.751455 0.252081 0.019981,
        0.742040 0.225176 0.019981,
        1.759440 -0.472441 0.579620,
        1.759440 -0.495086 0.576639,
        1.758260 -0.472441 0.576772,
        1.758260 -0.494349 0.573887,
        1.756383 -0.472441 0.574326,
        1.756383 -0.493716 0.571525,
        1.753937 -0.472441 0.572448,
        1.753937 -0.493230 0.569711,
        1.751089 -0.472441 0.571269,
        1.751089 -0.492924 0.568572,
        1.759440 -0.516188 0.567898,
        1.758260 -0.514764 0.565431,
        1.756383 -0.513541 0.563313,
        1.753937 -0.512602 0.561687,
        1.751089 -0.512012 0.560665,
        1.759440 -0.534309 0.553994,
        1.758260 -0.532294 0.551980,
        1.756383 -0.530565 0.550250,
        1.753937 -0.529237 0.548922,
        1.751089 -0.528403 0.548088,
        1.759440 -0.548213 0.535873,
        1.758260 -0.545746 0.534449,
        1.756383 -0.543628 0.533226,
        1.753937 -0.542002 0.532287,
        1.751089 -0.540980 0.531697,
        1.759440 -0.556954 0.514771,
        1.758260 -0.554202 0.514034,
        1.756383 -0.551840 0.513401,
        1.753937 -0.550026 0.512915,
        1.751089 -0.548887 0.512609,
        1.366142 0.315363 0.028439,
        1.366142 0.316543 0.025591,
        1.366142 0.318420 0.023144,
        1.366142 0.320866 0.021267,
        1.366142 0.323715 0.020087,
        1.759440 -0.384947 0.492126,
        1.759440 -0.387928 0.514771,
        1.758260 -0.387795 0.492126,
        1.758260 -0.390680 0.514034,
        1.756383 -0.390241 0.492126,
        1.756383 -0.393042 0.513401,
        1.753937 -0.392119 0.492126,
        1.753937 -0.394856 0.512915,
        1.751089 -0.393298 0.492126,
        1.751089 -0.395995 0.512609,
        1.759440 -0.396669 0.535873,
        1.758260 -0.399136 0.534449,
        1.756383 -0.401254 0.533226,
        1.753937 -0.402880 0.532287,
        1.751089 -0.403902 0.531697,
        1.759440 -0.410573 0.553994,
        1.758260 -0.412587 0.551980,
        1.756383 -0.414317 0.550250,
        1.753937 -0.415644 0.548922,
        1.751089 -0.416479 0.548088,
        1.759440 -0.428694 0.567898,
        1.758260 -0.430118 0.565431,
        1.756383 -0.431341 0.563313,
        1.753937 -0.432280 0.561687,
        1.751089 -0.432870 0.560665,
        1.759440 -0.449796 0.576639,
        1.758260 -0.450533 0.573887,
        1.756383 -0.451166 0.571525,
        1.753937 -0.451652 0.569711,
        1.751089 -0.451957 0.568572,
        1.432987 0.315363 0.034287,
        1.433482 0.316543 0.031482,
        1.433906 0.318420 0.029073,
        1.434232 0.320866 0.027224,
        1.434437 0.323715 0.026063,
        1.500658 0.323715 0.043806,
        1.618949 0.323715 0.112102,
        1.562791 0.323715 0.072780,
        1.667426 0.323715 0.160578,
        1.706748 0.323715 0.216737,
        1.753465 0.323715 0.345090,
        1.735721 0.323715 0.278870,
        1.759440 0.323715 0.413386,
        1.500254 0.320866 0.044915,
        1.562201 0.320866 0.073801,
        1.618191 0.320866 0.113006,
        1.666522 0.320866 0.161337,
        1.705726 0.320866 0.217327,
        1.734613 0.320866 0.279274,
        1.752303 0.320866 0.345295,
        1.758260 0.320866 0.413386,
        1.499612 0.318420 0.046679,
        1.561262 0.318420 0.075427,
        1.616984 0.318420 0.114444,
        1.665084 0.318420 0.162543,
        1.704101 0.318420 0.218265,
        1.732848 0.318420 0.279915,
        1.750455 0.318420 0.345621,
        1.756383 0.318420 0.413386,
        1.498776 0.316543 0.048978,
        1.560039 0.316543 0.077545,
        1.615412 0.316543 0.116317,
        1.663210 0.316543 0.164116,
        1.701982 0.316543 0.219488,
        1.730550 0.316543 0.280752,
        1.748046 0.316543 0.346046,
        1.753937 0.316543 0.413386,
        1.497801 0.315363 0.051654,
        1.558615 0.315363 0.080012,
        1.613581 0.315363 0.118500,
        1.661028 0.315363 0.165947,
        1.699515 0.315363 0.220913,
        1.727873 0.315363 0.281726,
        1.745240 0.315363 0.346541,
        1.751089 0.315363 0.413386,
        1.759440 -0.384947 0.133230,
        1.758260 -0.387795 0.133230,
        1.756383 -0.390241 0.133230,
        1.753937 -0.392119 0.133230,
        1.751089 -0.393298 0.133230,
        1.751089 0.315363 0.492126,
        1.753937 0.316543 0.492126,
        1.756383 0.318420 0.492126,
        1.758260 0.320866 0.492126,
        1.759440 0.323715 0.492126,
        1.751089 -0.392141 0.123802,
        1.753937 -0.390996 0.124088,
        1.756383 -0.389175 0.124542,
        1.758260 -0.386801 0.125134,
        1.759440 -0.384037 0.125823,
        1.751089 -0.388737 0.114935,
        1.753937 -0.387695 0.115489,
        1.756383 -0.386038 0.116370,
        1.758260 -0.383878 0.117519,
        1.759440 -0.381363 0.118856,
        1.751089 -0.383289 0.107155,
        1.753937 -0.382413 0.107944,
        1.756383 -0.381018 0.109200,
        1.758260 -0.379200 0.110837,
        1.759440 -0.377083 0.112743,
        1.751089 -0.376121 0.100924,
        1.753937 -0.375461 0.101902,
        1.756383 -0.374412 0.103458,
        1.758260 -0.373044 0.105486,
        1.759440 -0.371451 0.107848,
        1.751089 -0.367658 0.096612,
        1.753937 -0.367255 0.097720,
        1.756383 -0.366613 0.099485,
        1.758260 -0.365776 0.101783,
        1.759440 -0.364802 0.104460,
        1.759440 0.320733 0.514771,
        1.758260 0.317982 0.514034,
        1.756383 0.315619 0.513401,
        1.753937 0.313806 0.512915,
        1.751089 0.312667 0.512609,
        1.759440 0.311993 0.535873,
        1.758260 0.309526 0.534449,
        1.756383 0.307407 0.533226,
        1.753937 0.305782 0.532287,
        1.751089 0.304760 0.531697,
        1.759440 0.298088 0.553994,
        1.758260 0.296074 0.551980,
        1.756383 0.294344 0.550250,
        1.753937 0.293017 0.548922,
        1.751089 0.292183 0.548088,
        1.759440 0.279968 0.567898,
        1.758260 0.278543 0.565431,
        1.756383 0.277320 0.563313,
        1.753937 0.276382 0.561687,
        1.751089 0.275792 0.560665,
        1.759440 0.258866 0.576639,
        1.758260 0.258128 0.573887,
        1.756383 0.257495 0.571525,
        1.753937 0.257009 0.569711,
        1.751089 0.256704 0.568572,
        1.759440 0.236220 0.579620,
        1.758260 0.236220 0.576772,
        1.756383 0.236220 0.574326,
        1.753937 0.236220 0.572448,
        1.751089 0.236220 0.571269,
        1.751089 -0.183247 0.029492,
        1.753937 -0.182844 0.030600,
        1.756383 -0.182202 0.032364,
        1.758260 -0.181365 0.034663,
        1.759440 -0.180391 0.037340,
        1.759440 0.213575 0.576639,
        1.758260 0.214313 0.573887,
        1.756383 0.214946 0.571525,
        1.753937 0.215431 0.569711,
        1.751089 0.215737 0.568572,
        1.759440 0.192473 0.567898,
        1.758260 0.193898 0.565431,
        1.756383 0.195121 0.563313,
        1.753937 0.196059 0.561687,
        1.751089 0.196649 0.560665,
        1.759440 0.174353 0.553994,
        1.758260 0.176367 0.551980,
        1.756383 0.178096 0.550250,
        1.753937 0.179424 0.548922,
        1.751089 0.180258 0.548088,
        1.759440 0.160448 0.535873,
        1.758260 0.162915 0.534449,
        1.756383 0.165033 0.533226,
        1.753937 0.166659 0.532287,
        1.751089 0.167681 0.531697,
        1.759440 0.151707 0.514771,
        1.758260 0.154459 0.514034,
        1.756383 0.156822 0.513401,
        1.753937 0.158635 0.512915,
        1.751089 0.159774 0.512609,
        1.759440 0.148726 0.492126,
        1.758260 0.151575 0.492126,
        1.756383 0.154021 0.492126,
        1.753937 0.155898 0.492126,
        1.751089 0.157078 0.492126,
        1.759497 -0.148291 -0.007882,
        1.759440 -0.150156 0.003760,
        1.759440 -0.148726 -0.007882,
        1.758596 -0.150762 -0.007882,
        1.758260 -0.152920 0.003071,
        1.758260 -0.151575 -0.007882,
        1.757187 -0.152973 -0.007882,
        1.756383 -0.155293 0.002479,
        1.756383 -0.154021 -0.007882,
        1.755335 -0.154825 -0.007882,
        1.753937 -0.157115 0.002025,
        1.753937 -0.155898 -0.007882,
        1.753124 -0.156235 -0.007882,
        1.751089 -0.158259 0.001740,
        1.751089 -0.157078 -0.007882,
        1.750653 -0.157135 -0.007882,
        1.759440 -0.154359 0.014711,
        1.758260 -0.156874 0.013373,
        1.756383 -0.159034 0.012225,
        1.753937 -0.160691 0.011344,
        1.751089 -0.161733 0.010790,
        1.759440 -0.161087 0.024319,
        1.758260 -0.163204 0.022413,
        1.756383 -0.165022 0.020776,
        1.753937 -0.166417 0.019520,
        1.751089 -0.167294 0.018731,
        1.759440 -0.169940 0.032015,
        1.758260 -0.171533 0.029653,
        1.756383 -0.172900 0.027625,
        1.753937 -0.173950 0.026069,
        1.751089 -0.174610 0.025091,
        1.751089 0.157078 -0.177165,
        1.753937 0.155898 -0.177165,
        1.756383 0.154021 -0.177165,
        1.758260 0.151575 -0.177165,
        1.759440 0.148726 -0.177165,
        1.759497 -0.148291 -0.177165,
        1.759440 -0.148726 -0.177165,
        1.758596 -0.150762 -0.177165,
        1.758260 -0.151575 -0.177165,
        1.757187 -0.152973 -0.177165,
        1.756383 -0.154021 -0.177165,
        1.755335 -0.154825 -0.177165,
        1.753937 -0.155898 -0.177165,
        1.753124 -0.156235 -0.177165,
        1.751089 -0.157078 -0.177165,
        1.750653 -0.157135 -0.177165,
        1.751089 0.000000 -0.334243,
        1.751089 0.040655 -0.328891,
        1.753937 0.000000 -0.333063,
        1.753937 0.040349 -0.327751,
        1.756383 0.000000 -0.331186,
        1.756383 0.039863 -0.325938,
        1.758260 0.000000 -0.328740,
        1.758260 0.039230 -0.323575,
        1.759440 0.000000 -0.325892,
        1.759440 0.038493 -0.320824,
        1.751089 0.078539 -0.313199,
        1.753937 0.077949 -0.312177,
        1.756383 0.077011 -0.310552,
        1.758260 0.075787 -0.308433,
        1.759440 0.074363 -0.305966,
        1.751089 0.111071 -0.288236,
        1.753937 0.110237 -0.287402,
        1.756383 0.108909 -0.286074,
        1.758260 0.107180 -0.284345,
        1.759440 0.105165 -0.282331,
        1.751089 0.136033 -0.255704,
        1.753937 0.135011 -0.255114,
        1.756383 0.133386 -0.254176,
        1.758260 0.131268 -0.252953,
        1.759440 0.128801 -0.251528,
        1.751089 0.151726 -0.217820,
        1.753937 0.150586 -0.217515,
        1.756383 0.148773 -0.217029,
        1.758260 0.146410 -0.216396,
        1.759440 0.143659 -0.215659,
        1.751089 -0.151726 -0.217820,
        1.753937 -0.150586 -0.217515,
        1.756383 -0.148773 -0.217029,
        1.758260 -0.146410 -0.216396,
        1.759440 -0.143659 -0.215659,
        1.751089 -0.136033 -0.255704,
        1.753937 -0.135011 -0.255114,
        1.756383 -0.133386 -0.254176,
        1.758260 -0.131268 -0.252953,
        1.759440 -0.128801 -0.251528,
        1.751089 -0.111071 -0.288236,
        1.753937 -0.110237 -0.287402,
        1.756383 -0.108909 -0.286074,
        1.758260 -0.107180 -0.284345,
        1.759440 -0.105165 -0.282331,
        1.751089 -0.078539 -0.313199,
        1.753937 -0.077949 -0.312177,
        1.756383 -0.077011 -0.310552,
        1.758260 -0.075787 -0.308433,
        1.759440 -0.074363 -0.305966,
        1.751089 -0.040655 -0.328891,
        1.753937 -0.040349 -0.327751,
        1.756383 -0.039863 -0.325938,
        1.758260 -0.039230 -0.323575,
        1.759440 -0.038493 -0.320824,
        1.650915 -0.551477 0.413386,
        1.650486 -0.551583 0.492126,
        1.650500 -0.551622 0.413386,
        1.648419 -0.552351 0.413386,
        1.647638 -0.552763 0.492126,
        1.647673 -0.552819 0.413386,
        1.646179 -0.553758 0.413386,
        1.645192 -0.554641 0.492126,
        1.645244 -0.554693 0.413386,
        1.644309 -0.555628 0.413386,
        1.643315 -0.557087 0.492126,
        1.643370 -0.557122 0.413386,
        1.642902 -0.557867 0.413386,
        1.642135 -0.559935 0.492126,
        1.642028 -0.560364 0.413386,
        1.642174 -0.559949 0.413386,
        1.471719 -0.560364 0.158500,
        1.519416 -0.560364 0.183994,
        1.561223 -0.560364 0.218304,
        1.595533 -0.560364 0.260111,
        1.621028 -0.560364 0.307809,
        1.645443 -0.551477 0.357829,
        1.642995 -0.552351 0.358316,
        1.640798 -0.553758 0.358753,
        1.638964 -0.555628 0.359118,
        1.637584 -0.557867 0.359393,
        1.636728 -0.560364 0.359563,
        1.629238 -0.551477 0.304408,
        1.626931 -0.552351 0.305363,
        1.624863 -0.553758 0.306220,
        1.623135 -0.555628 0.306936,
        1.621835 -0.557867 0.307474,
        1.602922 -0.551477 0.255174,
        1.600846 -0.552351 0.256561,
        1.598984 -0.553758 0.257805,
        1.597430 -0.555628 0.258844,
        1.596259 -0.557867 0.259626,
        1.567507 -0.551477 0.212020,
        1.565742 -0.552351 0.213786,
        1.564158 -0.553758 0.215369,
        1.562836 -0.555628 0.216692,
        1.561841 -0.557867 0.217687,
        1.519902 -0.557867 0.183268,
        1.520683 -0.555628 0.182098,
        1.521722 -0.553758 0.180543,
        1.522967 -0.552351 0.178681,
        1.524353 -0.551477 0.176606,
        1.472053 -0.557867 0.157693,
        1.472592 -0.555628 0.156393,
        1.473307 -0.553758 0.154665,
        1.474165 -0.552351 0.152596,
        1.475120 -0.551477 0.150289,
        1.419965 -0.560364 0.142800,
        1.420135 -0.557867 0.141943,
        1.420409 -0.555628 0.140563,
        1.420774 -0.553758 0.138729,
        1.421211 -0.552351 0.136533,
        1.421698 -0.551477 0.134084,
        1.366142 -0.551477 0.128613,
        1.366142 -0.552351 0.131109,
        1.366142 -0.553758 0.133348,
        1.366142 -0.555628 0.135219,
        1.366142 -0.557867 0.136626,
        1.366142 -0.560364 0.137499,
        1.642135 -0.556954 0.514771,
        1.643315 -0.554202 0.514034,
        1.645192 -0.551840 0.513401,
        1.647638 -0.550026 0.512915,
        1.650486 -0.548887 0.512609,
        1.642135 -0.548213 0.535873,
        1.643315 -0.545746 0.534449,
        1.645192 -0.543628 0.533226,
        1.647638 -0.542002 0.532287,
        1.650486 -0.540980 0.531697,
        1.642135 -0.534309 0.553994,
        1.643315 -0.532294 0.551980,
        1.645192 -0.530565 0.550250,
        1.647638 -0.529237 0.548922,
        1.650486 -0.528403 0.548088,
        1.642135 -0.516188 0.567898,
        1.643315 -0.514764 0.565431,
        1.645192 -0.513541 0.563313,
        1.647638 -0.512602 0.561687,
        1.650486 -0.512012 0.560665,
        1.642135 -0.495086 0.576639,
        1.643315 -0.494349 0.573887,
        1.645192 -0.493716 0.571525,
        1.647638 -0.493230 0.569711,
        1.650486 -0.492924 0.568572,
        1.642135 -0.472441 0.579620,
        1.643315 -0.472441 0.576772,
        1.645192 -0.472441 0.574326,
        1.647638 -0.472441 0.572448,
        1.650486 -0.472441 0.571269,
        0.866142 -0.551477 0.128613,
        0.866142 -0.552351 0.131109,
        0.866142 -0.553758 0.133348,
        0.866142 -0.555628 0.135219,
        0.866142 -0.557867 0.136626,
        0.866142 -0.560364 0.137499,
        1.642135 -0.449796 0.576639,
        1.643315 -0.450533 0.573887,
        1.645192 -0.451166 0.571525,
        1.647638 -0.451652 0.569711,
        1.650486 -0.451957 0.568572,
        1.642135 -0.428694 0.567898,
        1.643315 -0.430118 0.565431,
        1.645192 -0.431341 0.563313,
        1.647638 -0.432280 0.561687,
        1.650486 -0.432870 0.560665,
        1.642135 -0.410573 0.553994,
        1.643315 -0.412587 0.551980,
        1.645192 -0.414317 0.550250,
        1.647638 -0.415644 0.548922,
        1.650486 -0.416479 0.548088,
        1.642135 -0.396669 0.535873,
        1.643315 -0.399136 0.534449,
        1.645192 -0.401254 0.533226,
        1.647638 -0.402880 0.532287,
        1.650486 -0.403902 0.531697,
        1.642135 -0.387928 0.514771,
        1.643315 -0.390680 0.514034,
        1.645192 -0.393042 0.513401,
        1.647638 -0.394856 0.512915,
        1.650486 -0.395995 0.512609,
        1.642135 -0.384947 0.492126,
        1.643315 -0.387795 0.492126,
        1.645192 -0.390241 0.492126,
        1.647638 -0.392119 0.492126,
        1.650486 -0.393298 0.492126,
        0.738849 -0.433071 0.137499,
        0.743186 -0.466017 0.137499,
        0.741345 -0.433071 0.136626,
        0.745597 -0.465370 0.136626,
        0.743585 -0.433071 0.135219,
        0.747761 -0.464791 0.135219,
        0.745455 -0.433071 0.133348,
        0.749567 -0.464307 0.133348,
        0.746862 -0.433071 0.131109,
        0.750926 -0.463943 0.131109,
        0.747735 -0.433071 0.128613,
        0.751770 -0.463717 0.128613,
        0.755903 -0.496717 0.137499,
        0.758065 -0.495469 0.136626,
        0.760004 -0.494350 0.135219,
        0.761624 -0.493415 0.133348,
        0.762843 -0.492711 0.131109,
        0.763599 -0.492274 0.128613,
        0.776132 -0.523081 0.137499,
        0.777897 -0.521315 0.136626,
        0.779481 -0.519732 0.135219,
        0.780803 -0.518409 0.133348,
        0.781798 -0.517415 0.131109,
        0.782416 -0.516797 0.128613,
        0.802495 -0.543310 0.137499,
        0.803743 -0.541148 0.136626,
        0.804863 -0.539209 0.135219,
        0.805798 -0.537589 0.133348,
        0.806502 -0.536370 0.131109,
        0.806939 -0.535614 0.128613,
        0.833196 -0.556026 0.137499,
        0.833842 -0.553615 0.136626,
        0.834422 -0.551452 0.135219,
        0.834906 -0.549646 0.133348,
        0.835270 -0.548287 0.131109,
        0.835496 -0.547443 0.128613,
        1.650486 -0.393298 0.133230,
        1.647638 -0.392119 0.133230,
        1.645192 -0.390241 0.133230,
        1.643315 -0.387795 0.133230,
        1.642135 -0.384947 0.133230,
        0.747735 0.196850 0.128613,
        0.746862 0.196850 0.131109,
        0.745455 0.196850 0.133348,
        0.743585 0.196850 0.135219,
        0.741345 0.196850 0.136626,
        0.738849 0.196850 0.137499,
        1.650486 -0.367658 0.096612,
        1.650486 -0.376121 0.100924,
        1.647638 -0.367255 0.097720,
        1.647638 -0.375461 0.101902,
        1.645192 -0.366613 0.099485,
        1.645192 -0.374412 0.103458,
        1.643315 -0.365776 0.101783,
        1.643315 -0.373044 0.105486,
        1.642135 -0.364802 0.104460,
        1.642135 -0.371451 0.107848,
        1.650486 -0.383289 0.107155,
        1.647638 -0.382413 0.107944,
        1.645192 -0.381018 0.109200,
        1.643315 -0.379200 0.110837,
        1.642135 -0.377083 0.112743,
        1.650486 -0.388737 0.114935,
        1.647638 -0.387695 0.115489,
        1.645192 -0.386038 0.116370,
        1.643315 -0.383878 0.117519,
        1.642135 -0.381363 0.118856,
        1.650486 -0.392141 0.123802,
        1.647638 -0.390996 0.124088,
        1.645192 -0.389175 0.124542,
        1.643315 -0.386801 0.125134,
        1.642135 -0.384037 0.125823,
        0.866142 0.324143 0.137499,
        0.837816 0.320952 0.137499,
        0.866142 0.321647 0.136626,
        0.838372 0.318518 0.136626,
        0.866142 0.319407 0.135219,
        0.838870 0.316335 0.135219,
        0.866142 0.317537 0.133348,
        0.839286 0.314511 0.133348,
        0.866142 0.316130 0.131109,
        0.839600 0.313140 0.131109,
        0.866142 0.315257 0.128613,
        0.839794 0.312288 0.128613,
        0.810911 0.311537 0.137499,
        0.811994 0.309288 0.136626,
        0.812966 0.307270 0.135219,
        0.813778 0.305586 0.133348,
        0.814388 0.304318 0.131109,
        0.814767 0.303531 0.128613,
        0.786776 0.296372 0.137499,
        0.788332 0.294420 0.136626,
        0.789728 0.292669 0.135219,
        0.790894 0.291207 0.133348,
        0.791772 0.290107 0.131109,
        0.792317 0.289424 0.128613,
        0.766620 0.276216 0.137499,
        0.768572 0.274660 0.136626,
        0.770323 0.273263 0.135219,
        0.771785 0.272098 0.133348,
        0.772885 0.271220 0.131109,
        0.773568 0.270676 0.128613,
        0.751455 0.252081 0.137499,
        0.753704 0.250998 0.136626,
        0.755722 0.250026 0.135219,
        0.757406 0.249215 0.133348,
        0.758674 0.248604 0.131109,
        0.759461 0.248225 0.128613,
        0.742040 0.225176 0.137499,
        0.744474 0.224620 0.136626,
        0.746657 0.224122 0.135219,
        0.748481 0.223706 0.133348,
        0.749852 0.223393 0.131109,
        0.750704 0.223198 0.128613,
        1.650486 -0.183247 0.029492,
        1.647638 -0.182844 0.030600,
        1.645192 -0.182202 0.032364,
        1.643315 -0.181365 0.034663,
        1.642135 -0.180391 0.037340,
        1.366142 0.315306 0.128606,
        1.366142 0.315363 0.129041,
        1.366142 0.316206 0.131077,
        1.366142 0.316543 0.131890,
        1.366142 0.317616 0.133288,
        1.366142 0.318420 0.134336,
        1.366142 0.319468 0.135140,
        1.366142 0.320866 0.136213,
        1.366142 0.321679 0.136550,
        1.366142 0.323715 0.137393,
        1.366142 0.324150 0.137450,
        1.642078 -0.148291 -0.007882,
        1.642135 -0.150156 0.003760,
        1.642135 -0.148726 -0.007882,
        1.642978 -0.150762 -0.007882,
        1.643315 -0.152920 0.003071,
        1.643315 -0.151575 -0.007882,
        1.644388 -0.152973 -0.007882,
        1.645192 -0.155293 0.002479,
        1.645192 -0.154021 -0.007882,
        1.646239 -0.154825 -0.007882,
        1.647638 -0.157115 0.002025,
        1.642135 -0.169940 0.032015,
        1.643315 -0.171533 0.029653,
        1.645192 -0.172900 0.027625,
        1.647638 -0.173950 0.026069,
        1.650486 -0.174610 0.025091,
        1.642135 -0.161087 0.024319,
        1.643315 -0.163204 0.022413,
        1.645192 -0.165022 0.020776,
        1.647638 -0.166417 0.019520,
        1.650486 -0.167294 0.018731,
        1.642135 -0.154359 0.014711,
        1.643315 -0.156874 0.013373,
        1.645192 -0.159034 0.012225,
        1.647638 -0.160691 0.011344,
        1.650486 -0.161733 0.010790,
        1.650486 -0.158259 0.001740,
        1.647638 -0.155898 -0.007882,
        1.648450 -0.156235 -0.007882,
        1.650486 -0.157078 -0.007882,
        1.650922 -0.157135 -0.007882,
        1.621126 0.323715 0.307768,
        1.595622 0.323715 0.260052,
        1.561298 0.323715 0.218229,
        1.519475 0.323715 0.183906,
        1.471760 0.323715 0.158402,
        1.421615 0.315363 0.134505,
        1.421059 0.316543 0.137299,
        1.420582 0.318420 0.139698,
        1.420215 0.320866 0.141539,
        1.419985 0.323715 0.142696,
        1.474956 0.315363 0.150685,
        1.473866 0.316543 0.153317,
        1.472930 0.318420 0.155577,
        1.472211 0.320866 0.157311,
        1.524115 0.315363 0.176962,
        1.522533 0.316543 0.179330,
        1.521174 0.318420 0.181364,
        1.520131 0.320866 0.182925,
        1.567204 0.315363 0.212324,
        1.565189 0.316543 0.214338,
        1.563460 0.318420 0.216068,
        1.562133 0.320866 0.217395,
        1.596603 0.320866 0.259397,
        1.598163 0.318420 0.258354,
        1.600197 0.316543 0.256995,
        1.602566 0.315363 0.255413,
        1.622216 0.320866 0.307317,
        1.623950 0.318420 0.306598,
        1.626210 0.316543 0.305662,
        1.628842 0.315363 0.304572,
        1.636832 0.323715 0.359542,
        1.637989 0.320866 0.359312,
        1.639830 0.318420 0.358946,
        1.642229 0.316543 0.358469,
        1.645023 0.315363 0.357913,
        1.650486 0.315363 0.413386,
        1.647638 0.316543 0.413386,
        1.645192 0.318420 0.413386,
        1.643315 0.320866 0.413386,
        1.642135 0.323715 0.413386,
        1.650922 -0.157135 -0.177165,
        1.650486 -0.157078 -0.177165,
        1.648450 -0.156235 -0.177165,
        1.647638 -0.155898 -0.177165,
        1.646239 -0.154825 -0.177165,
        1.645192 -0.154021 -0.177165,
        1.644388 -0.152973 -0.177165,
        1.643315 -0.151575 -0.177165,
        1.642978 -0.150762 -0.177165,
        1.642135 -0.148726 -0.177165,
        1.642078 -0.148291 -0.177165,
        1.650486 0.315363 0.492126,
        1.647638 0.316543 0.492126,
        1.645192 0.318420 0.492126,
        1.643315 0.320866 0.492126,
        1.642135 0.323715 0.492126,
        1.650486 -0.151726 -0.217820,
        1.647638 -0.150586 -0.217515,
        1.645192 -0.148773 -0.217029,
        1.643315 -0.146410 -0.216396,
        1.650486 -0.000000 -0.334243,
        1.650486 -0.040655 -0.328891,
        1.647638 -0.000000 -0.333063,
        1.647638 -0.040349 -0.327751,
        1.645192 -0.000000 -0.331186,
        1.645192 -0.039863 -0.325938,
        1.643315 -0.000000 -0.328740,
        1.643315 -0.039230 -0.323575,
        1.642135 -0.000000 -0.325892,
        1.642135 -0.038493 -0.320824,
        1.650486 -0.078539 -0.313199,
        1.647638 -0.077949 -0.312177,
        1.645192 -0.077011 -0.310552,
        1.643315 -0.075787 -0.308433,
        1.642135 -0.074363 -0.305966,
        1.650486 -0.111071 -0.288236,
        1.647638 -0.110237 -0.287402,
        1.645192 -0.108909 -0.286074,
        1.643315 -0.107180 -0.284345,
        1.642135 -0.105165 -0.282331,
        1.650486 -0.136033 -0.255704,
        1.647638 -0.135011 -0.255114,
        1.645192 -0.133386 -0.254176,
        1.643315 -0.131268 -0.252953,
        1.642135 -0.128801 -0.251528,
        1.642135 -0.143659 -0.215659,
        1.642135 0.236220 0.579620,
        1.642135 0.258866 0.576639,
        1.643315 0.236220 0.576772,
        1.643315 0.258128 0.573887,
        1.645192 0.236220 0.574326,
        1.645192 0.257495 0.571525,
        1.647638 0.236220 0.572448,
        1.647638 0.257009 0.569711,
        1.650486 0.236220 0.571269,
        1.650486 0.256704 0.568572,
        1.642135 0.279968 0.567898,
        1.643315 0.278543 0.565431,
        1.645192 0.277320 0.563313,
        1.647638 0.276382 0.561687,
        1.650486 0.275792 0.560665,
        1.642135 0.298088 0.553994,
        1.643315 0.296074 0.551980,
        1.645192 0.294344 0.550250,
        1.647638 0.293017 0.548922,
        1.650486 0.292183 0.548088,
        1.642135 0.311993 0.535873,
        1.643315 0.309526 0.534449,
        1.645192 0.307407 0.533226,
        1.647638 0.305782 0.532287,
        1.650486 0.304760 0.531697,
        1.642135 0.320733 0.514771,
        1.643315 0.317982 0.514034,
        1.645192 0.315619 0.513401,
        1.647638 0.313806 0.512915,
        1.650486 0.312667 0.512609,
        1.650486 0.157078 -0.177165,
        1.650486 0.151726 -0.217820,
        1.647638 0.155898 -0.177165,
        1.647638 0.150586 -0.217515,
        1.645192 0.154021 -0.177165,
        1.645192 0.148773 -0.217029,
        1.643315 0.151575 -0.177165,
        1.643315 0.146410 -0.216396,
        1.642135 0.148726 -0.177165,
        1.642135 0.143659 -0.215659,
        1.650486 0.136033 -0.255704,
        1.647638 0.135011 -0.255114,
        1.645192 0.133386 -0.254176,
        1.643315 0.131268 -0.252953,
        1.642135 0.128801 -0.251528,
        1.650486 0.111071 -0.288236,
        1.647638 0.110237 -0.287402,
        1.645192 0.108909 -0.286074,
        1.643315 0.107180 -0.284345,
        1.642135 0.105165 -0.282331,
        1.650486 0.078539 -0.313199,
        1.647638 0.077949 -0.312177,
        1.645192 0.077011 -0.310552,
        1.643315 0.075787 -0.308433,
        1.642135 0.074363 -0.305966,
        1.650486 0.040655 -0.328891,
        1.647638 0.040349 -0.327751,
        1.645192 0.039863 -0.325938,
        1.643315 0.039230 -0.323575,
        1.642135 0.038493 -0.320824,
        1.642135 0.148726 0.492126,
        1.642135 0.151707 0.514771,
        1.643315 0.151575 0.492126,
        1.643315 0.154459 0.514034,
        1.645192 0.154021 0.492126,
        1.645192 0.156822 0.513401,
        1.647638 0.155898 0.492126,
        1.647638 0.158635 0.512915,
        1.650486 0.157078 0.492126,
        1.650486 0.159774 0.512609,
        1.642135 0.160448 0.535873,
        1.643315 0.162915 0.534449,
        1.645192 0.165033 0.533226,
        1.647638 0.166659 0.532287,
        1.650486 0.167681 0.531697,
        1.642135 0.174353 0.553994,
        1.643315 0.176367 0.551980,
        1.645192 0.178096 0.550250,
        1.647638 0.179424 0.548922,
        1.650486 0.180258 0.548088,
        1.642135 0.192473 0.567898,
        1.643315 0.193898 0.565431,
        1.645192 0.195121 0.563313,
        1.647638 0.196059 0.561687,
        1.650486 0.196649 0.560665,
        1.642135 0.213575 0.576639,
        1.643315 0.214313 0.573887,
        1.645192 0.214946 0.571525,
        1.647638 0.215431 0.569711,
        1.650486 0.215737 0.568572,
        -1.751089 -0.367658 0.096612,
        -1.751089 -0.183247 0.029492,
        -1.753937 -0.367255 0.097720,
        -1.753937 -0.182844 0.030600,
        -1.756383 -0.366613 0.099485,
        -1.756383 -0.182202 0.032364,
        -1.758260 -0.365776 0.101783,
        -1.758260 -0.181365 0.034663,
        -1.759440 -0.364802 0.104460,
        -1.759440 -0.180391 0.037340,
        -1.751089 -0.376121 0.100924,
        -1.753937 -0.375461 0.101902,
        -1.756383 -0.374412 0.103458,
        -1.758260 -0.373044 0.105486,
        -1.759440 -0.371451 0.107848,
        -1.751089 -0.383289 0.107155,
        -1.753937 -0.382413 0.107944,
        -1.756383 -0.381018 0.109200,
        -1.758260 -0.379200 0.110837,
        -1.759440 -0.377083 0.112743,
        -1.751089 -0.388737 0.114935,
        -1.753937 -0.387695 0.115489,
        -1.756383 -0.386038 0.116370,
        -1.758260 -0.383878 0.117519,
        -1.759440 -0.381363 0.118856,
        -1.751089 -0.392141 0.123802,
        -1.753937 -0.390996 0.124088,
        -1.756383 -0.389175 0.124542,
        -1.758260 -0.386801 0.125134,
        -1.759440 -0.384037 0.125823,
        -1.751089 -0.393298 0.133230,
        -1.753937 -0.392119 0.133230,
        -1.756383 -0.390241 0.133230,
        -1.758260 -0.387795 0.133230,
        -1.759440 -0.384947 0.133230,
        -1.759440 -0.169940 0.032015,
        -1.758260 -0.171533 0.029653,
        -1.756383 -0.172900 0.027625,
        -1.753937 -0.173950 0.026069,
        -1.751089 -0.174610 0.025091,
        -1.759440 -0.161087 0.024319,
        -1.758260 -0.163204 0.022413,
        -1.756383 -0.165022 0.020776,
        -1.753937 -0.166417 0.019520,
        -1.751089 -0.167294 0.018731,
        -1.759440 -0.154359 0.014711,
        -1.758260 -0.156874 0.013373,
        -1.756383 -0.159034 0.012225,
        -1.753937 -0.160691 0.011344,
        -1.751089 -0.161733 0.010790,
        -1.759440 -0.150156 0.003760,
        -1.758260 -0.152920 0.003071,
        -1.756383 -0.155293 0.002479,
        -1.753937 -0.157115 0.002025,
        -1.751089 -0.158259 0.001740,
        -1.759440 -0.148726 -0.007882,
        -1.758260 -0.151575 -0.007882,
        -1.756383 -0.154021 -0.007882,
        -1.753937 -0.155898 -0.007882,
        -1.751089 -0.157078 -0.007882,
        -1.751089 -0.393298 0.492126,
        -1.753937 -0.392119 0.492126,
        -1.756383 -0.390241 0.492126,
        -1.758260 -0.387795 0.492126,
        -1.759440 -0.384947 0.492126,
        -1.751089 -0.157078 -0.177165,
        -1.753937 -0.155898 -0.177165,
        -1.756383 -0.154021 -0.177165,
        -1.758260 -0.151575 -0.177165,
        -1.759440 -0.148726 -0.177165,
        -1.759440 -0.472441 0.579620,
        -1.759440 -0.449796 0.576639,
        -1.758260 -0.472441 0.576772,
        -1.758260 -0.450533 0.573887,
        -1.756383 -0.472441 0.574326,
        -1.756383 -0.451166 0.571525,
        -1.753937 -0.472441 0.572448,
        -1.753937 -0.451652 0.569711,
        -1.751089 -0.472441 0.571269,
        -1.751089 -0.451957 0.568572,
        -1.759440 -0.428694 0.567898,
        -1.758260 -0.430118 0.565431,
        -1.756383 -0.431341 0.563313,
        -1.753937 -0.432280 0.561687,
        -1.751089 -0.432870 0.560665,
        -1.759440 -0.410573 0.553994,
        -1.758260 -0.412587 0.551980,
        -1.756383 -0.414317 0.550250,
        -1.753937 -0.415644 0.548922,
        -1.751089 -0.416479 0.548088,
        -1.759440 -0.396669 0.535873,
        -1.758260 -0.399136 0.534449,
        -1.756383 -0.401254 0.533226,
        -1.753937 -0.402880 0.532287,
        -1.751089 -0.403902 0.531697,
        -1.759440 -0.387928 0.514771,
        -1.758260 -0.390680 0.514034,
        -1.756383 -0.393042 0.513401,
        -1.753937 -0.394856 0.512915,
        -1.751089 -0.395995 0.512609,
        -1.751089 -0.000000 -0.334243,
        -1.751089 -0.040655 -0.328891,
        -1.753937 -0.000000 -0.333063,
        -1.753937 -0.040349 -0.327751,
        -1.756383 -0.000000 -0.331186,
        -1.756383 -0.039863 -0.325938,
        -1.758260 -0.000000 -0.328740,
        -1.758260 -0.039230 -0.323575,
        -1.759440 -0.000000 -0.325892,
        -1.759440 -0.038493 -0.320824,
        -1.751089 -0.078539 -0.313199,
        -1.753937 -0.077949 -0.312177,
        -1.756383 -0.077011 -0.310552,
        -1.758260 -0.075787 -0.308433,
        -1.759440 -0.074363 -0.305966,
        -1.751089 -0.111071 -0.288236,
        -1.753937 -0.110237 -0.287402,
        -1.756383 -0.108909 -0.286074,
        -1.758260 -0.107180 -0.284345,
        -1.759440 -0.105165 -0.282331,
        -1.751089 -0.136033 -0.255704,
        -1.753937 -0.135011 -0.255114,
        -1.756383 -0.133386 -0.254176,
        -1.758260 -0.131268 -0.252953,
        -1.759440 -0.128801 -0.251528,
        -1.751089 -0.151726 -0.217820,
        -1.753937 -0.150586 -0.217515,
        -1.756383 -0.148773 -0.217029,
        -1.758260 -0.146410 -0.216396,
        -1.759440 -0.143659 -0.215659,
        -1.759440 -0.559935 0.492126,
        -1.759440 -0.556954 0.514771,
        -1.758260 -0.557087 0.492126,
        -1.758260 -0.554202 0.514034,
        -1.756383 -0.554641 0.492126,
        -1.756383 -0.551840 0.513401,
        -1.753937 -0.552763 0.492126,
        -1.753937 -0.550026 0.512915,
        -1.751089 -0.551583 0.492126,
        -1.751089 -0.548887 0.512609,
        -1.759440 -0.548213 0.535873,
        -1.758260 -0.545746 0.534449,
        -1.756383 -0.543628 0.533226,
        -1.753937 -0.542002 0.532287,
        -1.751089 -0.540980 0.531697,
        -1.759440 -0.534309 0.553994,
        -1.758260 -0.532294 0.551980,
        -1.756383 -0.530565 0.550250,
        -1.753937 -0.529237 0.548922,
        -1.751089 -0.528403 0.548088,
        -1.759440 -0.516188 0.567898,
        -1.758260 -0.514764 0.565431,
        -1.756383 -0.513541 0.563313,
        -1.753937 -0.512602 0.561687,
        -1.751089 -0.512012 0.560665,
        -1.759440 -0.495086 0.576639,
        -1.758260 -0.494349 0.573887,
        -1.756383 -0.493716 0.571525,
        -1.753937 -0.493230 0.569711,
        -1.751089 -0.492924 0.568572,
        -1.750653 0.157135 -0.177165,
        -1.751089 0.151726 -0.217820,
        -1.751089 0.157078 -0.177165,
        -1.753124 0.156235 -0.177165,
        -1.753937 0.150586 -0.217515,
        -1.753937 0.155898 -0.177165,
        -1.755335 0.154825 -0.177165,
        -1.756383 0.148773 -0.217029,
        -1.756383 0.154021 -0.177165,
        -1.757187 0.152973 -0.177165,
        -1.758260 0.146410 -0.216396,
        -1.758260 0.151575 -0.177165,
        -1.758596 0.150762 -0.177165,
        -1.759440 0.143659 -0.215659,
        -1.759440 0.148726 -0.177165,
        -1.759497 0.148291 -0.177165,
        -1.751089 0.136033 -0.255704,
        -1.753937 0.135011 -0.255114,
        -1.756383 0.133386 -0.254176,
        -1.758260 0.131268 -0.252953,
        -1.759440 0.128801 -0.251528,
        -1.751089 0.111071 -0.288236,
        -1.753937 0.110237 -0.287402,
        -1.756383 0.108909 -0.286074,
        -1.758260 0.107180 -0.284345,
        -1.759440 0.105165 -0.282331,
        -1.751089 0.078539 -0.313199,
        -1.753937 0.077949 -0.312177,
        -1.756383 0.077011 -0.310552,
        -1.758260 0.075787 -0.308433,
        -1.759440 0.074363 -0.305966,
        -1.751089 0.040655 -0.328891,
        -1.753937 0.040349 -0.327751,
        -1.756383 0.039863 -0.325938,
        -1.758260 0.039230 -0.323575,
        -1.759440 0.038493 -0.320824,
        -1.751089 -0.551583 0.413386,
        -1.753937 -0.552763 0.413386,
        -1.756383 -0.554641 0.413386,
        -1.758260 -0.557087 0.413386,
        -1.759440 -0.559935 0.413386,
        -1.759497 0.148291 0.492126,
        -1.759440 0.148726 0.492126,
        -1.758596 0.150762 0.492126,
        -1.758260 0.151575 0.492126,
        -1.757187 0.152973 0.492126,
        -1.756383 0.154021 0.492126,
        -1.755335 0.154825 0.492126,
        -1.753937 0.155898 0.492126,
        -1.753124 0.156235 0.492126,
        -1.751089 0.157078 0.492126,
        -1.750653 0.157135 0.492126,
        -1.366142 -0.551583 0.028439,
        -1.432987 -0.551583 0.034287,
        -1.366142 -0.552763 0.025591,
        -1.433482 -0.552763 0.031482,
        -1.366142 -0.554641 0.023144,
        -1.433906 -0.554641 0.029073,
        -1.366142 -0.557087 0.021267,
        -1.434232 -0.557087 0.027224,
        -1.366142 -0.559935 0.020087,
        -1.434437 -0.559935 0.026063,
        -1.500658 -0.559935 0.043806,
        -1.618949 -0.559935 0.112102,
        -1.562791 -0.559935 0.072780,
        -1.667426 -0.559935 0.160578,
        -1.706748 -0.559935 0.216737,
        -1.753465 -0.559935 0.345090,
        -1.735721 -0.559935 0.278870,
        -1.500254 -0.557087 0.044915,
        -1.562201 -0.557087 0.073801,
        -1.618191 -0.557087 0.113006,
        -1.666522 -0.557087 0.161337,
        -1.705726 -0.557087 0.217327,
        -1.734613 -0.557087 0.279274,
        -1.752303 -0.557087 0.345295,
        -1.499612 -0.554641 0.046679,
        -1.561262 -0.554641 0.075427,
        -1.616984 -0.554641 0.114444,
        -1.665084 -0.554641 0.162543,
        -1.704101 -0.554641 0.218265,
        -1.732848 -0.554641 0.279915,
        -1.750455 -0.554641 0.345621,
        -1.498776 -0.552763 0.048978,
        -1.560039 -0.552763 0.077545,
        -1.615412 -0.552763 0.116317,
        -1.663210 -0.552763 0.164116,
        -1.701982 -0.552763 0.219488,
        -1.730550 -0.552763 0.280752,
        -1.748046 -0.552763 0.346046,
        -1.497801 -0.551583 0.051654,
        -1.558615 -0.551583 0.080012,
        -1.613581 -0.551583 0.118500,
        -1.661028 -0.551583 0.165947,
        -1.699515 -0.551583 0.220913,
        -1.727873 -0.551583 0.281726,
        -1.745240 -0.551583 0.346541,
        -1.759440 0.151707 0.514771,
        -1.758260 0.154459 0.514034,
        -1.756383 0.156822 0.513401,
        -1.753937 0.158635 0.512915,
        -1.751089 0.159774 0.512609,
        -1.759440 0.160448 0.535873,
        -1.758260 0.162915 0.534449,
        -1.756383 0.165033 0.533226,
        -1.753937 0.166659 0.532287,
        -1.751089 0.167681 0.531697,
        -1.759440 0.174353 0.553994,
        -1.758260 0.176367 0.551980,
        -1.756383 0.178096 0.550250,
        -1.753937 0.179424 0.548922,
        -1.751089 0.180258 0.548088,
        -1.759440 0.192473 0.567898,
        -1.758260 0.193898 0.565431,
        -1.756383 0.195121 0.563313,
        -1.753937 0.196059 0.561687,
        -1.751089 0.196649 0.560665,
        -1.759440 0.213575 0.576639,
        -1.758260 0.214313 0.573887,
        -1.756383 0.214946 0.571525,
        -1.753937 0.215431 0.569711,
        -1.751089 0.215737 0.568572,
        -1.759440 0.236220 0.579620,
        -1.758260 0.236220 0.576772,
        -1.756383 0.236220 0.574326,
        -1.753937 0.236220 0.572448,
        -1.751089 0.236220 0.571269,
        -0.866142 -0.551583 0.028439,
        -0.866142 -0.552763 0.025591,
        -0.866142 -0.554641 0.023144,
        -0.866142 -0.557087 0.021267,
        -0.866142 -0.559935 0.020087,
        -1.759440 0.258866 0.576639,
        -1.758260 0.258128 0.573887,
        -1.756383 0.257495 0.571525,
        -1.753937 0.257009 0.569711,
        -1.751089 0.256704 0.568572,
        -1.759440 0.279968 0.567898,
        -1.758260 0.278543 0.565431,
        -1.756383 0.277320 0.563313,
        -1.753937 0.276382 0.561687,
        -1.751089 0.275792 0.560665,
        -1.759440 0.298088 0.553994,
        -1.758260 0.296074 0.551980,
        -1.756383 0.294344 0.550250,
        -1.753937 0.293017 0.548922,
        -1.751089 0.292183 0.548088,
        -1.759440 0.311993 0.535873,
        -1.758260 0.309526 0.534449,
        -1.756383 0.307407 0.533226,
        -1.753937 0.305782 0.532287,
        -1.751089 0.304760 0.531697,
        -1.759440 0.320733 0.514771,
        -1.758260 0.317982 0.514034,
        -1.756383 0.315619 0.513401,
        -1.753937 0.313806 0.512915,
        -1.751089 0.312667 0.512609,
        -1.759440 0.323715 0.492126,
        -1.758260 0.320866 0.492126,
        -1.756383 0.318420 0.492126,
        -1.753937 0.316543 0.492126,
        -1.751089 0.315363 0.492126,
        -0.835469 -0.547545 0.028439,
        -0.835163 -0.548685 0.025591,
        -0.834677 -0.550498 0.023144,
        -0.834044 -0.552861 0.021267,
        -0.833307 -0.555613 0.020087,
        -0.806885 -0.535706 0.028439,
        -0.806296 -0.536728 0.025591,
        -0.805357 -0.538353 0.023144,
        -0.804134 -0.540472 0.021267,
        -0.802709 -0.542939 0.020087,
        -0.782341 -0.516872 0.028439,
        -0.781506 -0.517706 0.025591,
        -0.780179 -0.519033 0.023144,
        -0.778449 -0.520763 0.021267,
        -0.776435 -0.522778 0.020087,
        -0.763507 -0.492327 0.028439,
        -0.762485 -0.492917 0.025591,
        -0.760859 -0.493856 0.023144,
        -0.758741 -0.495079 0.021267,
        -0.756274 -0.496503 0.020087,
        -0.751667 -0.463744 0.028439,
        -0.750528 -0.464050 0.025591,
        -0.748715 -0.464535 0.023144,
        -0.746352 -0.465169 0.021267,
        -0.743600 -0.465906 0.020087,
        -0.747629 -0.433071 0.028439,
        -0.746449 -0.433071 0.025591,
        -0.744572 -0.433071 0.023144,
        -0.742126 -0.433071 0.021267,
        -0.739278 -0.433071 0.020087,
        -1.751089 0.315363 0.413386,
        -1.753937 0.316543 0.413386,
        -1.756383 0.318420 0.413386,
        -1.758260 0.320866 0.413386,
        -1.759440 0.323715 0.413386,
        -0.747629 0.196850 0.028439,
        -0.746449 0.196850 0.025591,
        -0.744572 0.196850 0.023144,
        -0.742126 0.196850 0.021267,
        -0.739278 0.196850 0.020087,
        -1.745240 0.315363 0.346541,
        -1.748046 0.316543 0.346046,
        -1.750455 0.318420 0.345621,
        -1.752303 0.320866 0.345295,
        -1.753465 0.323715 0.345090,
        -1.735721 0.323715 0.278870,
        -1.667426 0.323715 0.160578,
        -1.706748 0.323715 0.216737,
        -1.618949 0.323715 0.112102,
        -1.562791 0.323715 0.072780,
        -1.434437 0.323715 0.026063,
        -1.500658 0.323715 0.043806,
        -1.366142 0.323715 0.020087,
        -1.734613 0.320866 0.279274,
        -1.705726 0.320866 0.217327,
        -1.666522 0.320866 0.161337,
        -1.618191 0.320866 0.113006,
        -1.562201 0.320866 0.073801,
        -1.500254 0.320866 0.044915,
        -1.434232 0.320866 0.027224,
        -1.366142 0.320866 0.021267,
        -1.732848 0.318420 0.279915,
        -1.704101 0.318420 0.218265,
        -1.665084 0.318420 0.162543,
        -1.616984 0.318420 0.114444,
        -1.561262 0.318420 0.075427,
        -1.499612 0.318420 0.046679,
        -1.433906 0.318420 0.029073,
        -1.366142 0.318420 0.023144,
        -1.730550 0.316543 0.280752,
        -1.701982 0.316543 0.219488,
        -1.663210 0.316543 0.164116,
        -1.615412 0.316543 0.116317,
        -1.560039 0.316543 0.077545,
        -1.498776 0.316543 0.048978,
        -1.433482 0.316543 0.031482,
        -1.366142 0.316543 0.025591,
        -1.727873 0.315363 0.281726,
        -1.699515 0.315363 0.220913,
        -1.661028 0.315363 0.165947,
        -1.613581 0.315363 0.118500,
        -1.558615 0.315363 0.080012,
        -1.497801 0.315363 0.051654,
        -1.432987 0.315363 0.034287,
        -1.366142 0.315363 0.028439,
        -0.742458 0.225080 0.020087,
        -0.745235 0.224446 0.021267,
        -0.747620 0.223902 0.023144,
        -0.749450 0.223485 0.025591,
        -0.750600 0.223222 0.028439,
        -0.759365 0.248271 0.028439,
        -0.773485 0.270742 0.028439,
        -0.792250 0.289507 0.028439,
        -0.814721 0.303627 0.028439,
        -0.839770 0.312392 0.028439,
        -0.866142 0.315363 0.028439,
        -0.758302 0.248783 0.025591,
        -0.772562 0.271478 0.025591,
        -0.791515 0.290430 0.025591,
        -0.814209 0.304690 0.025591,
        -0.839507 0.313542 0.025591,
        -0.866142 0.316543 0.025591,
        -0.756611 0.249598 0.023144,
        -0.771095 0.272648 0.023144,
        -0.790344 0.291897 0.023144,
        -0.813394 0.306381 0.023144,
        -0.839090 0.315372 0.023144,
        -0.866142 0.318420 0.023144,
        -0.754407 0.250659 0.021267,
        -0.769182 0.274173 0.021267,
        -0.788819 0.293810 0.021267,
        -0.812333 0.308585 0.021267,
        -0.838546 0.317757 0.021267,
        -0.866142 0.320866 0.021267,
        -0.751841 0.251895 0.020087,
        -0.766955 0.275949 0.020087,
        -0.787043 0.296037 0.020087,
        -0.811097 0.311151 0.020087,
        -0.837912 0.320534 0.020087,
        -0.866142 0.323715 0.020087,
        -1.366142 -0.551526 0.128606,
        -0.866142 -0.551526 0.128606,
        -0.866142 -0.551583 0.129041,
        -1.366142 -0.551583 0.129041,
        -0.866142 -0.552427 0.131077,
        -1.366142 -0.552427 0.131077,
        -0.866142 -0.552763 0.131890,
        -1.366142 -0.552763 0.131890,
        -0.866142 -0.553836 0.133288,
        -1.366142 -0.553836 0.133288,
        -0.866142 -0.554641 0.134336,
        -1.366142 -0.554641 0.134336,
        -0.866142 -0.555688 0.135140,
        -1.366142 -0.555688 0.135140,
        -0.866142 -0.557087 0.136213,
        -1.366142 -0.557087 0.136213,
        -0.866142 -0.557899 0.136550,
        -1.366142 -0.557899 0.136550,
        -0.866142 -0.559935 0.137393,
        -1.366142 -0.559935 0.137393,
        -0.866142 -0.560370 0.137450,
        -1.366142 -0.560370 0.137450,
        -0.833307 -0.555613 0.137393,
        -0.738842 -0.433071 0.137450,
        -0.743600 -0.465906 0.137393,
        -0.834044 -0.552861 0.136213,
        -0.739278 -0.433071 0.137393,
        -0.741313 -0.433071 0.136550,
        -0.746352 -0.465169 0.136213,
        -0.834677 -0.550498 0.134336,
        -0.742126 -0.433071 0.136213,
        -0.743524 -0.433071 0.135140,
        -0.748715 -0.464535 0.134336,
        -0.835163 -0.548685 0.131890,
        -0.744572 -0.433071 0.134336,
        -0.745376 -0.433071 0.133288,
        -0.750528 -0.464050 0.131890,
        -0.835469 -0.547545 0.129041,
        -0.802709 -0.542939 0.137393,
        -0.804134 -0.540472 0.136213,
        -0.805357 -0.538353 0.134336,
        -0.806296 -0.536728 0.131890,
        -0.806885 -0.535706 0.129041,
        -0.776435 -0.522778 0.137393,
        -0.778449 -0.520763 0.136213,
        -0.780179 -0.519033 0.134336,
        -0.781506 -0.517706 0.131890,
        -0.782341 -0.516872 0.129041,
        -0.756274 -0.496503 0.137393,
        -0.758741 -0.495079 0.136213,
        -0.760859 -0.493856 0.134336,
        -0.762485 -0.492917 0.131890,
        -0.763507 -0.492327 0.129041,
        -0.751667 -0.463744 0.129041,
        -0.746449 -0.433071 0.131890,
        -0.746786 -0.433071 0.131077,
        -0.747629 -0.433071 0.129041,
        -0.747686 -0.433071 0.128606,
        -1.621126 -0.559935 0.307768,
        -1.595622 -0.559935 0.260052,
        -1.561298 -0.559935 0.218229,
        -1.519475 -0.559935 0.183906,
        -1.471760 -0.559935 0.158402,
        -1.421615 -0.551583 0.134505,
        -1.421059 -0.552763 0.137299,
        -1.420582 -0.554641 0.139698,
        -1.420215 -0.557087 0.141539,
        -1.419985 -0.559935 0.142696,
        -1.474956 -0.551583 0.150685,
        -1.473866 -0.552763 0.153317,
        -1.472930 -0.554641 0.155577,
        -1.472211 -0.557087 0.157311,
        -1.524115 -0.551583 0.176962,
        -1.522533 -0.552763 0.179330,
        -1.521174 -0.554641 0.181364,
        -1.520131 -0.557087 0.182925,
        -1.567204 -0.551583 0.212324,
        -1.565189 -0.552763 0.214338,
        -1.563460 -0.554641 0.216068,
        -1.562133 -0.557087 0.217395,
        -1.596603 -0.557087 0.259397,
        -1.598163 -0.554641 0.258354,
        -1.600197 -0.552763 0.256995,
        -1.602566 -0.551583 0.255413,
        -1.622216 -0.557087 0.307317,
        -1.623950 -0.554641 0.306598,
        -1.626210 -0.552763 0.305662,
        -1.628842 -0.551583 0.304572,
        -1.636832 -0.559935 0.359542,
        -1.637989 -0.557087 0.359312,
        -1.639830 -0.554641 0.358946,
        -1.642229 -0.552763 0.358469,
        -1.645023 -0.551583 0.357913,
        -1.650486 -0.551583 0.413386,
        -1.647638 -0.552763 0.413386,
        -1.645192 -0.554641 0.413386,
        -1.643315 -0.557087 0.413386,
        -1.642135 -0.559935 0.413386,
        -0.747686 0.196850 0.128606,
        -0.747629 0.196850 0.129041,
        -0.746786 0.196850 0.131077,
        -0.746449 0.196850 0.131890,
        -0.745376 0.196850 0.133288,
        -0.744572 0.196850 0.134336,
        -0.743524 0.196850 0.135140,
        -0.742126 0.196850 0.136213,
        -0.741313 0.196850 0.136550,
        -0.739278 0.196850 0.137393,
        -0.738842 0.196850 0.137450,
        -1.650486 -0.551583 0.492126,
        -1.647638 -0.552763 0.492126,
        -1.645192 -0.554641 0.492126,
        -1.643315 -0.557087 0.492126,
        -1.642135 -0.559935 0.492126,
        -0.742458 0.225080 0.137393,
        -0.751841 0.251895 0.137393,
        -0.766955 0.275949 0.137393,
        -0.787043 0.296037 0.137393,
        -0.811097 0.311151 0.137393,
        -0.837912 0.320534 0.137393,
        -0.866142 0.324150 0.137450,
        -0.745235 0.224446 0.136213,
        -0.866142 0.323715 0.137393,
        -0.866142 0.321679 0.136550,
        -0.838546 0.317757 0.136213,
        -0.812333 0.308585 0.136213,
        -0.788819 0.293810 0.136213,
        -0.769182 0.274173 0.136213,
        -0.754407 0.250659 0.136213,
        -0.747620 0.223902 0.134336,
        -0.756611 0.249598 0.134336,
        -0.771095 0.272648 0.134336,
        -0.790344 0.291897 0.134336,
        -0.813394 0.306381 0.134336,
        -0.839090 0.315372 0.134336,
        -0.749450 0.223485 0.131890,
        -0.866142 0.320866 0.136213,
        -0.866142 0.319468 0.135140,
        -0.866142 0.318420 0.134336,
        -0.866142 0.317616 0.133288,
        -0.839507 0.313542 0.131890,
        -0.814209 0.304690 0.131890,
        -0.791515 0.290430 0.131890,
        -0.772562 0.271478 0.131890,
        -0.758302 0.248783 0.131890,
        -0.750600 0.223222 0.129041,
        -0.759365 0.248271 0.129041,
        -0.773485 0.270742 0.129041,
        -0.792250 0.289507 0.129041,
        -0.814721 0.303627 0.129041,
        -0.839770 0.312392 0.129041,
        -0.866142 0.316543 0.131890,
        -0.866142 0.316206 0.131077,
        -0.866142 0.315363 0.129041,
        -0.866142 0.315306 0.128606,
        -1.642135 -0.472441 0.579620,
        -1.642135 -0.495086 0.576639,
        -1.643315 -0.472441 0.576772,
        -1.643315 -0.494349 0.573887,
        -1.645192 -0.472441 0.574326,
        -1.645192 -0.493716 0.571525,
        -1.647638 -0.472441 0.572448,
        -1.647638 -0.493230 0.569711,
        -1.650486 -0.472441 0.571269,
        -1.650486 -0.492924 0.568572,
        -1.642135 -0.516188 0.567898,
        -1.643315 -0.514764 0.565431,
        -1.645192 -0.513541 0.563313,
        -1.647638 -0.512602 0.561687,
        -1.650486 -0.512012 0.560665,
        -1.642135 -0.534309 0.553994,
        -1.643315 -0.532294 0.551980,
        -1.645192 -0.530565 0.550250,
        -1.647638 -0.529237 0.548922,
        -1.650486 -0.528403 0.548088,
        -1.642135 -0.548213 0.535873,
        -1.643315 -0.545746 0.534449,
        -1.645192 -0.543628 0.533226,
        -1.647638 -0.542002 0.532287,
        -1.650486 -0.540980 0.531697,
        -1.642135 -0.556954 0.514771,
        -1.643315 -0.554202 0.514034,
        -1.645192 -0.551840 0.513401,
        -1.647638 -0.550026 0.512915,
        -1.650486 -0.548887 0.512609,
        -1.366142 0.315306 0.128606,
        -1.366142 0.315363 0.129041,
        -1.366142 0.316206 0.131077,
        -1.366142 0.316543 0.131890,
        -1.366142 0.317616 0.133288,
        -1.366142 0.318420 0.134336,
        -1.366142 0.319468 0.135140,
        -1.366142 0.320866 0.136213,
        -1.366142 0.321679 0.136550,
        -1.366142 0.323715 0.137393,
        -1.366142 0.324150 0.137450,
        -1.642135 -0.384947 0.492126,
        -1.642135 -0.387928 0.514771,
        -1.643315 -0.387795 0.492126,
        -1.643315 -0.390680 0.514034,
        -1.645192 -0.390241 0.492126,
        -1.645192 -0.393042 0.513401,
        -1.647638 -0.392119 0.492126,
        -1.647638 -0.394856 0.512915,
        -1.650486 -0.393298 0.492126,
        -1.650486 -0.395995 0.512609,
        -1.642135 -0.396669 0.535873,
        -1.643315 -0.399136 0.534449,
        -1.645192 -0.401254 0.533226,
        -1.647638 -0.402880 0.532287,
        -1.650486 -0.403902 0.531697,
        -1.642135 -0.410573 0.553994,
        -1.643315 -0.412587 0.551980,
        -1.645192 -0.414317 0.550250,
        -1.647638 -0.415644 0.548922,
        -1.650486 -0.416479 0.548088,
        -1.642135 -0.428694 0.567898,
        -1.643315 -0.430118 0.565431,
        -1.645192 -0.431341 0.563313,
        -1.647638 -0.432280 0.561687,
        -1.650486 -0.432870 0.560665,
        -1.642135 -0.449796 0.576639,
        -1.643315 -0.450533 0.573887,
        -1.645192 -0.451166 0.571525,
        -1.647638 -0.451652 0.569711,
        -1.650486 -0.451957 0.568572,
        -1.519475 0.323715 0.183906,
        -1.561298 0.323715 0.218229,
        -1.595622 0.323715 0.260052,
        -1.621126 0.323715 0.307768,
        -1.421615 0.315363 0.134505,
        -1.421059 0.316543 0.137299,
        -1.420582 0.318420 0.139698,
        -1.420215 0.320866 0.141539,
        -1.645023 0.315363 0.357913,
        -1.628842 0.315363 0.304572,
        -1.642229 0.316543 0.358469,
        -1.626210 0.316543 0.305662,
        -1.639830 0.318420 0.358946,
        -1.623950 0.318420 0.306598,
        -1.637989 0.320866 0.359312,
        -1.622216 0.320866 0.307317,
        -1.636832 0.323715 0.359542,
        -1.474956 0.315363 0.150685,
        -1.473866 0.316543 0.153317,
        -1.472930 0.318420 0.155577,
        -1.472211 0.320866 0.157311,
        -1.471760 0.323715 0.158402,
        -1.419985 0.323715 0.142696,
        -1.650486 0.315363 0.413386,
        -1.647638 0.316543 0.413386,
        -1.645192 0.318420 0.413386,
        -1.643315 0.320866 0.413386,
        -1.642135 0.323715 0.413386,
        -1.602566 0.315363 0.255413,
        -1.600197 0.316543 0.256995,
        -1.598163 0.318420 0.258354,
        -1.596603 0.320866 0.259397,
        -1.567204 0.315363 0.212324,
        -1.565189 0.316543 0.214338,
        -1.563460 0.318420 0.216068,
        -1.562133 0.320866 0.217395,
        -1.520131 0.320866 0.182925,
        -1.521174 0.318420 0.181364,
        -1.522533 0.316543 0.179330,
        -1.524115 0.315363 0.176962,
        -1.642135 -0.384947 0.133230,
        -1.643315 -0.387795 0.133230,
        -1.645192 -0.390241 0.133230,
        -1.647638 -0.392119 0.133230,
        -1.650486 -0.393298 0.133230,
        -1.650486 0.315363 0.492126,
        -1.647638 0.316543 0.492126,
        -1.645192 0.318420 0.492126,
        -1.643315 0.320866 0.492126,
        -1.642135 0.323715 0.492126,
        -1.650486 -0.392141 0.123802,
        -1.647638 -0.390996 0.124088,
        -1.645192 -0.389175 0.124542,
        -1.643315 -0.386801 0.125134,
        -1.642135 -0.384037 0.125823,
        -1.650486 -0.388737 0.114935,
        -1.647638 -0.387695 0.115489,
        -1.645192 -0.386038 0.116370,
        -1.643315 -0.383878 0.117519,
        -1.642135 -0.381363 0.118856,
        -1.650486 -0.383289 0.107155,
        -1.647638 -0.382413 0.107944,
        -1.645192 -0.381018 0.109200,
        -1.643315 -0.379200 0.110837,
        -1.642135 -0.377083 0.112743,
        -1.650486 -0.376121 0.100924,
        -1.647638 -0.375461 0.101902,
        -1.645192 -0.374412 0.103458,
        -1.643315 -0.373044 0.105486,
        -1.642135 -0.371451 0.107848,
        -1.650486 -0.367658 0.096612,
        -1.647638 -0.367255 0.097720,
        -1.645192 -0.366613 0.099485,
        -1.643315 -0.365776 0.101783,
        -1.642135 -0.364802 0.104460,
        -1.642135 0.320733 0.514771,
        -1.643315 0.317982 0.514034,
        -1.645192 0.315619 0.513401,
        -1.647638 0.313806 0.512915,
        -1.650486 0.312667 0.512609,
        -1.642135 0.311993 0.535873,
        -1.643315 0.309526 0.534449,
        -1.645192 0.307407 0.533226,
        -1.647638 0.305782 0.532287,
        -1.650486 0.304760 0.531697,
        -1.642135 0.298088 0.553994,
        -1.643315 0.296074 0.551980,
        -1.645192 0.294344 0.550250,
        -1.647638 0.293017 0.548922,
        -1.650486 0.292183 0.548088,
        -1.642135 0.279968 0.567898,
        -1.643315 0.278543 0.565431,
        -1.645192 0.277320 0.563313,
        -1.647638 0.276382 0.561687,
        -1.650486 0.275792 0.560665,
        -1.642135 0.258866 0.576639,
        -1.643315 0.258128 0.573887,
        -1.645192 0.257495 0.571525,
        -1.647638 0.257009 0.569711,
        -1.650486 0.256704 0.568572,
        -1.642135 0.236220 0.579620,
        -1.643315 0.236220 0.576772,
        -1.645192 0.236220 0.574326,
        -1.647638 0.236220 0.572448,
        -1.650486 0.236220 0.571269,
        -1.650486 -0.183247 0.029492,
        -1.647638 -0.182844 0.030600,
        -1.645192 -0.182202 0.032364,
        -1.643315 -0.181365 0.034663,
        -1.642135 -0.180391 0.037340,
        -1.642135 0.213575 0.576639,
        -1.643315 0.214313 0.573887,
        -1.645192 0.214946 0.571525,
        -1.647638 0.215431 0.569711,
        -1.650486 0.215737 0.568572,
        -1.642135 0.192473 0.567898,
        -1.643315 0.193898 0.565431,
        -1.645192 0.195121 0.563313,
        -1.647638 0.196059 0.561687,
        -1.650486 0.196649 0.560665,
        -1.642135 0.174353 0.553994,
        -1.643315 0.176367 0.551980,
        -1.645192 0.178096 0.550250,
        -1.647638 0.179424 0.548922,
        -1.650486 0.180258 0.548088,
        -1.642135 0.160448 0.535873,
        -1.643315 0.162915 0.534449,
        -1.645192 0.165033 0.533226,
        -1.647638 0.166659 0.532287,
        -1.650486 0.167681 0.531697,
        -1.642135 0.151707 0.514771,
        -1.643315 0.154459 0.514034,
        -1.645192 0.156822 0.513401,
        -1.647638 0.158635 0.512915,
        -1.650486 0.159774 0.512609,
        -1.642135 0.148726 0.492126,
        -1.643315 0.151575 0.492126,
        -1.645192 0.154021 0.492126,
        -1.647638 0.155898 0.492126,
        -1.650486 0.157078 0.492126,
        -1.642135 -0.148726 -0.007882,
        -1.642135 -0.150156 0.003760,
        -1.643315 -0.151575 -0.007882,
        -1.643315 -0.152920 0.003071,
        -1.645192 -0.154021 -0.007882,
        -1.645192 -0.155293 0.002479,
        -1.647638 -0.155898 -0.007882,
        -1.647638 -0.157115 0.002025,
        -1.650486 -0.157078 -0.007882,
        -1.650486 -0.158259 0.001740,
        -1.642135 -0.154359 0.014711,
        -1.643315 -0.156874 0.013373,
        -1.645192 -0.159034 0.012225,
        -1.647638 -0.160691 0.011344,
        -1.650486 -0.161733 0.010790,
        -1.642135 -0.161087 0.024319,
        -1.643315 -0.163204 0.022413,
        -1.645192 -0.165022 0.020776,
        -1.647638 -0.166417 0.019520,
        -1.650486 -0.167294 0.018731,
        -1.642135 -0.169940 0.032015,
        -1.643315 -0.171533 0.029653,
        -1.645192 -0.172900 0.027625,
        -1.647638 -0.173950 0.026069,
        -1.650486 -0.174610 0.025091,
        -1.650486 0.157078 -0.177165,
        -1.647638 0.155898 -0.177165,
        -1.645192 0.154021 -0.177165,
        -1.643315 0.151575 -0.177165,
        -1.642135 0.148726 -0.177165,
        -1.650486 -0.157078 -0.177165,
        -1.647638 -0.155898 -0.177165,
        -1.645192 -0.154021 -0.177165,
        -1.643315 -0.151575 -0.177165,
        -1.642135 -0.148726 -0.177165,
        -1.650486 0.000000 -0.334243,
        -1.650486 0.040655 -0.328891,
        -1.647638 0.000000 -0.333063,
        -1.647638 0.040349 -0.327751,
        -1.645192 0.000000 -0.331186,
        -1.645192 0.039863 -0.325938,
        -1.643315 0.000000 -0.328740,
        -1.643315 0.039230 -0.323575,
        -1.642135 0.000000 -0.325892,
        -1.642135 0.038493 -0.320824,
        -1.650486 0.078539 -0.313199,
        -1.647638 0.077949 -0.312177,
        -1.645192 0.077011 -0.310552,
        -1.643315 0.075787 -0.308433,
        -1.642135 0.074363 -0.305966,
        -1.650486 0.111071 -0.288236,
        -1.647638 0.110237 -0.287402,
        -1.645192 0.108909 -0.286074,
        -1.643315 0.107180 -0.284345,
        -1.642135 0.105165 -0.282331,
        -1.650486 0.136033 -0.255704,
        -1.647638 0.135011 -0.255114,
        -1.645192 0.133386 -0.254176,
        -1.643315 0.131268 -0.252953,
        -1.642135 0.128801 -0.251528,
        -1.650486 0.151726 -0.217820,
        -1.647638 0.150586 -0.217515,
        -1.645192 0.148773 -0.217029,
        -1.643315 0.146410 -0.216396,
        -1.642135 0.143659 -0.215659,
        -1.650486 -0.151726 -0.217820,
        -1.647638 -0.150586 -0.217515,
        -1.645192 -0.148773 -0.217029,
        -1.643315 -0.146410 -0.216396,
        -1.642135 -0.143659 -0.215659,
        -1.650486 -0.136033 -0.255704,
        -1.647638 -0.135011 -0.255114,
        -1.645192 -0.133386 -0.254176,
        -1.643315 -0.131268 -0.252953,
        -1.642135 -0.128801 -0.251528,
        -1.650486 -0.111071 -0.288236,
        -1.647638 -0.110237 -0.287402,
        -1.645192 -0.108909 -0.286074,
        -1.643315 -0.107180 -0.284345,
        -1.642135 -0.105165 -0.282331,
        -1.650486 -0.078539 -0.313199,
        -1.647638 -0.077949 -0.312177,
        -1.645192 -0.077011 -0.310552,
        -1.643315 -0.075787 -0.308433,
        -1.642135 -0.074363 -0.305966,
        -1.650486 -0.040655 -0.328891,
        -1.647638 -0.040349 -0.327751,
        -1.645192 -0.039863 -0.325938,
        -1.643315 -0.039230 -0.323575,
        -1.642135 -0.038493 -0.320824,
        0.486227 -1.849991 1.270774,
        -0.486227 -1.849991 1.270774,
        0.486227 -1.848811 1.273622,
        -0.486227 -1.848811 1.273622,
        0.486227 -1.846935 1.276068,
        -0.486227 -1.846935 1.276068,
        0.486227 -1.844488 1.277945,
        -0.486227 -1.844488 1.277945,
        0.486227 -1.841639 1.279125,
        -0.486227 -1.841639 1.279125,
        -0.519822 -1.841639 1.275491,
        -0.519570 -1.844488 1.274338,
        -0.519169 -1.846935 1.272504,
        -0.518645 -1.848811 1.270115,
        -0.518036 -1.849991 1.267332,
        -0.551863 -1.841639 1.264754,
        -0.551370 -1.844488 1.263683,
        -0.550585 -1.846935 1.261977,
        -0.549563 -1.848811 1.259755,
        -0.548373 -1.849991 1.257167,
        -0.580866 -1.841639 1.247414,
        -0.580155 -1.844488 1.246472,
        -0.579024 -1.846935 1.244974,
        -0.577550 -1.848811 1.243022,
        -0.575834 -1.849991 1.240748,
        -0.605489 -1.841639 1.224272,
        -0.604593 -1.844488 1.223504,
        -0.603169 -1.846935 1.222283,
        -0.601311 -1.848811 1.220691,
        -0.599148 -1.849991 1.218837,
        0.518036 -1.849991 1.267332,
        0.518645 -1.848811 1.270115,
        0.519169 -1.846935 1.272504,
        0.519570 -1.844488 1.274338,
        0.519822 -1.841639 1.275491,
        0.548373 -1.849991 1.257167,
        0.549563 -1.848811 1.259755,
        0.550585 -1.846935 1.261977,
        0.551370 -1.844488 1.263683,
        0.551863 -1.841639 1.264754,
        0.575834 -1.849991 1.240748,
        0.577550 -1.848811 1.243022,
        0.579024 -1.846935 1.244974,
        0.580155 -1.844488 1.246472,
        0.580866 -1.841639 1.247414,
        0.599148 -1.849991 1.218837,
        0.601311 -1.848811 1.220691,
        0.603169 -1.846935 1.222283,
        0.604593 -1.844488 1.223504,
        0.605489 -1.841639 1.224272,
        -0.853494 -1.841639 0.934933,
        -0.852598 -1.844488 0.934165,
        -0.851173 -1.846935 0.932944,
        -0.849316 -1.848811 0.931352,
        -0.847153 -1.849991 0.929498,
        0.847153 -1.849991 0.929498,
        0.849316 -1.848811 0.931352,
        0.851173 -1.846935 0.932944,
        0.852598 -1.844488 0.934165,
        0.853494 -1.841639 0.934933,
        -0.923756 -1.732283 0.840128,
        -0.921146 -1.762748 0.843173,
        -0.925151 -1.732283 0.842877,
        -0.922567 -1.762443 0.845892,
        -0.925787 -1.732283 0.845894,
        -0.923244 -1.761957 0.848861,
        -0.925620 -1.732283 0.848973,
        -0.923132 -1.761324 0.851876,
        -0.924662 -1.732283 0.851904,
        -0.922237 -1.760587 0.854733,
        -0.913493 -1.791137 0.852101,
        -0.914991 -1.790547 0.854731,
        -0.915791 -1.789609 0.857557,
        -0.915837 -1.788386 0.860387,
        -0.915128 -1.786961 0.863028,
        -0.901320 -1.815515 0.866304,
        -0.902939 -1.814681 0.868791,
        -0.903933 -1.813354 0.871391,
        -0.904233 -1.811624 0.873926,
        -0.903817 -1.809610 0.876222,
        -0.885455 -1.834222 0.884813,
        -0.887233 -1.833200 0.887115,
        -0.888480 -1.831574 0.889419,
        -0.889109 -1.829456 0.891569,
        -0.889078 -1.826989 0.893419,
        -0.866980 -1.845980 0.906367,
        -0.868943 -1.844841 0.908453,
        -0.870485 -1.843028 0.910414,
        -0.871498 -1.840665 0.912116,
        -0.871914 -1.837913 0.913444,
        0.924662 -1.732283 0.851904,
        0.922237 -1.760587 0.854733,
        0.925620 -1.732283 0.848973,
        0.923132 -1.761324 0.851876,
        0.925787 -1.732283 0.845894,
        0.923244 -1.761957 0.848861,
        0.925151 -1.732283 0.842877,
        0.922567 -1.762443 0.845892,
        0.923756 -1.732283 0.840128,
        0.921146 -1.762748 0.843173,
        0.915128 -1.786961 0.863028,
        0.915837 -1.788386 0.860387,
        0.915791 -1.789609 0.857557,
        0.914991 -1.790547 0.854731,
        0.913493 -1.791137 0.852101,
        0.903817 -1.809610 0.876222,
        0.904233 -1.811624 0.873926,
        0.903933 -1.813354 0.871391,
        0.902939 -1.814681 0.868791,
        0.901320 -1.815515 0.866304,
        0.889078 -1.826989 0.893419,
        0.889109 -1.829456 0.891569,
        0.888480 -1.831574 0.889419,
        0.887233 -1.833200 0.887115,
        0.885455 -1.834222 0.884813,
        0.871914 -1.837913 0.913444,
        0.871498 -1.840665 0.912116,
        0.870485 -1.843028 0.910414,
        0.868943 -1.844841 0.908453,
        0.866980 -1.845980 0.906367,
        -0.924662 -1.653543 0.851904,
        -0.925620 -1.653543 0.848973,
        -0.925787 -1.653543 0.845894,
        -0.925151 -1.653543 0.842877,
        -0.923756 -1.653543 0.840128,
        0.924662 -1.653543 0.851904,
        0.925620 -1.653543 0.848973,
        0.925787 -1.653543 0.845894,
        0.925151 -1.653543 0.842877,
        0.923756 -1.653543 0.840128,
        -0.847153 -1.535835 0.929498,
        -0.866980 -1.539846 0.906367,
        -0.849316 -1.537015 0.931352,
        -0.868943 -1.540986 0.908453,
        -0.851173 -1.538893 0.932944,
        -0.870485 -1.542799 0.910414,
        -0.852598 -1.541339 0.934165,
        -0.871498 -1.545162 0.912116,
        -0.853494 -1.544187 0.934933,
        -0.871914 -1.547913 0.913444,
        -0.885455 -1.551606 0.884813,
        -0.887233 -1.552627 0.887115,
        -0.888480 -1.554253 0.889419,
        -0.889109 -1.556371 0.891569,
        -0.889078 -1.558838 0.893419,
        -0.901320 -1.570311 0.866304,
        -0.902939 -1.571146 0.868791,
        -0.903933 -1.572473 0.871391,
        -0.904233 -1.574203 0.873926,
        -0.903817 -1.576217 0.876222,
        -0.913493 -1.594689 0.852101,
        -0.914991 -1.595280 0.854731,
        -0.915791 -1.596218 0.857557,
        -0.915837 -1.597441 0.860387,
        -0.915128 -1.598865 0.863028,
        -0.921146 -1.623078 0.843173,
        -0.922567 -1.623383 0.845892,
        -0.923244 -1.623870 0.848861,
        -0.923132 -1.624503 0.851876,
        -0.922237 -1.625240 0.854733,
        0.853494 -1.544187 0.934933,
        0.871914 -1.547913 0.913444,
        0.852598 -1.541339 0.934165,
        0.871498 -1.545162 0.912116,
        0.851173 -1.538893 0.932944,
        0.870485 -1.542799 0.910414,
        0.849316 -1.537015 0.931352,
        0.868943 -1.540986 0.908453,
        0.847153 -1.535835 0.929498,
        0.866980 -1.539846 0.906367,
        0.889078 -1.558838 0.893419,
        0.889109 -1.556371 0.891569,
        0.888480 -1.554253 0.889419,
        0.887233 -1.552627 0.887115,
        0.885455 -1.551606 0.884813,
        0.903817 -1.576217 0.876222,
        0.904233 -1.574203 0.873926,
        0.903933 -1.572473 0.871391,
        0.902939 -1.571146 0.868791,
        0.901320 -1.570311 0.866304,
        0.915128 -1.598865 0.863028,
        0.915837 -1.597441 0.860387,
        0.915791 -1.596218 0.857557,
        0.914991 -1.595280 0.854731,
        0.913493 -1.594689 0.852101,
        0.922237 -1.625240 0.854733,
        0.923132 -1.624503 0.851876,
        0.923244 -1.623870 0.848861,
        0.922567 -1.623383 0.845892,
        0.921146 -1.623078 0.843173,
        -0.599148 -1.535835 1.218837,
        -0.601311 -1.537015 1.220691,
        -0.603169 -1.538893 1.222283,
        -0.604593 -1.541339 1.223504,
        -0.605489 -1.544187 1.224272,
        0.605489 -1.544187 1.224272,
        0.604593 -1.541339 1.223504,
        0.603169 -1.538893 1.222283,
        0.601311 -1.537015 1.220691,
        0.599148 -1.535835 1.218837,
        -0.492588 -1.544187 1.278996,
        -0.524468 -1.544187 1.274399,
        -0.554740 -1.544187 1.263396,
        -0.582131 -1.544187 1.246450,
        -0.581410 -1.541339 1.245515,
        -0.580264 -1.538893 1.244028,
        -0.578771 -1.537015 1.242091,
        -0.577031 -1.535835 1.239835,
        -0.554225 -1.541339 1.262334,
        -0.553406 -1.538893 1.260645,
        -0.552339 -1.537015 1.258444,
        -0.551097 -1.535835 1.255881,
        -0.524181 -1.541339 1.273255,
        -0.523724 -1.538893 1.271434,
        -0.523128 -1.537015 1.269061,
        -0.522435 -1.535835 1.266299,
        -0.492540 -1.541339 1.277817,
        -0.492464 -1.538893 1.275942,
        -0.492365 -1.537015 1.273498,
        -0.492250 -1.535835 1.270652,
        0.582131 -1.544187 1.246450,
        0.551097 -1.535835 1.255881,
        0.522435 -1.535835 1.266299,
        0.552339 -1.537015 1.258444,
        0.523128 -1.537015 1.269061,
        0.553406 -1.538893 1.260645,
        0.523724 -1.538893 1.271434,
        0.554225 -1.541339 1.262334,
        0.524181 -1.541339 1.273255,
        0.554740 -1.544187 1.263396,
        0.524468 -1.544187 1.274399,
        0.577031 -1.535835 1.239835,
        0.578771 -1.537015 1.242091,
        0.580264 -1.538893 1.244028,
        0.581410 -1.541339 1.245515,
        0.492250 -1.535835 1.270652,
        0.492365 -1.537015 1.273498,
        0.492464 -1.538893 1.275942,
        0.492540 -1.541339 1.277817,
        0.492588 -1.544187 1.278996,
        -0.489711 -1.535786 1.270741,
        -0.489720 -1.536966 1.273588,
        -0.489691 -1.538842 1.276033,
        -0.489627 -1.541285 1.277910,
        -0.489533 -1.544130 1.279091,
        -0.487177 -1.535629 1.270774,
        -0.487078 -1.536805 1.273622,
        -0.486922 -1.538676 1.276068,
        -0.486719 -1.541113 1.277945,
        -0.486481 -1.543952 1.279125,
        0.489533 -1.544130 1.279091,
        0.489627 -1.541285 1.277910,
        0.489691 -1.538842 1.276033,
        0.489720 -1.536966 1.273588,
        0.489711 -1.535786 1.270741,
        0.486481 -1.543952 1.279125,
        0.486719 -1.541113 1.277945,
        0.486922 -1.538676 1.276068,
        0.487078 -1.536805 1.273622,
        0.487177 -1.535629 1.270774,
        -0.439828 -1.504665 1.270774,
        -0.448368 -1.516633 1.270774,
        -0.459584 -1.526139 1.270774,
        -0.472789 -1.532603 1.270774,
        -0.472405 -1.533719 1.273622,
        -0.471795 -1.535494 1.276068,
        -0.470999 -1.537807 1.277945,
        -0.470073 -1.540501 1.279125,
        -0.458938 -1.527127 1.273622,
        -0.457911 -1.528698 1.276068,
        -0.456572 -1.530745 1.277945,
        -0.455013 -1.533129 1.279125,
        -0.447500 -1.517432 1.273622,
        -0.446119 -1.518703 1.276068,
        -0.444318 -1.520359 1.277945,
        -0.442222 -1.522287 1.279125,
        -0.438791 -1.505226 1.273622,
        -0.437139 -1.506119 1.276068,
        -0.434988 -1.507283 1.277945,
        -0.432482 -1.508638 1.279125,
        -0.434486 -1.490967 1.270774,
        -0.433343 -1.491257 1.273622,
        -0.431523 -1.491718 1.276068,
        -0.429151 -1.492318 1.277945,
        -0.426390 -1.493017 1.279125,
        -0.424317 -1.476378 1.279125,
        -0.427165 -1.476378 1.277945,
        -0.429611 -1.476378 1.276068,
        -0.431489 -1.476378 1.273622,
        -0.432669 -1.476378 1.270774,
        0.459584 -1.526139 1.270774,
        0.448368 -1.516633 1.270774,
        0.439828 -1.504665 1.270774,
        0.434486 -1.490967 1.270774,
        0.432669 -1.476378 1.270774,
        0.470073 -1.540501 1.279125,
        0.470999 -1.537807 1.277945,
        0.471795 -1.535494 1.276068,
        0.472405 -1.533719 1.273622,
        0.472789 -1.532603 1.270774,
        0.433343 -1.491257 1.273622,
        0.431489 -1.476378 1.273622,
        0.431523 -1.491718 1.276068,
        0.429611 -1.476378 1.276068,
        0.429151 -1.492318 1.277945,
        0.427165 -1.476378 1.277945,
        0.426390 -1.493017 1.279125,
        0.424317 -1.476378 1.279125,
        0.438791 -1.505226 1.273622,
        0.437139 -1.506119 1.276068,
        0.434988 -1.507283 1.277945,
        0.432482 -1.508638 1.279125,
        0.447500 -1.517432 1.273622,
        0.446119 -1.518703 1.276068,
        0.444318 -1.520359 1.277945,
        0.442222 -1.522287 1.279125,
        0.458938 -1.527127 1.273622,
        0.457911 -1.528698 1.276068,
        0.456572 -1.530745 1.277945,
        0.455013 -1.533129 1.279125,
        -0.426627 -1.458828 1.279125,
        -0.429379 -1.459565 1.277945,
        -0.431742 -1.460198 1.276068,
        -0.433555 -1.460684 1.273622,
        -0.434694 -1.460989 1.270774,
        -0.433402 -1.442473 1.279125,
        -0.435869 -1.443898 1.277945,
        -0.437987 -1.445121 1.276068,
        -0.439612 -1.446059 1.273622,
        -0.440634 -1.446649 1.270774,
        -0.444178 -1.428430 1.279125,
        -0.446192 -1.430444 1.277945,
        -0.447922 -1.432174 1.276068,
        -0.449249 -1.433501 1.273622,
        -0.450083 -1.434335 1.270774,
        -0.458221 -1.417654 1.279125,
        -0.459646 -1.420120 1.277945,
        -0.460869 -1.422239 1.276068,
        -0.461807 -1.423865 1.273622,
        -0.462397 -1.424886 1.270774,
        -0.474576 -1.410879 1.279125,
        -0.475313 -1.413631 1.277945,
        -0.475946 -1.415994 1.276068,
        -0.476432 -1.417807 1.273622,
        -0.476737 -1.418946 1.270774,
        -0.492126 -1.408569 1.279125,
        -0.492126 -1.411417 1.277945,
        -0.492126 -1.413863 1.276068,
        -0.492126 -1.415741 1.273622,
        -0.492126 -1.416920 1.270774,
        0.492126 -1.408569 1.279125,
        0.474576 -1.410879 1.279125,
        0.492126 -1.411417 1.277945,
        0.475313 -1.413631 1.277945,
        0.492126 -1.413863 1.276068,
        0.475946 -1.415994 1.276068,
        0.492126 -1.415741 1.273622,
        0.476432 -1.417807 1.273622,
        0.492126 -1.416920 1.270774,
        0.476737 -1.418946 1.270774,
        0.458221 -1.417654 1.279125,
        0.459646 -1.420120 1.277945,
        0.460869 -1.422239 1.276068,
        0.461807 -1.423865 1.273622,
        0.462397 -1.424886 1.270774,
        0.444178 -1.428430 1.279125,
        0.446192 -1.430444 1.277945,
        0.447922 -1.432174 1.276068,
        0.449249 -1.433501 1.273622,
        0.450083 -1.434335 1.270774,
        0.433402 -1.442473 1.279125,
        0.435869 -1.443898 1.277945,
        0.437987 -1.445121 1.276068,
        0.439612 -1.446059 1.273622,
        0.440634 -1.446649 1.270774,
        0.426627 -1.458828 1.279125,
        0.429379 -1.459565 1.277945,
        0.431742 -1.460198 1.276068,
        0.433555 -1.460684 1.273622,
        0.434694 -1.460989 1.270774,
        -1.161417 -1.408140 1.279231,
        -1.161417 -1.408555 1.279086,
        -1.161417 -1.410637 1.278358,
        -1.161417 -1.411382 1.277889,
        -1.161417 -1.412876 1.276951,
        -1.161417 -1.413811 1.276016,
        -1.161417 -1.414746 1.275081,
        -1.161417 -1.415685 1.273587,
        -1.161417 -1.416153 1.272841,
        -1.161417 -1.416881 1.270760,
        -1.161417 -1.417027 1.270345,
        1.161417 -1.408140 1.279231,
        1.161417 -1.408555 1.279086,
        1.161417 -1.410637 1.278358,
        1.161417 -1.411382 1.277889,
        1.161417 -1.412876 1.276951,
        1.161417 -1.413811 1.276016,
        1.161417 -1.414746 1.275081,
        1.161417 -1.415685 1.273587,
        1.161417 -1.416153 1.272841,
        1.161417 -1.416881 1.270760,
        1.161417 -1.417027 1.270345,
        -1.227330 -1.458717 1.279231,
        -1.179079 -1.410465 1.279231,
        -1.178433 -1.412876 1.278358,
        -1.229655 -1.476378 1.279231,
        -1.229240 -1.476378 1.279086,
        -1.224919 -1.459363 1.278358,
        -1.177853 -1.415040 1.276951,
        -1.227159 -1.476378 1.278358,
        -1.226413 -1.476378 1.277889,
        -1.222756 -1.459943 1.276951,
        -1.177369 -1.416846 1.275081,
        -1.224919 -1.476378 1.276951,
        -1.223984 -1.476378 1.276016,
        -1.220949 -1.460426 1.275081,
        -1.177005 -1.418206 1.272841,
        -1.195536 -1.417282 1.279231,
        -1.194288 -1.419444 1.278358,
        -1.193169 -1.421383 1.276951,
        -1.192233 -1.423003 1.275081,
        -1.191530 -1.424222 1.272841,
        -1.209669 -1.428126 1.279231,
        -1.207904 -1.429892 1.278358,
        -1.206320 -1.431475 1.276951,
        -1.204998 -1.432798 1.275081,
        -1.204003 -1.433793 1.272841,
        -1.220513 -1.442259 1.279231,
        -1.218351 -1.443507 1.278358,
        -1.216412 -1.444627 1.276951,
        -1.214792 -1.445562 1.275081,
        -1.213574 -1.446266 1.272841,
        -1.219590 -1.460791 1.272841,
        -1.176779 -1.419049 1.270345,
        -1.223049 -1.476378 1.275081,
        -1.222111 -1.476378 1.273587,
        -1.221642 -1.476378 1.272841,
        -1.220914 -1.476378 1.270760,
        -1.191093 -1.424978 1.270345,
        -1.203385 -1.434410 1.270345,
        -1.212817 -1.446702 1.270345,
        -1.218746 -1.461017 1.270345,
        -1.220769 -1.476378 1.270345,
        1.179079 -1.410465 1.279231,
        1.229655 -1.476378 1.279231,
        1.227330 -1.458717 1.279231,
        1.229240 -1.476378 1.279086,
        1.224919 -1.459363 1.278358,
        1.178433 -1.412876 1.278358,
        1.222756 -1.459943 1.276951,
        1.226413 -1.476378 1.277889,
        1.227159 -1.476378 1.278358,
        1.177853 -1.415040 1.276951,
        1.220949 -1.460426 1.275081,
        1.223984 -1.476378 1.276016,
        1.224919 -1.476378 1.276951,
        1.177369 -1.416846 1.275081,
        1.220914 -1.476378 1.270760,
        1.221642 -1.476378 1.272841,
        1.219590 -1.460791 1.272841,
        1.222111 -1.476378 1.273587,
        1.223049 -1.476378 1.275081,
        1.220513 -1.442259 1.279231,
        1.218351 -1.443507 1.278358,
        1.216412 -1.444627 1.276951,
        1.214792 -1.445562 1.275081,
        1.213574 -1.446266 1.272841,
        1.209669 -1.428126 1.279231,
        1.207904 -1.429892 1.278358,
        1.206320 -1.431475 1.276951,
        1.204998 -1.432798 1.275081,
        1.204003 -1.433793 1.272841,
        1.195536 -1.417282 1.279231,
        1.194288 -1.419444 1.278358,
        1.193169 -1.421383 1.276951,
        1.192233 -1.423003 1.275081,
        1.191530 -1.424222 1.272841,
        1.177005 -1.418206 1.272841,
        1.220769 -1.476378 1.270345,
        1.218746 -1.461017 1.270345,
        1.212817 -1.446702 1.270345,
        1.203385 -1.434410 1.270345,
        1.191093 -1.424978 1.270345,
        1.176779 -1.419049 1.270345,
        -1.229226 -1.791339 1.279125,
        -1.226378 -1.791339 1.277945,
        -1.223932 -1.791339 1.276068,
        -1.222055 -1.791339 1.273622,
        -1.220875 -1.791339 1.270774,
        1.229226 -1.791339 1.279125,
        1.226378 -1.791339 1.277945,
        1.223932 -1.791339 1.276068,
        1.222055 -1.791339 1.273622,
        1.220875 -1.791339 1.270774,
        -1.279528 -1.849991 1.270774,
        -1.264347 -1.847993 1.270774,
        -1.279528 -1.848811 1.273622,
        -1.264653 -1.846853 1.273622,
        -1.279528 -1.846935 1.276068,
        -1.265138 -1.845040 1.276068,
        -1.279528 -1.844488 1.277945,
        -1.265772 -1.842677 1.277945,
        -1.279528 -1.841639 1.279125,
        -1.266509 -1.839926 1.279125,
        -1.250201 -1.842133 1.270774,
        -1.250791 -1.841111 1.273622,
        -1.251730 -1.839486 1.276068,
        -1.252953 -1.837368 1.277945,
        -1.254377 -1.834900 1.279125,
        -1.238054 -1.832812 1.270774,
        -1.238888 -1.831978 1.273622,
        -1.240215 -1.830651 1.276068,
        -1.241945 -1.828921 1.277945,
        -1.243959 -1.826907 1.279125,
        -1.228733 -1.820665 1.270774,
        -1.229755 -1.820075 1.273622,
        -1.231380 -1.819136 1.276068,
        -1.233498 -1.817913 1.277945,
        -1.235966 -1.816489 1.279125,
        -1.222874 -1.806519 1.270774,
        -1.224013 -1.806213 1.273622,
        -1.225826 -1.805728 1.276068,
        -1.228189 -1.805094 1.277945,
        -1.230941 -1.804357 1.279125,
        1.222874 -1.806519 1.270774,
        1.224013 -1.806213 1.273622,
        1.225826 -1.805728 1.276068,
        1.228189 -1.805094 1.277945,
        1.230941 -1.804357 1.279125,
        1.228733 -1.820665 1.270774,
        1.229755 -1.820075 1.273622,
        1.231380 -1.819136 1.276068,
        1.233498 -1.817913 1.277945,
        1.235966 -1.816489 1.279125,
        1.238054 -1.832812 1.270774,
        1.238888 -1.831978 1.273622,
        1.240215 -1.830651 1.276068,
        1.241945 -1.828921 1.277945,
        1.243959 -1.826907 1.279125,
        1.250201 -1.842133 1.270774,
        1.250791 -1.841111 1.273622,
        1.251730 -1.839486 1.276068,
        1.252953 -1.837368 1.277945,
        1.254377 -1.834900 1.279125,
        1.264347 -1.847993 1.270774,
        1.264653 -1.846853 1.273622,
        1.265138 -1.845040 1.276068,
        1.265772 -1.842677 1.277945,
        1.266509 -1.839926 1.279125,
        1.279528 -1.849991 1.270774,
        1.279528 -1.848811 1.273622,
        1.279528 -1.846935 1.276068,
        1.279528 -1.844488 1.277945,
        1.279528 -1.841639 1.279125,
        -1.366142 -1.849991 1.270774,
        -1.366142 -1.848811 1.273622,
        -1.366142 -1.846935 1.276068,
        -1.366142 -1.844488 1.277945,
        -1.366142 -1.841639 1.279125,
        1.366142 -1.849991 1.270774,
        1.366142 -1.848811 1.273622,
        1.366142 -1.846935 1.276068,
        1.366142 -1.844488 1.277945,
        1.366142 -1.841639 1.279125,
        -1.432987 -1.849991 1.264925,
        -1.433482 -1.848811 1.267731,
        -1.433906 -1.846935 1.270140,
        -1.434232 -1.844488 1.271988,
        -1.434437 -1.841639 1.273150,
        -1.500658 -1.841639 1.255406,
        -1.618949 -1.841639 1.187111,
        -1.562791 -1.841639 1.226433,
        -1.667426 -1.841639 1.138634,
        -1.706748 -1.841639 1.082476,
        -1.753465 -1.841639 0.954122,
        -1.735721 -1.841639 1.020343,
        -1.759440 -1.841639 0.885827,
        -1.500254 -1.844488 1.254298,
        -1.562201 -1.844488 1.225411,
        -1.618191 -1.844488 1.186207,
        -1.666522 -1.844488 1.137876,
        -1.705726 -1.844488 1.081886,
        -1.734613 -1.844488 1.019939,
        -1.752303 -1.844488 0.953917,
        -1.758260 -1.844488 0.885827,
        -1.499612 -1.846935 1.252534,
        -1.561262 -1.846935 1.223786,
        -1.616984 -1.846935 1.184769,
        -1.665084 -1.846935 1.136669,
        -1.704101 -1.846935 1.080948,
        -1.732848 -1.846935 1.019297,
        -1.750455 -1.846935 0.953591,
        -1.756383 -1.846935 0.885827,
        -1.498776 -1.848811 1.250235,
        -1.560039 -1.848811 1.221667,
        -1.615412 -1.848811 1.182895,
        -1.663210 -1.848811 1.135097,
        -1.701982 -1.848811 1.079724,
        -1.730550 -1.848811 1.018461,
        -1.748046 -1.848811 0.953167,
        -1.753937 -1.848811 0.885827,
        -1.497801 -1.849991 1.247558,
        -1.558615 -1.849991 1.219200,
        -1.613581 -1.849991 1.180713,
        -1.661028 -1.849991 1.133266,
        -1.699515 -1.849991 1.078300,
        -1.727873 -1.849991 1.017486,
        -1.745240 -1.849991 0.952672,
        -1.751089 -1.849991 0.885827,
        1.751089 -1.849991 0.885827,
        1.745240 -1.849991 0.952672,
        1.753937 -1.848811 0.885827,
        1.748046 -1.848811 0.953167,
        1.756383 -1.846935 0.885827,
        1.750455 -1.846935 0.953591,
        1.758260 -1.844488 0.885827,
        1.752303 -1.844488 0.953917,
        1.759440 -1.841639 0.885827,
        1.753465 -1.841639 0.954122,
        1.735721 -1.841639 1.020343,
        1.667426 -1.841639 1.138634,
        1.706748 -1.841639 1.082476,
        1.618949 -1.841639 1.187111,
        1.562791 -1.841639 1.226433,
        1.434437 -1.841639 1.273150,
        1.500658 -1.841639 1.255406,
        1.734613 -1.844488 1.019939,
        1.705726 -1.844488 1.081886,
        1.666522 -1.844488 1.137876,
        1.618191 -1.844488 1.186207,
        1.562201 -1.844488 1.225411,
        1.500254 -1.844488 1.254298,
        1.434232 -1.844488 1.271988,
        1.732848 -1.846935 1.019297,
        1.704101 -1.846935 1.080948,
        1.665084 -1.846935 1.136669,
        1.616984 -1.846935 1.184769,
        1.561262 -1.846935 1.223786,
        1.499612 -1.846935 1.252534,
        1.433906 -1.846935 1.270140,
        1.730550 -1.848811 1.018461,
        1.701982 -1.848811 1.079724,
        1.663210 -1.848811 1.135097,
        1.615412 -1.848811 1.182895,
        1.560039 -1.848811 1.221667,
        1.498776 -1.848811 1.250235,
        1.433482 -1.848811 1.267731,
        1.727873 -1.849991 1.017486,
        1.699515 -1.849991 1.078300,
        1.661028 -1.849991 1.133266,
        1.613581 -1.849991 1.180713,
        1.558615 -1.849991 1.219200,
        1.497801 -1.849991 1.247558,
        1.432987 -1.849991 1.264925,
        -1.759440 -1.841639 -0.177165,
        -1.758260 -1.844488 -0.177165,
        -1.756383 -1.846935 -0.177165,
        -1.753937 -1.848811 -0.177165,
        -1.751089 -1.849991 -0.177165,
        1.751089 -1.849991 -0.177165,
        1.753937 -1.848811 -0.177165,
        1.756383 -1.846935 -0.177165,
        1.758260 -1.844488 -0.177165,
        1.759440 -1.841639 -0.177165,
        -1.751089 -1.692913 -0.334243,
        -1.751089 -1.733568 -0.328891,
        -1.753937 -1.692913 -0.333063,
        -1.753937 -1.733263 -0.327751,
        -1.756383 -1.692913 -0.331186,
        -1.756383 -1.732777 -0.325938,
        -1.758260 -1.692913 -0.328740,
        -1.758260 -1.732144 -0.323575,
        -1.759440 -1.692913 -0.325892,
        -1.759440 -1.731407 -0.320824,
        -1.751089 -1.771452 -0.313199,
        -1.753937 -1.770863 -0.312177,
        -1.756383 -1.769924 -0.310552,
        -1.758260 -1.768701 -0.308433,
        -1.759440 -1.767276 -0.305966,
        -1.751089 -1.803984 -0.288236,
        -1.753937 -1.803150 -0.287402,
        -1.756383 -1.801823 -0.286074,
        -1.758260 -1.800093 -0.284345,
        -1.759440 -1.798079 -0.282331,
        -1.751089 -1.828947 -0.255704,
        -1.753937 -1.827925 -0.255114,
        -1.756383 -1.826300 -0.254176,
        -1.758260 -1.824181 -0.252953,
        -1.759440 -1.821714 -0.251528,
        -1.751089 -1.844639 -0.217820,
        -1.753937 -1.843499 -0.217515,
        -1.756383 -1.841686 -0.217029,
        -1.758260 -1.839324 -0.216396,
        -1.759440 -1.836572 -0.215659,
        1.750653 -1.692913 -0.334300,
        1.751089 -1.733568 -0.328891,
        1.751089 -1.692913 -0.334243,
        1.753124 -1.692913 -0.333400,
        1.753937 -1.733263 -0.327751,
        1.753937 -1.692913 -0.333063,
        1.755335 -1.692913 -0.331990,
        1.756383 -1.732777 -0.325938,
        1.756383 -1.692913 -0.331186,
        1.757187 -1.692913 -0.330139,
        1.758260 -1.732144 -0.323575,
        1.751089 -1.844639 -0.217820,
        1.753937 -1.843499 -0.217515,
        1.756383 -1.841686 -0.217029,
        1.758260 -1.839324 -0.216396,
        1.759440 -1.836572 -0.215659,
        1.751089 -1.828947 -0.255704,
        1.753937 -1.827925 -0.255114,
        1.756383 -1.826300 -0.254176,
        1.758260 -1.824181 -0.252953,
        1.759440 -1.821714 -0.251528,
        1.751089 -1.803984 -0.288236,
        1.753937 -1.803150 -0.287402,
        1.756383 -1.801823 -0.286074,
        1.758260 -1.800093 -0.284345,
        1.759440 -1.798079 -0.282331,
        1.751089 -1.771452 -0.313199,
        1.753937 -1.770863 -0.312177,
        1.756383 -1.769924 -0.310552,
        1.758260 -1.768701 -0.308433,
        1.759440 -1.767276 -0.305966,
        1.759440 -1.731407 -0.320824,
        1.758260 -1.692913 -0.328740,
        1.758596 -1.692913 -0.327928,
        1.759440 -1.692913 -0.325892,
        1.759497 -1.692913 -0.325456,
        -1.759440 -1.594488 -0.325892,
        -1.758260 -1.594488 -0.328740,
        -1.756383 -1.594488 -0.331186,
        -1.753937 -1.594488 -0.333063,
        -1.751089 -1.594488 -0.334243,
        1.759497 -1.594488 -0.325456,
        1.759440 -1.594488 -0.325892,
        1.758596 -1.594488 -0.327928,
        1.758260 -1.594488 -0.328740,
        1.757187 -1.594488 -0.330139,
        1.756383 -1.594488 -0.331186,
        1.755335 -1.594488 -0.331990,
        1.753937 -1.594488 -0.333063,
        1.753124 -1.594488 -0.333400,
        1.751089 -1.594488 -0.334243,
        1.750653 -1.594488 -0.334300,
        -1.751089 -1.437410 -0.177165,
        -1.751089 -1.442763 -0.217820,
        -1.753937 -1.438590 -0.177165,
        -1.753937 -1.443902 -0.217515,
        -1.756383 -1.440467 -0.177165,
        -1.756383 -1.445715 -0.217029,
        -1.758260 -1.442913 -0.177165,
        -1.758260 -1.448078 -0.216396,
        -1.759440 -1.445762 -0.177165,
        -1.759440 -1.450830 -0.215659,
        -1.751089 -1.458455 -0.255704,
        -1.753937 -1.459477 -0.255114,
        -1.756383 -1.461102 -0.254176,
        -1.758260 -1.463220 -0.252953,
        -1.759440 -1.465687 -0.251528,
        -1.751089 -1.483417 -0.288236,
        -1.753937 -1.484252 -0.287402,
        -1.756383 -1.485579 -0.286074,
        -1.758260 -1.487309 -0.284345,
        -1.759440 -1.489323 -0.282331,
        -1.751089 -1.515949 -0.313199,
        -1.753937 -1.516539 -0.312177,
        -1.756383 -1.517478 -0.310552,
        -1.758260 -1.518701 -0.308433,
        -1.759440 -1.520125 -0.305966,
        -1.751089 -1.553833 -0.328891,
        -1.753937 -1.554139 -0.327751,
        -1.756383 -1.554625 -0.325938,
        -1.758260 -1.555258 -0.323575,
        -1.759440 -1.555995 -0.320824,
        1.751089 -1.553833 -0.328891,
        1.753937 -1.554139 -0.327751,
        1.756383 -1.554625 -0.325938,
        1.758260 -1.555258 -0.323575,
        1.759440 -1.555995 -0.320824,
        1.751089 -1.515949 -0.313199,
        1.753937 -1.516539 -0.312177,
        1.756383 -1.517478 -0.310552,
        1.758260 -1.518701 -0.308433,
        1.759440 -1.520125 -0.305966,
        1.751089 -1.483417 -0.288236,
        1.753937 -1.484252 -0.287402,
        1.756383 -1.485579 -0.286074,
        1.758260 -1.487309 -0.284345,
        1.759440 -1.489323 -0.282331,
        1.751089 -1.458455 -0.255704,
        1.753937 -1.459477 -0.255114,
        1.756383 -1.461102 -0.254176,
        1.758260 -1.463220 -0.252953,
        1.759440 -1.465687 -0.251528,
        1.751089 -1.442763 -0.217820,
        1.753937 -1.443902 -0.217515,
        1.756383 -1.445715 -0.217029,
        1.758260 -1.448078 -0.216396,
        1.759440 -1.450830 -0.215659,
        1.751089 -1.437410 -0.177165,
        1.753937 -1.438590 -0.177165,
        1.756383 -1.440467 -0.177165,
        1.758260 -1.442913 -0.177165,
        1.759440 -1.445762 -0.177165,
        -1.759440 -1.445762 0.492126,
        -1.758260 -1.442913 0.492126,
        -1.756383 -1.440467 0.492126,
        -1.753937 -1.438590 0.492126,
        -1.751089 -1.437410 0.492126,
        1.751089 -1.437410 0.492126,
        1.753937 -1.438590 0.492126,
        1.756383 -1.440467 0.492126,
        1.758260 -1.442913 0.492126,
        1.759440 -1.445762 0.492126,
        -1.759440 -1.442781 0.514771,
        -1.758260 -1.440029 0.514034,
        -1.756383 -1.437667 0.513401,
        -1.753937 -1.435853 0.512915,
        -1.751089 -1.434714 0.512609,
        -1.759440 -1.434040 0.535873,
        -1.758260 -1.431573 0.534449,
        -1.756383 -1.429455 0.533226,
        -1.753937 -1.427829 0.532287,
        -1.751089 -1.426807 0.531697,
        -1.759440 -1.420135 0.553994,
        -1.758260 -1.418121 0.551980,
        -1.756383 -1.416392 0.550250,
        -1.753937 -1.415065 0.548922,
        -1.751089 -1.414230 0.548088,
        -1.759440 -1.402015 0.567898,
        -1.758260 -1.400591 0.565431,
        -1.756383 -1.399367 0.563313,
        -1.753937 -1.398429 0.561687,
        -1.751089 -1.397839 0.560665,
        -1.759440 -1.380913 0.576639,
        -1.758260 -1.380176 0.573887,
        -1.756383 -1.379543 0.571525,
        -1.753937 -1.379057 0.569711,
        -1.751089 -1.378751 0.568572,
        -1.759440 -1.358268 0.579620,
        -1.758260 -1.358268 0.576772,
        -1.756383 -1.358268 0.574326,
        -1.753937 -1.358268 0.572448,
        -1.751089 -1.358268 0.571269,
        1.759440 -1.358268 0.579620,
        1.759440 -1.380913 0.576639,
        1.758260 -1.358268 0.576772,
        1.758260 -1.380176 0.573887,
        1.756383 -1.358268 0.574326,
        1.756383 -1.379543 0.571525,
        1.753937 -1.358268 0.572448,
        1.753937 -1.379057 0.569711,
        1.751089 -1.358268 0.571269,
        1.751089 -1.378751 0.568572,
        1.759440 -1.402015 0.567898,
        1.758260 -1.400591 0.565431,
        1.756383 -1.399367 0.563313,
        1.753937 -1.398429 0.561687,
        1.751089 -1.397839 0.560665,
        1.759440 -1.420135 0.553994,
        1.758260 -1.418121 0.551980,
        1.756383 -1.416392 0.550250,
        1.753937 -1.415065 0.548922,
        1.751089 -1.414230 0.548088,
        1.759440 -1.434040 0.535873,
        1.758260 -1.431573 0.534449,
        1.756383 -1.429455 0.533226,
        1.753937 -1.427829 0.532287,
        1.751089 -1.426807 0.531697,
        1.759440 -1.442781 0.514771,
        1.758260 -1.440029 0.514034,
        1.756383 -1.437667 0.513401,
        1.753937 -1.435853 0.512915,
        1.751089 -1.434714 0.512609,
        -1.759440 -1.338583 0.579620,
        -1.758260 -1.338583 0.576772,
        -1.756383 -1.338583 0.574326,
        -1.753937 -1.338583 0.572448,
        -1.751089 -1.338583 0.571269,
        1.759440 -1.338583 0.579620,
        1.758260 -1.338583 0.576772,
        1.756383 -1.338583 0.574326,
        1.753937 -1.338583 0.572448,
        1.751089 -1.338583 0.571269,
        -1.759440 -1.315937 0.576639,
        -1.758260 -1.316675 0.573887,
        -1.756383 -1.317308 0.571525,
        -1.753937 -1.317794 0.569711,
        -1.751089 -1.318099 0.568572,
        -1.759440 -1.294835 0.567898,
        -1.758260 -1.296260 0.565431,
        -1.756383 -1.297483 0.563313,
        -1.753937 -1.298421 0.561687,
        -1.751089 -1.299011 0.560665,
        -1.759440 -1.276715 0.553994,
        -1.758260 -1.278729 0.551980,
        -1.756383 -1.280459 0.550250,
        -1.753937 -1.281786 0.548922,
        -1.751089 -1.282620 0.548088,
        -1.759440 -1.262811 0.535873,
        -1.758260 -1.265277 0.534449,
        -1.756383 -1.267396 0.533226,
        -1.753937 -1.269021 0.532287,
        -1.751089 -1.270043 0.531697,
        -1.759440 -1.254070 0.514771,
        -1.758260 -1.256821 0.514034,
        -1.756383 -1.259184 0.513401,
        -1.753937 -1.260997 0.512915,
        -1.751089 -1.262137 0.512609,
        -1.759440 -1.251089 0.492126,
        -1.758260 -1.253937 0.492126,
        -1.756383 -1.256383 0.492126,
        -1.753937 -1.258260 0.492126,
        -1.751089 -1.259440 0.492126,
        1.759440 -1.251089 0.492126,
        1.759440 -1.254070 0.514771,
        1.758260 -1.253937 0.492126,
        1.758260 -1.256821 0.514034,
        1.756383 -1.256383 0.492126,
        1.756383 -1.259184 0.513401,
        1.753937 -1.258260 0.492126,
        1.753937 -1.260997 0.512915,
        1.751089 -1.259440 0.492126,
        1.751089 -1.262137 0.512609,
        1.759440 -1.262811 0.535873,
        1.758260 -1.265277 0.534449,
        1.756383 -1.267396 0.533226,
        1.753937 -1.269021 0.532287,
        1.751089 -1.270043 0.531697,
        1.759440 -1.276715 0.553994,
        1.758260 -1.278729 0.551980,
        1.756383 -1.280459 0.550250,
        1.753937 -1.281786 0.548922,
        1.751089 -1.282620 0.548088,
        1.759440 -1.294835 0.567898,
        1.758260 -1.296260 0.565431,
        1.756383 -1.297483 0.563313,
        1.753937 -1.298421 0.561687,
        1.751089 -1.299011 0.560665,
        1.759440 -1.315937 0.576639,
        1.758260 -1.316675 0.573887,
        1.756383 -1.317308 0.571525,
        1.753937 -1.317794 0.569711,
        1.751089 -1.318099 0.568572,
        -1.759440 -1.251089 0.413386,
        -1.758260 -1.253937 0.413386,
        -1.756383 -1.256383 0.413386,
        -1.753937 -1.258260 0.413386,
        -1.751089 -1.259440 0.413386,
        1.751089 -1.259440 0.413386,
        1.753937 -1.258260 0.413386,
        1.756383 -1.256383 0.413386,
        1.758260 -1.253937 0.413386,
        1.759440 -1.251089 0.413386,
        -1.745240 -1.259440 0.346541,
        -1.748046 -1.258260 0.346046,
        -1.750455 -1.256383 0.345621,
        -1.752303 -1.253937 0.345295,
        -1.753465 -1.251089 0.345090,
        -1.735721 -1.251089 0.278870,
        -1.667426 -1.251089 0.160578,
        -1.706748 -1.251089 0.216737,
        -1.618949 -1.251089 0.112102,
        -1.562791 -1.251089 0.072780,
        -1.434437 -1.251089 0.026063,
        -1.500658 -1.251089 0.043806,
        -1.366142 -1.251089 0.020087,
        -1.734613 -1.253937 0.279274,
        -1.705726 -1.253937 0.217327,
        -1.666522 -1.253937 0.161337,
        -1.618191 -1.253937 0.113006,
        -1.562201 -1.253937 0.073801,
        -1.500254 -1.253937 0.044915,
        -1.434232 -1.253937 0.027224,
        -1.366142 -1.253937 0.021267,
        -1.732848 -1.256383 0.279915,
        -1.704101 -1.256383 0.218265,
        -1.665084 -1.256383 0.162543,
        -1.616984 -1.256383 0.114444,
        -1.561262 -1.256383 0.075427,
        -1.499612 -1.256383 0.046679,
        -1.433906 -1.256383 0.029073,
        -1.366142 -1.256383 0.023144,
        -1.730550 -1.258260 0.280752,
        -1.701982 -1.258260 0.219488,
        -1.663210 -1.258260 0.164116,
        -1.615412 -1.258260 0.116317,
        -1.560039 -1.258260 0.077545,
        -1.498776 -1.258260 0.048978,
        -1.433482 -1.258260 0.031482,
        -1.366142 -1.258260 0.025591,
        -1.727873 -1.259440 0.281726,
        -1.699515 -1.259440 0.220913,
        -1.661028 -1.259440 0.165947,
        -1.613581 -1.259440 0.118500,
        -1.558615 -1.259440 0.080012,
        -1.497801 -1.259440 0.051654,
        -1.432987 -1.259440 0.034287,
        -1.366142 -1.259440 0.028439,
        1.366142 -1.259440 0.028439,
        1.432987 -1.259440 0.034287,
        1.366142 -1.258260 0.025591,
        1.433482 -1.258260 0.031482,
        1.366142 -1.256383 0.023144,
        1.433906 -1.256383 0.029073,
        1.366142 -1.253937 0.021267,
        1.434232 -1.253937 0.027224,
        1.366142 -1.251089 0.020087,
        1.434437 -1.251089 0.026063,
        1.500658 -1.251089 0.043806,
        1.618949 -1.251089 0.112102,
        1.562791 -1.251089 0.072780,
        1.667426 -1.251089 0.160578,
        1.706748 -1.251089 0.216737,
        1.753465 -1.251089 0.345090,
        1.735721 -1.251089 0.278870,
        1.500254 -1.253937 0.044915,
        1.562201 -1.253937 0.073801,
        1.618191 -1.253937 0.113006,
        1.666522 -1.253937 0.161337,
        1.705726 -1.253937 0.217327,
        1.734613 -1.253937 0.279274,
        1.752303 -1.253937 0.345295,
        1.499612 -1.256383 0.046679,
        1.561262 -1.256383 0.075427,
        1.616984 -1.256383 0.114444,
        1.665084 -1.256383 0.162543,
        1.704101 -1.256383 0.218265,
        1.732848 -1.256383 0.279915,
        1.750455 -1.256383 0.345621,
        1.498776 -1.258260 0.048978,
        1.560039 -1.258260 0.077545,
        1.615412 -1.258260 0.116317,
        1.663210 -1.258260 0.164116,
        1.701982 -1.258260 0.219488,
        1.730550 -1.258260 0.280752,
        1.748046 -1.258260 0.346046,
        1.497801 -1.259440 0.051654,
        1.558615 -1.259440 0.080012,
        1.613581 -1.259440 0.118500,
        1.661028 -1.259440 0.165947,
        1.699515 -1.259440 0.220913,
        1.727873 -1.259440 0.281726,
        1.745240 -1.259440 0.346541,
        0.835597 -1.653543 0.775563,
        0.835597 -1.732283 0.775563,
        0.838347 -1.653543 0.774168,
        0.838347 -1.732283 0.774168,
        0.841364 -1.653543 0.773532,
        0.841364 -1.732283 0.773532,
        0.844443 -1.653543 0.773699,
        0.844443 -1.732283 0.773699,
        0.847374 -1.653543 0.774657,
        0.847374 -1.732283 0.774657,
        0.833172 -1.625240 0.778392,
        0.835859 -1.624503 0.777070,
        0.838822 -1.623870 0.776498,
        0.841859 -1.623383 0.776713,
        0.844763 -1.623078 0.777702,
        0.826063 -1.598865 0.786687,
        0.828564 -1.597441 0.785581,
        0.831368 -1.596218 0.785194,
        0.834283 -1.595280 0.785552,
        0.837111 -1.594689 0.786630,
        0.814753 -1.576217 0.799881,
        0.816959 -1.574203 0.799120,
        0.819510 -1.572473 0.799028,
        0.822231 -1.571146 0.799612,
        0.824937 -1.570311 0.800833,
        0.800013 -1.558838 0.817077,
        0.801836 -1.556371 0.816764,
        0.804057 -1.554253 0.817057,
        0.806525 -1.552627 0.817936,
        0.809072 -1.551606 0.819342,
        0.782849 -1.547913 0.837102,
        0.784224 -1.545162 0.837311,
        0.786062 -1.542799 0.838051,
        0.788235 -1.540986 0.839274,
        0.790596 -1.539846 0.840896,
        0.764429 -1.544187 0.858592,
        0.765325 -1.541339 0.859360,
        0.766750 -1.538893 0.860581,
        0.768607 -1.537015 0.862173,
        0.770770 -1.535835 0.864027,
        0.764429 -1.841639 0.858592,
        0.782849 -1.837913 0.837102,
        0.765325 -1.844488 0.859360,
        0.784224 -1.840665 0.837311,
        0.766750 -1.846935 0.860581,
        0.786062 -1.843028 0.838051,
        0.768607 -1.848811 0.862173,
        0.788235 -1.844841 0.839274,
        0.770770 -1.849991 0.864027,
        0.790596 -1.845980 0.840896,
        0.800013 -1.826989 0.817077,
        0.801836 -1.829456 0.816764,
        0.804057 -1.831574 0.817057,
        0.806525 -1.833200 0.817936,
        0.809072 -1.834222 0.819342,
        0.814753 -1.809610 0.799881,
        0.816959 -1.811624 0.799120,
        0.819510 -1.813354 0.799028,
        0.822231 -1.814681 0.799612,
        0.824937 -1.815515 0.800833,
        0.826063 -1.786961 0.786687,
        0.828564 -1.788386 0.785581,
        0.831368 -1.789609 0.785194,
        0.834283 -1.790547 0.785552,
        0.837111 -1.791137 0.786630,
        0.833172 -1.760587 0.778392,
        0.835859 -1.761324 0.777070,
        0.838822 -1.761957 0.776498,
        0.841859 -1.762443 0.776713,
        0.844763 -1.762748 0.777702,
        0.522765 -1.535835 1.153366,
        0.520603 -1.537015 1.151512,
        0.518745 -1.538893 1.149920,
        0.517320 -1.541339 1.148699,
        0.516424 -1.544187 1.147931,
        0.516344 -1.841211 1.147862,
        0.516454 -1.841626 1.147956,
        0.517007 -1.843707 1.148430,
        0.517363 -1.844453 1.148735,
        0.518075 -1.845947 1.149346,
        0.518785 -1.846882 1.149954,
        0.519495 -1.847817 1.150563,
        0.520630 -1.848756 1.151535,
        0.521196 -1.849224 1.152020,
        0.522776 -1.849952 1.153375,
        0.523091 -1.850098 1.153645,
        0.513925 -1.535835 1.161401,
        0.502363 -1.537015 1.164350,
        0.491535 -1.536603 1.167797,
        0.491775 -1.535874 1.169864,
        0.512285 -1.537015 1.159072,
        0.491277 -1.538010 1.165572,
        0.510878 -1.538893 1.157072,
        0.509797 -1.541339 1.155537,
        0.500402 -1.544187 1.159208,
        0.490815 -1.544201 1.161593,
        0.490900 -1.542120 1.162317,
        0.509118 -1.544187 1.154572,
        0.490799 -1.544616 1.161449,
        0.500822 -1.541339 1.160311,
        0.501491 -1.538893 1.162065,
        0.491062 -1.539880 1.163715,
        0.491169 -1.538945 1.164643,
        0.503378 -1.535835 1.167011,
        0.491823 -1.535729 1.170276,
        0.510126 -1.841211 1.153706,
        0.486227 -1.841211 1.161713,
        0.494711 -1.841211 1.160796,
        0.486227 -1.841626 1.161859,
        0.494897 -1.843707 1.161649,
        0.510652 -1.843707 1.154403,
        0.495198 -1.845947 1.163024,
        0.486227 -1.844453 1.163056,
        0.486227 -1.843707 1.162587,
        0.511500 -1.845947 1.155526,
        0.495598 -1.847817 1.164850,
        0.486227 -1.846882 1.164929,
        0.486227 -1.845947 1.163994,
        0.512626 -1.847817 1.157019,
        0.486227 -1.849952 1.170185,
        0.486227 -1.849224 1.168104,
        0.496077 -1.849224 1.167038,
        0.486227 -1.848756 1.167358,
        0.486227 -1.847817 1.165864,
        0.502802 -1.841211 1.158085,
        0.503167 -1.843707 1.158878,
        0.503755 -1.845947 1.160157,
        0.504536 -1.847817 1.161856,
        0.505472 -1.849224 1.163890,
        0.513976 -1.849224 1.158806,
        0.486227 -1.850098 1.170600,
        0.496611 -1.850098 1.169477,
        0.506515 -1.850098 1.166158,
        0.515480 -1.850098 1.160798,
        0.486918 -1.538728 1.164929,
        0.486996 -1.537796 1.165864,
        0.489138 -1.537946 1.165782,
        0.487185 -1.535523 1.170600,
        0.489506 -1.535672 1.170515,
        0.487173 -1.535668 1.170185,
        0.489326 -1.536542 1.168020,
        0.487113 -1.536394 1.168104,
        0.486840 -1.539660 1.163994,
        0.488952 -1.539816 1.163914,
        0.486654 -1.541891 1.162587,
        0.488778 -1.542056 1.162511,
        0.488624 -1.544553 1.161642,
        0.486480 -1.543965 1.161859,
        0.486446 -1.544379 1.161713,
        -0.486227 -1.849991 1.170171,
        0.486227 -1.849991 1.170171,
        -0.486227 -1.848811 1.167323,
        0.486227 -1.848811 1.167323,
        -0.486227 -1.846935 1.164877,
        0.486227 -1.846935 1.164877,
        -0.486227 -1.844488 1.163000,
        0.486227 -1.844488 1.163000,
        -0.486227 -1.841639 1.161820,
        0.486227 -1.841639 1.161820,
        0.439972 -1.524357 1.161417,
        0.441906 -1.522578 1.161713,
        0.469933 -1.540906 1.161713,
        0.470745 -1.538546 1.162587,
        0.471474 -1.536428 1.163994,
        0.472082 -1.534659 1.165864,
        0.472539 -1.533329 1.168104,
        0.472824 -1.532503 1.170600,
        0.454778 -1.533488 1.161713,
        0.456144 -1.531398 1.162587,
        0.457370 -1.529524 1.163994,
        0.458394 -1.527959 1.165864,
        0.459164 -1.526781 1.168104,
        0.459642 -1.526050 1.170600,
        0.443744 -1.520887 1.162587,
        0.445392 -1.519371 1.163994,
        0.446768 -1.518105 1.165864,
        0.447804 -1.517152 1.168104,
        0.448446 -1.516561 1.170600,
        0.429794 -1.510093 1.161417,
        0.432106 -1.508842 1.161713,
        0.434301 -1.507655 1.162587,
        0.436271 -1.506589 1.163994,
        0.437916 -1.505700 1.165864,
        0.439154 -1.505030 1.168104,
        0.439922 -1.504615 1.170600,
        0.423426 -1.493767 1.161417,
        0.425974 -1.493122 1.161713,
        0.428394 -1.492509 1.162587,
        0.430565 -1.491960 1.163994,
        0.432378 -1.491501 1.165864,
        0.433743 -1.491156 1.168104,
        0.434589 -1.490941 1.170600,
        0.421260 -1.476378 1.161417,
        0.423888 -1.476378 1.161713,
        0.426385 -1.476378 1.162587,
        0.428624 -1.476378 1.163994,
        0.430494 -1.476378 1.165864,
        0.431901 -1.476378 1.168104,
        0.432775 -1.476378 1.170600,
        -0.496520 -1.849991 1.169058,
        -0.495910 -1.848811 1.166275,
        -0.495387 -1.846935 1.163886,
        -0.494986 -1.844488 1.162052,
        -0.494733 -1.841639 1.160900,
        -0.506336 -1.849991 1.165769,
        -0.505146 -1.848811 1.163181,
        -0.504124 -1.846935 1.160958,
        -0.503339 -1.844488 1.159253,
        -0.502846 -1.841639 1.158181,
        -0.515222 -1.849991 1.160456,
        -0.513506 -1.848811 1.158183,
        -0.512031 -1.846935 1.156230,
        -0.510901 -1.844488 1.154732,
        -0.510190 -1.841639 1.153791,
        -0.522765 -1.849991 1.153366,
        -0.520603 -1.848811 1.151512,
        -0.518745 -1.846935 1.149920,
        -0.517320 -1.844488 1.148699,
        -0.516424 -1.841639 1.147931,
        0.473785 -1.407926 1.161417,
        0.492126 -1.405512 1.161417,
        0.492126 -1.408133 1.161763,
        0.474576 -1.410879 1.161820,
        0.492126 -1.408569 1.161820,
        0.492126 -1.410605 1.162663,
        0.475313 -1.413631 1.163000,
        0.492126 -1.411417 1.163000,
        0.492126 -1.412816 1.164072,
        0.475946 -1.415994 1.164877,
        0.492126 -1.413863 1.164877,
        0.492126 -1.414668 1.165924,
        0.476432 -1.417807 1.167323,
        0.423674 -1.458037 1.161417,
        0.424317 -1.476378 1.161820,
        0.426627 -1.458828 1.161820,
        0.427165 -1.476378 1.163000,
        0.429379 -1.459565 1.163000,
        0.429611 -1.476378 1.164877,
        0.431742 -1.460198 1.164877,
        0.431489 -1.476378 1.167323,
        0.433555 -1.460684 1.167323,
        0.432669 -1.476378 1.170171,
        0.434694 -1.460989 1.170171,
        0.430754 -1.440945 1.161417,
        0.433402 -1.442473 1.161820,
        0.435869 -1.443898 1.163000,
        0.437987 -1.445121 1.164877,
        0.439612 -1.446059 1.167323,
        0.440634 -1.446649 1.170171,
        0.442016 -1.426268 1.161417,
        0.444178 -1.428430 1.161820,
        0.446192 -1.430444 1.163000,
        0.447922 -1.432174 1.164877,
        0.449249 -1.433501 1.167323,
        0.450083 -1.434335 1.170171,
        0.456693 -1.415006 1.161417,
        0.458221 -1.417654 1.161820,
        0.459646 -1.420120 1.163000,
        0.460869 -1.422239 1.164877,
        0.461807 -1.423865 1.167323,
        0.462397 -1.424886 1.170171,
        0.476737 -1.418946 1.170171,
        0.492126 -1.415741 1.167323,
        0.492126 -1.416077 1.168135,
        0.492126 -1.416920 1.170171,
        0.492126 -1.416978 1.170607,
        -0.770770 -1.849991 0.864027,
        -0.768607 -1.848811 0.862173,
        -0.766750 -1.846935 0.860581,
        -0.765325 -1.844488 0.859360,
        -0.764429 -1.841639 0.858592,
        1.161417 -1.405512 1.161417,
        1.161417 -1.408140 1.161713,
        1.161417 -1.410637 1.162587,
        1.161417 -1.412876 1.163994,
        1.161417 -1.414746 1.165864,
        1.161417 -1.416153 1.168104,
        1.161417 -1.417027 1.170600,
        -0.790596 -1.845980 0.840896,
        -0.788235 -1.844841 0.839274,
        -0.786062 -1.843028 0.838051,
        -0.784224 -1.840665 0.837311,
        -0.782849 -1.837913 0.837102,
        -0.809072 -1.834222 0.819342,
        -0.806525 -1.833200 0.817936,
        -0.804057 -1.831574 0.817057,
        -0.801836 -1.829456 0.816764,
        -0.800013 -1.826989 0.817077,
        -0.824937 -1.815515 0.800833,
        -0.822231 -1.814681 0.799612,
        -0.819510 -1.813354 0.799028,
        -0.816959 -1.811624 0.799120,
        -0.814753 -1.809610 0.799881,
        -0.837111 -1.791137 0.786630,
        -0.834283 -1.790547 0.785552,
        -0.831368 -1.789609 0.785194,
        -0.828564 -1.788386 0.785581,
        -0.826063 -1.786961 0.786687,
        -0.844763 -1.762748 0.777702,
        -0.841859 -1.762443 0.776713,
        -0.838822 -1.761957 0.776498,
        -0.835859 -1.761324 0.777070,
        -0.833172 -1.760587 0.778392,
        -0.847374 -1.732283 0.774657,
        -0.844443 -1.732283 0.773699,
        -0.841364 -1.732283 0.773532,
        -0.838347 -1.732283 0.774168,
        -0.835597 -1.732283 0.775563,
        1.176779 -1.419049 1.170600,
        1.227330 -1.458717 1.161713,
        1.229869 -1.458037 1.161417,
        1.232283 -1.476378 1.161417,
        1.229655 -1.476378 1.161713,
        1.229240 -1.476378 1.161859,
        1.224919 -1.459363 1.162587,
        1.227159 -1.476378 1.162587,
        1.226413 -1.476378 1.163056,
        1.222756 -1.459943 1.163994,
        1.224919 -1.476378 1.163994,
        1.223984 -1.476378 1.164929,
        1.220949 -1.460426 1.165864,
        1.179759 -1.407926 1.161417,
        1.179079 -1.410465 1.161713,
        1.178433 -1.412876 1.162587,
        1.177853 -1.415040 1.163994,
        1.177369 -1.416846 1.165864,
        1.177005 -1.418206 1.168104,
        1.196850 -1.415006 1.161417,
        1.195536 -1.417282 1.161713,
        1.194288 -1.419444 1.162587,
        1.193169 -1.421383 1.163994,
        1.192233 -1.423003 1.165864,
        1.191530 -1.424222 1.168104,
        1.211527 -1.426268 1.161417,
        1.209669 -1.428126 1.161713,
        1.207904 -1.429892 1.162587,
        1.206320 -1.431475 1.163994,
        1.204998 -1.432798 1.165864,
        1.204003 -1.433793 1.168104,
        1.222789 -1.440945 1.161417,
        1.220513 -1.442259 1.161713,
        1.218351 -1.443507 1.162587,
        1.216412 -1.444627 1.163994,
        1.214792 -1.445562 1.165864,
        1.213574 -1.446266 1.168104,
        1.219590 -1.460791 1.168104,
        1.223049 -1.476378 1.165864,
        1.222111 -1.476378 1.167358,
        1.221642 -1.476378 1.168104,
        1.220914 -1.476378 1.170185,
        1.191093 -1.424978 1.170600,
        1.203385 -1.434410 1.170600,
        1.212817 -1.446702 1.170600,
        1.218746 -1.461017 1.170600,
        1.220769 -1.476378 1.170600,
        -0.835597 -1.653543 0.775563,
        -0.838347 -1.653543 0.774168,
        -0.841364 -1.653543 0.773532,
        -0.844443 -1.653543 0.773699,
        -0.847374 -1.653543 0.774657,
        1.232283 -1.791339 1.161417,
        1.229226 -1.791339 1.161820,
        1.229226 -1.476378 1.161820,
        1.226378 -1.791339 1.163000,
        1.226378 -1.476378 1.163000,
        1.223932 -1.791339 1.164877,
        1.223932 -1.476378 1.164877,
        1.222055 -1.791339 1.167323,
        1.222055 -1.476378 1.167323,
        1.220875 -1.791339 1.170171,
        1.220875 -1.476378 1.170171,
        -0.844763 -1.623078 0.777702,
        -0.841859 -1.623383 0.776713,
        -0.838822 -1.623870 0.776498,
        -0.835859 -1.624503 0.777070,
        -0.833172 -1.625240 0.778392,
        -0.837111 -1.594689 0.786630,
        -0.834283 -1.595280 0.785552,
        -0.831368 -1.596218 0.785194,
        -0.828564 -1.597441 0.785581,
        -0.826063 -1.598865 0.786687,
        -0.824937 -1.570311 0.800833,
        -0.822231 -1.571146 0.799612,
        -0.819510 -1.572473 0.799028,
        -0.816959 -1.574203 0.799120,
        -0.814753 -1.576217 0.799881,
        -0.809072 -1.551606 0.819342,
        -0.806525 -1.552627 0.817936,
        -0.804057 -1.554253 0.817057,
        -0.801836 -1.556371 0.816764,
        -0.800013 -1.558838 0.817077,
        -0.790596 -1.539846 0.840896,
        -0.788235 -1.540986 0.839274,
        -0.786062 -1.542799 0.838051,
        -0.784224 -1.545162 0.837311,
        -0.782849 -1.547913 0.837102,
        -0.770770 -1.535835 0.864027,
        -0.768607 -1.537015 0.862173,
        -0.766750 -1.538893 0.860581,
        -0.765325 -1.541339 0.859360,
        -0.764429 -1.544187 0.858592,
        1.279528 -1.849991 1.170171,
        1.264347 -1.847993 1.170171,
        1.279528 -1.848811 1.167323,
        1.264653 -1.846853 1.167323,
        1.279528 -1.846935 1.164877,
        1.265138 -1.845040 1.164877,
        1.279528 -1.844488 1.163000,
        1.265772 -1.842677 1.163000,
        1.279528 -1.841639 1.161820,
        1.266509 -1.839926 1.161820,
        1.279528 -1.838583 1.161417,
        1.267300 -1.836973 1.161417,
        1.250201 -1.842133 1.170171,
        1.250791 -1.841111 1.167323,
        1.251730 -1.839486 1.164877,
        1.252953 -1.837368 1.163000,
        1.254377 -1.834900 1.161820,
        1.255906 -1.832253 1.161417,
        1.238054 -1.832812 1.170171,
        1.238888 -1.831978 1.167323,
        1.240215 -1.830651 1.164877,
        1.241945 -1.828921 1.163000,
        1.243959 -1.826907 1.161820,
        1.246121 -1.824745 1.161417,
        1.228733 -1.820665 1.170171,
        1.229755 -1.820075 1.167323,
        1.231380 -1.819136 1.164877,
        1.233498 -1.817913 1.163000,
        1.235966 -1.816489 1.161820,
        1.238613 -1.814961 1.161417,
        1.222874 -1.806519 1.170171,
        1.224013 -1.806213 1.167323,
        1.225826 -1.805728 1.164877,
        1.228189 -1.805094 1.163000,
        1.230941 -1.804357 1.161820,
        1.233893 -1.803567 1.161417,
        -0.516424 -1.544187 1.147931,
        -0.517320 -1.541339 1.148699,
        -0.518745 -1.538893 1.149920,
        -0.520603 -1.537015 1.151512,
        -0.522765 -1.535835 1.153366,
        1.366142 -1.849991 1.170171,
        1.366142 -1.848811 1.167323,
        1.366142 -1.846935 1.164877,
        1.366142 -1.844488 1.163000,
        1.366142 -1.841639 1.161820,
        1.366142 -1.838583 1.161417,
        -0.500402 -1.544187 1.159208,
        -0.509118 -1.544187 1.154572,
        -0.491823 -1.535729 1.170276,
        -0.503378 -1.535835 1.167011,
        -0.491775 -1.535874 1.169864,
        -0.491535 -1.536603 1.167797,
        -0.502363 -1.537015 1.164350,
        -0.491277 -1.538010 1.165572,
        -0.501491 -1.538893 1.162065,
        -0.491169 -1.538945 1.164643,
        -0.491062 -1.539880 1.163715,
        -0.500822 -1.541339 1.160311,
        -0.509797 -1.541339 1.155537,
        -0.510878 -1.538893 1.157072,
        -0.512285 -1.537015 1.159072,
        -0.513925 -1.535835 1.161401,
        -0.490799 -1.544616 1.161449,
        -0.490815 -1.544201 1.161593,
        -0.490900 -1.542120 1.162317,
        1.427278 -1.838583 1.153886,
        1.471606 -1.838583 1.140439,
        1.471760 -1.841639 1.140811,
        1.485206 -1.838583 1.133170,
        1.519252 -1.838583 1.114972,
        1.519475 -1.841639 1.115307,
        1.537145 -1.838583 1.100287,
        1.561014 -1.838583 1.080699,
        1.561298 -1.841639 1.080983,
        1.580602 -1.838583 1.056830,
        1.595287 -1.838583 1.038937,
        1.595622 -1.841639 1.039160,
        1.613485 -1.838583 1.004891,
        1.620754 -1.838583 0.991291,
        1.621126 -1.841639 0.991445,
        1.650922 -1.850048 0.885827,
        1.645023 -1.849991 0.941300,
        1.650486 -1.849991 0.885827,
        1.648450 -1.849148 0.885827,
        1.642229 -1.848811 0.940744,
        1.647638 -1.848811 0.885827,
        1.646239 -1.847738 0.885827,
        1.639830 -1.846935 0.940267,
        1.645192 -1.846935 0.885827,
        1.644388 -1.845886 0.885827,
        1.637989 -1.844488 0.939900,
        1.643315 -1.844488 0.885827,
        1.642978 -1.843676 0.885827,
        1.636832 -1.841639 0.939670,
        1.642135 -1.841639 0.885827,
        1.628842 -1.849991 0.994641,
        1.626210 -1.848811 0.993551,
        1.623950 -1.846935 0.992615,
        1.622216 -1.844488 0.991896,
        1.642078 -1.841204 0.885827,
        1.636437 -1.838583 0.939592,
        1.641732 -1.838583 0.885827,
        1.634201 -1.838583 0.946963,
        1.602566 -1.849991 1.043800,
        1.600197 -1.848811 1.042218,
        1.598163 -1.846935 1.040859,
        1.596603 -1.844488 1.039816,
        1.567204 -1.849991 1.086889,
        1.565189 -1.848811 1.084874,
        1.563460 -1.846935 1.083145,
        1.562133 -1.844488 1.081818,
        1.520131 -1.844488 1.116288,
        1.521174 -1.846935 1.117848,
        1.522533 -1.848811 1.119882,
        1.524115 -1.849991 1.122251,
        1.472211 -1.844488 1.141901,
        1.472930 -1.846935 1.143635,
        1.473866 -1.848811 1.145895,
        1.474956 -1.849991 1.148527,
        1.419907 -1.838583 1.156122,
        1.419985 -1.841639 1.156517,
        1.420215 -1.844488 1.157674,
        1.420582 -1.846935 1.159515,
        1.421059 -1.848811 1.161914,
        1.421615 -1.849991 1.164708,
        -0.489506 -1.535672 1.170515,
        -0.486446 -1.544379 1.161713,
        -0.488624 -1.544553 1.161642,
        -0.486480 -1.543965 1.161859,
        -0.488778 -1.542056 1.162511,
        -0.489138 -1.537946 1.165782,
        -0.486918 -1.538728 1.164929,
        -0.488952 -1.539816 1.163914,
        -0.486840 -1.539660 1.163994,
        -0.486654 -1.541891 1.162587,
        -0.487185 -1.535523 1.170600,
        -0.487173 -1.535668 1.170185,
        -0.489326 -1.536542 1.168020,
        -0.487113 -1.536394 1.168104,
        -0.486996 -1.537796 1.165864,
        1.642028 -1.841211 -0.177165,
        1.648419 -1.849224 -0.177165,
        1.650915 -1.850098 -0.177165,
        1.646179 -1.847817 -0.177165,
        1.644309 -1.845947 -0.177165,
        1.642902 -1.843707 -0.177165,
        -0.455013 -1.533129 1.161820,
        -0.421260 -1.476378 1.161417,
        -0.423426 -1.493767 1.161417,
        -0.424317 -1.476378 1.161820,
        -0.426390 -1.493017 1.161820,
        -0.427165 -1.476378 1.163000,
        -0.429151 -1.492318 1.163000,
        -0.429611 -1.476378 1.164877,
        -0.431523 -1.491718 1.164877,
        -0.431489 -1.476378 1.167323,
        -0.433343 -1.491257 1.167323,
        -0.432669 -1.476378 1.170171,
        -0.434486 -1.490967 1.170171,
        -0.429794 -1.510093 1.161417,
        -0.432482 -1.508638 1.161820,
        -0.434988 -1.507283 1.163000,
        -0.437139 -1.506119 1.164877,
        -0.438791 -1.505226 1.167323,
        -0.439828 -1.504665 1.170171,
        -0.439972 -1.524357 1.161417,
        -0.442222 -1.522287 1.161820,
        -0.444318 -1.520359 1.163000,
        -0.446119 -1.518703 1.164877,
        -0.447500 -1.517432 1.167323,
        -0.448368 -1.516633 1.170171,
        -0.456572 -1.530745 1.163000,
        -0.457911 -1.528698 1.164877,
        -0.458938 -1.527127 1.167323,
        -0.459584 -1.526139 1.170171,
        -0.470073 -1.540501 1.161820,
        -0.470999 -1.537807 1.163000,
        -0.471795 -1.535494 1.164877,
        -0.472405 -1.533719 1.167323,
        -0.472789 -1.532603 1.170171,
        -0.486481 -1.543952 1.161820,
        -0.486719 -1.541113 1.163000,
        -0.486922 -1.538676 1.164877,
        -0.487078 -1.536805 1.167323,
        -0.487177 -1.535629 1.170171,
        1.650922 -1.850048 -0.177165,
        1.650486 -1.844639 -0.217820,
        1.650486 -1.849991 -0.177165,
        1.648450 -1.849148 -0.177165,
        1.647638 -1.843499 -0.217515,
        1.647638 -1.848811 -0.177165,
        1.646239 -1.847738 -0.177165,
        1.645192 -1.841686 -0.217029,
        1.645192 -1.846935 -0.177165,
        1.644388 -1.845886 -0.177165,
        1.643315 -1.839324 -0.216396,
        1.650486 -1.692913 -0.334243,
        1.650486 -1.733568 -0.328891,
        1.647638 -1.692913 -0.333063,
        1.647638 -1.733263 -0.327751,
        1.645192 -1.692913 -0.331186,
        1.645192 -1.732777 -0.325938,
        1.643315 -1.692913 -0.328740,
        1.643315 -1.732144 -0.323575,
        1.642135 -1.692913 -0.325892,
        1.642135 -1.731407 -0.320824,
        1.650486 -1.771452 -0.313199,
        1.647638 -1.770863 -0.312177,
        1.645192 -1.769924 -0.310552,
        1.643315 -1.768701 -0.308433,
        1.642135 -1.767276 -0.305966,
        1.650486 -1.803984 -0.288236,
        1.647638 -1.803150 -0.287402,
        1.645192 -1.801823 -0.286074,
        1.643315 -1.800093 -0.284345,
        1.642135 -1.798079 -0.282331,
        1.650486 -1.828947 -0.255704,
        1.647638 -1.827925 -0.255114,
        1.645192 -1.826300 -0.254176,
        1.643315 -1.824181 -0.252953,
        1.642135 -1.821714 -0.251528,
        1.642135 -1.836572 -0.215659,
        1.643315 -1.844488 -0.177165,
        1.642978 -1.843676 -0.177165,
        1.642135 -1.841639 -0.177165,
        1.642078 -1.841204 -0.177165,
        -0.492126 -1.405512 1.161417,
        -0.473785 -1.407926 1.161417,
        -0.492126 -1.408569 1.161820,
        -0.474576 -1.410879 1.161820,
        -0.492126 -1.411417 1.163000,
        -0.475313 -1.413631 1.163000,
        -0.492126 -1.413863 1.164877,
        -0.475946 -1.415994 1.164877,
        -0.492126 -1.415741 1.167323,
        -0.476432 -1.417807 1.167323,
        -0.492126 -1.416920 1.170171,
        -0.476737 -1.418946 1.170171,
        -0.456693 -1.415006 1.161417,
        -0.458221 -1.417654 1.161820,
        -0.459646 -1.420120 1.163000,
        -0.460869 -1.422239 1.164877,
        -0.461807 -1.423865 1.167323,
        -0.462397 -1.424886 1.170171,
        -0.442016 -1.426268 1.161417,
        -0.444178 -1.428430 1.161820,
        -0.446192 -1.430444 1.163000,
        -0.447922 -1.432174 1.164877,
        -0.449249 -1.433501 1.167323,
        -0.450083 -1.434335 1.170171,
        -0.430754 -1.440945 1.161417,
        -0.433402 -1.442473 1.161820,
        -0.435869 -1.443898 1.163000,
        -0.437987 -1.445121 1.164877,
        -0.439612 -1.446059 1.167323,
        -0.440634 -1.446649 1.170171,
        -0.423674 -1.458037 1.161417,
        -0.426627 -1.458828 1.161820,
        -0.429379 -1.459565 1.163000,
        -0.431742 -1.460198 1.164877,
        -0.433555 -1.460684 1.167323,
        -0.434694 -1.460989 1.170171,
        1.642135 -1.594488 -0.325892,
        1.643315 -1.594488 -0.328740,
        1.645192 -1.594488 -0.331186,
        1.647638 -1.594488 -0.333063,
        1.650486 -1.594488 -0.334243,
        -1.161417 -1.408140 1.161713,
        -1.161417 -1.405512 1.161417,
        -1.161417 -1.408555 1.161859,
        -1.161417 -1.410637 1.162587,
        -1.161417 -1.411382 1.163056,
        -1.161417 -1.412876 1.163994,
        -1.161417 -1.413811 1.164929,
        -1.161417 -1.414746 1.165864,
        -1.161417 -1.415685 1.167358,
        -1.161417 -1.416153 1.168104,
        -1.161417 -1.416881 1.170185,
        -1.161417 -1.417027 1.170600,
        1.650922 -1.437353 -0.177165,
        1.650486 -1.442763 -0.217820,
        1.650486 -1.437410 -0.177165,
        1.648450 -1.438254 -0.177165,
        1.647638 -1.443902 -0.217515,
        1.647638 -1.438590 -0.177165,
        1.646239 -1.439663 -0.177165,
        1.645192 -1.445715 -0.217029,
        1.645192 -1.440467 -0.177165,
        1.644388 -1.441515 -0.177165,
        1.643315 -1.448078 -0.216396,
        1.643315 -1.442913 -0.177165,
        1.642978 -1.443726 -0.177165,
        1.642135 -1.450830 -0.215659,
        1.642135 -1.445762 -0.177165,
        1.642078 -1.446197 -0.177165,
        1.650486 -1.458455 -0.255704,
        1.647638 -1.459477 -0.255114,
        1.645192 -1.461102 -0.254176,
        1.643315 -1.463220 -0.252953,
        1.642135 -1.465687 -0.251528,
        1.650486 -1.483417 -0.288236,
        1.647638 -1.484252 -0.287402,
        1.645192 -1.485579 -0.286074,
        1.643315 -1.487309 -0.284345,
        1.642135 -1.489323 -0.282331,
        1.650486 -1.515949 -0.313199,
        1.647638 -1.516539 -0.312177,
        1.645192 -1.517478 -0.310552,
        1.643315 -1.518701 -0.308433,
        1.642135 -1.520125 -0.305966,
        1.650486 -1.553833 -0.328891,
        1.647638 -1.554139 -0.327751,
        1.645192 -1.554625 -0.325938,
        1.643315 -1.555258 -0.323575,
        1.642135 -1.555995 -0.320824,
        -1.179079 -1.410465 1.161713,
        -1.179759 -1.407926 1.161417,
        -1.232283 -1.476378 1.161417,
        -1.229869 -1.458037 1.161417,
        -1.229655 -1.476378 1.161713,
        -1.227330 -1.458717 1.161713,
        -1.229240 -1.476378 1.161859,
        -1.224919 -1.459363 1.162587,
        -1.178433 -1.412876 1.162587,
        -1.222756 -1.459943 1.163994,
        -1.226413 -1.476378 1.163056,
        -1.227159 -1.476378 1.162587,
        -1.177853 -1.415040 1.163994,
        -1.220949 -1.460426 1.165864,
        -1.223984 -1.476378 1.164929,
        -1.224919 -1.476378 1.163994,
        -1.177369 -1.416846 1.165864,
        -1.220914 -1.476378 1.170185,
        -1.221642 -1.476378 1.168104,
        -1.219590 -1.460791 1.168104,
        -1.222111 -1.476378 1.167358,
        -1.223049 -1.476378 1.165864,
        -1.222789 -1.440945 1.161417,
        -1.220513 -1.442259 1.161713,
        -1.218351 -1.443507 1.162587,
        -1.216412 -1.444627 1.163994,
        -1.214792 -1.445562 1.165864,
        -1.213574 -1.446266 1.168104,
        -1.211527 -1.426268 1.161417,
        -1.209669 -1.428126 1.161713,
        -1.207904 -1.429892 1.162587,
        -1.206320 -1.431475 1.163994,
        -1.204998 -1.432798 1.165864,
        -1.204003 -1.433793 1.168104,
        -1.196850 -1.415006 1.161417,
        -1.195536 -1.417282 1.161713,
        -1.194288 -1.419444 1.162587,
        -1.193169 -1.421383 1.163994,
        -1.192233 -1.423003 1.165864,
        -1.191530 -1.424222 1.168104,
        -1.177005 -1.418206 1.168104,
        -1.220769 -1.476378 1.170600,
        -1.218746 -1.461017 1.170600,
        -1.212817 -1.446702 1.170600,
        -1.203385 -1.434410 1.170600,
        -1.191093 -1.424978 1.170600,
        -1.176779 -1.419049 1.170600,
        1.641732 -1.448819 0.492126,
        1.642028 -1.446191 0.492126,
        1.642028 -1.446191 -0.177165,
        1.642902 -1.443694 0.492126,
        1.642902 -1.443694 -0.177165,
        1.644309 -1.441455 0.492126,
        1.644309 -1.441455 -0.177165,
        1.646179 -1.439585 0.492126,
        1.646179 -1.439585 -0.177165,
        1.648419 -1.438178 0.492126,
        1.648419 -1.438178 -0.177165,
        1.650915 -1.437304 0.492126,
        1.650915 -1.437304 -0.177165,
        -1.232283 -1.791339 1.161417,
        -1.229226 -1.476378 1.161820,
        -1.229226 -1.791339 1.161820,
        -1.226378 -1.476378 1.163000,
        -1.226378 -1.791339 1.163000,
        -1.223932 -1.476378 1.164877,
        -1.223932 -1.791339 1.164877,
        -1.222055 -1.476378 1.167323,
        -1.222055 -1.791339 1.167323,
        -1.220875 -1.476378 1.170171,
        -1.220875 -1.791339 1.170171,
        1.641732 -1.445733 0.515562,
        1.642078 -1.446197 0.492126,
        1.642135 -1.442781 0.514771,
        1.642135 -1.445762 0.492126,
        1.642978 -1.443726 0.492126,
        1.643315 -1.440029 0.514034,
        1.643315 -1.442913 0.492126,
        1.644388 -1.441515 0.492126,
        1.645192 -1.437667 0.513401,
        1.645192 -1.440467 0.492126,
        1.646239 -1.439663 0.492126,
        1.647638 -1.435853 0.512915,
        1.647638 -1.438590 0.492126,
        1.648450 -1.438254 0.492126,
        1.650486 -1.434714 0.512609,
        1.650486 -1.437410 0.492126,
        1.650922 -1.437353 0.492126,
        1.641732 -1.436687 0.537402,
        1.642135 -1.434040 0.535873,
        1.643315 -1.431573 0.534449,
        1.645192 -1.429455 0.533226,
        1.647638 -1.427829 0.532287,
        1.650486 -1.426807 0.531697,
        1.641732 -1.422297 0.556155,
        1.642135 -1.420135 0.553994,
        1.643315 -1.418121 0.551980,
        1.645192 -1.416392 0.550250,
        1.647638 -1.415065 0.548922,
        1.650486 -1.414230 0.548088,
        1.641732 -1.403543 0.570546,
        1.642135 -1.402015 0.567898,
        1.643315 -1.400591 0.565431,
        1.645192 -1.399367 0.563313,
        1.647638 -1.398429 0.561687,
        1.650486 -1.397839 0.560665,
        1.641732 -1.381704 0.579592,
        1.642135 -1.380913 0.576639,
        1.643315 -1.380176 0.573887,
        1.645192 -1.379543 0.571525,
        1.647638 -1.379057 0.569711,
        1.650486 -1.378751 0.568572,
        1.641732 -1.358268 0.582677,
        1.642135 -1.358268 0.579620,
        1.643315 -1.358268 0.576772,
        1.645192 -1.358268 0.574326,
        1.647638 -1.358268 0.572448,
        1.650486 -1.358268 0.571269,
        -1.222874 -1.806519 1.170171,
        -1.224013 -1.806213 1.167323,
        -1.225826 -1.805728 1.164877,
        -1.228189 -1.805094 1.163000,
        -1.230941 -1.804357 1.161820,
        -1.233893 -1.803567 1.161417,
        -1.228733 -1.820665 1.170171,
        -1.229755 -1.820075 1.167323,
        -1.231380 -1.819136 1.164877,
        -1.233498 -1.817913 1.163000,
        -1.235966 -1.816489 1.161820,
        -1.238613 -1.814961 1.161417,
        -1.238054 -1.832812 1.170171,
        -1.238888 -1.831978 1.167323,
        -1.240215 -1.830651 1.164877,
        -1.241945 -1.828921 1.163000,
        -1.243959 -1.826907 1.161820,
        -1.246121 -1.824745 1.161417,
        -1.250201 -1.842133 1.170171,
        -1.250791 -1.841111 1.167323,
        -1.251730 -1.839486 1.164877,
        -1.252953 -1.837368 1.163000,
        -1.254377 -1.834900 1.161820,
        -1.255906 -1.832253 1.161417,
        -1.264347 -1.847993 1.170171,
        -1.264653 -1.846853 1.167323,
        -1.265138 -1.845040 1.164877,
        -1.265772 -1.842677 1.163000,
        -1.266509 -1.839926 1.161820,
        -1.267300 -1.836973 1.161417,
        -1.279528 -1.849991 1.170171,
        -1.279528 -1.848811 1.167323,
        -1.279528 -1.846935 1.164877,
        -1.279528 -1.844488 1.163000,
        -1.279528 -1.841639 1.161820,
        -1.279528 -1.838583 1.161417,
        1.650486 -1.338583 0.571269,
        1.647638 -1.338583 0.572448,
        1.645192 -1.338583 0.574326,
        1.643315 -1.338583 0.576772,
        1.642135 -1.338583 0.579620,
        1.641732 -1.338583 0.582677,
        -1.366142 -1.849991 1.170171,
        -1.366142 -1.848811 1.167323,
        -1.366142 -1.846935 1.164877,
        -1.366142 -1.844488 1.163000,
        -1.366142 -1.841639 1.161820,
        -1.366142 -1.838583 1.161417,
        1.641732 -1.315146 0.579592,
        1.642135 -1.315937 0.576639,
        1.643315 -1.316675 0.573887,
        1.645192 -1.317308 0.571525,
        1.647638 -1.317794 0.569711,
        1.650486 -1.318099 0.568572,
        1.641732 -1.293307 0.570546,
        1.642135 -1.294835 0.567898,
        1.643315 -1.296260 0.565431,
        1.645192 -1.297483 0.563313,
        1.647638 -1.298421 0.561687,
        1.650486 -1.299011 0.560665,
        1.641732 -1.274553 0.556155,
        1.642135 -1.276715 0.553994,
        1.643315 -1.278729 0.551980,
        1.645192 -1.280459 0.550250,
        1.647638 -1.281786 0.548922,
        1.650486 -1.282620 0.548088,
        1.641732 -1.260163 0.537402,
        1.642135 -1.262811 0.535873,
        1.643315 -1.265277 0.534449,
        1.645192 -1.267396 0.533226,
        1.647638 -1.269021 0.532287,
        1.650486 -1.270043 0.531697,
        1.641732 -1.251117 0.515562,
        1.642135 -1.254070 0.514771,
        1.643315 -1.256821 0.514034,
        1.645192 -1.259184 0.513401,
        1.647638 -1.260997 0.512915,
        1.650486 -1.262137 0.512609,
        1.641732 -1.248031 0.492126,
        1.642135 -1.251089 0.492126,
        1.643315 -1.253937 0.492126,
        1.645192 -1.256383 0.492126,
        1.647638 -1.258260 0.492126,
        1.650486 -1.259440 0.492126,
        -1.634201 -1.838583 0.946963,
        -1.620754 -1.838583 0.991291,
        -1.621126 -1.841639 0.991445,
        -1.613485 -1.838583 1.004891,
        -1.595287 -1.838583 1.038937,
        -1.595622 -1.841639 1.039160,
        -1.580602 -1.838583 1.056830,
        -1.561014 -1.838583 1.080699,
        -1.561298 -1.841639 1.080983,
        -1.537145 -1.838583 1.100287,
        -1.519252 -1.838583 1.114972,
        -1.519475 -1.841639 1.115307,
        -1.485206 -1.838583 1.133170,
        -1.471606 -1.838583 1.140439,
        -1.471760 -1.841639 1.140811,
        -1.421615 -1.849991 1.164708,
        -1.474956 -1.849991 1.148527,
        -1.421059 -1.848811 1.161914,
        -1.473866 -1.848811 1.145895,
        -1.420582 -1.846935 1.159515,
        -1.472930 -1.846935 1.143635,
        -1.420215 -1.844488 1.157674,
        -1.472211 -1.844488 1.141901,
        -1.419985 -1.841639 1.156517,
        -1.419907 -1.838583 1.156122,
        -1.427278 -1.838583 1.153886,
        -1.524115 -1.849991 1.122251,
        -1.522533 -1.848811 1.119882,
        -1.521174 -1.846935 1.117848,
        -1.520131 -1.844488 1.116288,
        -1.567204 -1.849991 1.086889,
        -1.565189 -1.848811 1.084874,
        -1.563460 -1.846935 1.083145,
        -1.562133 -1.844488 1.081818,
        -1.596603 -1.844488 1.039816,
        -1.598163 -1.846935 1.040859,
        -1.600197 -1.848811 1.042218,
        -1.602566 -1.849991 1.043800,
        -1.622216 -1.844488 0.991896,
        -1.623950 -1.846935 0.992615,
        -1.626210 -1.848811 0.993551,
        -1.628842 -1.849991 0.994641,
        -1.636437 -1.838583 0.939592,
        -1.636832 -1.841639 0.939670,
        -1.637989 -1.844488 0.939900,
        -1.639830 -1.846935 0.940267,
        -1.642229 -1.848811 0.940744,
        -1.645023 -1.849991 0.941300,
        -1.650486 -1.849991 0.885827,
        -1.647638 -1.848811 0.885827,
        -1.645192 -1.846935 0.885827,
        -1.643315 -1.844488 0.885827,
        -1.642135 -1.841639 0.885827,
        -1.641732 -1.838583 0.885827,
        1.650486 -1.259440 0.413386,
        1.647638 -1.258260 0.413386,
        1.645192 -1.256383 0.413386,
        1.643315 -1.253937 0.413386,
        1.642135 -1.251089 0.413386,
        1.641732 -1.248031 0.413386,
        -1.650486 -1.849991 -0.177165,
        -1.642135 -1.841639 -0.177165,
        -1.647638 -1.848811 -0.177165,
        -1.645192 -1.846935 -0.177165,
        -1.643315 -1.844488 -0.177165,
        1.634201 -1.248031 0.352250,
        1.620754 -1.248031 0.307922,
        1.621126 -1.251089 0.307768,
        1.613485 -1.248031 0.294322,
        1.595287 -1.248031 0.260276,
        1.595622 -1.251089 0.260052,
        1.580602 -1.248031 0.242383,
        1.561014 -1.248031 0.218514,
        1.561298 -1.251089 0.218229,
        1.537145 -1.248031 0.198925,
        1.519252 -1.248031 0.184241,
        1.519475 -1.251089 0.183906,
        1.485206 -1.248031 0.166043,
        1.471606 -1.248031 0.158773,
        1.471760 -1.251089 0.158402,
        1.366142 -1.259497 0.128606,
        1.421615 -1.259440 0.134505,
        1.366142 -1.259440 0.129041,
        1.366142 -1.258597 0.131077,
        1.421059 -1.258260 0.137299,
        1.366142 -1.258260 0.131890,
        1.366142 -1.257187 0.133288,
        1.420582 -1.256383 0.139698,
        1.366142 -1.256383 0.134336,
        1.366142 -1.255335 0.135140,
        1.420215 -1.253937 0.141539,
        1.366142 -1.253937 0.136213,
        1.366142 -1.253124 0.136550,
        1.419985 -1.251089 0.142696,
        1.366142 -1.251089 0.137393,
        1.474956 -1.259440 0.150685,
        1.473866 -1.258260 0.153317,
        1.472930 -1.256383 0.155577,
        1.472211 -1.253937 0.157311,
        1.366142 -1.250653 0.137450,
        1.419907 -1.248031 0.143091,
        1.366142 -1.248031 0.137795,
        1.427278 -1.248031 0.145327,
        1.524115 -1.259440 0.176962,
        1.522533 -1.258260 0.179330,
        1.521174 -1.256383 0.181364,
        1.520131 -1.253937 0.182925,
        1.567204 -1.259440 0.212324,
        1.565189 -1.258260 0.214338,
        1.563460 -1.256383 0.216068,
        1.562133 -1.253937 0.217395,
        1.596603 -1.253937 0.259397,
        1.598163 -1.256383 0.258354,
        1.600197 -1.258260 0.256995,
        1.602566 -1.259440 0.255413,
        1.622216 -1.253937 0.307317,
        1.623950 -1.256383 0.306598,
        1.626210 -1.258260 0.305662,
        1.628842 -1.259440 0.304572,
        1.636437 -1.248031 0.359621,
        1.636832 -1.251089 0.359542,
        1.637989 -1.253937 0.359312,
        1.639830 -1.256383 0.358946,
        1.642229 -1.258260 0.358469,
        1.645023 -1.259440 0.357913,
        -1.650486 -1.844639 -0.217820,
        -1.647638 -1.843499 -0.217515,
        -1.645192 -1.841686 -0.217029,
        -1.643315 -1.839324 -0.216396,
        -1.642135 -1.836572 -0.215659,
        -1.650486 -1.828947 -0.255704,
        -1.647638 -1.827925 -0.255114,
        -1.645192 -1.826300 -0.254176,
        -1.643315 -1.824181 -0.252953,
        -1.642135 -1.821714 -0.251528,
        -1.650486 -1.803984 -0.288236,
        -1.647638 -1.803150 -0.287402,
        -1.645192 -1.801823 -0.286074,
        -1.643315 -1.800093 -0.284345,
        -1.642135 -1.798079 -0.282331,
        -1.650486 -1.771452 -0.313199,
        -1.647638 -1.770863 -0.312177,
        -1.645192 -1.769924 -0.310552,
        -1.643315 -1.768701 -0.308433,
        -1.642135 -1.767276 -0.305966,
        -1.650486 -1.733568 -0.328891,
        -1.647638 -1.733263 -0.327751,
        -1.645192 -1.732777 -0.325938,
        -1.643315 -1.732144 -0.323575,
        -1.642135 -1.731407 -0.320824,
        -1.650486 -1.692913 -0.334243,
        -1.647638 -1.692913 -0.333063,
        -1.645192 -1.692913 -0.331186,
        -1.643315 -1.692913 -0.328740,
        -1.642135 -1.692913 -0.325892,
        -1.366142 -1.259497 0.128606,
        -1.366142 -1.259440 0.129041,
        -1.366142 -1.258597 0.131077,
        -1.366142 -1.258260 0.131890,
        -1.366142 -1.257187 0.133288,
        -1.366142 -1.256383 0.134336,
        -1.366142 -1.255335 0.135140,
        -1.366142 -1.253937 0.136213,
        -1.366142 -1.253124 0.136550,
        -1.366142 -1.251089 0.137393,
        -1.366142 -1.250653 0.137450,
        -1.366142 -1.248031 0.137795,
        -1.642135 -1.594488 -0.325892,
        -1.643315 -1.594488 -0.328740,
        -1.645192 -1.594488 -0.331186,
        -1.647638 -1.594488 -0.333063,
        -1.650486 -1.594488 -0.334243,
        -1.485206 -1.248031 0.166043,
        -1.519252 -1.248031 0.184241,
        -1.519475 -1.251089 0.183906,
        -1.537145 -1.248031 0.198925,
        -1.561014 -1.248031 0.218514,
        -1.561298 -1.251089 0.218229,
        -1.580602 -1.248031 0.242383,
        -1.595287 -1.248031 0.260276,
        -1.595622 -1.251089 0.260052,
        -1.613485 -1.248031 0.294322,
        -1.620754 -1.248031 0.307922,
        -1.621126 -1.251089 0.307768,
        -1.650922 -1.259497 0.413386,
        -1.645023 -1.259440 0.357913,
        -1.650486 -1.259440 0.413386,
        -1.421615 -1.259440 0.134505,
        -1.648450 -1.258597 0.413386,
        -1.642229 -1.258260 0.358469,
        -1.647638 -1.258260 0.413386,
        -1.421059 -1.258260 0.137299,
        -1.646239 -1.257187 0.413386,
        -1.639830 -1.256383 0.358946,
        -1.645192 -1.256383 0.413386,
        -1.420582 -1.256383 0.139698,
        -1.644388 -1.255335 0.413386,
        -1.637989 -1.253937 0.359312,
        -1.643315 -1.253937 0.413386,
        -1.420215 -1.253937 0.141539,
        -1.642978 -1.253124 0.413386,
        -1.636832 -1.251089 0.359542,
        -1.642135 -1.251089 0.413386,
        -1.628842 -1.259440 0.304572,
        -1.626210 -1.258260 0.305662,
        -1.623950 -1.256383 0.306598,
        -1.622216 -1.253937 0.307317,
        -1.474956 -1.259440 0.150685,
        -1.473866 -1.258260 0.153317,
        -1.472930 -1.256383 0.155577,
        -1.472211 -1.253937 0.157311,
        -1.471760 -1.251089 0.158402,
        -1.419985 -1.251089 0.142696,
        -1.642078 -1.250653 0.413386,
        -1.636437 -1.248031 0.359621,
        -1.641732 -1.248031 0.413386,
        -1.634201 -1.248031 0.352250,
        -1.602566 -1.259440 0.255413,
        -1.600197 -1.258260 0.256995,
        -1.598163 -1.256383 0.258354,
        -1.596603 -1.253937 0.259397,
        -1.567204 -1.259440 0.212324,
        -1.565189 -1.258260 0.214338,
        -1.563460 -1.256383 0.216068,
        -1.562133 -1.253937 0.217395,
        -1.520131 -1.253937 0.182925,
        -1.521174 -1.256383 0.181364,
        -1.522533 -1.258260 0.179330,
        -1.524115 -1.259440 0.176962,
        -1.471606 -1.248031 0.158773,
        -1.427278 -1.248031 0.145327,
        -1.419907 -1.248031 0.143091,
        -1.650486 -1.553833 -0.328891,
        -1.647638 -1.554139 -0.327751,
        -1.645192 -1.554625 -0.325938,
        -1.643315 -1.555258 -0.323575,
        -1.642135 -1.555995 -0.320824,
        -1.650486 -1.515949 -0.313199,
        -1.647638 -1.516539 -0.312177,
        -1.645192 -1.517478 -0.310552,
        -1.643315 -1.518701 -0.308433,
        -1.642135 -1.520125 -0.305966,
        -1.650486 -1.483417 -0.288236,
        -1.647638 -1.484252 -0.287402,
        -1.645192 -1.485579 -0.286074,
        -1.643315 -1.487309 -0.284345,
        -1.642135 -1.489323 -0.282331,
        -1.650486 -1.458455 -0.255704,
        -1.647638 -1.459477 -0.255114,
        -1.645192 -1.461102 -0.254176,
        -1.643315 -1.463220 -0.252953,
        -1.642135 -1.465687 -0.251528,
        -1.650486 -1.442763 -0.217820,
        -1.647638 -1.443902 -0.217515,
        -1.645192 -1.445715 -0.217029,
        -1.643315 -1.448078 -0.216396,
        -1.642135 -1.450830 -0.215659,
        -1.650486 -1.437410 -0.177165,
        -1.647638 -1.438590 -0.177165,
        -1.645192 -1.440467 -0.177165,
        -1.643315 -1.442913 -0.177165,
        -1.642135 -1.445762 -0.177165,
        -1.650922 -1.259497 0.492126,
        -1.650486 -1.259440 0.492126,
        -1.648450 -1.258597 0.492126,
        -1.647638 -1.258260 0.492126,
        -1.646239 -1.257187 0.492126,
        -1.645192 -1.256383 0.492126,
        -1.644388 -1.255335 0.492126,
        -1.643315 -1.253937 0.492126,
        -1.642978 -1.253124 0.492126,
        -1.642135 -1.251089 0.492126,
        -1.642078 -1.250653 0.492126,
        -1.641732 -1.248031 0.492126,
        -1.650486 -1.437410 0.492126,
        -1.642135 -1.445762 0.492126,
        -1.641732 -1.448819 0.492126,
        -1.647638 -1.438590 0.492126,
        -1.645192 -1.440467 0.492126,
        -1.643315 -1.442913 0.492126,
        -1.641732 -1.251117 0.515562,
        -1.642135 -1.254070 0.514771,
        -1.643315 -1.256821 0.514034,
        -1.645192 -1.259184 0.513401,
        -1.647638 -1.260997 0.512915,
        -1.650486 -1.262137 0.512609,
        -1.641732 -1.260163 0.537402,
        -1.642135 -1.262811 0.535873,
        -1.643315 -1.265277 0.534449,
        -1.645192 -1.267396 0.533226,
        -1.647638 -1.269021 0.532287,
        -1.650486 -1.270043 0.531697,
        -1.641732 -1.274553 0.556155,
        -1.642135 -1.276715 0.553994,
        -1.643315 -1.278729 0.551980,
        -1.645192 -1.280459 0.550250,
        -1.647638 -1.281786 0.548922,
        -1.650486 -1.282620 0.548088,
        -1.641732 -1.293307 0.570546,
        -1.642135 -1.294835 0.567898,
        -1.643315 -1.296260 0.565431,
        -1.645192 -1.297483 0.563313,
        -1.647638 -1.298421 0.561687,
        -1.650486 -1.299011 0.560665,
        -1.641732 -1.315146 0.579592,
        -1.642135 -1.315937 0.576639,
        -1.643315 -1.316675 0.573887,
        -1.645192 -1.317308 0.571525,
        -1.647638 -1.317794 0.569711,
        -1.650486 -1.318099 0.568572,
        -1.641732 -1.338583 0.582677,
        -1.642135 -1.338583 0.579620,
        -1.643315 -1.338583 0.576772,
        -1.645192 -1.338583 0.574326,
        -1.647638 -1.338583 0.572448,
        -1.650486 -1.338583 0.571269,
        -1.641732 -1.358268 0.582677,
        -1.641732 -1.381704 0.579592,
        -1.642135 -1.358268 0.579620,
        -1.642135 -1.380913 0.576639,
        -1.643315 -1.358268 0.576772,
        -1.643315 -1.380176 0.573887,
        -1.645192 -1.358268 0.574326,
        -1.645192 -1.379543 0.571525,
        -1.647638 -1.358268 0.572448,
        -1.647638 -1.379057 0.569711,
        -1.650486 -1.358268 0.571269,
        -1.650486 -1.378751 0.568572,
        -1.641732 -1.403543 0.570546,
        -1.642135 -1.402015 0.567898,
        -1.643315 -1.400591 0.565431,
        -1.645192 -1.399367 0.563313,
        -1.647638 -1.398429 0.561687,
        -1.650486 -1.397839 0.560665,
        -1.641732 -1.422297 0.556155,
        -1.642135 -1.420135 0.553994,
        -1.643315 -1.418121 0.551980,
        -1.645192 -1.416392 0.550250,
        -1.647638 -1.415065 0.548922,
        -1.650486 -1.414230 0.548088,
        -1.641732 -1.436687 0.537402,
        -1.642135 -1.434040 0.535873,
        -1.643315 -1.431573 0.534449,
        -1.645192 -1.429455 0.533226,
        -1.647638 -1.427829 0.532287,
        -1.650486 -1.426807 0.531697,
        -1.641732 -1.445733 0.515562,
        -1.642135 -1.442781 0.514771,
        -1.643315 -1.440029 0.514034,
        -1.645192 -1.437667 0.513401,
        -1.647638 -1.435853 0.512915,
        -1.650486 -1.434714 0.512609,
        1.366142 1.023220 0.028439,
        -1.366142 1.023220 0.028439,
        1.366142 1.022040 0.025591,
        -1.366142 1.022040 0.025591,
        1.366142 1.020163 0.023144,
        -1.366142 1.020163 0.023144,
        1.366142 1.017717 0.021267,
        -1.366142 1.017717 0.021267,
        1.366142 1.014868 0.020087,
        -1.366142 1.014868 0.020087,
        1.751089 1.023220 0.413386,
        1.745240 1.023220 0.346541,
        1.753937 1.022040 0.413386,
        1.748046 1.022040 0.346046,
        1.756383 1.020163 0.413386,
        1.750455 1.020163 0.345621,
        1.758260 1.017717 0.413386,
        1.752303 1.017717 0.345295,
        1.759440 1.014868 0.413386,
        1.753465 1.014868 0.345090,
        1.735721 1.014868 0.278870,
        1.667426 1.014868 0.160578,
        1.706748 1.014868 0.216737,
        1.618949 1.014868 0.112102,
        1.562791 1.014868 0.072780,
        1.434437 1.014868 0.026063,
        1.500658 1.014868 0.043806,
        1.734613 1.017717 0.279274,
        1.705726 1.017717 0.217327,
        1.666522 1.017717 0.161337,
        1.618191 1.017717 0.113006,
        1.562201 1.017717 0.073801,
        1.500254 1.017717 0.044915,
        1.434232 1.017717 0.027224,
        1.732848 1.020163 0.279915,
        1.704101 1.020163 0.218265,
        1.665084 1.020163 0.162543,
        1.616984 1.020163 0.114444,
        1.561262 1.020163 0.075427,
        1.499612 1.020163 0.046679,
        1.433906 1.020163 0.029073,
        1.730550 1.022040 0.280752,
        1.701982 1.022040 0.219488,
        1.663210 1.022040 0.164116,
        1.615412 1.022040 0.116317,
        1.560039 1.022040 0.077545,
        1.498776 1.022040 0.048978,
        1.433482 1.022040 0.031482,
        1.727873 1.023220 0.281726,
        1.699515 1.023220 0.220913,
        1.661028 1.023220 0.165947,
        1.613581 1.023220 0.118500,
        1.558615 1.023220 0.080012,
        1.497801 1.023220 0.051654,
        1.432987 1.023220 0.034287,
        -1.432987 1.023220 0.034287,
        -1.433482 1.022040 0.031482,
        -1.433906 1.020163 0.029073,
        -1.434232 1.017717 0.027224,
        -1.434437 1.014868 0.026063,
        -1.500658 1.014868 0.043806,
        -1.618949 1.014868 0.112102,
        -1.562791 1.014868 0.072780,
        -1.667426 1.014868 0.160578,
        -1.706748 1.014868 0.216737,
        -1.753465 1.014868 0.345090,
        -1.735721 1.014868 0.278870,
        -1.759440 1.014868 0.413386,
        -1.500254 1.017717 0.044915,
        -1.562201 1.017717 0.073801,
        -1.618191 1.017717 0.113006,
        -1.666522 1.017717 0.161337,
        -1.705726 1.017717 0.217327,
        -1.734613 1.017717 0.279274,
        -1.752303 1.017717 0.345295,
        -1.758260 1.017717 0.413386,
        -1.499612 1.020163 0.046679,
        -1.561262 1.020163 0.075427,
        -1.616984 1.020163 0.114444,
        -1.665084 1.020163 0.162543,
        -1.704101 1.020163 0.218265,
        -1.732848 1.020163 0.279915,
        -1.750455 1.020163 0.345621,
        -1.756383 1.020163 0.413386,
        -1.498776 1.022040 0.048978,
        -1.560039 1.022040 0.077545,
        -1.615412 1.022040 0.116317,
        -1.663210 1.022040 0.164116,
        -1.701982 1.022040 0.219488,
        -1.730550 1.022040 0.280752,
        -1.748046 1.022040 0.346046,
        -1.753937 1.022040 0.413386,
        -1.497801 1.023220 0.051654,
        -1.558615 1.023220 0.080012,
        -1.613581 1.023220 0.118500,
        -1.661028 1.023220 0.165947,
        -1.699515 1.023220 0.220913,
        -1.727873 1.023220 0.281726,
        -1.745240 1.023220 0.346541,
        -1.751089 1.023220 0.413386,
        1.759440 1.014868 0.885827,
        1.758260 1.017717 0.885827,
        1.756383 1.020163 0.885827,
        1.753937 1.022040 0.885827,
        1.751089 1.023220 0.885827,
        -1.751089 1.023220 0.885827,
        -1.753937 1.022040 0.885827,
        -1.756383 1.020163 0.885827,
        -1.758260 1.017717 0.885827,
        -1.759440 1.014868 0.885827,
        1.366142 1.023220 1.270774,
        1.432987 1.023220 1.264925,
        1.366142 1.022040 1.273622,
        1.433482 1.022040 1.267731,
        1.366142 1.020163 1.276068,
        1.433906 1.020163 1.270140,
        1.366142 1.017717 1.277945,
        1.434232 1.017717 1.271988,
        1.366142 1.014868 1.279125,
        1.434437 1.014868 1.273150,
        1.500658 1.014868 1.255406,
        1.618949 1.014868 1.187111,
        1.562791 1.014868 1.226433,
        1.667426 1.014868 1.138634,
        1.706748 1.014868 1.082476,
        1.753465 1.014868 0.954122,
        1.735721 1.014868 1.020343,
        1.500254 1.017717 1.254298,
        1.562201 1.017717 1.225411,
        1.618191 1.017717 1.186207,
        1.666522 1.017717 1.137876,
        1.705726 1.017717 1.081886,
        1.734613 1.017717 1.019939,
        1.752303 1.017717 0.953917,
        1.499612 1.020163 1.252534,
        1.561262 1.020163 1.223786,
        1.616984 1.020163 1.184769,
        1.665084 1.020163 1.136669,
        1.704101 1.020163 1.080948,
        1.732848 1.020163 1.019297,
        1.750455 1.020163 0.953591,
        1.498776 1.022040 1.250235,
        1.560039 1.022040 1.221667,
        1.615412 1.022040 1.182895,
        1.663210 1.022040 1.135097,
        1.701982 1.022040 1.079724,
        1.730550 1.022040 1.018461,
        1.748046 1.022040 0.953167,
        1.497801 1.023220 1.247558,
        1.558615 1.023220 1.219200,
        1.613581 1.023220 1.180713,
        1.661028 1.023220 1.133266,
        1.699515 1.023220 1.078300,
        1.727873 1.023220 1.017486,
        1.745240 1.023220 0.952672,
        -1.745240 1.023220 0.952672,
        -1.748046 1.022040 0.953167,
        -1.750455 1.020163 0.953591,
        -1.752303 1.017717 0.953917,
        -1.753465 1.014868 0.954122,
        -1.735721 1.014868 1.020343,
        -1.667426 1.014868 1.138634,
        -1.706748 1.014868 1.082476,
        -1.618949 1.014868 1.187111,
        -1.562791 1.014868 1.226433,
        -1.434437 1.014868 1.273150,
        -1.500658 1.014868 1.255406,
        -1.366142 1.014868 1.279125,
        -1.734613 1.017717 1.019939,
        -1.705726 1.017717 1.081886,
        -1.666522 1.017717 1.137876,
        -1.618191 1.017717 1.186207,
        -1.562201 1.017717 1.225411,
        -1.500254 1.017717 1.254298,
        -1.434232 1.017717 1.271988,
        -1.366142 1.017717 1.277945,
        -1.732848 1.020163 1.019297,
        -1.704101 1.020163 1.080948,
        -1.665084 1.020163 1.136669,
        -1.616984 1.020163 1.184769,
        -1.561262 1.020163 1.223786,
        -1.499612 1.020163 1.252534,
        -1.433906 1.020163 1.270140,
        -1.366142 1.020163 1.276068,
        -1.730550 1.022040 1.018461,
        -1.701982 1.022040 1.079724,
        -1.663210 1.022040 1.135097,
        -1.615412 1.022040 1.182895,
        -1.560039 1.022040 1.221667,
        -1.498776 1.022040 1.250235,
        -1.433482 1.022040 1.267731,
        -1.366142 1.022040 1.273622,
        -1.727873 1.023220 1.017486,
        -1.699515 1.023220 1.078300,
        -1.661028 1.023220 1.133266,
        -1.613581 1.023220 1.180713,
        -1.558615 1.023220 1.219200,
        -1.497801 1.023220 1.247558,
        -1.432987 1.023220 1.264925,
        -1.366142 1.023220 1.270774,
        1.642135 1.014868 0.885827,
        1.642135 1.014868 0.413386,
        1.643315 1.017717 0.885827,
        1.643315 1.017717 0.413386,
        1.645192 1.020163 0.885827,
        1.645192 1.020163 0.413386,
        1.647638 1.022040 0.885827,
        1.647638 1.022040 0.413386,
        1.650486 1.023220 0.885827,
        1.650486 1.023220 0.413386,
        1.621126 1.014868 0.991445,
        1.595622 1.014868 1.039160,
        1.561298 1.014868 1.080983,
        1.519475 1.014868 1.115307,
        1.471760 1.014868 1.140811,
        1.421615 1.023220 1.164708,
        1.474956 1.023220 1.148527,
        1.421059 1.022040 1.161914,
        1.473866 1.022040 1.145895,
        1.420582 1.020163 1.159515,
        1.472930 1.020163 1.143635,
        1.420215 1.017717 1.157674,
        1.472211 1.017717 1.141901,
        1.419985 1.014868 1.156517,
        1.366142 1.023220 1.170171,
        1.366142 1.022040 1.167323,
        1.366142 1.020163 1.164877,
        1.366142 1.017717 1.163000,
        1.366142 1.014868 1.161820,
        1.524115 1.023220 1.122251,
        1.522533 1.022040 1.119882,
        1.521174 1.020163 1.117848,
        1.520131 1.017717 1.116288,
        1.567204 1.023220 1.086889,
        1.565189 1.022040 1.084874,
        1.563460 1.020163 1.083145,
        1.562133 1.017717 1.081818,
        1.596603 1.017717 1.039816,
        1.598163 1.020163 1.040859,
        1.600197 1.022040 1.042218,
        1.602566 1.023220 1.043800,
        1.622216 1.017717 0.991896,
        1.623950 1.020163 0.992615,
        1.626210 1.022040 0.993551,
        1.628842 1.023220 0.994641,
        1.636832 1.014868 0.939670,
        1.637989 1.017717 0.939900,
        1.639830 1.020163 0.940267,
        1.642229 1.022040 0.940744,
        1.645023 1.023220 0.941300,
        1.471760 1.014868 0.158402,
        1.519475 1.014868 0.183906,
        1.561298 1.014868 0.218229,
        1.595622 1.014868 0.260052,
        1.621126 1.014868 0.307768,
        1.645023 1.023220 0.357913,
        1.628842 1.023220 0.304572,
        1.642229 1.022040 0.358469,
        1.626210 1.022040 0.305662,
        1.639830 1.020163 0.358946,
        1.623950 1.020163 0.306598,
        1.637989 1.017717 0.359312,
        1.622216 1.017717 0.307317,
        1.636832 1.014868 0.359542,
        1.602566 1.023220 0.255413,
        1.600197 1.022040 0.256995,
        1.598163 1.020163 0.258354,
        1.596603 1.017717 0.259397,
        1.567204 1.023220 0.212324,
        1.565189 1.022040 0.214338,
        1.563460 1.020163 0.216068,
        1.562133 1.017717 0.217395,
        1.520131 1.017717 0.182925,
        1.521174 1.020163 0.181364,
        1.522533 1.022040 0.179330,
        1.524115 1.023220 0.176962,
        1.472211 1.017717 0.157311,
        1.472930 1.020163 0.155577,
        1.473866 1.022040 0.153317,
        1.474956 1.023220 0.150685,
        1.419985 1.014868 0.142696,
        1.420215 1.017717 0.141539,
        1.420582 1.020163 0.139698,
        1.421059 1.022040 0.137299,
        1.421615 1.023220 0.134505,
        1.366142 1.023220 0.129041,
        1.366142 1.022040 0.131890,
        1.366142 1.020163 0.134336,
        1.366142 1.017717 0.136213,
        1.366142 1.014868 0.137393,
        -1.366142 1.014868 1.161820,
        -1.366142 1.017717 1.163000,
        -1.366142 1.020163 1.164877,
        -1.366142 1.022040 1.167323,
        -1.366142 1.023220 1.170171,
        -1.366142 1.014868 0.137393,
        -1.366142 1.017717 0.136213,
        -1.366142 1.020163 0.134336,
        -1.366142 1.022040 0.131890,
        -1.366142 1.023220 0.129041,
        -1.471760 1.014868 1.140811,
        -1.519475 1.014868 1.115307,
        -1.561298 1.014868 1.080983,
        -1.595622 1.014868 1.039160,
        -1.621126 1.014868 0.991445,
        -1.645023 1.023220 0.941300,
        -1.628842 1.023220 0.994641,
        -1.642229 1.022040 0.940744,
        -1.626210 1.022040 0.993551,
        -1.639830 1.020163 0.940267,
        -1.623950 1.020163 0.992615,
        -1.637989 1.017717 0.939900,
        -1.622216 1.017717 0.991896,
        -1.636832 1.014868 0.939670,
        -1.650486 1.023220 0.885827,
        -1.647638 1.022040 0.885827,
        -1.645192 1.020163 0.885827,
        -1.643315 1.017717 0.885827,
        -1.642135 1.014868 0.885827,
        -1.602566 1.023220 1.043800,
        -1.600197 1.022040 1.042218,
        -1.598163 1.020163 1.040859,
        -1.596603 1.017717 1.039816,
        -1.567204 1.023220 1.086889,
        -1.565189 1.022040 1.084874,
        -1.563460 1.020163 1.083145,
        -1.562133 1.017717 1.081818,
        -1.520131 1.017717 1.116288,
        -1.521174 1.020163 1.117848,
        -1.522533 1.022040 1.119882,
        -1.524115 1.023220 1.122251,
        -1.472211 1.017717 1.141901,
        -1.472930 1.020163 1.143635,
        -1.473866 1.022040 1.145895,
        -1.474956 1.023220 1.148527,
        -1.419985 1.014868 1.156517,
        -1.420215 1.017717 1.157674,
        -1.420582 1.020163 1.159515,
        -1.421059 1.022040 1.161914,
        -1.421615 1.023220 1.164708,
        -1.621126 1.014868 0.307768,
        -1.595622 1.014868 0.260052,
        -1.561298 1.014868 0.218229,
        -1.519475 1.014868 0.183906,
        -1.471760 1.014868 0.158402,
        -1.421615 1.023220 0.134505,
        -1.474956 1.023220 0.150685,
        -1.421059 1.022040 0.137299,
        -1.473866 1.022040 0.153317,
        -1.420582 1.020163 0.139698,
        -1.472930 1.020163 0.155577,
        -1.420215 1.017717 0.141539,
        -1.472211 1.017717 0.157311,
        -1.419985 1.014868 0.142696,
        -1.524115 1.023220 0.176962,
        -1.522533 1.022040 0.179330,
        -1.521174 1.020163 0.181364,
        -1.520131 1.017717 0.182925,
        -1.567204 1.023220 0.212324,
        -1.565189 1.022040 0.214338,
        -1.563460 1.020163 0.216068,
        -1.562133 1.017717 0.217395,
        -1.596603 1.017717 0.259397,
        -1.598163 1.020163 0.258354,
        -1.600197 1.022040 0.256995,
        -1.602566 1.023220 0.255413,
        -1.622216 1.017717 0.307317,
        -1.623950 1.020163 0.306598,
        -1.626210 1.022040 0.305662,
        -1.628842 1.023220 0.304572,
        -1.636832 1.014868 0.359542,
        -1.637989 1.017717 0.359312,
        -1.639830 1.020163 0.358946,
        -1.642229 1.022040 0.358469,
        -1.645023 1.023220 0.357913,
        -1.650486 1.023220 0.413386,
        -1.647638 1.022040 0.413386,
        -1.645192 1.020163 0.413386,
        -1.643315 1.017717 0.413386,
        -1.642135 1.014868 0.413386,
      ]
    }
    coordIndex [
      66, 67, 68, -1,
      68, 67, 69, -1,
      70, 71, 69, -1,
      69, 71, 72, -1,
      69, 72, 73, -1,
      73, 74, 69, -1,
      69, 74, 75, -1,
      69, 75, 68, -1,
      68, 75, 76, -1,
      68, 76, 77, -1,
      78, 79, 80, -1,
      80, 79, 68, -1,
      80, 68, 81, -1,
      81, 68, 77, -1,
      82, 83, 84, -1,
      85, 86, 87, -1,
      87, 86, 88, -1,
      88, 89, 87, -1,
      87, 89, 90, -1,
      87, 90, 91, -1,
      92, 93, 94, -1,
      94, 93, 91, -1,
      87, 95, 96, -1,
      96, 97, 87, -1,
      87, 97, 98, -1,
      87, 98, 82, -1,
      82, 98, 99, -1,
      82, 99, 83, -1,
      84, 100, 82, -1,
      82, 100, 101, -1,
      82, 101, 102, -1,
      102, 101, 103, -1,
      102, 103, 104, -1,
      85, 87, 105, -1,
      105, 87, 106, -1,
      105, 106, 107, -1,
      91, 93, 87, -1,
      87, 93, 108, -1,
      87, 108, 95, -1,
      94, 109, 92, -1,
      92, 109, 110, -1,
      92, 110, 111, -1,
      112, 113, 92, -1,
      92, 113, 114, -1,
      92, 114, 115, -1,
      114, 116, 115, -1,
      115, 116, 117, -1,
      115, 117, 118, -1,
      119, 120, 92, -1,
      92, 120, 121, -1,
      92, 121, 112, -1,
      122, 123, 124, -1,
      125, 126, 127, -1,
      127, 126, 128, -1,
      111, 129, 92, -1,
      92, 129, 130, -1,
      92, 130, 119, -1,
      119, 130, 128, -1,
      119, 128, 131, -1,
      131, 128, 126, -1,
      118, 132, 115, -1,
      115, 132, 133, -1,
      115, 133, 134, -1,
      134, 133, 135, -1,
      135, 136, 134, -1,
      134, 136, 137, -1,
      134, 137, 124, -1,
      124, 137, 138, -1,
      124, 138, 122, -1,
      139, 140, 141, -1,
      141, 140, 142, -1,
      143, 144, 145, -1,
      145, 144, 146, -1,
      147, 148, 149, -1,
      148, 150, 149, -1,
      149, 150, 151, -1,
      149, 151, 152, -1,
      153, 146, 154, -1,
      154, 146, 149, -1,
      146, 155, 156, -1,
      157, 158, 159, -1,
      153, 160, 146, -1,
      146, 160, 161, -1,
      146, 161, 155, -1,
      156, 162, 146, -1,
      146, 162, 163, -1,
      146, 163, 145, -1,
      147, 149, 164, -1,
      164, 149, 165, -1,
      164, 165, 166, -1,
      157, 159, 167, -1,
      168, 169, 154, -1,
      154, 169, 159, -1,
      154, 159, 170, -1,
      170, 159, 158, -1,
      152, 171, 149, -1,
      149, 171, 172, -1,
      149, 172, 154, -1,
      154, 172, 173, -1,
      154, 173, 168, -1,
      174, 175, 176, -1,
      176, 175, 177, -1,
      176, 177, 178, -1,
      179, 180, 181, -1,
      181, 180, 174, -1,
      174, 180, 182, -1,
      174, 182, 183, -1,
      183, 184, 174, -1,
      174, 184, 185, -1,
      174, 185, 175, -1,
      186, 181, 187, -1,
      187, 181, 188, -1,
      186, 189, 181, -1,
      181, 189, 190, -1,
      181, 190, 179, -1,
      178, 191, 176, -1,
      176, 191, 192, -1,
      176, 192, 159, -1,
      159, 192, 193, -1,
      159, 193, 167, -1,
      167, 193, 194, -1,
      195, 196, 197, -1,
      197, 196, 198, -1,
      197, 198, 194, -1,
      194, 198, 199, -1,
      194, 199, 167, -1,
      200, 201, 202, -1,
      203, 204, 205, -1,
      206, 207, 208, -1,
      203, 205, 209, -1,
      202, 210, 211, -1,
      201, 212, 209, -1,
      211, 213, 202, -1,
      202, 213, 214, -1,
      202, 214, 200, -1,
      205, 215, 209, -1,
      209, 215, 216, -1,
      209, 216, 201, -1,
      201, 216, 217, -1,
      201, 217, 202, -1,
      218, 219, 220, -1,
      218, 221, 222, -1,
      222, 223, 218, -1,
      218, 223, 224, -1,
      218, 224, 208, -1,
      208, 224, 225, -1,
      208, 225, 206, -1,
      220, 226, 218, -1,
      218, 226, 227, -1,
      218, 227, 221, -1,
      221, 227, 228, -1,
      221, 228, 229, -1,
      202, 230, 210, -1,
      210, 230, 231, -1,
      210, 231, 232, -1,
      232, 231, 233, -1,
      229, 234, 221, -1,
      221, 234, 235, -1,
      221, 235, 236, -1,
      236, 235, 233, -1,
      236, 233, 237, -1,
      237, 233, 231, -1,
      238, 239, 240, -1,
      240, 239, 241, -1,
      242, 243, 244, -1,
      244, 243, 245, -1,
      244, 245, 246, -1,
      246, 245, 247, -1,
      246, 247, 248, -1,
      248, 247, 249, -1,
      248, 249, 250, -1,
      250, 249, 251, -1,
      250, 251, 252, -1,
      253, 254, 255, -1,
      255, 254, 256, -1,
      255, 256, 257, -1,
      257, 256, 258, -1,
      257, 258, 259, -1,
      259, 258, 260, -1,
      259, 260, 261, -1,
      261, 260, 262, -1,
      261, 262, 263, -1,
      263, 262, 252, -1,
      263, 252, 264, -1,
      264, 252, 251, -1,
      265, 266, 267, -1,
      267, 266, 268, -1,
      269, 270, 271, -1,
      271, 270, 272, -1,
      11, 10, 273, -1,
      273, 10, 274, -1,
      273, 274, 275, -1,
      275, 274, 276, -1,
      275, 276, 277, -1,
      277, 276, 278, -1,
      277, 278, 279, -1,
      279, 278, 280, -1,
      279, 280, 281, -1,
      281, 280, 282, -1,
      281, 282, 283, -1,
      283, 282, 284, -1,
      283, 284, 285, -1,
      285, 284, 286, -1,
      285, 286, 287, -1,
      287, 286, 288, -1,
      287, 288, 289, -1,
      289, 288, 290, -1,
      289, 290, 291, -1,
      291, 290, 292, -1,
      291, 292, 293, -1,
      293, 292, 294, -1,
      293, 294, 295, -1,
      295, 294, 296, -1,
      295, 296, 297, -1,
      297, 296, 298, -1,
      297, 298, 299, -1,
      299, 298, 300, -1,
      299, 300, 301, -1,
      301, 300, 302, -1,
      209, 212, 303, -1,
      303, 212, 304, -1,
      303, 304, 305, -1,
      305, 304, 306, -1,
      305, 306, 307, -1,
      307, 306, 308, -1,
      307, 308, 309, -1,
      309, 308, 310, -1,
      309, 310, 311, -1,
      311, 310, 312, -1,
      311, 312, 313, -1,
      313, 312, 314, -1,
      313, 314, 315, -1,
      315, 314, 316, -1,
      315, 316, 317, -1,
      317, 316, 318, -1,
      317, 318, 319, -1,
      319, 318, 320, -1,
      319, 320, 321, -1,
      321, 320, 322, -1,
      321, 322, 323, -1,
      323, 322, 324, -1,
      323, 324, 325, -1,
      325, 324, 326, -1,
      325, 326, 327, -1,
      327, 326, 328, -1,
      327, 328, 106, -1,
      106, 328, 107, -1,
      329, 330, 331, -1,
      331, 330, 332, -1,
      331, 332, 333, -1,
      333, 332, 334, -1,
      333, 334, 335, -1,
      335, 334, 336, -1,
      335, 336, 337, -1,
      337, 336, 338, -1,
      337, 338, 339, -1,
      339, 338, 340, -1,
      341, 342, 343, -1,
      343, 342, 344, -1,
      343, 344, 345, -1,
      345, 344, 346, -1,
      345, 346, 347, -1,
      347, 346, 348, -1,
      347, 348, 349, -1,
      349, 348, 350, -1,
      349, 350, 340, -1,
      340, 350, 351, -1,
      340, 351, 339, -1,
      208, 207, 352, -1,
      352, 207, 353, -1,
      352, 353, 354, -1,
      354, 353, 355, -1,
      354, 355, 356, -1,
      356, 355, 357, -1,
      356, 357, 358, -1,
      358, 357, 359, -1,
      358, 359, 360, -1,
      360, 359, 361, -1,
      360, 361, 362, -1,
      362, 361, 363, -1,
      362, 363, 364, -1,
      364, 363, 365, -1,
      364, 365, 366, -1,
      366, 365, 367, -1,
      366, 367, 368, -1,
      368, 367, 369, -1,
      368, 369, 370, -1,
      370, 369, 371, -1,
      370, 371, 372, -1,
      372, 371, 373, -1,
      372, 373, 374, -1,
      374, 373, 375, -1,
      374, 375, 376, -1,
      376, 375, 377, -1,
      376, 377, 165, -1,
      165, 377, 166, -1,
      378, 379, 380, -1,
      380, 379, 381, -1,
      380, 381, 382, -1,
      382, 381, 383, -1,
      382, 383, 384, -1,
      384, 383, 385, -1,
      384, 385, 386, -1,
      386, 385, 387, -1,
      386, 387, 388, -1,
      388, 387, 389, -1,
      388, 389, 390, -1,
      390, 389, 391, -1,
      390, 391, 392, -1,
      392, 391, 393, -1,
      392, 393, 394, -1,
      394, 393, 395, -1,
      394, 395, 396, -1,
      396, 395, 397, -1,
      396, 397, 398, -1,
      398, 397, 399, -1,
      398, 399, 400, -1,
      400, 399, 401, -1,
      400, 401, 402, -1,
      402, 401, 403, -1,
      402, 403, 404, -1,
      404, 403, 405, -1,
      404, 405, 406, -1,
      406, 405, 407, -1,
      406, 407, 28, -1,
      28, 407, 26, -1,
      408, 409, 410, -1,
      410, 409, 411, -1,
      410, 411, 412, -1,
      412, 411, 413, -1,
      412, 413, 414, -1,
      414, 413, 415, -1,
      414, 415, 416, -1,
      416, 415, 417, -1,
      416, 417, 418, -1,
      418, 417, 419, -1,
      418, 419, 420, -1,
      420, 419, 421, -1,
      420, 421, 422, -1,
      422, 421, 423, -1,
      422, 423, 424, -1,
      424, 423, 425, -1,
      424, 425, 426, -1,
      427, 428, 429, -1,
      429, 428, 430, -1,
      429, 430, 431, -1,
      431, 430, 432, -1,
      431, 432, 433, -1,
      433, 432, 434, -1,
      433, 434, 435, -1,
      435, 434, 436, -1,
      435, 436, 437, -1,
      437, 436, 438, -1,
      437, 438, 439, -1,
      439, 438, 440, -1,
      439, 440, 441, -1,
      441, 440, 442, -1,
      441, 442, 443, -1,
      443, 442, 444, -1,
      443, 444, 408, -1,
      408, 444, 445, -1,
      408, 445, 409, -1,
      446, 447, 448, -1,
      448, 447, 449, -1,
      448, 449, 450, -1,
      450, 449, 451, -1,
      450, 451, 452, -1,
      452, 451, 453, -1,
      452, 453, 454, -1,
      454, 453, 455, -1,
      454, 455, 456, -1,
      456, 455, 457, -1,
      456, 457, 458, -1,
      458, 457, 459, -1,
      458, 459, 460, -1,
      460, 459, 461, -1,
      460, 461, 427, -1,
      427, 461, 462, -1,
      427, 462, 428, -1,
      425, 463, 426, -1,
      426, 463, 464, -1,
      426, 464, 465, -1,
      465, 464, 466, -1,
      465, 466, 467, -1,
      467, 466, 468, -1,
      467, 468, 469, -1,
      469, 468, 470, -1,
      469, 470, 471, -1,
      471, 470, 472, -1,
      471, 472, 473, -1,
      473, 472, 474, -1,
      473, 474, 475, -1,
      475, 474, 476, -1,
      475, 476, 477, -1,
      477, 476, 478, -1,
      477, 478, 479, -1,
      479, 478, 480, -1,
      479, 480, 481, -1,
      481, 480, 482, -1,
      481, 482, 446, -1,
      446, 482, 483, -1,
      446, 483, 447, -1,
      484, 485, 486, -1,
      486, 485, 487, -1,
      486, 487, 488, -1,
      489, 490, 484, -1,
      491, 492, 493, -1,
      494, 495, 496, -1,
      496, 495, 497, -1,
      489, 484, 498, -1,
      490, 499, 484, -1,
      484, 499, 500, -1,
      484, 500, 485, -1,
      501, 502, 503, -1,
      497, 495, 504, -1,
      504, 495, 505, -1,
      504, 505, 506, -1,
      507, 508, 509, -1,
      509, 508, 510, -1,
      487, 511, 488, -1,
      488, 511, 508, -1,
      488, 508, 512, -1,
      512, 508, 507, -1,
      501, 503, 513, -1,
      513, 503, 514, -1,
      513, 514, 515, -1,
      516, 513, 517, -1,
      517, 513, 518, -1,
      494, 519, 495, -1,
      495, 519, 520, -1,
      495, 520, 521, -1,
      522, 523, 495, -1,
      495, 523, 524, -1,
      495, 524, 484, -1,
      484, 524, 525, -1,
      484, 525, 498, -1,
      506, 505, 526, -1,
      526, 505, 527, -1,
      526, 527, 528, -1,
      522, 495, 529, -1,
      529, 495, 521, -1,
      529, 521, 491, -1,
      491, 521, 530, -1,
      491, 530, 492, -1,
      518, 513, 531, -1,
      531, 513, 515, -1,
      531, 515, 532, -1,
      532, 515, 533, -1,
      532, 533, 534, -1,
      528, 535, 526, -1,
      526, 535, 536, -1,
      526, 536, 537, -1,
      537, 536, 538, -1,
      493, 539, 491, -1,
      491, 539, 540, -1,
      491, 540, 541, -1,
      541, 540, 542, -1,
      541, 542, 534, -1,
      534, 542, 543, -1,
      534, 543, 532, -1,
      544, 545, 546, -1,
      547, 548, 549, -1,
      550, 551, 552, -1,
      544, 546, 553, -1,
      548, 554, 549, -1,
      549, 554, 555, -1,
      549, 555, 378, -1,
      378, 555, 556, -1,
      378, 556, 379, -1,
      557, 558, 552, -1,
      552, 558, 559, -1,
      552, 559, 560, -1,
      551, 561, 552, -1,
      552, 561, 562, -1,
      552, 562, 553, -1,
      563, 564, 565, -1,
      565, 564, 566, -1,
      553, 546, 552, -1,
      552, 546, 567, -1,
      552, 567, 549, -1,
      549, 567, 568, -1,
      549, 568, 547, -1,
      560, 569, 552, -1,
      552, 569, 570, -1,
      552, 570, 571, -1,
      545, 572, 546, -1,
      546, 572, 565, -1,
      546, 565, 573, -1,
      573, 565, 566, -1,
      574, 575, 576, -1,
      576, 575, 577, -1,
      578, 557, 579, -1,
      579, 557, 580, -1,
      550, 552, 576, -1,
      576, 552, 581, -1,
      576, 581, 574, -1,
      582, 583, 584, -1,
      557, 552, 580, -1,
      580, 552, 585, -1,
      580, 585, 586, -1,
      587, 588, 589, -1,
      571, 590, 552, -1,
      552, 590, 591, -1,
      552, 591, 581, -1,
      577, 592, 576, -1,
      576, 592, 582, -1,
      576, 582, 593, -1,
      593, 582, 584, -1,
      594, 595, 596, -1,
      596, 595, 580, -1,
      596, 580, 597, -1,
      597, 580, 586, -1,
      563, 598, 599, -1,
      599, 598, 600, -1,
      599, 600, 601, -1,
      578, 579, 589, -1,
      589, 579, 602, -1,
      589, 602, 587, -1,
      565, 603, 563, -1,
      563, 603, 604, -1,
      563, 604, 598, -1,
      598, 604, 605, -1,
      598, 605, 606, -1,
      601, 607, 599, -1,
      599, 607, 608, -1,
      599, 608, 609, -1,
      609, 608, 610, -1,
      611, 612, 613, -1,
      606, 605, 613, -1,
      613, 605, 614, -1,
      613, 614, 611, -1,
      610, 615, 609, -1,
      609, 615, 616, -1,
      609, 616, 617, -1,
      617, 618, 609, -1,
      609, 618, 619, -1,
      609, 619, 620, -1,
      621, 622, 623, -1,
      623, 622, 624, -1,
      620, 625, 609, -1,
      609, 625, 624, -1,
      609, 624, 626, -1,
      626, 624, 622, -1,
      627, 628, 629, -1,
      629, 628, 630, -1,
      629, 630, 631, -1,
      631, 632, 629, -1,
      629, 632, 633, -1,
      629, 633, 634, -1,
      634, 633, 635, -1,
      634, 635, 636, -1,
      637, 638, 634, -1,
      636, 639, 634, -1,
      634, 639, 640, -1,
      634, 640, 641, -1,
      627, 629, 642, -1,
      642, 629, 643, -1,
      642, 643, 644, -1,
      645, 646, 647, -1,
      648, 649, 650, -1,
      651, 652, 641, -1,
      652, 653, 641, -1,
      641, 653, 654, -1,
      641, 654, 655, -1,
      655, 656, 641, -1,
      641, 656, 657, -1,
      641, 657, 634, -1,
      634, 657, 658, -1,
      634, 658, 637, -1,
      645, 647, 638, -1,
      638, 647, 659, -1,
      638, 659, 660, -1,
      661, 662, 634, -1,
      634, 662, 663, -1,
      664, 301, 302, -1,
      646, 665, 647, -1,
      647, 665, 664, -1,
      647, 664, 666, -1,
      666, 664, 302, -1,
      660, 667, 638, -1,
      638, 667, 668, -1,
      638, 668, 634, -1,
      634, 668, 669, -1,
      634, 669, 661, -1,
      663, 670, 634, -1,
      634, 670, 671, -1,
      634, 671, 672, -1,
      673, 651, 674, -1,
      674, 651, 641, -1,
      674, 641, 675, -1,
      675, 641, 650, -1,
      675, 650, 676, -1,
      676, 650, 649, -1,
      677, 678, 679, -1,
      679, 678, 680, -1,
      679, 680, 681, -1,
      673, 682, 651, -1,
      651, 682, 683, -1,
      651, 683, 684, -1,
      684, 683, 685, -1,
      648, 650, 686, -1,
      686, 650, 687, -1,
      686, 687, 679, -1,
      679, 687, 688, -1,
      679, 688, 677, -1,
      681, 689, 679, -1,
      679, 689, 690, -1,
      679, 690, 691, -1,
      691, 692, 679, -1,
      679, 692, 693, -1,
      679, 693, 694, -1,
      695, 696, 697, -1,
      672, 695, 634, -1,
      634, 695, 697, -1,
      634, 697, 698, -1,
      698, 697, 699, -1,
      698, 699, 700, -1,
      701, 702, 696, -1,
      696, 702, 703, -1,
      696, 703, 697, -1,
      704, 705, 700, -1,
      700, 705, 706, -1,
      700, 706, 698, -1,
      707, 708, 701, -1,
      701, 708, 709, -1,
      701, 709, 702, -1,
      629, 634, 710, -1,
      710, 634, 711, -1,
      710, 711, 712, -1,
      712, 711, 713, -1,
      712, 713, 714, -1,
      714, 713, 715, -1,
      714, 715, 716, -1,
      716, 715, 717, -1,
      716, 717, 718, -1,
      718, 717, 719, -1,
      718, 719, 720, -1,
      720, 719, 721, -1,
      720, 721, 722, -1,
      722, 721, 723, -1,
      722, 723, 724, -1,
      724, 723, 725, -1,
      724, 725, 726, -1,
      726, 725, 727, -1,
      726, 727, 728, -1,
      728, 727, 729, -1,
      728, 729, 730, -1,
      730, 729, 731, -1,
      730, 731, 732, -1,
      732, 731, 733, -1,
      732, 733, 734, -1,
      734, 733, 735, -1,
      734, 735, 736, -1,
      736, 735, 737, -1,
      736, 737, 495, -1,
      495, 737, 505, -1,
      2, 7, 738, -1,
      738, 7, 739, -1,
      738, 739, 740, -1,
      740, 739, 741, -1,
      740, 741, 742, -1,
      742, 741, 743, -1,
      742, 743, 744, -1,
      744, 743, 745, -1,
      744, 745, 746, -1,
      746, 745, 747, -1,
      746, 747, 748, -1,
      748, 747, 749, -1,
      748, 749, 750, -1,
      750, 749, 751, -1,
      750, 751, 752, -1,
      752, 751, 753, -1,
      752, 753, 754, -1,
      754, 753, 755, -1,
      754, 755, 756, -1,
      756, 755, 757, -1,
      756, 757, 758, -1,
      758, 757, 759, -1,
      758, 759, 760, -1,
      760, 759, 761, -1,
      760, 761, 762, -1,
      762, 761, 763, -1,
      762, 763, 764, -1,
      764, 763, 765, -1,
      764, 765, 643, -1,
      643, 765, 644, -1,
      102, 104, 766, -1,
      766, 104, 767, -1,
      766, 767, 768, -1,
      768, 767, 769, -1,
      768, 769, 770, -1,
      770, 769, 771, -1,
      770, 771, 772, -1,
      772, 771, 773, -1,
      772, 773, 774, -1,
      774, 773, 775, -1,
      774, 775, 776, -1,
      776, 775, 777, -1,
      776, 777, 778, -1,
      778, 777, 779, -1,
      778, 779, 780, -1,
      780, 779, 781, -1,
      780, 781, 782, -1,
      782, 781, 783, -1,
      782, 783, 784, -1,
      784, 783, 785, -1,
      784, 785, 786, -1,
      786, 785, 787, -1,
      786, 787, 788, -1,
      788, 787, 789, -1,
      788, 789, 790, -1,
      790, 789, 791, -1,
      790, 791, 218, -1,
      218, 791, 219, -1,
      139, 141, 792, -1,
      792, 141, 793, -1,
      792, 793, 794, -1,
      794, 793, 795, -1,
      794, 795, 796, -1,
      796, 795, 797, -1,
      796, 797, 798, -1,
      798, 797, 799, -1,
      798, 799, 800, -1,
      800, 799, 801, -1,
      800, 801, 802, -1,
      802, 801, 803, -1,
      802, 803, 804, -1,
      804, 803, 805, -1,
      804, 805, 806, -1,
      806, 805, 807, -1,
      806, 807, 808, -1,
      808, 807, 809, -1,
      808, 809, 810, -1,
      810, 809, 811, -1,
      810, 811, 812, -1,
      812, 811, 813, -1,
      812, 813, 814, -1,
      814, 813, 815, -1,
      814, 815, 816, -1,
      816, 815, 817, -1,
      816, 817, 82, -1,
      82, 817, 87, -1,
      149, 146, 818, -1,
      818, 146, 819, -1,
      818, 819, 820, -1,
      820, 819, 821, -1,
      820, 821, 822, -1,
      822, 821, 823, -1,
      822, 823, 824, -1,
      824, 823, 825, -1,
      824, 825, 826, -1,
      826, 825, 827, -1,
      826, 827, 828, -1,
      828, 827, 829, -1,
      828, 829, 830, -1,
      830, 829, 831, -1,
      830, 831, 832, -1,
      832, 831, 833, -1,
      832, 833, 834, -1,
      834, 833, 835, -1,
      834, 835, 836, -1,
      836, 835, 837, -1,
      836, 837, 838, -1,
      838, 837, 839, -1,
      838, 839, 840, -1,
      840, 839, 841, -1,
      840, 841, 842, -1,
      842, 841, 843, -1,
      842, 843, 140, -1,
      140, 843, 142, -1,
      204, 203, 844, -1,
      844, 203, 845, -1,
      844, 845, 846, -1,
      846, 845, 847, -1,
      846, 847, 848, -1,
      848, 847, 849, -1,
      848, 849, 850, -1,
      850, 849, 851, -1,
      850, 851, 852, -1,
      852, 851, 853, -1,
      852, 853, 854, -1,
      854, 853, 855, -1,
      854, 855, 856, -1,
      856, 855, 857, -1,
      856, 857, 858, -1,
      858, 857, 859, -1,
      858, 859, 860, -1,
      860, 859, 861, -1,
      860, 861, 862, -1,
      862, 861, 863, -1,
      862, 863, 864, -1,
      864, 863, 865, -1,
      864, 865, 866, -1,
      866, 865, 867, -1,
      866, 867, 868, -1,
      868, 867, 869, -1,
      868, 869, 143, -1,
      143, 869, 144, -1,
      23, 25, 870, -1,
      870, 25, 871, -1,
      870, 871, 872, -1,
      872, 871, 873, -1,
      872, 873, 874, -1,
      874, 873, 875, -1,
      874, 875, 876, -1,
      876, 875, 877, -1,
      876, 877, 878, -1,
      878, 877, 879, -1,
      878, 879, 880, -1,
      880, 879, 881, -1,
      880, 881, 882, -1,
      882, 881, 883, -1,
      882, 883, 884, -1,
      884, 883, 885, -1,
      884, 885, 886, -1,
      886, 885, 887, -1,
      886, 887, 888, -1,
      888, 887, 889, -1,
      888, 889, 890, -1,
      890, 889, 891, -1,
      890, 891, 892, -1,
      892, 891, 893, -1,
      892, 893, 894, -1,
      894, 893, 895, -1,
      894, 895, 896, -1,
      896, 895, 897, -1,
      896, 897, 583, -1,
      583, 897, 584, -1,
      484, 486, 898, -1,
      898, 486, 899, -1,
      898, 899, 900, -1,
      900, 899, 901, -1,
      900, 901, 902, -1,
      902, 901, 903, -1,
      902, 903, 904, -1,
      904, 903, 905, -1,
      904, 905, 906, -1,
      906, 905, 907, -1,
      906, 907, 908, -1,
      908, 907, 909, -1,
      908, 909, 910, -1,
      910, 909, 911, -1,
      910, 911, 912, -1,
      912, 911, 913, -1,
      912, 913, 914, -1,
      914, 913, 915, -1,
      914, 915, 916, -1,
      916, 915, 917, -1,
      916, 917, 918, -1,
      918, 917, 919, -1,
      918, 919, 920, -1,
      920, 919, 921, -1,
      920, 921, 922, -1,
      922, 921, 923, -1,
      922, 923, 924, -1,
      924, 923, 925, -1,
      924, 925, 549, -1,
      549, 925, 552, -1,
      926, 927, 928, -1,
      928, 927, 929, -1,
      928, 929, 930, -1,
      930, 929, 931, -1,
      930, 931, 932, -1,
      932, 931, 933, -1,
      932, 933, 934, -1,
      934, 933, 935, -1,
      934, 935, 936, -1,
      936, 935, 937, -1,
      936, 937, 938, -1,
      938, 937, 939, -1,
      938, 939, 940, -1,
      940, 939, 941, -1,
      927, 926, 942, -1,
      942, 926, 943, -1,
      944, 945, 946, -1,
      946, 945, 947, -1,
      946, 947, 948, -1,
      948, 947, 949, -1,
      948, 949, 950, -1,
      950, 949, 951, -1,
      950, 951, 952, -1,
      952, 951, 953, -1,
      952, 953, 954, -1,
      954, 953, 955, -1,
      954, 955, 943, -1,
      943, 955, 942, -1,
      940, 941, 956, -1,
      956, 941, 957, -1,
      956, 957, 958, -1,
      958, 957, 959, -1,
      958, 959, 960, -1,
      960, 959, 961, -1,
      960, 961, 962, -1,
      962, 961, 963, -1,
      962, 963, 964, -1,
      965, 966, 967, -1,
      967, 966, 968, -1,
      967, 968, 969, -1,
      969, 968, 970, -1,
      969, 970, 971, -1,
      971, 970, 972, -1,
      971, 972, 973, -1,
      973, 972, 974, -1,
      973, 974, 975, -1,
      975, 974, 964, -1,
      975, 964, 976, -1,
      976, 964, 963, -1,
      945, 944, 977, -1,
      977, 944, 978, -1,
      977, 978, 979, -1,
      979, 978, 980, -1,
      979, 980, 981, -1,
      981, 980, 982, -1,
      981, 982, 983, -1,
      983, 982, 984, -1,
      983, 984, 985, -1,
      985, 984, 986, -1,
      985, 986, 987, -1,
      987, 986, 988, -1,
      989, 990, 991, -1,
      991, 990, 992, -1,
      991, 992, 993, -1,
      993, 992, 994, -1,
      993, 994, 995, -1,
      995, 994, 996, -1,
      995, 996, 988, -1,
      988, 996, 997, -1,
      988, 997, 987, -1,
      998, 999, 1000, -1,
      1000, 999, 1001, -1,
      1000, 1001, 1002, -1,
      1002, 1001, 1003, -1,
      1002, 1003, 1004, -1,
      1004, 1003, 1005, -1,
      1004, 1005, 1006, -1,
      1007, 1008, 1009, -1,
      1009, 1008, 1010, -1,
      1009, 1010, 1011, -1,
      1011, 1010, 1012, -1,
      1011, 1012, 1013, -1,
      1013, 1012, 1014, -1,
      1013, 1014, 1015, -1,
      1015, 1014, 1016, -1,
      1015, 1016, 1017, -1,
      1017, 1016, 1018, -1,
      1005, 1019, 1006, -1,
      1006, 1019, 1020, -1,
      1006, 1020, 1021, -1,
      1021, 1020, 1022, -1,
      1021, 1022, 1023, -1,
      1023, 1022, 1024, -1,
      1023, 1024, 1025, -1,
      1025, 1024, 1026, -1,
      1025, 1026, 1027, -1,
      1027, 1026, 1028, -1,
      1027, 1028, 1029, -1,
      1029, 1028, 1030, -1,
      1029, 1030, 1031, -1,
      1031, 1030, 1032, -1,
      1031, 1032, 1033, -1,
      1033, 1032, 1034, -1,
      1033, 1034, 1035, -1,
      1035, 1034, 1036, -1,
      1035, 1036, 1037, -1,
      1037, 1036, 1038, -1,
      1037, 1038, 1018, -1,
      1018, 1038, 1039, -1,
      1018, 1039, 1017, -1,
      1040, 1041, 1042, -1,
      1042, 1041, 1043, -1,
      1042, 1043, 1044, -1,
      1044, 1043, 1045, -1,
      1044, 1045, 1046, -1,
      1046, 1045, 1047, -1,
      1046, 1047, 1048, -1,
      1048, 1047, 1049, -1,
      1048, 1049, 1050, -1,
      1050, 1049, 1051, -1,
      1050, 1051, 1052, -1,
      1052, 1051, 1053, -1,
      1054, 1055, 1056, -1,
      1056, 1055, 1057, -1,
      1056, 1057, 1058, -1,
      1058, 1057, 1059, -1,
      1058, 1059, 1060, -1,
      1060, 1059, 1061, -1,
      1060, 1061, 1053, -1,
      1053, 1061, 1062, -1,
      1053, 1062, 1052, -1,
      1063, 1064, 1065, -1,
      1065, 1064, 1066, -1,
      1065, 1066, 1067, -1,
      1067, 1066, 1068, -1,
      1067, 1068, 1069, -1,
      1069, 1068, 1070, -1,
      1069, 1070, 1071, -1,
      1071, 1070, 1072, -1,
      1071, 1072, 1073, -1,
      1073, 1072, 1074, -1,
      1073, 1074, 1054, -1,
      1054, 1074, 1055, -1,
      1064, 1063, 1075, -1,
      1075, 1063, 1076, -1,
      1077, 1078, 1079, -1,
      1079, 1078, 1080, -1,
      1079, 1080, 1081, -1,
      1081, 1080, 1082, -1,
      1081, 1082, 1083, -1,
      1083, 1082, 1084, -1,
      1083, 1084, 1085, -1,
      1085, 1084, 1086, -1,
      1085, 1086, 1087, -1,
      1087, 1086, 1088, -1,
      1087, 1088, 1089, -1,
      1089, 1088, 1090, -1,
      1089, 1090, 1076, -1,
      1076, 1090, 1075, -1,
      1091, 1092, 1093, -1,
      1093, 1092, 1094, -1,
      1093, 1094, 1095, -1,
      1095, 1094, 1096, -1,
      1095, 1096, 1097, -1,
      1097, 1096, 1098, -1,
      1097, 1098, 1099, -1,
      1099, 1098, 1100, -1,
      1099, 1100, 1101, -1,
      1101, 1100, 1102, -1,
      1101, 1102, 1077, -1,
      1077, 1102, 1078, -1,
      1103, 1104, 1105, -1,
      1105, 1104, 1106, -1,
      1105, 1106, 1107, -1,
      1107, 1106, 1108, -1,
      1107, 1108, 1109, -1,
      1109, 1108, 1110, -1,
      1109, 1110, 1091, -1,
      1091, 1110, 1111, -1,
      1091, 1111, 1092, -1,
      1112, 1113, 1114, -1,
      1114, 1113, 1115, -1,
      1116, 1117, 1118, -1,
      1118, 1117, 1119, -1,
      1120, 1121, 1122, -1,
      1122, 1121, 1123, -1,
      1124, 1125, 1126, -1,
      1126, 1125, 1127, -1,
      1128, 1129, 1130, -1,
      1130, 1129, 1131, -1,
      1132, 1133, 1134, -1,
      1134, 1133, 1135, -1,
      1136, 1137, 1138, -1,
      1138, 1137, 1139, -1,
      1140, 1141, 1142, -1,
      1142, 1141, 1143, -1,
      1144, 1145, 1146, -1,
      1146, 1145, 1147, -1,
      1148, 1149, 1150, -1,
      1150, 1149, 1151, -1,
      1130, 1131, 1152, -1,
      1130, 1152, 1153, -1,
      1153, 1152, 1154, -1,
      1153, 1154, 1155, -1,
      1155, 1154, 1156, -1,
      1155, 1156, 1157, -1,
      1157, 1156, 1158, -1,
      1157, 1158, 1159, -1,
      1159, 1158, 1160, -1,
      1159, 1160, 1161, -1,
      1161, 1160, 1162, -1,
      1161, 1162, 1163, -1,
      1163, 1162, 1164, -1,
      1163, 1164, 1165, -1,
      1165, 1164, 1166, -1,
      1165, 1166, 1167, -1,
      1167, 1166, 1168, -1,
      1167, 1168, 1169, -1,
      1169, 1168, 1170, -1,
      1169, 1170, 1171, -1,
      1171, 1170, 1172, -1,
      1171, 1172, 1173, -1,
      1173, 1172, 1145, -1,
      1173, 1145, 1144, -1,
      1174, 1175, 1176, -1,
      1174, 1176, 1177, -1,
      1177, 1176, 1178, -1,
      1177, 1178, 1179, -1,
      1179, 1178, 1180, -1,
      1179, 1180, 1181, -1,
      1181, 1180, 1182, -1,
      1181, 1182, 1183, -1,
      1183, 1182, 1184, -1,
      1183, 1184, 1185, -1,
      1185, 1184, 1113, -1,
      1185, 1113, 1112, -1,
      1150, 1151, 1186, -1,
      1150, 1186, 1187, -1,
      1187, 1186, 1188, -1,
      1187, 1188, 1189, -1,
      1189, 1188, 1190, -1,
      1189, 1190, 1191, -1,
      1191, 1190, 1192, -1,
      1191, 1192, 1193, -1,
      1193, 1192, 1194, -1,
      1193, 1194, 1195, -1,
      1195, 1194, 1175, -1,
      1195, 1175, 1174, -1,
      342, 341, 1196, -1,
      342, 1196, 1197, -1,
      1197, 1196, 1198, -1,
      1197, 1198, 1199, -1,
      1199, 1198, 1200, -1,
      1199, 1200, 1201, -1,
      1201, 1200, 1202, -1,
      1201, 1202, 1203, -1,
      1203, 1202, 1204, -1,
      1203, 1204, 1205, -1,
      1205, 1204, 1125, -1,
      1205, 1125, 1124, -1,
      1121, 1120, 1206, -1,
      1121, 1206, 1207, -1,
      1207, 1206, 1208, -1,
      1207, 1208, 1209, -1,
      1209, 1208, 1210, -1,
      1209, 1210, 1211, -1,
      1211, 1210, 1212, -1,
      1211, 1212, 1213, -1,
      1213, 1212, 1214, -1,
      1213, 1214, 1215, -1,
      1215, 1214, 1126, -1,
      1215, 1126, 1127, -1,
      254, 253, 1216, -1,
      254, 1216, 1217, -1,
      1217, 1216, 1218, -1,
      1217, 1218, 1219, -1,
      1219, 1218, 1220, -1,
      1219, 1220, 1221, -1,
      1221, 1220, 1222, -1,
      1221, 1222, 1223, -1,
      1223, 1222, 1224, -1,
      1223, 1224, 1225, -1,
      1225, 1224, 1142, -1,
      1225, 1142, 1143, -1,
      1138, 1139, 1226, -1,
      1138, 1226, 1227, -1,
      1227, 1226, 1228, -1,
      1227, 1228, 1229, -1,
      1229, 1228, 1230, -1,
      1229, 1230, 1231, -1,
      1231, 1230, 1232, -1,
      1231, 1232, 1233, -1,
      1233, 1232, 1234, -1,
      1233, 1234, 1235, -1,
      1235, 1234, 1141, -1,
      1235, 1141, 1140, -1,
      1236, 1237, 1238, -1,
      1238, 1237, 1239, -1,
      1240, 1241, 1242, -1,
      1242, 1241, 1243, -1,
      1238, 1239, 1244, -1,
      1238, 1244, 1245, -1,
      1245, 1244, 1246, -1,
      1245, 1246, 1247, -1,
      1247, 1246, 1248, -1,
      1247, 1248, 1249, -1,
      1249, 1248, 1250, -1,
      1249, 1250, 1251, -1,
      1251, 1250, 1133, -1,
      1251, 1133, 1132, -1,
      1237, 1236, 1252, -1,
      1252, 1236, 1253, -1,
      1252, 1253, 1254, -1,
      1254, 1253, 1255, -1,
      1254, 1255, 1256, -1,
      1256, 1255, 1257, -1,
      1256, 1257, 1258, -1,
      1258, 1257, 1259, -1,
      1258, 1259, 1147, -1,
      1147, 1259, 1146, -1,
      1242, 1243, 1260, -1,
      1260, 1243, 1261, -1,
      1260, 1261, 1262, -1,
      1262, 1261, 1263, -1,
      1262, 1263, 1264, -1,
      1264, 1263, 1265, -1,
      1264, 1265, 1266, -1,
      1266, 1265, 1267, -1,
      1266, 1267, 1148, -1,
      1148, 1267, 1149, -1,
      1241, 1240, 1268, -1,
      1241, 1268, 1269, -1,
      1269, 1268, 1270, -1,
      1269, 1270, 1271, -1,
      1271, 1270, 1272, -1,
      1271, 1272, 1273, -1,
      1273, 1272, 1274, -1,
      1273, 1274, 1275, -1,
      1275, 1274, 1118, -1,
      1275, 1118, 1119, -1,
      270, 269, 1276, -1,
      1276, 269, 1277, -1,
      1276, 1277, 1278, -1,
      1278, 1277, 1279, -1,
      1278, 1279, 1280, -1,
      1280, 1279, 1281, -1,
      1280, 1281, 1282, -1,
      1282, 1281, 1283, -1,
      1282, 1283, 1284, -1,
      1284, 1283, 1285, -1,
      1284, 1285, 1123, -1,
      1123, 1285, 1122, -1,
      271, 272, 1286, -1,
      1286, 272, 1287, -1,
      1286, 1287, 1288, -1,
      1288, 1287, 1289, -1,
      1288, 1289, 1290, -1,
      1290, 1289, 1291, -1,
      1290, 1291, 1292, -1,
      1292, 1291, 1293, -1,
      1292, 1293, 1294, -1,
      1294, 1293, 1295, -1,
      1294, 1295, 1007, -1,
      1007, 1295, 1008, -1,
      266, 265, 1296, -1,
      1296, 265, 1297, -1,
      1296, 1297, 1298, -1,
      1298, 1297, 1299, -1,
      1298, 1299, 1300, -1,
      1300, 1299, 1301, -1,
      1300, 1301, 1302, -1,
      1302, 1301, 1303, -1,
      1302, 1303, 1304, -1,
      1304, 1303, 1305, -1,
      1304, 1305, 998, -1,
      998, 1305, 999, -1,
      267, 268, 1306, -1,
      1306, 268, 1307, -1,
      1306, 1307, 1308, -1,
      1308, 1307, 1309, -1,
      1308, 1309, 1310, -1,
      1310, 1309, 1311, -1,
      1310, 1311, 1312, -1,
      1312, 1311, 1313, -1,
      1312, 1313, 1314, -1,
      1314, 1313, 1315, -1,
      1314, 1315, 1136, -1,
      1136, 1315, 1137, -1,
      1316, 1317, 1318, -1,
      1318, 1317, 1319, -1,
      1318, 1319, 1320, -1,
      1320, 1319, 1321, -1,
      1320, 1321, 1322, -1,
      1322, 1321, 1323, -1,
      1322, 1323, 1324, -1,
      1324, 1323, 1325, -1,
      1324, 1325, 1326, -1,
      1326, 1325, 1327, -1,
      1326, 1327, 1103, -1,
      1103, 1327, 1104, -1,
      1317, 1316, 1328, -1,
      1328, 1316, 1329, -1,
      1328, 1329, 1330, -1,
      1330, 1329, 1331, -1,
      1330, 1331, 1332, -1,
      1332, 1331, 1333, -1,
      1332, 1333, 1334, -1,
      1334, 1333, 1335, -1,
      1334, 1335, 1336, -1,
      1336, 1335, 1337, -1,
      1336, 1337, 1128, -1,
      1128, 1337, 1129, -1,
      1338, 1339, 1340, -1,
      1340, 1339, 1341, -1,
      1340, 1341, 1342, -1,
      1342, 1341, 1343, -1,
      1342, 1343, 1344, -1,
      1344, 1343, 1345, -1,
      1344, 1345, 1346, -1,
      1346, 1345, 1347, -1,
      1346, 1347, 1348, -1,
      1348, 1347, 1349, -1,
      1348, 1349, 1040, -1,
      1040, 1349, 1041, -1,
      1339, 1338, 1350, -1,
      1350, 1338, 1351, -1,
      1350, 1351, 1352, -1,
      1352, 1351, 1353, -1,
      1352, 1353, 1354, -1,
      1354, 1353, 1355, -1,
      1354, 1355, 1356, -1,
      1356, 1355, 1357, -1,
      1356, 1357, 1358, -1,
      1358, 1357, 1359, -1,
      1358, 1359, 1135, -1,
      1135, 1359, 1134, -1,
      1360, 1361, 1362, -1,
      1362, 1361, 1363, -1,
      1362, 1363, 1364, -1,
      1364, 1363, 1365, -1,
      1364, 1365, 1366, -1,
      1366, 1365, 1367, -1,
      1366, 1367, 1368, -1,
      1368, 1367, 1369, -1,
      1368, 1369, 1370, -1,
      1370, 1369, 1371, -1,
      1370, 1371, 1116, -1,
      1116, 1371, 1117, -1,
      1361, 1360, 1372, -1,
      1372, 1360, 1373, -1,
      1372, 1373, 1374, -1,
      1374, 1373, 1375, -1,
      1374, 1375, 1376, -1,
      1376, 1375, 1377, -1,
      1376, 1377, 1378, -1,
      1378, 1377, 1379, -1,
      1378, 1379, 1380, -1,
      1380, 1379, 1381, -1,
      1380, 1381, 989, -1,
      989, 1381, 990, -1,
      1382, 1383, 1384, -1,
      1384, 1383, 1385, -1,
      1384, 1385, 1386, -1,
      1386, 1385, 1387, -1,
      1386, 1387, 1388, -1,
      1388, 1387, 1389, -1,
      1388, 1389, 1390, -1,
      1390, 1389, 1391, -1,
      1390, 1391, 1392, -1,
      1392, 1391, 1393, -1,
      1392, 1393, 965, -1,
      965, 1393, 966, -1,
      1383, 1382, 1394, -1,
      1394, 1382, 1395, -1,
      1394, 1395, 1396, -1,
      1396, 1395, 1397, -1,
      1396, 1397, 1398, -1,
      1398, 1397, 1399, -1,
      1398, 1399, 1400, -1,
      1400, 1399, 1401, -1,
      1400, 1401, 1402, -1,
      1402, 1401, 1403, -1,
      1402, 1403, 1115, -1,
      1115, 1403, 1114, -1,
      1404, 1405, 1406, -1,
      1406, 1405, 1407, -1,
      1408, 1409, 1410, -1,
      1410, 1409, 1411, -1,
      1412, 1413, 1414, -1,
      1414, 1413, 1415, -1,
      1416, 1417, 1418, -1,
      1418, 1417, 1419, -1,
      1420, 1421, 1422, -1,
      1422, 1421, 1423, -1,
      1424, 1425, 1426, -1,
      1426, 1425, 1427, -1,
      1426, 1427, 1428, -1,
      1428, 1427, 1429, -1,
      1430, 1431, 1432, -1,
      1432, 1431, 1433, -1,
      1424, 1434, 1425, -1,
      1425, 1434, 1431, -1,
      1425, 1431, 1435, -1,
      1435, 1431, 1430, -1,
      1427, 1436, 1437, -1,
      1437, 1438, 1427, -1,
      1427, 1438, 1439, -1,
      1427, 1439, 1429, -1,
      1440, 1441, 1442, -1,
      1442, 1441, 1443, -1,
      1444, 1445, 1446, -1,
      1446, 1445, 1447, -1,
      1448, 1449, 1450, -1,
      1450, 1449, 1451, -1,
      1444, 1452, 1445, -1,
      1445, 1452, 1451, -1,
      1445, 1451, 1453, -1,
      1453, 1451, 1449, -1,
      1454, 1455, 1447, -1,
      1447, 1455, 1456, -1,
      1447, 1456, 1446, -1,
      1457, 1458, 1454, -1,
      1454, 1458, 1459, -1,
      1454, 1459, 1455, -1,
      1421, 1420, 1460, -1,
      1460, 1420, 1461, -1,
      1460, 1461, 1462, -1,
      1463, 1464, 1465, -1,
      1465, 1464, 1462, -1,
      1465, 1462, 1466, -1,
      1466, 1462, 1461, -1,
      1467, 56, 55, -1,
      1467, 55, 1468, -1,
      1468, 55, 1469, -1,
      1469, 55, 1470, -1,
      1469, 1470, 1471, -1,
      1471, 1470, 1472, -1,
      1471, 1472, 1473, -1,
      1424, 1426, 1474, -1,
      1474, 1426, 1475, -1,
      1474, 1475, 1472, -1,
      1472, 1475, 1476, -1,
      1472, 1476, 1473, -1,
      239, 238, 1477, -1,
      1477, 238, 1478, -1,
      1477, 1478, 1479, -1,
      1479, 1478, 1480, -1,
      1479, 1480, 1481, -1,
      1481, 1480, 1482, -1,
      1481, 1482, 1443, -1,
      1443, 1482, 1442, -1,
      1444, 1446, 1483, -1,
      1483, 1446, 1484, -1,
      1485, 1486, 1484, -1,
      1484, 1486, 1487, -1,
      1484, 1487, 1483, -1,
      1488, 1489, 1485, -1,
      1485, 1489, 1490, -1,
      1485, 1490, 1486, -1,
      516, 1491, 513, -1,
      513, 1491, 1492, -1,
      513, 1492, 1488, -1,
      1488, 1492, 1493, -1,
      1488, 1493, 1489, -1,
      1494, 1495, 1496, -1,
      1496, 1495, 1497, -1,
      1498, 1499, 1500, -1,
      1500, 1499, 1501, -1,
      1502, 1503, 1504, -1,
      1504, 1503, 1505, -1,
      1504, 1505, 1506, -1,
      1505, 1507, 1506, -1,
      1506, 1507, 1508, -1,
      1506, 1508, 1509, -1,
      1510, 1511, 1512, -1,
      1512, 1511, 1506, -1,
      1512, 1506, 1513, -1,
      1513, 1506, 1509, -1,
      1504, 1514, 1502, -1,
      1502, 1514, 1515, -1,
      1502, 1515, 1516, -1,
      1516, 1515, 1517, -1,
      1518, 1519, 1520, -1,
      1520, 1519, 1521, -1,
      1522, 1523, 1524, -1,
      1524, 1523, 1525, -1,
      1524, 1525, 1526, -1,
      1526, 1525, 1527, -1,
      1528, 1529, 1530, -1,
      1530, 1529, 1531, -1,
      1522, 1532, 1523, -1,
      1523, 1532, 1531, -1,
      1523, 1531, 1533, -1,
      1533, 1531, 1529, -1,
      1525, 1534, 1527, -1,
      1527, 1534, 1535, -1,
      1527, 1535, 1536, -1,
      1536, 1535, 1537, -1,
      1499, 1498, 1538, -1,
      1538, 1498, 1539, -1,
      1538, 1539, 1540, -1,
      1540, 1539, 1541, -1,
      1540, 1541, 1542, -1,
      1542, 1541, 1543, -1,
      1542, 1543, 241, -1,
      241, 1543, 240, -1,
      1507, 1505, 1544, -1,
      1544, 1505, 1545, -1,
      1544, 1545, 1546, -1,
      1546, 1545, 1547, -1,
      1548, 1549, 1547, -1,
      1547, 1549, 1550, -1,
      1547, 1550, 1546, -1,
      60, 1551, 61, -1,
      61, 1551, 1552, -1,
      61, 1552, 1548, -1,
      1548, 1552, 1553, -1,
      1548, 1553, 1549, -1,
      1520, 1521, 1554, -1,
      1554, 1521, 1555, -1,
      1554, 1555, 1556, -1,
      1556, 1555, 1557, -1,
      1556, 1557, 1558, -1,
      1558, 1557, 1559, -1,
      1558, 1559, 1560, -1,
      1561, 502, 501, -1,
      1561, 501, 1562, -1,
      1562, 501, 1563, -1,
      1563, 501, 1564, -1,
      1563, 1564, 1565, -1,
      1565, 1564, 1566, -1,
      1565, 1566, 1567, -1,
      1567, 1566, 1568, -1,
      1568, 1566, 1569, -1,
      1568, 1569, 1570, -1,
      1570, 1569, 1571, -1,
      1571, 1569, 1522, -1,
      1571, 1522, 1524, -1,
      1572, 1573, 1574, -1,
      1574, 1573, 1575, -1,
      330, 329, 1576, -1,
      330, 1576, 1577, -1,
      1577, 1576, 1578, -1,
      1577, 1578, 1579, -1,
      1579, 1578, 1580, -1,
      1579, 1580, 1581, -1,
      1581, 1580, 1582, -1,
      1581, 1582, 1583, -1,
      1583, 1582, 1584, -1,
      1583, 1584, 1585, -1,
      1585, 1584, 1418, -1,
      1585, 1418, 1419, -1,
      1405, 1404, 1586, -1,
      1405, 1586, 1587, -1,
      1587, 1586, 1588, -1,
      1587, 1588, 1589, -1,
      1589, 1588, 1590, -1,
      1589, 1590, 1591, -1,
      1591, 1590, 1592, -1,
      1591, 1592, 1593, -1,
      1593, 1592, 1594, -1,
      1593, 1594, 1595, -1,
      1595, 1594, 243, -1,
      1595, 243, 242, -1,
      1406, 1407, 1596, -1,
      1596, 1407, 1597, -1,
      1596, 1597, 1598, -1,
      1598, 1597, 1599, -1,
      1598, 1599, 1600, -1,
      1600, 1599, 1601, -1,
      1600, 1601, 1602, -1,
      1602, 1601, 1603, -1,
      1602, 1603, 1604, -1,
      1604, 1603, 1605, -1,
      1604, 1605, 1408, -1,
      1408, 1605, 1409, -1,
      1414, 1415, 1606, -1,
      1606, 1415, 1607, -1,
      1606, 1607, 1608, -1,
      1608, 1607, 1609, -1,
      1608, 1609, 1610, -1,
      1610, 1609, 1611, -1,
      1610, 1611, 1612, -1,
      1612, 1611, 1613, -1,
      1612, 1613, 1614, -1,
      1614, 1613, 1615, -1,
      1614, 1615, 1416, -1,
      1416, 1615, 1417, -1,
      1616, 1617, 1618, -1,
      1618, 1617, 1619, -1,
      1618, 1619, 1620, -1,
      1620, 1619, 1621, -1,
      1620, 1621, 1622, -1,
      1622, 1621, 1623, -1,
      1622, 1623, 1624, -1,
      1624, 1623, 1625, -1,
      1624, 1625, 1626, -1,
      1626, 1625, 1627, -1,
      1626, 1627, 1412, -1,
      1412, 1627, 1413, -1,
      1617, 1616, 1628, -1,
      1628, 1616, 1629, -1,
      1628, 1629, 1630, -1,
      1630, 1629, 1631, -1,
      1630, 1631, 1632, -1,
      1632, 1631, 1633, -1,
      1632, 1633, 1634, -1,
      1634, 1633, 1635, -1,
      1634, 1635, 1636, -1,
      1636, 1635, 1637, -1,
      1636, 1637, 1638, -1,
      1638, 1637, 1639, -1,
      1638, 1639, 1640, -1,
      1640, 1639, 1641, -1,
      1640, 1641, 1642, -1,
      1642, 1641, 1643, -1,
      1642, 1643, 1644, -1,
      1644, 1643, 1645, -1,
      1644, 1645, 1646, -1,
      1646, 1645, 1647, -1,
      1646, 1647, 1648, -1,
      1647, 1649, 1648, -1,
      1648, 1649, 1650, -1,
      1648, 1650, 1651, -1,
      1651, 1650, 1652, -1,
      1651, 1652, 1653, -1,
      1653, 1652, 1560, -1,
      1653, 1560, 1559, -1,
      1410, 1411, 1654, -1,
      1654, 1411, 1655, -1,
      1654, 1655, 1656, -1,
      1656, 1655, 1657, -1,
      1656, 1657, 1658, -1,
      1658, 1657, 1659, -1,
      1658, 1659, 1660, -1,
      1660, 1659, 1661, -1,
      1660, 1661, 1662, -1,
      1662, 1661, 1663, -1,
      1662, 1663, 1664, -1,
      1664, 1663, 1665, -1,
      1666, 1464, 1463, -1,
      1666, 1463, 1667, -1,
      1664, 1665, 1668, -1,
      1668, 1665, 1669, -1,
      1668, 1669, 1670, -1,
      1670, 1669, 1671, -1,
      1670, 1671, 1672, -1,
      1672, 1671, 1673, -1,
      1672, 1673, 1674, -1,
      1674, 1673, 1675, -1,
      1674, 1675, 1676, -1,
      1676, 1675, 1677, -1,
      1676, 1677, 1678, -1,
      1678, 1677, 1679, -1,
      1678, 1679, 1680, -1,
      1680, 1679, 1681, -1,
      1680, 1681, 1682, -1,
      1682, 1681, 1683, -1,
      1682, 1683, 1684, -1,
      1684, 1683, 1685, -1,
      1684, 1685, 1686, -1,
      1686, 1685, 1687, -1,
      1686, 1687, 1688, -1,
      1688, 1687, 1667, -1,
      1688, 1667, 1689, -1,
      1689, 1667, 1463, -1,
      1519, 1518, 1690, -1,
      1519, 1690, 1691, -1,
      1691, 1690, 1692, -1,
      1691, 1692, 1693, -1,
      1693, 1692, 1694, -1,
      1693, 1694, 1695, -1,
      1695, 1694, 1696, -1,
      1695, 1696, 1697, -1,
      1697, 1696, 1698, -1,
      1697, 1698, 1699, -1,
      1699, 1698, 1574, -1,
      1699, 1574, 1575, -1,
      1500, 1501, 1700, -1,
      1500, 1700, 1701, -1,
      1701, 1700, 1702, -1,
      1701, 1702, 1703, -1,
      1703, 1702, 1704, -1,
      1703, 1704, 1705, -1,
      1705, 1704, 1706, -1,
      1705, 1706, 1707, -1,
      1707, 1706, 1708, -1,
      1707, 1708, 1709, -1,
      1709, 1708, 1573, -1,
      1709, 1573, 1572, -1,
      1441, 1440, 1710, -1,
      1441, 1710, 1711, -1,
      1711, 1710, 1712, -1,
      1711, 1712, 1713, -1,
      1713, 1712, 1714, -1,
      1713, 1714, 1715, -1,
      1715, 1714, 1716, -1,
      1715, 1716, 1717, -1,
      1717, 1716, 1718, -1,
      1717, 1718, 1719, -1,
      1719, 1718, 1496, -1,
      1719, 1496, 1497, -1,
      1422, 1423, 1720, -1,
      1422, 1720, 1721, -1,
      1721, 1720, 1722, -1,
      1721, 1722, 1723, -1,
      1723, 1722, 1724, -1,
      1723, 1724, 1725, -1,
      1725, 1724, 1726, -1,
      1725, 1726, 1727, -1,
      1727, 1726, 1728, -1,
      1727, 1728, 1729, -1,
      1729, 1728, 1495, -1,
      1729, 1495, 1494, -1,
      1730, 945, 977, -1,
      1730, 977, 1731, -1,
      1731, 977, 1732, -1,
      1731, 1732, 1733, -1,
      1733, 1732, 1734, -1,
      1734, 1732, 1735, -1,
      1734, 1735, 1736, -1,
      1736, 1735, 1737, -1,
      1737, 1735, 1738, -1,
      1737, 1738, 1739, -1,
      1739, 1738, 1740, -1,
      1739, 1740, 1741, -1,
      1741, 1740, 1742, -1,
      1742, 1740, 1743, -1,
      1742, 1743, 1744, -1,
      1744, 1743, 1745, -1,
      1745, 1743, 25, -1,
      1745, 25, 24, -1,
      1746, 947, 945, -1,
      942, 955, 1747, -1,
      1747, 955, 1748, -1,
      1747, 1748, 1749, -1,
      1749, 1748, 1750, -1,
      945, 1730, 1746, -1,
      1746, 1730, 1731, -1,
      1746, 1731, 1751, -1,
      1752, 1753, 1750, -1,
      1750, 1753, 1754, -1,
      1750, 1754, 1749, -1,
      1731, 1733, 1751, -1,
      1751, 1733, 1734, -1,
      1751, 1734, 1755, -1,
      1756, 1757, 1752, -1,
      1752, 1757, 1758, -1,
      1752, 1758, 1753, -1,
      1734, 1736, 1755, -1,
      1755, 1736, 1737, -1,
      1755, 1737, 1759, -1,
      1760, 1761, 1762, -1,
      1762, 1761, 1763, -1,
      1762, 1763, 1756, -1,
      1756, 1763, 1764, -1,
      1756, 1764, 1757, -1,
      955, 953, 1748, -1,
      1748, 953, 1765, -1,
      1748, 1765, 1750, -1,
      1750, 1765, 1766, -1,
      1750, 1766, 1752, -1,
      1752, 1766, 1767, -1,
      1752, 1767, 1756, -1,
      1756, 1767, 1768, -1,
      1756, 1768, 1762, -1,
      1762, 1768, 1769, -1,
      953, 951, 1765, -1,
      1765, 951, 1770, -1,
      1765, 1770, 1766, -1,
      1766, 1770, 1771, -1,
      1766, 1771, 1767, -1,
      1767, 1771, 1772, -1,
      1767, 1772, 1768, -1,
      1768, 1772, 1773, -1,
      1768, 1773, 1769, -1,
      1769, 1773, 1774, -1,
      951, 949, 1770, -1,
      1770, 949, 1775, -1,
      1770, 1775, 1771, -1,
      1771, 1775, 1776, -1,
      1771, 1776, 1772, -1,
      1772, 1776, 1777, -1,
      1772, 1777, 1773, -1,
      1773, 1777, 1778, -1,
      1773, 1778, 1774, -1,
      1774, 1778, 1779, -1,
      949, 947, 1775, -1,
      1775, 947, 1746, -1,
      1775, 1746, 1776, -1,
      1776, 1746, 1751, -1,
      1776, 1751, 1777, -1,
      1777, 1751, 1755, -1,
      1777, 1755, 1778, -1,
      1778, 1755, 1759, -1,
      1778, 1759, 1779, -1,
      1779, 1759, 1780, -1,
      36, 1781, 1782, -1,
      1782, 1781, 1760, -1,
      1737, 1739, 1759, -1,
      1759, 1739, 1741, -1,
      1759, 1741, 1780, -1,
      1780, 1741, 1742, -1,
      1780, 1742, 1744, -1,
      1760, 1762, 1782, -1,
      1782, 1762, 1769, -1,
      1782, 1769, 1783, -1,
      1783, 1769, 1774, -1,
      1783, 1774, 1784, -1,
      1784, 1774, 1779, -1,
      1784, 1779, 1785, -1,
      1785, 1779, 1780, -1,
      1785, 1780, 1786, -1,
      1786, 1780, 1744, -1,
      1786, 1744, 1745, -1,
      36, 1782, 37, -1,
      37, 1782, 1783, -1,
      37, 1783, 19, -1,
      19, 1783, 1784, -1,
      19, 1784, 20, -1,
      20, 1784, 1785, -1,
      20, 1785, 21, -1,
      21, 1785, 1786, -1,
      21, 1786, 22, -1,
      22, 1786, 1745, -1,
      22, 1745, 24, -1,
      992, 1787, 1788, -1,
      1787, 1789, 1790, -1,
      1789, 1791, 1792, -1,
      1791, 1793, 1794, -1,
      1793, 1795, 1796, -1,
      1795, 584, 897, -1,
      1795, 897, 1796, -1,
      1796, 897, 895, -1,
      1796, 895, 1797, -1,
      887, 1798, 1799, -1,
      895, 893, 1797, -1,
      1797, 893, 891, -1,
      1797, 891, 1799, -1,
      1799, 891, 889, -1,
      1799, 889, 887, -1,
      887, 885, 1798, -1,
      1798, 885, 883, -1,
      1798, 883, 1800, -1,
      1800, 883, 881, -1,
      1800, 881, 1801, -1,
      873, 1802, 1803, -1,
      881, 879, 1801, -1,
      1801, 879, 877, -1,
      1801, 877, 1803, -1,
      1803, 877, 875, -1,
      1803, 875, 873, -1,
      873, 871, 1802, -1,
      1802, 871, 25, -1,
      1802, 25, 1743, -1,
      1793, 1796, 1794, -1,
      1794, 1796, 1797, -1,
      1794, 1797, 1804, -1,
      1804, 1797, 1799, -1,
      1804, 1799, 1805, -1,
      1805, 1799, 1798, -1,
      1805, 1798, 1806, -1,
      1806, 1798, 1800, -1,
      1806, 1800, 1807, -1,
      1807, 1800, 1801, -1,
      1807, 1801, 1808, -1,
      1808, 1801, 1803, -1,
      1808, 1803, 1809, -1,
      1809, 1803, 1802, -1,
      1809, 1802, 1810, -1,
      1810, 1802, 1743, -1,
      1810, 1743, 1740, -1,
      1791, 1794, 1792, -1,
      1792, 1794, 1804, -1,
      1792, 1804, 1811, -1,
      1811, 1804, 1805, -1,
      1811, 1805, 1812, -1,
      1812, 1805, 1806, -1,
      1812, 1806, 1813, -1,
      1813, 1806, 1807, -1,
      1813, 1807, 1814, -1,
      1814, 1807, 1808, -1,
      1814, 1808, 1815, -1,
      1815, 1808, 1809, -1,
      1815, 1809, 1816, -1,
      1816, 1809, 1810, -1,
      1816, 1810, 1817, -1,
      1817, 1810, 1740, -1,
      1817, 1740, 1738, -1,
      1789, 1792, 1790, -1,
      1790, 1792, 1811, -1,
      1790, 1811, 1818, -1,
      1818, 1811, 1812, -1,
      1818, 1812, 1819, -1,
      1819, 1812, 1813, -1,
      1819, 1813, 1820, -1,
      1820, 1813, 1814, -1,
      1820, 1814, 1821, -1,
      1821, 1814, 1815, -1,
      1821, 1815, 1822, -1,
      1822, 1815, 1816, -1,
      1822, 1816, 1823, -1,
      1823, 1816, 1817, -1,
      1823, 1817, 1824, -1,
      1824, 1817, 1738, -1,
      1824, 1738, 1735, -1,
      1787, 1790, 1788, -1,
      1788, 1790, 1818, -1,
      1788, 1818, 1825, -1,
      1825, 1818, 1819, -1,
      1825, 1819, 1826, -1,
      1826, 1819, 1820, -1,
      1826, 1820, 1827, -1,
      1827, 1820, 1821, -1,
      1827, 1821, 1828, -1,
      1828, 1821, 1822, -1,
      1828, 1822, 1829, -1,
      1829, 1822, 1823, -1,
      1829, 1823, 1830, -1,
      1830, 1823, 1824, -1,
      1830, 1824, 1831, -1,
      1831, 1824, 1735, -1,
      1831, 1735, 1732, -1,
      992, 1788, 994, -1,
      994, 1788, 1825, -1,
      994, 1825, 996, -1,
      996, 1825, 1826, -1,
      996, 1826, 997, -1,
      997, 1826, 1827, -1,
      997, 1827, 987, -1,
      987, 1827, 1828, -1,
      987, 1828, 985, -1,
      985, 1828, 1829, -1,
      985, 1829, 983, -1,
      983, 1829, 1830, -1,
      983, 1830, 981, -1,
      981, 1830, 1831, -1,
      981, 1831, 979, -1,
      979, 1831, 1732, -1,
      979, 1732, 977, -1,
      927, 942, 1832, -1,
      1832, 942, 1747, -1,
      1832, 1747, 1833, -1,
      1833, 1747, 1749, -1,
      1833, 1749, 1834, -1,
      1834, 1749, 1754, -1,
      1834, 1754, 1835, -1,
      1835, 1754, 1753, -1,
      1835, 1753, 1836, -1,
      1836, 1753, 1758, -1,
      1836, 1758, 1837, -1,
      1837, 1758, 1757, -1,
      1837, 1757, 1838, -1,
      1838, 1757, 1764, -1,
      1838, 1764, 1839, -1,
      1839, 1764, 1763, -1,
      1839, 1763, 1840, -1,
      1840, 1763, 1761, -1,
      1840, 1761, 1841, -1,
      1841, 1761, 1760, -1,
      1841, 1760, 1842, -1,
      1842, 1760, 1781, -1,
      1842, 1781, 35, -1,
      35, 1781, 36, -1,
      992, 990, 1843, -1,
      992, 1843, 1787, -1,
      1787, 1843, 1844, -1,
      1787, 1844, 1789, -1,
      1789, 1844, 1845, -1,
      1789, 1845, 1791, -1,
      1791, 1845, 1846, -1,
      1791, 1846, 1793, -1,
      1793, 1846, 1847, -1,
      1793, 1847, 1795, -1,
      1795, 1847, 593, -1,
      1795, 593, 584, -1,
      1848, 941, 939, -1,
      1848, 939, 1849, -1,
      1849, 939, 937, -1,
      1849, 937, 1850, -1,
      1850, 937, 935, -1,
      1850, 935, 1851, -1,
      1851, 935, 933, -1,
      1851, 933, 1852, -1,
      1852, 933, 931, -1,
      1852, 931, 1853, -1,
      1853, 931, 929, -1,
      1853, 929, 1854, -1,
      1855, 1856, 1857, -1,
      1857, 1856, 1858, -1,
      929, 927, 1854, -1,
      1854, 927, 1832, -1,
      1854, 1832, 1833, -1,
      1833, 1859, 1854, -1,
      1854, 1859, 1860, -1,
      1854, 1860, 1853, -1,
      1853, 1860, 1861, -1,
      1853, 1861, 1852, -1,
      1852, 1861, 1862, -1,
      1852, 1862, 1851, -1,
      1851, 1862, 1863, -1,
      1851, 1863, 1850, -1,
      1850, 1863, 1857, -1,
      1850, 1857, 1849, -1,
      1849, 1857, 1858, -1,
      1849, 1858, 1848, -1,
      1864, 1865, 1855, -1,
      1855, 1857, 1864, -1,
      1864, 1857, 1863, -1,
      1864, 1863, 1866, -1,
      1866, 1863, 1862, -1,
      1866, 1862, 1867, -1,
      1867, 1862, 1861, -1,
      1867, 1861, 1868, -1,
      1868, 1861, 1860, -1,
      1868, 1860, 1869, -1,
      1869, 1860, 1859, -1,
      1869, 1859, 1870, -1,
      1871, 1872, 1873, -1,
      1873, 1872, 1874, -1,
      1833, 1834, 1859, -1,
      1859, 1834, 1835, -1,
      1859, 1835, 1870, -1,
      1870, 1835, 1836, -1,
      1870, 1836, 1837, -1,
      1837, 1875, 1870, -1,
      1870, 1875, 1876, -1,
      1870, 1876, 1869, -1,
      1869, 1876, 1877, -1,
      1869, 1877, 1868, -1,
      1868, 1877, 1878, -1,
      1868, 1878, 1867, -1,
      1867, 1878, 1879, -1,
      1867, 1879, 1866, -1,
      1866, 1879, 1873, -1,
      1866, 1873, 1864, -1,
      1864, 1873, 1874, -1,
      1864, 1874, 1865, -1,
      1880, 1881, 1882, -1,
      1882, 1881, 1871, -1,
      1871, 1873, 1882, -1,
      1882, 1873, 1879, -1,
      1882, 1879, 1883, -1,
      1883, 1879, 1878, -1,
      1883, 1878, 1884, -1,
      1884, 1878, 1877, -1,
      1884, 1877, 1885, -1,
      1885, 1877, 1876, -1,
      1885, 1876, 1886, -1,
      1886, 1876, 1875, -1,
      1886, 1875, 1887, -1,
      27, 1888, 1889, -1,
      1889, 1888, 1880, -1,
      1837, 1838, 1875, -1,
      1875, 1838, 1839, -1,
      1875, 1839, 1887, -1,
      1887, 1839, 1840, -1,
      1887, 1840, 1841, -1,
      1880, 1882, 1889, -1,
      1889, 1882, 1883, -1,
      1889, 1883, 1890, -1,
      1890, 1883, 1884, -1,
      1890, 1884, 1891, -1,
      1891, 1884, 1885, -1,
      1891, 1885, 1892, -1,
      1892, 1885, 1886, -1,
      1892, 1886, 1893, -1,
      1893, 1886, 1887, -1,
      1893, 1887, 1894, -1,
      1894, 1887, 1841, -1,
      1894, 1841, 1842, -1,
      27, 1889, 29, -1,
      29, 1889, 1890, -1,
      29, 1890, 30, -1,
      30, 1890, 1891, -1,
      30, 1891, 31, -1,
      31, 1891, 1892, -1,
      31, 1892, 32, -1,
      32, 1892, 1893, -1,
      32, 1893, 33, -1,
      33, 1893, 1894, -1,
      33, 1894, 34, -1,
      34, 1894, 1842, -1,
      34, 1842, 35, -1,
      553, 562, 1895, -1,
      1895, 562, 1896, -1,
      1895, 1896, 1897, -1,
      1897, 1896, 1898, -1,
      1897, 1898, 1899, -1,
      1899, 1898, 1900, -1,
      1899, 1900, 1901, -1,
      1901, 1900, 1902, -1,
      1901, 1902, 1903, -1,
      1903, 1902, 1904, -1,
      1903, 1904, 1360, -1,
      1360, 1904, 1373, -1,
      562, 561, 1896, -1,
      1896, 561, 1905, -1,
      1896, 1905, 1898, -1,
      1898, 1905, 1906, -1,
      1898, 1906, 1900, -1,
      1900, 1906, 1907, -1,
      1900, 1907, 1902, -1,
      1902, 1907, 1908, -1,
      1902, 1908, 1904, -1,
      1904, 1908, 1909, -1,
      1904, 1909, 1373, -1,
      1373, 1909, 1375, -1,
      561, 551, 1905, -1,
      1905, 551, 1910, -1,
      1905, 1910, 1906, -1,
      1906, 1910, 1911, -1,
      1906, 1911, 1907, -1,
      1907, 1911, 1912, -1,
      1907, 1912, 1908, -1,
      1908, 1912, 1913, -1,
      1908, 1913, 1909, -1,
      1909, 1913, 1914, -1,
      1909, 1914, 1375, -1,
      1375, 1914, 1377, -1,
      551, 550, 1910, -1,
      1910, 550, 1915, -1,
      1910, 1915, 1911, -1,
      1911, 1915, 1916, -1,
      1911, 1916, 1912, -1,
      1912, 1916, 1917, -1,
      1912, 1917, 1913, -1,
      1913, 1917, 1918, -1,
      1913, 1918, 1914, -1,
      1914, 1918, 1919, -1,
      1914, 1919, 1377, -1,
      1377, 1919, 1379, -1,
      550, 576, 1915, -1,
      1915, 576, 1920, -1,
      1915, 1920, 1916, -1,
      1916, 1920, 1921, -1,
      1916, 1921, 1917, -1,
      1917, 1921, 1922, -1,
      1917, 1922, 1918, -1,
      1918, 1922, 1923, -1,
      1918, 1923, 1919, -1,
      1919, 1923, 1924, -1,
      1919, 1924, 1379, -1,
      1379, 1924, 1381, -1,
      576, 593, 1920, -1,
      1920, 593, 1847, -1,
      1920, 1847, 1921, -1,
      1921, 1847, 1846, -1,
      1921, 1846, 1922, -1,
      1922, 1846, 1845, -1,
      1922, 1845, 1923, -1,
      1923, 1845, 1844, -1,
      1923, 1844, 1924, -1,
      1924, 1844, 1843, -1,
      1924, 1843, 1381, -1,
      1381, 1843, 990, -1,
      941, 1848, 957, -1,
      957, 1848, 1925, -1,
      1848, 1858, 1925, -1,
      1925, 1858, 1856, -1,
      1925, 1856, 1926, -1,
      1856, 1855, 1926, -1,
      1926, 1855, 1865, -1,
      1926, 1865, 1927, -1,
      1927, 1865, 1874, -1,
      1927, 1874, 1928, -1,
      1874, 1872, 1928, -1,
      1928, 1872, 1871, -1,
      1928, 1871, 1929, -1,
      1871, 1881, 1929, -1,
      1929, 1881, 1880, -1,
      1929, 1880, 26, -1,
      26, 1880, 1888, -1,
      26, 1888, 27, -1,
      604, 603, 1930, -1,
      1930, 603, 1931, -1,
      1930, 1931, 1932, -1,
      1932, 1931, 1933, -1,
      1932, 1933, 1934, -1,
      1934, 1933, 1935, -1,
      1934, 1935, 1936, -1,
      1936, 1935, 1937, -1,
      1936, 1937, 1938, -1,
      1938, 1937, 1939, -1,
      1938, 1939, 1116, -1,
      1116, 1939, 1370, -1,
      603, 565, 1931, -1,
      1931, 565, 1940, -1,
      1931, 1940, 1933, -1,
      1933, 1940, 1941, -1,
      1933, 1941, 1935, -1,
      1935, 1941, 1942, -1,
      1935, 1942, 1937, -1,
      1937, 1942, 1943, -1,
      1937, 1943, 1939, -1,
      1939, 1943, 1944, -1,
      1939, 1944, 1370, -1,
      1370, 1944, 1368, -1,
      565, 572, 1940, -1,
      1940, 572, 1945, -1,
      1940, 1945, 1941, -1,
      1941, 1945, 1946, -1,
      1941, 1946, 1942, -1,
      1942, 1946, 1947, -1,
      1942, 1947, 1943, -1,
      1943, 1947, 1948, -1,
      1943, 1948, 1944, -1,
      1944, 1948, 1949, -1,
      1944, 1949, 1368, -1,
      1368, 1949, 1366, -1,
      572, 545, 1945, -1,
      1945, 545, 1950, -1,
      1945, 1950, 1946, -1,
      1946, 1950, 1951, -1,
      1946, 1951, 1947, -1,
      1947, 1951, 1952, -1,
      1947, 1952, 1948, -1,
      1948, 1952, 1953, -1,
      1948, 1953, 1949, -1,
      1949, 1953, 1954, -1,
      1949, 1954, 1366, -1,
      1366, 1954, 1364, -1,
      545, 544, 1950, -1,
      1950, 544, 1955, -1,
      1950, 1955, 1951, -1,
      1951, 1955, 1956, -1,
      1951, 1956, 1952, -1,
      1952, 1956, 1957, -1,
      1952, 1957, 1953, -1,
      1953, 1957, 1958, -1,
      1953, 1958, 1954, -1,
      1954, 1958, 1959, -1,
      1954, 1959, 1364, -1,
      1364, 1959, 1362, -1,
      544, 553, 1955, -1,
      1955, 553, 1895, -1,
      1955, 1895, 1956, -1,
      1956, 1895, 1897, -1,
      1956, 1897, 1957, -1,
      1957, 1897, 1899, -1,
      1957, 1899, 1958, -1,
      1958, 1899, 1901, -1,
      1958, 1901, 1959, -1,
      1959, 1901, 1903, -1,
      1959, 1903, 1362, -1,
      1362, 1903, 1360, -1,
      957, 1925, 1960, -1,
      1925, 1926, 1961, -1,
      1926, 1927, 1962, -1,
      1927, 1928, 1963, -1,
      1928, 1929, 1964, -1,
      1929, 26, 407, -1,
      1929, 407, 1964, -1,
      1964, 407, 405, -1,
      1964, 405, 1965, -1,
      397, 1966, 1967, -1,
      405, 403, 1965, -1,
      1965, 403, 401, -1,
      1965, 401, 1967, -1,
      1967, 401, 399, -1,
      1967, 399, 397, -1,
      397, 395, 1966, -1,
      1966, 395, 393, -1,
      1966, 393, 1968, -1,
      1968, 393, 391, -1,
      1968, 391, 1969, -1,
      383, 1970, 1971, -1,
      391, 389, 1969, -1,
      1969, 389, 387, -1,
      1969, 387, 1971, -1,
      1971, 387, 385, -1,
      1971, 385, 383, -1,
      383, 381, 1970, -1,
      1970, 381, 379, -1,
      1970, 379, 1972, -1,
      1928, 1964, 1963, -1,
      1963, 1964, 1965, -1,
      1963, 1965, 1973, -1,
      1973, 1965, 1967, -1,
      1973, 1967, 1974, -1,
      1974, 1967, 1966, -1,
      1974, 1966, 1975, -1,
      1975, 1966, 1968, -1,
      1975, 1968, 1976, -1,
      1976, 1968, 1969, -1,
      1976, 1969, 1977, -1,
      1977, 1969, 1971, -1,
      1977, 1971, 1978, -1,
      1978, 1971, 1970, -1,
      1978, 1970, 1979, -1,
      1979, 1970, 1972, -1,
      1979, 1972, 1980, -1,
      1927, 1963, 1962, -1,
      1962, 1963, 1973, -1,
      1962, 1973, 1981, -1,
      1981, 1973, 1974, -1,
      1981, 1974, 1982, -1,
      1982, 1974, 1975, -1,
      1982, 1975, 1983, -1,
      1983, 1975, 1976, -1,
      1983, 1976, 1984, -1,
      1984, 1976, 1977, -1,
      1984, 1977, 1985, -1,
      1985, 1977, 1978, -1,
      1985, 1978, 1986, -1,
      1986, 1978, 1979, -1,
      1986, 1979, 1987, -1,
      1987, 1979, 1980, -1,
      1987, 1980, 1988, -1,
      1926, 1962, 1961, -1,
      1961, 1962, 1981, -1,
      1961, 1981, 1989, -1,
      1989, 1981, 1982, -1,
      1989, 1982, 1990, -1,
      1990, 1982, 1983, -1,
      1990, 1983, 1991, -1,
      1991, 1983, 1984, -1,
      1991, 1984, 1992, -1,
      1992, 1984, 1985, -1,
      1992, 1985, 1993, -1,
      1993, 1985, 1986, -1,
      1993, 1986, 1994, -1,
      1994, 1986, 1987, -1,
      1994, 1987, 1995, -1,
      1995, 1987, 1988, -1,
      1995, 1988, 1996, -1,
      1925, 1961, 1960, -1,
      1960, 1961, 1989, -1,
      1960, 1989, 1997, -1,
      1997, 1989, 1990, -1,
      1997, 1990, 1998, -1,
      1998, 1990, 1991, -1,
      1998, 1991, 1999, -1,
      1999, 1991, 1992, -1,
      1999, 1992, 2000, -1,
      2000, 1992, 1993, -1,
      2000, 1993, 2001, -1,
      2001, 1993, 1994, -1,
      2001, 1994, 2002, -1,
      2002, 1994, 1995, -1,
      2002, 1995, 2003, -1,
      2003, 1995, 1996, -1,
      2003, 1996, 2004, -1,
      957, 1960, 959, -1,
      959, 1960, 1997, -1,
      959, 1997, 961, -1,
      961, 1997, 1998, -1,
      961, 1998, 963, -1,
      963, 1998, 1999, -1,
      963, 1999, 976, -1,
      976, 1999, 2000, -1,
      976, 2000, 975, -1,
      975, 2000, 2001, -1,
      975, 2001, 973, -1,
      973, 2001, 2002, -1,
      973, 2002, 971, -1,
      971, 2002, 2003, -1,
      971, 2003, 969, -1,
      969, 2003, 2004, -1,
      969, 2004, 967, -1,
      605, 604, 1930, -1,
      605, 1930, 2005, -1,
      2005, 1930, 1932, -1,
      2005, 1932, 2006, -1,
      2006, 1932, 1934, -1,
      2006, 1934, 2007, -1,
      2007, 1934, 1936, -1,
      2007, 1936, 2008, -1,
      2008, 1936, 1938, -1,
      2008, 1938, 2009, -1,
      2009, 1938, 1116, -1,
      2009, 1116, 1118, -1,
      965, 967, 2004, -1,
      965, 2004, 2010, -1,
      2010, 2004, 1996, -1,
      2010, 1996, 2011, -1,
      2011, 1996, 1988, -1,
      2011, 1988, 2012, -1,
      2012, 1988, 1980, -1,
      2012, 1980, 2013, -1,
      2013, 1980, 1972, -1,
      2013, 1972, 2014, -1,
      2014, 1972, 379, -1,
      2014, 379, 556, -1,
      1118, 1274, 2009, -1,
      2009, 1274, 2015, -1,
      2009, 2015, 2008, -1,
      2008, 2015, 2016, -1,
      2008, 2016, 2007, -1,
      2007, 2016, 2017, -1,
      2007, 2017, 2006, -1,
      2006, 2017, 2018, -1,
      2006, 2018, 2005, -1,
      2005, 2018, 2019, -1,
      2005, 2019, 605, -1,
      605, 2019, 614, -1,
      1274, 1272, 2015, -1,
      2015, 1272, 2020, -1,
      2015, 2020, 2016, -1,
      2016, 2020, 2021, -1,
      2016, 2021, 2017, -1,
      2017, 2021, 2022, -1,
      2017, 2022, 2018, -1,
      2018, 2022, 2023, -1,
      2018, 2023, 2019, -1,
      2019, 2023, 2024, -1,
      2019, 2024, 614, -1,
      614, 2024, 611, -1,
      1272, 1270, 2020, -1,
      2020, 1270, 2025, -1,
      2020, 2025, 2021, -1,
      2021, 2025, 2026, -1,
      2021, 2026, 2022, -1,
      2022, 2026, 2027, -1,
      2022, 2027, 2023, -1,
      2023, 2027, 2028, -1,
      2023, 2028, 2024, -1,
      2024, 2028, 2029, -1,
      2024, 2029, 611, -1,
      611, 2029, 612, -1,
      1270, 1268, 2025, -1,
      2025, 1268, 2030, -1,
      2025, 2030, 2026, -1,
      2026, 2030, 2031, -1,
      2026, 2031, 2027, -1,
      2027, 2031, 2032, -1,
      2027, 2032, 2028, -1,
      2028, 2032, 2033, -1,
      2028, 2033, 2029, -1,
      2029, 2033, 2034, -1,
      2029, 2034, 612, -1,
      612, 2034, 613, -1,
      1268, 1240, 2030, -1,
      2030, 1240, 2035, -1,
      2030, 2035, 2031, -1,
      2031, 2035, 2036, -1,
      2031, 2036, 2032, -1,
      2032, 2036, 2037, -1,
      2032, 2037, 2033, -1,
      2033, 2037, 2038, -1,
      2033, 2038, 2034, -1,
      2034, 2038, 2039, -1,
      2034, 2039, 613, -1,
      613, 2039, 606, -1,
      556, 555, 2014, -1,
      2014, 555, 2040, -1,
      2014, 2040, 2013, -1,
      2013, 2040, 2041, -1,
      2013, 2041, 2012, -1,
      2012, 2041, 2042, -1,
      2012, 2042, 2011, -1,
      2011, 2042, 2043, -1,
      2011, 2043, 2010, -1,
      2010, 2043, 2044, -1,
      2010, 2044, 965, -1,
      965, 2044, 1392, -1,
      555, 554, 2040, -1,
      2040, 554, 2045, -1,
      2040, 2045, 2041, -1,
      2041, 2045, 2046, -1,
      2041, 2046, 2042, -1,
      2042, 2046, 2047, -1,
      2042, 2047, 2043, -1,
      2043, 2047, 2048, -1,
      2043, 2048, 2044, -1,
      2044, 2048, 2049, -1,
      2044, 2049, 1392, -1,
      1392, 2049, 1390, -1,
      554, 548, 2045, -1,
      2045, 548, 2050, -1,
      2045, 2050, 2046, -1,
      2046, 2050, 2051, -1,
      2046, 2051, 2047, -1,
      2047, 2051, 2052, -1,
      2047, 2052, 2048, -1,
      2048, 2052, 2053, -1,
      2048, 2053, 2049, -1,
      2049, 2053, 2054, -1,
      2049, 2054, 1390, -1,
      1390, 2054, 1388, -1,
      548, 547, 2050, -1,
      2050, 547, 2055, -1,
      2050, 2055, 2051, -1,
      2051, 2055, 2056, -1,
      2051, 2056, 2052, -1,
      2052, 2056, 2057, -1,
      2052, 2057, 2053, -1,
      2053, 2057, 2058, -1,
      2053, 2058, 2054, -1,
      2054, 2058, 2059, -1,
      2054, 2059, 1388, -1,
      1388, 2059, 1386, -1,
      547, 568, 2055, -1,
      2055, 568, 2060, -1,
      2055, 2060, 2056, -1,
      2056, 2060, 2061, -1,
      2056, 2061, 2057, -1,
      2057, 2061, 2062, -1,
      2057, 2062, 2058, -1,
      2058, 2062, 2063, -1,
      2058, 2063, 2059, -1,
      2059, 2063, 2064, -1,
      2059, 2064, 1386, -1,
      1386, 2064, 1384, -1,
      568, 567, 2060, -1,
      2060, 567, 2065, -1,
      2060, 2065, 2061, -1,
      2061, 2065, 2066, -1,
      2061, 2066, 2062, -1,
      2062, 2066, 2067, -1,
      2062, 2067, 2063, -1,
      2063, 2067, 2068, -1,
      2063, 2068, 2064, -1,
      2064, 2068, 2069, -1,
      2064, 2069, 1384, -1,
      1384, 2069, 1382, -1,
      1240, 1242, 2070, -1,
      1240, 2070, 2035, -1,
      2035, 2070, 2071, -1,
      2035, 2071, 2036, -1,
      2036, 2071, 2072, -1,
      2036, 2072, 2037, -1,
      2037, 2072, 2073, -1,
      2037, 2073, 2038, -1,
      2038, 2073, 2074, -1,
      2038, 2074, 2039, -1,
      2039, 2074, 598, -1,
      2039, 598, 606, -1,
      567, 546, 2065, -1,
      2065, 546, 2075, -1,
      2065, 2075, 2066, -1,
      2066, 2075, 2076, -1,
      2066, 2076, 2067, -1,
      2067, 2076, 2077, -1,
      2067, 2077, 2068, -1,
      2068, 2077, 2078, -1,
      2068, 2078, 2069, -1,
      2069, 2078, 2079, -1,
      2069, 2079, 1382, -1,
      1382, 2079, 1395, -1,
      546, 573, 2075, -1,
      2075, 573, 2080, -1,
      2075, 2080, 2076, -1,
      2076, 2080, 2081, -1,
      2076, 2081, 2077, -1,
      2077, 2081, 2082, -1,
      2077, 2082, 2078, -1,
      2078, 2082, 2083, -1,
      2078, 2083, 2079, -1,
      2079, 2083, 2084, -1,
      2079, 2084, 1395, -1,
      1395, 2084, 1397, -1,
      573, 566, 2080, -1,
      2080, 566, 2085, -1,
      2080, 2085, 2081, -1,
      2081, 2085, 2086, -1,
      2081, 2086, 2082, -1,
      2082, 2086, 2087, -1,
      2082, 2087, 2083, -1,
      2083, 2087, 2088, -1,
      2083, 2088, 2084, -1,
      2084, 2088, 2089, -1,
      2084, 2089, 1397, -1,
      1397, 2089, 1399, -1,
      566, 564, 2085, -1,
      2085, 564, 2090, -1,
      2085, 2090, 2086, -1,
      2086, 2090, 2091, -1,
      2086, 2091, 2087, -1,
      2087, 2091, 2092, -1,
      2087, 2092, 2088, -1,
      2088, 2092, 2093, -1,
      2088, 2093, 2089, -1,
      2089, 2093, 2094, -1,
      2089, 2094, 1399, -1,
      1399, 2094, 1401, -1,
      564, 563, 2090, -1,
      2090, 563, 2095, -1,
      2090, 2095, 2091, -1,
      2091, 2095, 2096, -1,
      2091, 2096, 2092, -1,
      2092, 2096, 2097, -1,
      2092, 2097, 2093, -1,
      2093, 2097, 2098, -1,
      2093, 2098, 2094, -1,
      2094, 2098, 2099, -1,
      2094, 2099, 1401, -1,
      1401, 2099, 1403, -1,
      563, 599, 2095, -1,
      2095, 599, 2100, -1,
      2095, 2100, 2096, -1,
      2096, 2100, 2101, -1,
      2096, 2101, 2097, -1,
      2097, 2101, 2102, -1,
      2097, 2102, 2098, -1,
      2098, 2102, 2103, -1,
      2098, 2103, 2099, -1,
      2099, 2103, 2104, -1,
      2099, 2104, 1403, -1,
      1403, 2104, 1114, -1,
      610, 608, 2105, -1,
      2105, 608, 2106, -1,
      2105, 2106, 2107, -1,
      2107, 2106, 2108, -1,
      2108, 2106, 2109, -1,
      2108, 2109, 2110, -1,
      2110, 2109, 2111, -1,
      2111, 2109, 2112, -1,
      2111, 2112, 2113, -1,
      2113, 2112, 2114, -1,
      2114, 2112, 2115, -1,
      2114, 2115, 2116, -1,
      2116, 2115, 2117, -1,
      2117, 2115, 2118, -1,
      2117, 2118, 2119, -1,
      2119, 2118, 2120, -1,
      2120, 2118, 1266, -1,
      2120, 1266, 1148, -1,
      608, 607, 2106, -1,
      2106, 607, 2121, -1,
      2106, 2121, 2109, -1,
      2109, 2121, 2122, -1,
      2109, 2122, 2112, -1,
      2112, 2122, 2123, -1,
      2112, 2123, 2115, -1,
      2115, 2123, 2124, -1,
      2115, 2124, 2118, -1,
      2118, 2124, 2125, -1,
      2118, 2125, 1266, -1,
      1266, 2125, 1264, -1,
      607, 601, 2121, -1,
      2121, 601, 2126, -1,
      2121, 2126, 2122, -1,
      2122, 2126, 2127, -1,
      2122, 2127, 2123, -1,
      2123, 2127, 2128, -1,
      2123, 2128, 2124, -1,
      2124, 2128, 2129, -1,
      2124, 2129, 2125, -1,
      2125, 2129, 2130, -1,
      2125, 2130, 1264, -1,
      1264, 2130, 1262, -1,
      601, 600, 2126, -1,
      2126, 600, 2131, -1,
      2126, 2131, 2127, -1,
      2127, 2131, 2132, -1,
      2127, 2132, 2128, -1,
      2128, 2132, 2133, -1,
      2128, 2133, 2129, -1,
      2129, 2133, 2134, -1,
      2129, 2134, 2130, -1,
      2130, 2134, 2135, -1,
      2130, 2135, 1262, -1,
      1262, 2135, 1260, -1,
      600, 598, 2131, -1,
      2131, 598, 2074, -1,
      2131, 2074, 2132, -1,
      2132, 2074, 2073, -1,
      2132, 2073, 2133, -1,
      2133, 2073, 2072, -1,
      2133, 2072, 2134, -1,
      2134, 2072, 2071, -1,
      2134, 2071, 2135, -1,
      2135, 2071, 2070, -1,
      2135, 2070, 1260, -1,
      1260, 2070, 1242, -1,
      1112, 1114, 2104, -1,
      1112, 2104, 2136, -1,
      2136, 2104, 2103, -1,
      2136, 2103, 2137, -1,
      2137, 2103, 2102, -1,
      2137, 2102, 2138, -1,
      2138, 2102, 2101, -1,
      2138, 2101, 2139, -1,
      2139, 2101, 2100, -1,
      2139, 2100, 2140, -1,
      2140, 2100, 599, -1,
      2140, 599, 609, -1,
      610, 2105, 615, -1,
      615, 2105, 2141, -1,
      2141, 2105, 2142, -1,
      2142, 2105, 2107, -1,
      2142, 2107, 2143, -1,
      2143, 2107, 2108, -1,
      2143, 2108, 2144, -1,
      2144, 2108, 2110, -1,
      2144, 2110, 2145, -1,
      2145, 2110, 2111, -1,
      2145, 2111, 2146, -1,
      2146, 2111, 2113, -1,
      2146, 2113, 2147, -1,
      2147, 2113, 2114, -1,
      2147, 2114, 2148, -1,
      2148, 2114, 2116, -1,
      2148, 2116, 2149, -1,
      2149, 2116, 2117, -1,
      2149, 2117, 2150, -1,
      2150, 2117, 2119, -1,
      2150, 2119, 2151, -1,
      2119, 2120, 2151, -1,
      2151, 2120, 1148, -1,
      2151, 1148, 1150, -1,
      1174, 1177, 2152, -1,
      2152, 1177, 2153, -1,
      2152, 2153, 2154, -1,
      2154, 2153, 2155, -1,
      2154, 2155, 2156, -1,
      2156, 2155, 2157, -1,
      2156, 2157, 2158, -1,
      2158, 2157, 2159, -1,
      2158, 2159, 2160, -1,
      2160, 2159, 2161, -1,
      2160, 2161, 625, -1,
      625, 2161, 624, -1,
      1177, 1179, 2153, -1,
      2153, 1179, 2162, -1,
      2153, 2162, 2155, -1,
      2155, 2162, 2163, -1,
      2155, 2163, 2157, -1,
      2157, 2163, 2164, -1,
      2157, 2164, 2159, -1,
      2159, 2164, 2165, -1,
      2159, 2165, 2161, -1,
      2161, 2165, 2166, -1,
      2161, 2166, 624, -1,
      624, 2166, 623, -1,
      1179, 1181, 2162, -1,
      2162, 1181, 2167, -1,
      2162, 2167, 2163, -1,
      2163, 2167, 2168, -1,
      2163, 2168, 2164, -1,
      2164, 2168, 2169, -1,
      2164, 2169, 2165, -1,
      2165, 2169, 2170, -1,
      2165, 2170, 2166, -1,
      2166, 2170, 2171, -1,
      2166, 2171, 623, -1,
      623, 2171, 621, -1,
      1181, 1183, 2167, -1,
      2167, 1183, 2172, -1,
      2167, 2172, 2168, -1,
      2168, 2172, 2173, -1,
      2168, 2173, 2169, -1,
      2169, 2173, 2174, -1,
      2169, 2174, 2170, -1,
      2170, 2174, 2175, -1,
      2170, 2175, 2171, -1,
      2171, 2175, 2176, -1,
      2171, 2176, 621, -1,
      621, 2176, 622, -1,
      1183, 1185, 2172, -1,
      2172, 1185, 2177, -1,
      2172, 2177, 2173, -1,
      2173, 2177, 2178, -1,
      2173, 2178, 2174, -1,
      2174, 2178, 2179, -1,
      2174, 2179, 2175, -1,
      2175, 2179, 2180, -1,
      2175, 2180, 2176, -1,
      2176, 2180, 2181, -1,
      2176, 2181, 622, -1,
      622, 2181, 626, -1,
      1185, 1112, 2177, -1,
      2177, 1112, 2136, -1,
      2177, 2136, 2178, -1,
      2178, 2136, 2137, -1,
      2178, 2137, 2179, -1,
      2179, 2137, 2138, -1,
      2179, 2138, 2180, -1,
      2180, 2138, 2139, -1,
      2180, 2139, 2181, -1,
      2181, 2139, 2140, -1,
      2181, 2140, 626, -1,
      626, 2140, 609, -1,
      1150, 1187, 2151, -1,
      2151, 1187, 2182, -1,
      2151, 2182, 2150, -1,
      2150, 2182, 2149, -1,
      2149, 2182, 2183, -1,
      2149, 2183, 2148, -1,
      2148, 2183, 2147, -1,
      2147, 2183, 2184, -1,
      2147, 2184, 2146, -1,
      2146, 2184, 2145, -1,
      2145, 2184, 2185, -1,
      2145, 2185, 2144, -1,
      2144, 2185, 2143, -1,
      2143, 2185, 2186, -1,
      2143, 2186, 2142, -1,
      2142, 2186, 2141, -1,
      2141, 2186, 616, -1,
      2141, 616, 615, -1,
      1187, 1189, 2182, -1,
      2182, 1189, 2187, -1,
      2182, 2187, 2183, -1,
      2183, 2187, 2188, -1,
      2183, 2188, 2184, -1,
      2184, 2188, 2189, -1,
      2184, 2189, 2185, -1,
      2185, 2189, 2190, -1,
      2185, 2190, 2186, -1,
      2186, 2190, 2191, -1,
      2186, 2191, 616, -1,
      616, 2191, 617, -1,
      1189, 1191, 2187, -1,
      2187, 1191, 2192, -1,
      2187, 2192, 2188, -1,
      2188, 2192, 2193, -1,
      2188, 2193, 2189, -1,
      2189, 2193, 2194, -1,
      2189, 2194, 2190, -1,
      2190, 2194, 2195, -1,
      2190, 2195, 2191, -1,
      2191, 2195, 2196, -1,
      2191, 2196, 617, -1,
      617, 2196, 618, -1,
      1191, 1193, 2192, -1,
      2192, 1193, 2197, -1,
      2192, 2197, 2193, -1,
      2193, 2197, 2198, -1,
      2193, 2198, 2194, -1,
      2194, 2198, 2199, -1,
      2194, 2199, 2195, -1,
      2195, 2199, 2200, -1,
      2195, 2200, 2196, -1,
      2196, 2200, 2201, -1,
      2196, 2201, 618, -1,
      618, 2201, 619, -1,
      1193, 1195, 2197, -1,
      2197, 1195, 2202, -1,
      2197, 2202, 2198, -1,
      2198, 2202, 2203, -1,
      2198, 2203, 2199, -1,
      2199, 2203, 2204, -1,
      2199, 2204, 2200, -1,
      2200, 2204, 2205, -1,
      2200, 2205, 2201, -1,
      2201, 2205, 2206, -1,
      2201, 2206, 619, -1,
      619, 2206, 620, -1,
      1195, 1174, 2202, -1,
      2202, 1174, 2152, -1,
      2202, 2152, 2203, -1,
      2203, 2152, 2154, -1,
      2203, 2154, 2204, -1,
      2204, 2154, 2156, -1,
      2204, 2156, 2205, -1,
      2205, 2156, 2158, -1,
      2205, 2158, 2206, -1,
      2206, 2158, 2160, -1,
      2206, 2160, 620, -1,
      620, 2160, 625, -1,
      991, 2207, 989, -1,
      989, 2207, 2208, -1,
      2207, 2209, 2208, -1,
      2208, 2209, 2210, -1,
      2208, 2210, 2211, -1,
      2210, 2212, 2211, -1,
      2211, 2212, 2213, -1,
      2211, 2213, 2214, -1,
      2213, 2215, 2214, -1,
      2214, 2215, 2216, -1,
      2214, 2216, 2217, -1,
      2216, 2218, 2217, -1,
      2217, 2218, 2219, -1,
      2217, 2219, 2220, -1,
      143, 145, 2221, -1,
      2221, 145, 2220, -1,
      2221, 2220, 2222, -1,
      2222, 2220, 2219, -1,
      846, 848, 2223, -1,
      850, 852, 2224, -1,
      854, 856, 2225, -1,
      858, 860, 2226, -1,
      862, 864, 2227, -1,
      991, 993, 2207, -1,
      2207, 993, 2228, -1,
      2207, 2228, 2209, -1,
      2209, 2228, 2229, -1,
      2230, 2212, 2229, -1,
      2229, 2212, 2210, -1,
      2229, 2210, 2209, -1,
      2231, 2215, 2230, -1,
      2230, 2215, 2213, -1,
      2230, 2213, 2212, -1,
      2232, 2218, 2231, -1,
      2231, 2218, 2216, -1,
      2231, 2216, 2215, -1,
      2233, 2222, 2232, -1,
      2232, 2222, 2219, -1,
      2232, 2219, 2218, -1,
      993, 995, 2228, -1,
      2228, 995, 2234, -1,
      2228, 2234, 2229, -1,
      2229, 2234, 2235, -1,
      2229, 2235, 2230, -1,
      2230, 2235, 2236, -1,
      2230, 2236, 2231, -1,
      2231, 2236, 2237, -1,
      2231, 2237, 2232, -1,
      2232, 2237, 2238, -1,
      2232, 2238, 2233, -1,
      2233, 2238, 2227, -1,
      868, 143, 2233, -1,
      2233, 143, 2221, -1,
      2233, 2221, 2222, -1,
      2227, 864, 2233, -1,
      2233, 864, 866, -1,
      2233, 866, 868, -1,
      995, 988, 2234, -1,
      2234, 988, 2239, -1,
      2234, 2239, 2235, -1,
      2235, 2239, 2240, -1,
      2235, 2240, 2236, -1,
      2236, 2240, 2241, -1,
      2236, 2241, 2237, -1,
      2237, 2241, 2242, -1,
      2237, 2242, 2238, -1,
      2238, 2242, 2243, -1,
      2238, 2243, 2227, -1,
      2227, 2243, 2226, -1,
      2227, 2226, 862, -1,
      862, 2226, 860, -1,
      988, 986, 2239, -1,
      2239, 986, 2244, -1,
      2239, 2244, 2240, -1,
      2240, 2244, 2245, -1,
      2240, 2245, 2241, -1,
      2241, 2245, 2246, -1,
      2241, 2246, 2242, -1,
      2242, 2246, 2247, -1,
      2242, 2247, 2243, -1,
      2243, 2247, 2248, -1,
      2243, 2248, 2226, -1,
      2226, 2248, 2225, -1,
      2226, 2225, 858, -1,
      858, 2225, 856, -1,
      852, 854, 2224, -1,
      2224, 854, 2225, -1,
      2224, 2225, 2249, -1,
      2249, 2225, 2248, -1,
      2249, 2248, 2250, -1,
      2250, 2248, 2247, -1,
      2250, 2247, 2251, -1,
      2251, 2247, 2246, -1,
      2251, 2246, 2252, -1,
      2252, 2246, 2245, -1,
      2252, 2245, 2253, -1,
      2253, 2245, 2244, -1,
      2253, 2244, 984, -1,
      984, 2244, 986, -1,
      848, 850, 2223, -1,
      2223, 850, 2224, -1,
      2223, 2224, 2254, -1,
      2254, 2224, 2249, -1,
      2254, 2249, 2255, -1,
      2255, 2249, 2250, -1,
      2255, 2250, 2256, -1,
      2256, 2250, 2251, -1,
      2256, 2251, 2257, -1,
      2257, 2251, 2252, -1,
      2257, 2252, 2258, -1,
      2258, 2252, 2253, -1,
      2258, 2253, 982, -1,
      982, 2253, 984, -1,
      844, 846, 2259, -1,
      2259, 846, 2223, -1,
      2259, 2223, 2260, -1,
      2260, 2223, 2254, -1,
      2260, 2254, 2261, -1,
      2261, 2254, 2255, -1,
      2261, 2255, 2262, -1,
      2262, 2255, 2256, -1,
      2262, 2256, 2263, -1,
      2263, 2256, 2257, -1,
      2263, 2257, 2264, -1,
      2264, 2257, 2258, -1,
      2264, 2258, 980, -1,
      980, 2258, 982, -1,
      980, 978, 2264, -1,
      2264, 978, 2265, -1,
      2264, 2265, 2263, -1,
      2263, 2265, 2266, -1,
      2263, 2266, 2262, -1,
      2262, 2266, 2267, -1,
      2262, 2267, 2261, -1,
      2261, 2267, 2268, -1,
      2261, 2268, 2260, -1,
      2260, 2268, 2269, -1,
      2260, 2269, 2259, -1,
      2259, 2269, 2270, -1,
      2259, 2270, 844, -1,
      844, 2270, 204, -1,
      145, 163, 2220, -1,
      2220, 163, 2271, -1,
      2220, 2271, 2217, -1,
      2217, 2271, 2272, -1,
      2217, 2272, 2214, -1,
      2214, 2272, 2273, -1,
      2214, 2273, 2211, -1,
      2211, 2273, 2274, -1,
      2211, 2274, 2208, -1,
      2208, 2274, 2275, -1,
      2208, 2275, 989, -1,
      989, 2275, 1380, -1,
      163, 162, 2271, -1,
      2271, 162, 2276, -1,
      2271, 2276, 2272, -1,
      2272, 2276, 2277, -1,
      2272, 2277, 2273, -1,
      2273, 2277, 2278, -1,
      2273, 2278, 2274, -1,
      2274, 2278, 2279, -1,
      2274, 2279, 2275, -1,
      2275, 2279, 2280, -1,
      2275, 2280, 1380, -1,
      1380, 2280, 1378, -1,
      162, 156, 2276, -1,
      2276, 156, 2281, -1,
      2276, 2281, 2277, -1,
      2277, 2281, 2282, -1,
      2277, 2282, 2278, -1,
      2278, 2282, 2283, -1,
      2278, 2283, 2279, -1,
      2279, 2283, 2284, -1,
      2279, 2284, 2280, -1,
      2280, 2284, 2285, -1,
      2280, 2285, 1378, -1,
      1378, 2285, 1376, -1,
      156, 155, 2281, -1,
      2281, 155, 2286, -1,
      2281, 2286, 2282, -1,
      2282, 2286, 2287, -1,
      2282, 2287, 2283, -1,
      2283, 2287, 2288, -1,
      2283, 2288, 2284, -1,
      2284, 2288, 2289, -1,
      2284, 2289, 2285, -1,
      2285, 2289, 2290, -1,
      2285, 2290, 1376, -1,
      1376, 2290, 1374, -1,
      155, 161, 2286, -1,
      2286, 161, 2291, -1,
      2286, 2291, 2287, -1,
      2287, 2291, 2292, -1,
      2287, 2292, 2288, -1,
      2288, 2292, 2293, -1,
      2288, 2293, 2289, -1,
      2289, 2293, 2294, -1,
      2289, 2294, 2290, -1,
      2290, 2294, 2295, -1,
      2290, 2295, 1374, -1,
      1374, 2295, 1372, -1,
      161, 160, 2291, -1,
      2291, 160, 2296, -1,
      2291, 2296, 2292, -1,
      2292, 2296, 2297, -1,
      2292, 2297, 2293, -1,
      2293, 2297, 2298, -1,
      2293, 2298, 2294, -1,
      2294, 2298, 2299, -1,
      2294, 2299, 2295, -1,
      2295, 2299, 2300, -1,
      2295, 2300, 1372, -1,
      1372, 2300, 1361, -1,
      978, 944, 2301, -1,
      978, 2301, 2265, -1,
      2265, 2301, 2302, -1,
      2265, 2302, 2266, -1,
      2266, 2302, 2303, -1,
      2266, 2303, 2267, -1,
      2267, 2303, 2304, -1,
      2267, 2304, 2268, -1,
      2268, 2304, 2305, -1,
      2268, 2305, 2269, -1,
      2269, 2305, 2306, -1,
      2269, 2306, 2270, -1,
      2270, 2306, 205, -1,
      2270, 205, 204, -1,
      160, 153, 2296, -1,
      2296, 153, 2307, -1,
      2296, 2307, 2297, -1,
      2297, 2307, 2308, -1,
      2297, 2308, 2298, -1,
      2298, 2308, 2309, -1,
      2298, 2309, 2299, -1,
      2299, 2309, 2310, -1,
      2299, 2310, 2300, -1,
      2300, 2310, 2311, -1,
      2300, 2311, 1361, -1,
      1361, 2311, 1363, -1,
      153, 154, 2307, -1,
      2307, 154, 2312, -1,
      2307, 2312, 2308, -1,
      2308, 2312, 2313, -1,
      2308, 2313, 2309, -1,
      2309, 2313, 2314, -1,
      2309, 2314, 2310, -1,
      2310, 2314, 2315, -1,
      2310, 2315, 2311, -1,
      2311, 2315, 2316, -1,
      2311, 2316, 1363, -1,
      1363, 2316, 1365, -1,
      154, 170, 2312, -1,
      2312, 170, 2317, -1,
      2312, 2317, 2313, -1,
      2313, 2317, 2318, -1,
      2313, 2318, 2314, -1,
      2314, 2318, 2319, -1,
      2314, 2319, 2315, -1,
      2315, 2319, 2320, -1,
      2315, 2320, 2316, -1,
      2316, 2320, 2321, -1,
      2316, 2321, 1365, -1,
      1365, 2321, 1367, -1,
      170, 158, 2317, -1,
      2317, 158, 2322, -1,
      2317, 2322, 2318, -1,
      2318, 2322, 2323, -1,
      2318, 2323, 2319, -1,
      2319, 2323, 2324, -1,
      2319, 2324, 2320, -1,
      2320, 2324, 2325, -1,
      2320, 2325, 2321, -1,
      2321, 2325, 2326, -1,
      2321, 2326, 1367, -1,
      1367, 2326, 1369, -1,
      158, 157, 2322, -1,
      2322, 157, 2327, -1,
      2322, 2327, 2323, -1,
      2323, 2327, 2328, -1,
      2323, 2328, 2324, -1,
      2324, 2328, 2329, -1,
      2324, 2329, 2325, -1,
      2325, 2329, 2330, -1,
      2325, 2330, 2326, -1,
      2326, 2330, 2331, -1,
      2326, 2331, 1369, -1,
      1369, 2331, 1371, -1,
      157, 167, 2327, -1,
      2327, 167, 2332, -1,
      2327, 2332, 2328, -1,
      2328, 2332, 2333, -1,
      2328, 2333, 2329, -1,
      2329, 2333, 2334, -1,
      2329, 2334, 2330, -1,
      2330, 2334, 2335, -1,
      2330, 2335, 2331, -1,
      2331, 2335, 2336, -1,
      2331, 2336, 1371, -1,
      1371, 2336, 1117, -1,
      231, 230, 2337, -1,
      2337, 230, 2338, -1,
      2337, 2338, 2339, -1,
      2339, 2338, 2340, -1,
      2339, 2340, 2341, -1,
      2341, 2340, 2342, -1,
      2341, 2342, 2343, -1,
      2343, 2342, 2344, -1,
      2343, 2344, 2345, -1,
      2345, 2344, 2346, -1,
      2345, 2346, 2347, -1,
      2347, 2346, 2348, -1,
      2347, 2348, 943, -1,
      943, 2348, 954, -1,
      230, 202, 2338, -1,
      2338, 202, 2349, -1,
      2338, 2349, 2340, -1,
      2340, 2349, 2350, -1,
      2340, 2350, 2342, -1,
      2342, 2350, 2351, -1,
      2342, 2351, 2344, -1,
      2344, 2351, 2352, -1,
      2344, 2352, 2346, -1,
      2346, 2352, 2353, -1,
      2346, 2353, 2348, -1,
      2348, 2353, 2354, -1,
      2348, 2354, 954, -1,
      954, 2354, 952, -1,
      202, 217, 2349, -1,
      2349, 217, 2355, -1,
      2349, 2355, 2350, -1,
      2350, 2355, 2356, -1,
      2350, 2356, 2351, -1,
      2351, 2356, 2357, -1,
      2351, 2357, 2352, -1,
      2352, 2357, 2358, -1,
      2352, 2358, 2353, -1,
      2353, 2358, 2359, -1,
      2353, 2359, 2354, -1,
      2354, 2359, 2360, -1,
      2354, 2360, 952, -1,
      952, 2360, 950, -1,
      217, 216, 2355, -1,
      2355, 216, 2361, -1,
      2355, 2361, 2356, -1,
      2356, 2361, 2362, -1,
      2356, 2362, 2357, -1,
      2357, 2362, 2363, -1,
      2357, 2363, 2358, -1,
      2358, 2363, 2364, -1,
      2358, 2364, 2359, -1,
      2359, 2364, 2365, -1,
      2359, 2365, 2360, -1,
      2360, 2365, 2366, -1,
      2360, 2366, 950, -1,
      950, 2366, 948, -1,
      216, 215, 2361, -1,
      2361, 215, 2367, -1,
      2361, 2367, 2362, -1,
      2362, 2367, 2368, -1,
      2362, 2368, 2363, -1,
      2363, 2368, 2369, -1,
      2363, 2369, 2364, -1,
      2364, 2369, 2370, -1,
      2364, 2370, 2365, -1,
      2365, 2370, 2371, -1,
      2365, 2371, 2366, -1,
      2366, 2371, 2372, -1,
      2366, 2372, 948, -1,
      948, 2372, 946, -1,
      215, 205, 2367, -1,
      2367, 205, 2306, -1,
      2367, 2306, 2368, -1,
      2368, 2306, 2305, -1,
      2368, 2305, 2369, -1,
      2369, 2305, 2304, -1,
      2369, 2304, 2370, -1,
      2370, 2304, 2303, -1,
      2370, 2303, 2371, -1,
      2371, 2303, 2302, -1,
      2371, 2302, 2372, -1,
      2372, 2302, 2301, -1,
      2372, 2301, 946, -1,
      946, 2301, 944, -1,
      1119, 1117, 2336, -1,
      1119, 2336, 2373, -1,
      2373, 2336, 2335, -1,
      2373, 2335, 2374, -1,
      2374, 2335, 2334, -1,
      2374, 2334, 2375, -1,
      2375, 2334, 2333, -1,
      2375, 2333, 2376, -1,
      2376, 2333, 2332, -1,
      2376, 2332, 2377, -1,
      2377, 2332, 167, -1,
      2377, 167, 199, -1,
      943, 926, 2378, -1,
      943, 2378, 2347, -1,
      2347, 2378, 2379, -1,
      2347, 2379, 2345, -1,
      2345, 2379, 2380, -1,
      2345, 2380, 2343, -1,
      2343, 2380, 2381, -1,
      2343, 2381, 2341, -1,
      2341, 2381, 2382, -1,
      2341, 2382, 2339, -1,
      2339, 2382, 2383, -1,
      2339, 2383, 2337, -1,
      2337, 2383, 237, -1,
      2337, 237, 231, -1,
      1241, 1269, 2384, -1,
      2384, 1269, 2385, -1,
      2384, 2385, 2386, -1,
      2386, 2385, 2387, -1,
      2386, 2387, 2388, -1,
      2388, 2387, 2389, -1,
      2388, 2389, 2390, -1,
      2390, 2389, 2391, -1,
      2390, 2391, 2392, -1,
      2392, 2391, 2393, -1,
      2392, 2393, 194, -1,
      194, 2393, 197, -1,
      1269, 1271, 2385, -1,
      2385, 1271, 2394, -1,
      2385, 2394, 2387, -1,
      2387, 2394, 2395, -1,
      2387, 2395, 2389, -1,
      2389, 2395, 2396, -1,
      2389, 2396, 2391, -1,
      2391, 2396, 2397, -1,
      2391, 2397, 2393, -1,
      2393, 2397, 2398, -1,
      2393, 2398, 197, -1,
      197, 2398, 195, -1,
      1271, 1273, 2394, -1,
      2394, 1273, 2399, -1,
      2394, 2399, 2395, -1,
      2395, 2399, 2400, -1,
      2395, 2400, 2396, -1,
      2396, 2400, 2401, -1,
      2396, 2401, 2397, -1,
      2397, 2401, 2402, -1,
      2397, 2402, 2398, -1,
      2398, 2402, 2403, -1,
      2398, 2403, 195, -1,
      195, 2403, 196, -1,
      1273, 1275, 2399, -1,
      2399, 1275, 2404, -1,
      2399, 2404, 2400, -1,
      2400, 2404, 2405, -1,
      2400, 2405, 2401, -1,
      2401, 2405, 2406, -1,
      2401, 2406, 2402, -1,
      2402, 2406, 2407, -1,
      2402, 2407, 2403, -1,
      2403, 2407, 2408, -1,
      2403, 2408, 196, -1,
      196, 2408, 198, -1,
      1275, 1119, 2404, -1,
      2404, 1119, 2373, -1,
      2404, 2373, 2405, -1,
      2405, 2373, 2374, -1,
      2405, 2374, 2406, -1,
      2406, 2374, 2375, -1,
      2406, 2375, 2407, -1,
      2407, 2375, 2376, -1,
      2407, 2376, 2408, -1,
      2408, 2376, 2377, -1,
      2408, 2377, 198, -1,
      198, 2377, 199, -1,
      206, 225, 2409, -1,
      2409, 225, 2410, -1,
      2409, 2410, 2411, -1,
      2411, 2410, 2412, -1,
      2411, 2412, 2413, -1,
      2413, 2412, 2414, -1,
      2413, 2414, 2415, -1,
      2415, 2414, 2416, -1,
      2415, 2416, 2417, -1,
      2417, 2416, 2418, -1,
      2417, 2418, 2419, -1,
      2419, 2418, 2420, -1,
      2419, 2420, 940, -1,
      940, 2420, 938, -1,
      225, 224, 2410, -1,
      2410, 224, 2421, -1,
      2410, 2421, 2412, -1,
      2412, 2421, 2422, -1,
      2412, 2422, 2414, -1,
      2414, 2422, 2423, -1,
      2414, 2423, 2416, -1,
      2416, 2423, 2424, -1,
      2416, 2424, 2418, -1,
      2418, 2424, 2425, -1,
      2418, 2425, 2420, -1,
      2420, 2425, 2426, -1,
      2420, 2426, 938, -1,
      938, 2426, 936, -1,
      224, 223, 2421, -1,
      2421, 223, 2427, -1,
      2421, 2427, 2422, -1,
      2422, 2427, 2428, -1,
      2422, 2428, 2423, -1,
      2423, 2428, 2429, -1,
      2423, 2429, 2424, -1,
      2424, 2429, 2430, -1,
      2424, 2430, 2425, -1,
      2425, 2430, 2431, -1,
      2425, 2431, 2426, -1,
      2426, 2431, 2432, -1,
      2426, 2432, 936, -1,
      936, 2432, 934, -1,
      223, 222, 2427, -1,
      2427, 222, 2433, -1,
      2427, 2433, 2428, -1,
      2428, 2433, 2434, -1,
      2428, 2434, 2429, -1,
      2429, 2434, 2435, -1,
      2429, 2435, 2430, -1,
      2430, 2435, 2436, -1,
      2430, 2436, 2431, -1,
      2431, 2436, 2437, -1,
      2431, 2437, 2432, -1,
      2432, 2437, 2438, -1,
      2432, 2438, 934, -1,
      934, 2438, 932, -1,
      222, 221, 2433, -1,
      2433, 221, 2439, -1,
      2433, 2439, 2434, -1,
      2434, 2439, 2440, -1,
      2434, 2440, 2435, -1,
      2435, 2440, 2441, -1,
      2435, 2441, 2436, -1,
      2436, 2441, 2442, -1,
      2436, 2442, 2437, -1,
      2437, 2442, 2443, -1,
      2437, 2443, 2438, -1,
      2438, 2443, 2444, -1,
      2438, 2444, 932, -1,
      932, 2444, 930, -1,
      221, 236, 2439, -1,
      2439, 236, 2445, -1,
      2439, 2445, 2440, -1,
      2440, 2445, 2446, -1,
      2440, 2446, 2441, -1,
      2441, 2446, 2447, -1,
      2441, 2447, 2442, -1,
      2442, 2447, 2448, -1,
      2442, 2448, 2443, -1,
      2443, 2448, 2449, -1,
      2443, 2449, 2444, -1,
      2444, 2449, 2450, -1,
      2444, 2450, 930, -1,
      930, 2450, 928, -1,
      236, 237, 2445, -1,
      2445, 237, 2383, -1,
      2445, 2383, 2446, -1,
      2446, 2383, 2382, -1,
      2446, 2382, 2447, -1,
      2447, 2382, 2381, -1,
      2447, 2381, 2448, -1,
      2448, 2381, 2380, -1,
      2448, 2380, 2449, -1,
      2449, 2380, 2379, -1,
      2449, 2379, 2450, -1,
      2450, 2379, 2378, -1,
      2450, 2378, 928, -1,
      928, 2378, 926, -1,
      1243, 1241, 2384, -1,
      1243, 2384, 2451, -1,
      2451, 2384, 2386, -1,
      2451, 2386, 2452, -1,
      2452, 2386, 2388, -1,
      2452, 2388, 2453, -1,
      2453, 2388, 2390, -1,
      2453, 2390, 2454, -1,
      2454, 2390, 2392, -1,
      2454, 2392, 2455, -1,
      2455, 2392, 194, -1,
      2455, 194, 193, -1,
      2417, 2419, 2456, -1,
      2456, 2419, 940, -1,
      2456, 940, 956, -1,
      2456, 2457, 2417, -1,
      2417, 2457, 2458, -1,
      2417, 2458, 2415, -1,
      2415, 2458, 2459, -1,
      2459, 2460, 2415, -1,
      2415, 2460, 2461, -1,
      2415, 2461, 2413, -1,
      2461, 2462, 2413, -1,
      2413, 2462, 2463, -1,
      2413, 2463, 2411, -1,
      2463, 2464, 2411, -1,
      2411, 2464, 2465, -1,
      2411, 2465, 2409, -1,
      2465, 2466, 2409, -1,
      2409, 2466, 207, -1,
      2409, 207, 206, -1,
      177, 175, 2467, -1,
      177, 2467, 2468, -1,
      2467, 2469, 2468, -1,
      2468, 2469, 2470, -1,
      2468, 2470, 2471, -1,
      2470, 2472, 2471, -1,
      2471, 2472, 2473, -1,
      2471, 2473, 2474, -1,
      2473, 2475, 2474, -1,
      2474, 2475, 2476, -1,
      2474, 2476, 2477, -1,
      193, 192, 2455, -1,
      2455, 192, 2478, -1,
      2455, 2478, 2454, -1,
      2454, 2478, 2479, -1,
      2454, 2479, 2453, -1,
      2453, 2479, 2480, -1,
      2453, 2480, 2452, -1,
      2452, 2480, 2481, -1,
      2452, 2481, 2451, -1,
      2451, 2481, 2482, -1,
      2451, 2482, 1243, -1,
      192, 191, 2478, -1,
      2478, 191, 2483, -1,
      2478, 2483, 2479, -1,
      2479, 2483, 2484, -1,
      2479, 2484, 2480, -1,
      2480, 2484, 2485, -1,
      2480, 2485, 2481, -1,
      2481, 2485, 2486, -1,
      2481, 2486, 2482, -1,
      2482, 2486, 2487, -1,
      191, 178, 2483, -1,
      2483, 178, 2488, -1,
      2483, 2488, 2484, -1,
      2484, 2488, 2489, -1,
      2484, 2489, 2485, -1,
      2485, 2489, 2490, -1,
      2485, 2490, 2486, -1,
      2486, 2490, 2491, -1,
      2486, 2491, 2487, -1,
      2487, 2491, 2492, -1,
      178, 177, 2488, -1,
      2488, 177, 2468, -1,
      2488, 2468, 2489, -1,
      2489, 2468, 2471, -1,
      2489, 2471, 2490, -1,
      2490, 2471, 2474, -1,
      2490, 2474, 2491, -1,
      2491, 2474, 2477, -1,
      2491, 2477, 2492, -1,
      2492, 2477, 2493, -1,
      2476, 2494, 2477, -1,
      2477, 2494, 2495, -1,
      2477, 2495, 2493, -1,
      2493, 2495, 2496, -1,
      2493, 2496, 2497, -1,
      1243, 2482, 1261, -1,
      1261, 2482, 2487, -1,
      1261, 2487, 1263, -1,
      1263, 2487, 2492, -1,
      1263, 2492, 1265, -1,
      1265, 2492, 2493, -1,
      1265, 2493, 1267, -1,
      1267, 2493, 2497, -1,
      1267, 2497, 1149, -1,
      375, 373, 2498, -1,
      371, 369, 2499, -1,
      367, 365, 2500, -1,
      363, 361, 2501, -1,
      359, 357, 2502, -1,
      956, 958, 2456, -1,
      2456, 958, 2503, -1,
      2456, 2503, 2457, -1,
      2457, 2503, 2458, -1,
      2458, 2503, 2504, -1,
      2458, 2504, 2459, -1,
      2459, 2504, 2460, -1,
      2460, 2504, 2505, -1,
      2460, 2505, 2461, -1,
      2461, 2505, 2462, -1,
      2462, 2505, 2506, -1,
      2462, 2506, 2463, -1,
      2463, 2506, 2464, -1,
      2464, 2506, 2507, -1,
      2464, 2507, 2465, -1,
      958, 960, 2503, -1,
      2503, 960, 2508, -1,
      2503, 2508, 2504, -1,
      2504, 2508, 2509, -1,
      2504, 2509, 2505, -1,
      2505, 2509, 2510, -1,
      2505, 2510, 2506, -1,
      2506, 2510, 2511, -1,
      2506, 2511, 2507, -1,
      2507, 2511, 2502, -1,
      2465, 2507, 2466, -1,
      2466, 2507, 353, -1,
      2466, 353, 207, -1,
      2502, 357, 2507, -1,
      2507, 357, 355, -1,
      2507, 355, 353, -1,
      960, 962, 2508, -1,
      2508, 962, 2512, -1,
      2508, 2512, 2509, -1,
      2509, 2512, 2513, -1,
      2509, 2513, 2510, -1,
      2510, 2513, 2514, -1,
      2510, 2514, 2511, -1,
      2511, 2514, 2515, -1,
      2511, 2515, 2502, -1,
      2502, 2515, 2501, -1,
      2502, 2501, 359, -1,
      359, 2501, 361, -1,
      962, 964, 2512, -1,
      2512, 964, 2516, -1,
      2512, 2516, 2513, -1,
      2513, 2516, 2517, -1,
      2513, 2517, 2514, -1,
      2514, 2517, 2518, -1,
      2514, 2518, 2515, -1,
      2515, 2518, 2519, -1,
      2515, 2519, 2501, -1,
      2501, 2519, 2500, -1,
      2501, 2500, 363, -1,
      363, 2500, 365, -1,
      369, 367, 2499, -1,
      2499, 367, 2500, -1,
      2499, 2500, 2520, -1,
      2520, 2500, 2519, -1,
      2520, 2519, 2521, -1,
      2521, 2519, 2518, -1,
      2521, 2518, 2522, -1,
      2522, 2518, 2517, -1,
      2522, 2517, 2523, -1,
      2523, 2517, 2516, -1,
      2523, 2516, 974, -1,
      974, 2516, 964, -1,
      373, 371, 2498, -1,
      2498, 371, 2499, -1,
      2498, 2499, 2524, -1,
      2524, 2499, 2520, -1,
      2524, 2520, 2525, -1,
      2525, 2520, 2521, -1,
      2525, 2521, 2526, -1,
      2526, 2521, 2522, -1,
      2526, 2522, 2527, -1,
      2527, 2522, 2523, -1,
      2527, 2523, 972, -1,
      972, 2523, 974, -1,
      377, 375, 2528, -1,
      2528, 375, 2498, -1,
      2528, 2498, 2529, -1,
      2529, 2498, 2524, -1,
      2529, 2524, 2530, -1,
      2530, 2524, 2525, -1,
      2530, 2525, 2531, -1,
      2531, 2525, 2526, -1,
      2531, 2526, 2532, -1,
      2532, 2526, 2527, -1,
      2532, 2527, 970, -1,
      970, 2527, 972, -1,
      970, 968, 2532, -1,
      2532, 968, 2533, -1,
      2532, 2533, 2531, -1,
      2531, 2533, 2534, -1,
      2531, 2534, 2530, -1,
      2530, 2534, 2535, -1,
      2530, 2535, 2529, -1,
      2529, 2535, 2536, -1,
      2529, 2536, 2528, -1,
      2528, 2536, 2537, -1,
      2528, 2537, 377, -1,
      377, 2537, 166, -1,
      1149, 2497, 1151, -1,
      1151, 2497, 2538, -1,
      2538, 2497, 2539, -1,
      2539, 2497, 2496, -1,
      2539, 2496, 2540, -1,
      2540, 2496, 2495, -1,
      2540, 2495, 2541, -1,
      2541, 2495, 2494, -1,
      2541, 2494, 2542, -1,
      2542, 2494, 2476, -1,
      2542, 2476, 2543, -1,
      2543, 2476, 2475, -1,
      2543, 2475, 2544, -1,
      2544, 2475, 2473, -1,
      2544, 2473, 2545, -1,
      2545, 2473, 2472, -1,
      2545, 2472, 2546, -1,
      2546, 2472, 2470, -1,
      2546, 2470, 2547, -1,
      2547, 2470, 2469, -1,
      2547, 2469, 2548, -1,
      2469, 2467, 2548, -1,
      2548, 2467, 175, -1,
      2548, 175, 185, -1,
      968, 966, 2549, -1,
      968, 2549, 2533, -1,
      2533, 2549, 2550, -1,
      2533, 2550, 2534, -1,
      2534, 2550, 2551, -1,
      2534, 2551, 2535, -1,
      2535, 2551, 2552, -1,
      2535, 2552, 2536, -1,
      2536, 2552, 2553, -1,
      2536, 2553, 2537, -1,
      2537, 2553, 164, -1,
      2537, 164, 166, -1,
      1151, 2538, 1186, -1,
      1186, 2538, 2554, -1,
      2538, 2539, 2554, -1,
      2554, 2539, 2540, -1,
      2554, 2540, 2555, -1,
      2540, 2541, 2555, -1,
      2555, 2541, 2542, -1,
      2555, 2542, 2556, -1,
      2542, 2543, 2556, -1,
      2556, 2543, 2544, -1,
      2556, 2544, 2557, -1,
      1175, 1194, 2558, -1,
      2558, 1194, 2559, -1,
      2558, 2559, 2560, -1,
      2560, 2559, 2561, -1,
      2560, 2561, 2562, -1,
      2562, 2561, 2563, -1,
      2562, 2563, 2564, -1,
      2564, 2563, 2565, -1,
      2564, 2565, 2566, -1,
      2566, 2565, 2567, -1,
      2566, 2567, 190, -1,
      1194, 1192, 2559, -1,
      2559, 1192, 2568, -1,
      2559, 2568, 2561, -1,
      2561, 2568, 2569, -1,
      2561, 2569, 2563, -1,
      2563, 2569, 2570, -1,
      2563, 2570, 2565, -1,
      2565, 2570, 2571, -1,
      2565, 2571, 2567, -1,
      2567, 2571, 2572, -1,
      1192, 1190, 2568, -1,
      2568, 1190, 2573, -1,
      2568, 2573, 2569, -1,
      2569, 2573, 2574, -1,
      2569, 2574, 2570, -1,
      2570, 2574, 2575, -1,
      2570, 2575, 2571, -1,
      2571, 2575, 2576, -1,
      2571, 2576, 2572, -1,
      2572, 2576, 2577, -1,
      1190, 1188, 2573, -1,
      2573, 1188, 2578, -1,
      2573, 2578, 2574, -1,
      2574, 2578, 2579, -1,
      2574, 2579, 2575, -1,
      2575, 2579, 2580, -1,
      2575, 2580, 2576, -1,
      2576, 2580, 2581, -1,
      2576, 2581, 2577, -1,
      2577, 2581, 2582, -1,
      1188, 1186, 2578, -1,
      2578, 1186, 2554, -1,
      2578, 2554, 2579, -1,
      2579, 2554, 2555, -1,
      2579, 2555, 2580, -1,
      2580, 2555, 2556, -1,
      2580, 2556, 2581, -1,
      2581, 2556, 2557, -1,
      2581, 2557, 2582, -1,
      2582, 2557, 2583, -1,
      2544, 2545, 2557, -1,
      2557, 2545, 2546, -1,
      2557, 2546, 2583, -1,
      2583, 2546, 2547, -1,
      2583, 2547, 2548, -1,
      190, 2567, 179, -1,
      179, 2567, 2572, -1,
      179, 2572, 180, -1,
      180, 2572, 2577, -1,
      180, 2577, 182, -1,
      182, 2577, 2582, -1,
      182, 2582, 183, -1,
      183, 2582, 2583, -1,
      183, 2583, 184, -1,
      184, 2583, 2548, -1,
      184, 2548, 185, -1,
      171, 152, 2584, -1,
      2584, 152, 2585, -1,
      2584, 2585, 2586, -1,
      2586, 2585, 2587, -1,
      2586, 2587, 2588, -1,
      2588, 2587, 2589, -1,
      2588, 2589, 2590, -1,
      2590, 2589, 2591, -1,
      2590, 2591, 2592, -1,
      2592, 2591, 2593, -1,
      2592, 2593, 1383, -1,
      1383, 2593, 1385, -1,
      152, 151, 2585, -1,
      2585, 151, 2594, -1,
      2585, 2594, 2587, -1,
      2587, 2594, 2595, -1,
      2587, 2595, 2589, -1,
      2589, 2595, 2596, -1,
      2589, 2596, 2591, -1,
      2591, 2596, 2597, -1,
      2591, 2597, 2593, -1,
      2593, 2597, 2598, -1,
      2593, 2598, 1385, -1,
      1385, 2598, 1387, -1,
      151, 150, 2594, -1,
      2594, 150, 2599, -1,
      2594, 2599, 2595, -1,
      2595, 2599, 2600, -1,
      2595, 2600, 2596, -1,
      2596, 2600, 2601, -1,
      2596, 2601, 2597, -1,
      2597, 2601, 2602, -1,
      2597, 2602, 2598, -1,
      2598, 2602, 2603, -1,
      2598, 2603, 1387, -1,
      1387, 2603, 1389, -1,
      150, 148, 2599, -1,
      2599, 148, 2604, -1,
      2599, 2604, 2600, -1,
      2600, 2604, 2605, -1,
      2600, 2605, 2601, -1,
      2601, 2605, 2606, -1,
      2601, 2606, 2602, -1,
      2602, 2606, 2607, -1,
      2602, 2607, 2603, -1,
      2603, 2607, 2608, -1,
      2603, 2608, 1389, -1,
      1389, 2608, 1391, -1,
      148, 147, 2604, -1,
      2604, 147, 2609, -1,
      2604, 2609, 2605, -1,
      2605, 2609, 2610, -1,
      2605, 2610, 2606, -1,
      2606, 2610, 2611, -1,
      2606, 2611, 2607, -1,
      2607, 2611, 2612, -1,
      2607, 2612, 2608, -1,
      2608, 2612, 2613, -1,
      2608, 2613, 1391, -1,
      1391, 2613, 1393, -1,
      147, 164, 2609, -1,
      2609, 164, 2553, -1,
      2609, 2553, 2610, -1,
      2610, 2553, 2552, -1,
      2610, 2552, 2611, -1,
      2611, 2552, 2551, -1,
      2611, 2551, 2612, -1,
      2612, 2551, 2550, -1,
      2612, 2550, 2613, -1,
      2613, 2550, 2549, -1,
      2613, 2549, 1393, -1,
      1393, 2549, 966, -1,
      1113, 1184, 2614, -1,
      2614, 1184, 2615, -1,
      2614, 2615, 2616, -1,
      2616, 2615, 2617, -1,
      2616, 2617, 2618, -1,
      2618, 2617, 2619, -1,
      2618, 2619, 2620, -1,
      2620, 2619, 2621, -1,
      2620, 2621, 2622, -1,
      2622, 2621, 2623, -1,
      2622, 2623, 174, -1,
      174, 2623, 181, -1,
      1184, 1182, 2615, -1,
      2615, 1182, 2624, -1,
      2615, 2624, 2617, -1,
      2617, 2624, 2625, -1,
      2617, 2625, 2619, -1,
      2619, 2625, 2626, -1,
      2619, 2626, 2621, -1,
      2621, 2626, 2627, -1,
      2621, 2627, 2623, -1,
      2623, 2627, 2628, -1,
      2623, 2628, 181, -1,
      181, 2628, 188, -1,
      1182, 1180, 2624, -1,
      2624, 1180, 2629, -1,
      2624, 2629, 2625, -1,
      2625, 2629, 2630, -1,
      2625, 2630, 2626, -1,
      2626, 2630, 2631, -1,
      2626, 2631, 2627, -1,
      2627, 2631, 2632, -1,
      2627, 2632, 2628, -1,
      2628, 2632, 2633, -1,
      2628, 2633, 188, -1,
      188, 2633, 187, -1,
      1180, 1178, 2629, -1,
      2629, 1178, 2634, -1,
      2629, 2634, 2630, -1,
      2630, 2634, 2635, -1,
      2630, 2635, 2631, -1,
      2631, 2635, 2636, -1,
      2631, 2636, 2632, -1,
      2632, 2636, 2637, -1,
      2632, 2637, 2633, -1,
      2633, 2637, 2638, -1,
      2633, 2638, 187, -1,
      187, 2638, 186, -1,
      1178, 1176, 2634, -1,
      2634, 1176, 2639, -1,
      2634, 2639, 2635, -1,
      2635, 2639, 2640, -1,
      2635, 2640, 2636, -1,
      2636, 2640, 2641, -1,
      2636, 2641, 2637, -1,
      2637, 2641, 2642, -1,
      2637, 2642, 2638, -1,
      2638, 2642, 2643, -1,
      2638, 2643, 186, -1,
      186, 2643, 189, -1,
      1176, 1175, 2639, -1,
      2639, 1175, 2558, -1,
      2639, 2558, 2640, -1,
      2640, 2558, 2560, -1,
      2640, 2560, 2641, -1,
      2641, 2560, 2562, -1,
      2641, 2562, 2642, -1,
      2642, 2562, 2564, -1,
      2642, 2564, 2643, -1,
      2643, 2564, 2566, -1,
      2643, 2566, 189, -1,
      189, 2566, 190, -1,
      176, 159, 2644, -1,
      2644, 159, 2645, -1,
      2644, 2645, 2646, -1,
      2646, 2645, 2647, -1,
      2646, 2647, 2648, -1,
      2648, 2647, 2649, -1,
      2648, 2649, 2650, -1,
      2650, 2649, 2651, -1,
      2650, 2651, 2652, -1,
      2652, 2651, 2653, -1,
      2652, 2653, 1115, -1,
      1115, 2653, 1402, -1,
      159, 169, 2645, -1,
      2645, 169, 2654, -1,
      2645, 2654, 2647, -1,
      2647, 2654, 2655, -1,
      2647, 2655, 2649, -1,
      2649, 2655, 2656, -1,
      2649, 2656, 2651, -1,
      2651, 2656, 2657, -1,
      2651, 2657, 2653, -1,
      2653, 2657, 2658, -1,
      2653, 2658, 1402, -1,
      1402, 2658, 1400, -1,
      169, 168, 2654, -1,
      2654, 168, 2659, -1,
      2654, 2659, 2655, -1,
      2655, 2659, 2660, -1,
      2655, 2660, 2656, -1,
      2656, 2660, 2661, -1,
      2656, 2661, 2657, -1,
      2657, 2661, 2662, -1,
      2657, 2662, 2658, -1,
      2658, 2662, 2663, -1,
      2658, 2663, 1400, -1,
      1400, 2663, 1398, -1,
      168, 173, 2659, -1,
      2659, 173, 2664, -1,
      2659, 2664, 2660, -1,
      2660, 2664, 2665, -1,
      2660, 2665, 2661, -1,
      2661, 2665, 2666, -1,
      2661, 2666, 2662, -1,
      2662, 2666, 2667, -1,
      2662, 2667, 2663, -1,
      2663, 2667, 2668, -1,
      2663, 2668, 1398, -1,
      1398, 2668, 1396, -1,
      173, 172, 2664, -1,
      2664, 172, 2669, -1,
      2664, 2669, 2665, -1,
      2665, 2669, 2670, -1,
      2665, 2670, 2666, -1,
      2666, 2670, 2671, -1,
      2666, 2671, 2667, -1,
      2667, 2671, 2672, -1,
      2667, 2672, 2668, -1,
      2668, 2672, 2673, -1,
      2668, 2673, 1396, -1,
      1396, 2673, 1394, -1,
      172, 171, 2669, -1,
      2669, 171, 2584, -1,
      2669, 2584, 2670, -1,
      2670, 2584, 2586, -1,
      2670, 2586, 2671, -1,
      2671, 2586, 2588, -1,
      2671, 2588, 2672, -1,
      2672, 2588, 2590, -1,
      2672, 2590, 2673, -1,
      2673, 2590, 2592, -1,
      2673, 2592, 1394, -1,
      1394, 2592, 1383, -1,
      174, 176, 2644, -1,
      174, 2644, 2622, -1,
      2622, 2644, 2646, -1,
      2622, 2646, 2620, -1,
      2620, 2646, 2648, -1,
      2620, 2648, 2618, -1,
      2618, 2648, 2650, -1,
      2618, 2650, 2616, -1,
      2616, 2650, 2652, -1,
      2616, 2652, 2614, -1,
      2614, 2652, 1115, -1,
      2614, 1115, 1113, -1,
      1236, 1238, 2674, -1,
      1236, 2674, 2675, -1,
      2675, 2674, 2676, -1,
      2675, 2676, 2677, -1,
      2677, 2676, 2678, -1,
      2677, 2678, 2679, -1,
      2679, 2678, 2680, -1,
      2679, 2680, 2681, -1,
      2681, 2680, 2682, -1,
      2681, 2682, 2683, -1,
      2683, 2682, 673, -1,
      2683, 673, 674, -1,
      1238, 1245, 2674, -1,
      2674, 1245, 2684, -1,
      2674, 2684, 2676, -1,
      2676, 2684, 2685, -1,
      2676, 2685, 2678, -1,
      2678, 2685, 2686, -1,
      2678, 2686, 2680, -1,
      2680, 2686, 2687, -1,
      2680, 2687, 2682, -1,
      2682, 2687, 2688, -1,
      2682, 2688, 673, -1,
      673, 2688, 682, -1,
      1245, 1247, 2684, -1,
      2684, 1247, 2689, -1,
      2684, 2689, 2685, -1,
      2685, 2689, 2690, -1,
      2685, 2690, 2686, -1,
      2686, 2690, 2691, -1,
      2686, 2691, 2687, -1,
      2687, 2691, 2692, -1,
      2687, 2692, 2688, -1,
      2688, 2692, 2693, -1,
      2688, 2693, 682, -1,
      682, 2693, 683, -1,
      1247, 1249, 2689, -1,
      2689, 1249, 2694, -1,
      2689, 2694, 2690, -1,
      2690, 2694, 2695, -1,
      2690, 2695, 2691, -1,
      2691, 2695, 2696, -1,
      2691, 2696, 2692, -1,
      2692, 2696, 2697, -1,
      2692, 2697, 2693, -1,
      2693, 2697, 2698, -1,
      2693, 2698, 683, -1,
      683, 2698, 685, -1,
      1249, 1251, 2694, -1,
      2694, 1251, 2699, -1,
      2694, 2699, 2695, -1,
      2695, 2699, 2700, -1,
      2695, 2700, 2696, -1,
      2696, 2700, 2701, -1,
      2696, 2701, 2697, -1,
      2697, 2701, 2702, -1,
      2697, 2702, 2698, -1,
      2698, 2702, 2703, -1,
      2698, 2703, 685, -1,
      685, 2703, 684, -1,
      1251, 1132, 2699, -1,
      2699, 1132, 2704, -1,
      2699, 2704, 2700, -1,
      2700, 2704, 2705, -1,
      2700, 2705, 2701, -1,
      2701, 2705, 2706, -1,
      2701, 2706, 2702, -1,
      2702, 2706, 2707, -1,
      2702, 2707, 2703, -1,
      2703, 2707, 2708, -1,
      2703, 2708, 684, -1,
      684, 2708, 651, -1,
      674, 675, 2683, -1,
      2683, 675, 2709, -1,
      2683, 2709, 2681, -1,
      2681, 2709, 2710, -1,
      2681, 2710, 2679, -1,
      2679, 2710, 2711, -1,
      2679, 2711, 2677, -1,
      2677, 2711, 2712, -1,
      2677, 2712, 2675, -1,
      2675, 2712, 2713, -1,
      2675, 2713, 1236, -1,
      1236, 2713, 1253, -1,
      675, 676, 2709, -1,
      2709, 676, 2714, -1,
      2709, 2714, 2710, -1,
      2710, 2714, 2715, -1,
      2710, 2715, 2711, -1,
      2711, 2715, 2716, -1,
      2711, 2716, 2712, -1,
      2712, 2716, 2717, -1,
      2712, 2717, 2713, -1,
      2713, 2717, 2718, -1,
      2713, 2718, 1253, -1,
      1253, 2718, 1255, -1,
      676, 649, 2714, -1,
      2714, 649, 2719, -1,
      2714, 2719, 2715, -1,
      2715, 2719, 2720, -1,
      2715, 2720, 2716, -1,
      2716, 2720, 2721, -1,
      2716, 2721, 2717, -1,
      2717, 2721, 2722, -1,
      2717, 2722, 2718, -1,
      2718, 2722, 2723, -1,
      2718, 2723, 1255, -1,
      1255, 2723, 1257, -1,
      649, 648, 2719, -1,
      2719, 648, 2724, -1,
      2719, 2724, 2720, -1,
      2720, 2724, 2725, -1,
      2720, 2725, 2721, -1,
      2721, 2725, 2726, -1,
      2721, 2726, 2722, -1,
      2722, 2726, 2727, -1,
      2722, 2727, 2723, -1,
      2723, 2727, 2728, -1,
      2723, 2728, 1257, -1,
      1257, 2728, 1259, -1,
      648, 686, 2724, -1,
      2724, 686, 2729, -1,
      2724, 2729, 2725, -1,
      2725, 2729, 2730, -1,
      2725, 2730, 2726, -1,
      2726, 2730, 2731, -1,
      2726, 2731, 2727, -1,
      2727, 2731, 2732, -1,
      2727, 2732, 2728, -1,
      2728, 2732, 2733, -1,
      2728, 2733, 1259, -1,
      1259, 2733, 1146, -1,
      1132, 1134, 2734, -1,
      1132, 2734, 2704, -1,
      2704, 2734, 2735, -1,
      2704, 2735, 2705, -1,
      2705, 2735, 2736, -1,
      2705, 2736, 2706, -1,
      2706, 2736, 2737, -1,
      2706, 2737, 2707, -1,
      2707, 2737, 2738, -1,
      2707, 2738, 2708, -1,
      2708, 2738, 652, -1,
      2708, 652, 651, -1,
      1144, 1146, 2733, -1,
      1144, 2733, 2739, -1,
      2739, 2733, 2732, -1,
      2739, 2732, 2740, -1,
      2740, 2732, 2731, -1,
      2740, 2731, 2741, -1,
      2741, 2731, 2730, -1,
      2741, 2730, 2742, -1,
      2742, 2730, 2729, -1,
      2742, 2729, 2743, -1,
      2743, 2729, 686, -1,
      2743, 686, 679, -1,
      658, 657, 2744, -1,
      2744, 657, 2745, -1,
      2744, 2745, 2746, -1,
      2746, 2745, 2747, -1,
      2746, 2747, 2748, -1,
      2748, 2747, 2749, -1,
      2748, 2749, 2750, -1,
      2750, 2749, 2751, -1,
      2750, 2751, 2752, -1,
      2752, 2751, 2753, -1,
      2752, 2753, 1338, -1,
      1338, 2753, 1351, -1,
      657, 656, 2745, -1,
      2745, 656, 2754, -1,
      2745, 2754, 2747, -1,
      2747, 2754, 2755, -1,
      2747, 2755, 2749, -1,
      2749, 2755, 2756, -1,
      2749, 2756, 2751, -1,
      2751, 2756, 2757, -1,
      2751, 2757, 2753, -1,
      2753, 2757, 2758, -1,
      2753, 2758, 1351, -1,
      1351, 2758, 1353, -1,
      656, 655, 2754, -1,
      2754, 655, 2759, -1,
      2754, 2759, 2755, -1,
      2755, 2759, 2760, -1,
      2755, 2760, 2756, -1,
      2756, 2760, 2761, -1,
      2756, 2761, 2757, -1,
      2757, 2761, 2762, -1,
      2757, 2762, 2758, -1,
      2758, 2762, 2763, -1,
      2758, 2763, 1353, -1,
      1353, 2763, 1355, -1,
      655, 654, 2759, -1,
      2759, 654, 2764, -1,
      2759, 2764, 2760, -1,
      2760, 2764, 2765, -1,
      2760, 2765, 2761, -1,
      2761, 2765, 2766, -1,
      2761, 2766, 2762, -1,
      2762, 2766, 2767, -1,
      2762, 2767, 2763, -1,
      2763, 2767, 2768, -1,
      2763, 2768, 1355, -1,
      1355, 2768, 1357, -1,
      654, 653, 2764, -1,
      2764, 653, 2769, -1,
      2764, 2769, 2765, -1,
      2765, 2769, 2770, -1,
      2765, 2770, 2766, -1,
      2766, 2770, 2771, -1,
      2766, 2771, 2767, -1,
      2767, 2771, 2772, -1,
      2767, 2772, 2768, -1,
      2768, 2772, 2773, -1,
      2768, 2773, 1357, -1,
      1357, 2773, 1359, -1,
      653, 652, 2769, -1,
      2769, 652, 2738, -1,
      2769, 2738, 2770, -1,
      2770, 2738, 2737, -1,
      2770, 2737, 2771, -1,
      2771, 2737, 2736, -1,
      2771, 2736, 2772, -1,
      2772, 2736, 2735, -1,
      2772, 2735, 2773, -1,
      2773, 2735, 2734, -1,
      2773, 2734, 1359, -1,
      1359, 2734, 1134, -1,
      1163, 1165, 2774, -1,
      2774, 1165, 2775, -1,
      2774, 2775, 2776, -1,
      2776, 2775, 2777, -1,
      2776, 2777, 2778, -1,
      2778, 2777, 2779, -1,
      2778, 2779, 2780, -1,
      2780, 2779, 2781, -1,
      2780, 2781, 2782, -1,
      2782, 2781, 2783, -1,
      2782, 2783, 689, -1,
      689, 2783, 690, -1,
      1165, 1167, 2775, -1,
      2775, 1167, 2784, -1,
      2775, 2784, 2777, -1,
      2777, 2784, 2785, -1,
      2777, 2785, 2779, -1,
      2779, 2785, 2786, -1,
      2779, 2786, 2781, -1,
      2781, 2786, 2787, -1,
      2781, 2787, 2783, -1,
      2783, 2787, 2788, -1,
      2783, 2788, 690, -1,
      690, 2788, 691, -1,
      1167, 1169, 2784, -1,
      2784, 1169, 2789, -1,
      2784, 2789, 2785, -1,
      2785, 2789, 2790, -1,
      2785, 2790, 2786, -1,
      2786, 2790, 2791, -1,
      2786, 2791, 2787, -1,
      2787, 2791, 2792, -1,
      2787, 2792, 2788, -1,
      2788, 2792, 2793, -1,
      2788, 2793, 691, -1,
      691, 2793, 692, -1,
      1169, 1171, 2789, -1,
      2789, 1171, 2794, -1,
      2789, 2794, 2790, -1,
      2790, 2794, 2795, -1,
      2790, 2795, 2791, -1,
      2791, 2795, 2796, -1,
      2791, 2796, 2792, -1,
      2792, 2796, 2797, -1,
      2792, 2797, 2793, -1,
      2793, 2797, 2798, -1,
      2793, 2798, 692, -1,
      692, 2798, 693, -1,
      1171, 1173, 2794, -1,
      2794, 1173, 2799, -1,
      2794, 2799, 2795, -1,
      2795, 2799, 2800, -1,
      2795, 2800, 2796, -1,
      2796, 2800, 2801, -1,
      2796, 2801, 2797, -1,
      2797, 2801, 2802, -1,
      2797, 2802, 2798, -1,
      2798, 2802, 2803, -1,
      2798, 2803, 693, -1,
      693, 2803, 694, -1,
      1173, 1144, 2799, -1,
      2799, 1144, 2739, -1,
      2799, 2739, 2800, -1,
      2800, 2739, 2740, -1,
      2800, 2740, 2801, -1,
      2801, 2740, 2741, -1,
      2801, 2741, 2802, -1,
      2802, 2741, 2742, -1,
      2802, 2742, 2803, -1,
      2803, 2742, 2743, -1,
      2803, 2743, 694, -1,
      694, 2743, 679, -1,
      664, 665, 2804, -1,
      2804, 665, 2805, -1,
      2804, 2805, 2806, -1,
      2806, 2805, 2807, -1,
      2806, 2807, 2808, -1,
      2808, 2807, 2809, -1,
      2808, 2809, 2810, -1,
      2810, 2809, 2811, -1,
      2810, 2811, 2812, -1,
      2812, 2811, 2813, -1,
      2812, 2813, 1040, -1,
      1040, 2813, 1348, -1,
      665, 646, 2805, -1,
      2805, 646, 2814, -1,
      2805, 2814, 2807, -1,
      2807, 2814, 2815, -1,
      2807, 2815, 2809, -1,
      2809, 2815, 2816, -1,
      2809, 2816, 2811, -1,
      2811, 2816, 2817, -1,
      2811, 2817, 2813, -1,
      2813, 2817, 2818, -1,
      2813, 2818, 1348, -1,
      1348, 2818, 1346, -1,
      646, 645, 2814, -1,
      2814, 645, 2819, -1,
      2814, 2819, 2815, -1,
      2815, 2819, 2820, -1,
      2815, 2820, 2816, -1,
      2816, 2820, 2821, -1,
      2816, 2821, 2817, -1,
      2817, 2821, 2822, -1,
      2817, 2822, 2818, -1,
      2818, 2822, 2823, -1,
      2818, 2823, 1346, -1,
      1346, 2823, 1344, -1,
      645, 638, 2819, -1,
      2819, 638, 2824, -1,
      2819, 2824, 2820, -1,
      2820, 2824, 2825, -1,
      2820, 2825, 2821, -1,
      2821, 2825, 2826, -1,
      2821, 2826, 2822, -1,
      2822, 2826, 2827, -1,
      2822, 2827, 2823, -1,
      2823, 2827, 2828, -1,
      2823, 2828, 1344, -1,
      1344, 2828, 1342, -1,
      638, 637, 2824, -1,
      2824, 637, 2829, -1,
      2824, 2829, 2825, -1,
      2825, 2829, 2830, -1,
      2825, 2830, 2826, -1,
      2826, 2830, 2831, -1,
      2826, 2831, 2827, -1,
      2827, 2831, 2832, -1,
      2827, 2832, 2828, -1,
      2828, 2832, 2833, -1,
      2828, 2833, 1342, -1,
      1342, 2833, 1340, -1,
      637, 658, 2829, -1,
      2829, 658, 2744, -1,
      2829, 2744, 2830, -1,
      2830, 2744, 2746, -1,
      2830, 2746, 2831, -1,
      2831, 2746, 2748, -1,
      2831, 2748, 2832, -1,
      2832, 2748, 2750, -1,
      2832, 2750, 2833, -1,
      2833, 2750, 2752, -1,
      2833, 2752, 1340, -1,
      1340, 2752, 1338, -1,
      1130, 1153, 2834, -1,
      2834, 1153, 2835, -1,
      2834, 2835, 2836, -1,
      2836, 2835, 2837, -1,
      2837, 2835, 2838, -1,
      2837, 2838, 2839, -1,
      2839, 2838, 2840, -1,
      2840, 2838, 2841, -1,
      2840, 2841, 2842, -1,
      2842, 2841, 2843, -1,
      2843, 2841, 2844, -1,
      2843, 2844, 2845, -1,
      2845, 2844, 2846, -1,
      2846, 2844, 2847, -1,
      2846, 2847, 2848, -1,
      2848, 2847, 2849, -1,
      2849, 2847, 688, -1,
      2849, 688, 687, -1,
      1153, 1155, 2835, -1,
      2835, 1155, 2850, -1,
      2835, 2850, 2838, -1,
      2838, 2850, 2851, -1,
      2838, 2851, 2841, -1,
      2841, 2851, 2852, -1,
      2841, 2852, 2844, -1,
      2844, 2852, 2853, -1,
      2844, 2853, 2847, -1,
      2847, 2853, 2854, -1,
      2847, 2854, 688, -1,
      688, 2854, 677, -1,
      1155, 1157, 2850, -1,
      2850, 1157, 2855, -1,
      2850, 2855, 2851, -1,
      2851, 2855, 2856, -1,
      2851, 2856, 2852, -1,
      2852, 2856, 2857, -1,
      2852, 2857, 2853, -1,
      2853, 2857, 2858, -1,
      2853, 2858, 2854, -1,
      2854, 2858, 2859, -1,
      2854, 2859, 677, -1,
      677, 2859, 678, -1,
      1157, 1159, 2855, -1,
      2855, 1159, 2860, -1,
      2855, 2860, 2856, -1,
      2856, 2860, 2861, -1,
      2856, 2861, 2857, -1,
      2857, 2861, 2862, -1,
      2857, 2862, 2858, -1,
      2858, 2862, 2863, -1,
      2858, 2863, 2859, -1,
      2859, 2863, 2864, -1,
      2859, 2864, 678, -1,
      678, 2864, 680, -1,
      1159, 1161, 2860, -1,
      2860, 1161, 2865, -1,
      2860, 2865, 2861, -1,
      2861, 2865, 2866, -1,
      2861, 2866, 2862, -1,
      2862, 2866, 2867, -1,
      2862, 2867, 2863, -1,
      2863, 2867, 2868, -1,
      2863, 2868, 2864, -1,
      2864, 2868, 2869, -1,
      2864, 2869, 680, -1,
      680, 2869, 681, -1,
      1161, 1163, 2865, -1,
      2865, 1163, 2774, -1,
      2865, 2774, 2866, -1,
      2866, 2774, 2776, -1,
      2866, 2776, 2867, -1,
      2867, 2776, 2778, -1,
      2867, 2778, 2868, -1,
      2868, 2778, 2780, -1,
      2868, 2780, 2869, -1,
      2869, 2780, 2782, -1,
      2869, 2782, 681, -1,
      681, 2782, 689, -1,
      1040, 1042, 2870, -1,
      1040, 2870, 2812, -1,
      2812, 2870, 2871, -1,
      2812, 2871, 2810, -1,
      2810, 2871, 2872, -1,
      2810, 2872, 2808, -1,
      2808, 2872, 2873, -1,
      2808, 2873, 2806, -1,
      2806, 2873, 2874, -1,
      2806, 2874, 2804, -1,
      2804, 2874, 301, -1,
      2804, 301, 664, -1,
      650, 2875, 687, -1,
      687, 2875, 2849, -1,
      2849, 2875, 2848, -1,
      2848, 2875, 2876, -1,
      2848, 2876, 2846, -1,
      2846, 2876, 2877, -1,
      2846, 2877, 2845, -1,
      2845, 2877, 2878, -1,
      2845, 2878, 2843, -1,
      2843, 2878, 2879, -1,
      2843, 2879, 2842, -1,
      2842, 2879, 2880, -1,
      2842, 2880, 2840, -1,
      2840, 2880, 2881, -1,
      2840, 2881, 2839, -1,
      2839, 2881, 2882, -1,
      2839, 2882, 2837, -1,
      2837, 2882, 2883, -1,
      2837, 2883, 2836, -1,
      2836, 2883, 2884, -1,
      2836, 2884, 2834, -1,
      2884, 2885, 2834, -1,
      2834, 2885, 1128, -1,
      2834, 1128, 1130, -1,
      1057, 2886, 2887, -1,
      2886, 2888, 2889, -1,
      2888, 2890, 2891, -1,
      2890, 2892, 2893, -1,
      2892, 2894, 2895, -1,
      2894, 11, 273, -1,
      2894, 273, 2895, -1,
      2895, 273, 275, -1,
      2895, 275, 2896, -1,
      283, 2897, 2898, -1,
      275, 277, 2896, -1,
      2896, 277, 279, -1,
      2896, 279, 2898, -1,
      2898, 279, 281, -1,
      2898, 281, 283, -1,
      283, 285, 2897, -1,
      2897, 285, 287, -1,
      2897, 287, 2899, -1,
      2899, 287, 289, -1,
      2899, 289, 2900, -1,
      297, 2901, 2902, -1,
      289, 291, 2900, -1,
      2900, 291, 293, -1,
      2900, 293, 2902, -1,
      2902, 293, 295, -1,
      2902, 295, 297, -1,
      297, 299, 2901, -1,
      2901, 299, 301, -1,
      2901, 301, 2874, -1,
      2892, 2895, 2893, -1,
      2893, 2895, 2896, -1,
      2893, 2896, 2903, -1,
      2903, 2896, 2898, -1,
      2903, 2898, 2904, -1,
      2904, 2898, 2897, -1,
      2904, 2897, 2905, -1,
      2905, 2897, 2899, -1,
      2905, 2899, 2906, -1,
      2906, 2899, 2900, -1,
      2906, 2900, 2907, -1,
      2907, 2900, 2902, -1,
      2907, 2902, 2908, -1,
      2908, 2902, 2901, -1,
      2908, 2901, 2909, -1,
      2909, 2901, 2874, -1,
      2909, 2874, 2873, -1,
      2890, 2893, 2891, -1,
      2891, 2893, 2903, -1,
      2891, 2903, 2910, -1,
      2910, 2903, 2904, -1,
      2910, 2904, 2911, -1,
      2911, 2904, 2905, -1,
      2911, 2905, 2912, -1,
      2912, 2905, 2906, -1,
      2912, 2906, 2913, -1,
      2913, 2906, 2907, -1,
      2913, 2907, 2914, -1,
      2914, 2907, 2908, -1,
      2914, 2908, 2915, -1,
      2915, 2908, 2909, -1,
      2915, 2909, 2916, -1,
      2916, 2909, 2873, -1,
      2916, 2873, 2872, -1,
      2888, 2891, 2889, -1,
      2889, 2891, 2910, -1,
      2889, 2910, 2917, -1,
      2917, 2910, 2911, -1,
      2917, 2911, 2918, -1,
      2918, 2911, 2912, -1,
      2918, 2912, 2919, -1,
      2919, 2912, 2913, -1,
      2919, 2913, 2920, -1,
      2920, 2913, 2914, -1,
      2920, 2914, 2921, -1,
      2921, 2914, 2915, -1,
      2921, 2915, 2922, -1,
      2922, 2915, 2916, -1,
      2922, 2916, 2923, -1,
      2923, 2916, 2872, -1,
      2923, 2872, 2871, -1,
      2886, 2889, 2887, -1,
      2887, 2889, 2917, -1,
      2887, 2917, 2924, -1,
      2924, 2917, 2918, -1,
      2924, 2918, 2925, -1,
      2925, 2918, 2919, -1,
      2925, 2919, 2926, -1,
      2926, 2919, 2920, -1,
      2926, 2920, 2927, -1,
      2927, 2920, 2921, -1,
      2927, 2921, 2928, -1,
      2928, 2921, 2922, -1,
      2928, 2922, 2929, -1,
      2929, 2922, 2923, -1,
      2929, 2923, 2930, -1,
      2930, 2923, 2871, -1,
      2930, 2871, 2870, -1,
      1057, 2887, 1059, -1,
      1059, 2887, 2924, -1,
      1059, 2924, 1061, -1,
      1061, 2924, 2925, -1,
      1061, 2925, 1062, -1,
      1062, 2925, 2926, -1,
      1062, 2926, 1052, -1,
      1052, 2926, 2927, -1,
      1052, 2927, 1050, -1,
      1050, 2927, 2928, -1,
      1050, 2928, 1048, -1,
      1048, 2928, 2929, -1,
      1048, 2929, 1046, -1,
      1046, 2929, 2930, -1,
      1046, 2930, 1044, -1,
      1044, 2930, 2870, -1,
      1044, 2870, 1042, -1,
      650, 641, 2875, -1,
      2875, 641, 2931, -1,
      2875, 2931, 2876, -1,
      2876, 2931, 2877, -1,
      2877, 2931, 2932, -1,
      2877, 2932, 2878, -1,
      2878, 2932, 2879, -1,
      2879, 2932, 2933, -1,
      2879, 2933, 2880, -1,
      2880, 2933, 2881, -1,
      2881, 2933, 2934, -1,
      2881, 2934, 2882, -1,
      2882, 2934, 2883, -1,
      2883, 2934, 2935, -1,
      2883, 2935, 2884, -1,
      2884, 2935, 2885, -1,
      2885, 2935, 1336, -1,
      2885, 1336, 1128, -1,
      641, 640, 2931, -1,
      2931, 640, 2936, -1,
      2931, 2936, 2932, -1,
      2932, 2936, 2937, -1,
      2932, 2937, 2933, -1,
      2933, 2937, 2938, -1,
      2933, 2938, 2934, -1,
      2934, 2938, 2939, -1,
      2934, 2939, 2935, -1,
      2935, 2939, 2940, -1,
      2935, 2940, 1336, -1,
      1336, 2940, 1334, -1,
      640, 639, 2936, -1,
      2936, 639, 2941, -1,
      2936, 2941, 2937, -1,
      2937, 2941, 2942, -1,
      2937, 2942, 2938, -1,
      2938, 2942, 2943, -1,
      2938, 2943, 2939, -1,
      2939, 2943, 2944, -1,
      2939, 2944, 2940, -1,
      2940, 2944, 2945, -1,
      2940, 2945, 1334, -1,
      1334, 2945, 1332, -1,
      639, 636, 2941, -1,
      2941, 636, 2946, -1,
      2941, 2946, 2942, -1,
      2942, 2946, 2947, -1,
      2942, 2947, 2943, -1,
      2943, 2947, 2948, -1,
      2943, 2948, 2944, -1,
      2944, 2948, 2949, -1,
      2944, 2949, 2945, -1,
      2945, 2949, 2950, -1,
      2945, 2950, 1332, -1,
      1332, 2950, 1330, -1,
      636, 635, 2946, -1,
      2946, 635, 2951, -1,
      2946, 2951, 2947, -1,
      2947, 2951, 2952, -1,
      2947, 2952, 2948, -1,
      2948, 2952, 2953, -1,
      2948, 2953, 2949, -1,
      2949, 2953, 2954, -1,
      2949, 2954, 2950, -1,
      2950, 2954, 2955, -1,
      2950, 2955, 1330, -1,
      1330, 2955, 1328, -1,
      635, 633, 2951, -1,
      2951, 633, 2956, -1,
      2951, 2956, 2952, -1,
      2952, 2956, 2957, -1,
      2952, 2957, 2953, -1,
      2953, 2957, 2958, -1,
      2953, 2958, 2954, -1,
      2954, 2958, 2959, -1,
      2954, 2959, 2955, -1,
      2955, 2959, 2960, -1,
      2955, 2960, 1328, -1,
      1328, 2960, 1317, -1,
      1057, 1055, 2961, -1,
      1057, 2961, 2886, -1,
      2886, 2961, 2962, -1,
      2886, 2962, 2888, -1,
      2888, 2962, 2963, -1,
      2888, 2963, 2890, -1,
      2890, 2963, 2964, -1,
      2890, 2964, 2892, -1,
      2892, 2964, 2965, -1,
      2892, 2965, 2894, -1,
      2894, 2965, 12, -1,
      2894, 12, 11, -1,
      633, 632, 2956, -1,
      2956, 632, 2966, -1,
      2956, 2966, 2957, -1,
      2957, 2966, 2967, -1,
      2957, 2967, 2958, -1,
      2958, 2967, 2968, -1,
      2958, 2968, 2959, -1,
      2959, 2968, 2969, -1,
      2959, 2969, 2960, -1,
      2960, 2969, 2970, -1,
      2960, 2970, 1317, -1,
      1317, 2970, 1319, -1,
      632, 631, 2966, -1,
      2966, 631, 2971, -1,
      2966, 2971, 2967, -1,
      2967, 2971, 2972, -1,
      2967, 2972, 2968, -1,
      2968, 2972, 2973, -1,
      2968, 2973, 2969, -1,
      2969, 2973, 2974, -1,
      2969, 2974, 2970, -1,
      2970, 2974, 2975, -1,
      2970, 2975, 1319, -1,
      1319, 2975, 1321, -1,
      631, 630, 2971, -1,
      2971, 630, 2976, -1,
      2971, 2976, 2972, -1,
      2972, 2976, 2977, -1,
      2972, 2977, 2973, -1,
      2973, 2977, 2978, -1,
      2973, 2978, 2974, -1,
      2974, 2978, 2979, -1,
      2974, 2979, 2975, -1,
      2975, 2979, 2980, -1,
      2975, 2980, 1321, -1,
      1321, 2980, 1323, -1,
      630, 628, 2976, -1,
      2976, 628, 2981, -1,
      2976, 2981, 2977, -1,
      2977, 2981, 2982, -1,
      2977, 2982, 2978, -1,
      2978, 2982, 2983, -1,
      2978, 2983, 2979, -1,
      2979, 2983, 2984, -1,
      2979, 2984, 2980, -1,
      2980, 2984, 2985, -1,
      2980, 2985, 1323, -1,
      1323, 2985, 1325, -1,
      628, 627, 2981, -1,
      2981, 627, 2986, -1,
      2981, 2986, 2982, -1,
      2982, 2986, 2987, -1,
      2982, 2987, 2983, -1,
      2983, 2987, 2988, -1,
      2983, 2988, 2984, -1,
      2984, 2988, 2989, -1,
      2984, 2989, 2985, -1,
      2985, 2989, 2990, -1,
      2985, 2990, 1325, -1,
      1325, 2990, 1327, -1,
      627, 642, 2986, -1,
      2986, 642, 2991, -1,
      2986, 2991, 2987, -1,
      2987, 2991, 2992, -1,
      2987, 2992, 2988, -1,
      2988, 2992, 2993, -1,
      2988, 2993, 2989, -1,
      2989, 2993, 2994, -1,
      2989, 2994, 2990, -1,
      2990, 2994, 2995, -1,
      2990, 2995, 1327, -1,
      1327, 2995, 1104, -1,
      1055, 1074, 2961, -1,
      2961, 1074, 2996, -1,
      2961, 2996, 2962, -1,
      2962, 2996, 2997, -1,
      2962, 2997, 2963, -1,
      2963, 2997, 2998, -1,
      2963, 2998, 2964, -1,
      2964, 2998, 2999, -1,
      2964, 2999, 2965, -1,
      2965, 2999, 3000, -1,
      2965, 3000, 12, -1,
      12, 3000, 15, -1,
      1074, 1072, 2996, -1,
      2996, 1072, 3001, -1,
      2996, 3001, 2997, -1,
      2997, 3001, 3002, -1,
      2997, 3002, 2998, -1,
      2998, 3002, 3003, -1,
      2998, 3003, 2999, -1,
      2999, 3003, 3004, -1,
      2999, 3004, 3000, -1,
      3000, 3004, 3005, -1,
      3000, 3005, 15, -1,
      15, 3005, 13, -1,
      1072, 1070, 3001, -1,
      3001, 1070, 3006, -1,
      3001, 3006, 3002, -1,
      3002, 3006, 3007, -1,
      3002, 3007, 3003, -1,
      3003, 3007, 3008, -1,
      3003, 3008, 3004, -1,
      3004, 3008, 3009, -1,
      3004, 3009, 3005, -1,
      3005, 3009, 3010, -1,
      3005, 3010, 13, -1,
      13, 3010, 14, -1,
      1070, 1068, 3006, -1,
      3006, 1068, 3011, -1,
      3006, 3011, 3007, -1,
      3007, 3011, 3012, -1,
      3007, 3012, 3008, -1,
      3008, 3012, 3013, -1,
      3008, 3013, 3009, -1,
      3009, 3013, 3014, -1,
      3009, 3014, 3010, -1,
      3010, 3014, 3015, -1,
      3010, 3015, 14, -1,
      14, 3015, 16, -1,
      1068, 1066, 3011, -1,
      3011, 1066, 3016, -1,
      3011, 3016, 3012, -1,
      3012, 3016, 3017, -1,
      3012, 3017, 3013, -1,
      3013, 3017, 3018, -1,
      3013, 3018, 3014, -1,
      3014, 3018, 3019, -1,
      3014, 3019, 3015, -1,
      3015, 3019, 3020, -1,
      3015, 3020, 16, -1,
      16, 3020, 17, -1,
      1066, 1064, 3016, -1,
      3016, 1064, 3021, -1,
      3016, 3021, 3017, -1,
      3017, 3021, 3022, -1,
      3017, 3022, 3018, -1,
      3018, 3022, 3023, -1,
      3018, 3023, 3019, -1,
      3019, 3023, 3024, -1,
      3019, 3024, 3020, -1,
      3020, 3024, 3025, -1,
      3020, 3025, 17, -1,
      17, 3025, 18, -1,
      1106, 1104, 2995, -1,
      1106, 2995, 3026, -1,
      3026, 2995, 2994, -1,
      3026, 2994, 3027, -1,
      3027, 2994, 2993, -1,
      3027, 2993, 3028, -1,
      3028, 2993, 2992, -1,
      3028, 2992, 3029, -1,
      3029, 2992, 2991, -1,
      3029, 2991, 3030, -1,
      3030, 2991, 642, -1,
      3030, 642, 644, -1,
      1064, 1075, 3031, -1,
      1064, 3031, 3021, -1,
      3021, 3031, 3032, -1,
      3021, 3032, 3022, -1,
      3022, 3032, 3033, -1,
      3022, 3033, 3023, -1,
      3023, 3033, 3034, -1,
      3023, 3034, 3024, -1,
      3024, 3034, 3035, -1,
      3024, 3035, 3025, -1,
      3025, 3035, 8, -1,
      3025, 8, 18, -1,
      1106, 3026, 3036, -1,
      3026, 3027, 3037, -1,
      3027, 3028, 3038, -1,
      3028, 3029, 3039, -1,
      3029, 3030, 3040, -1,
      3030, 644, 765, -1,
      3030, 765, 3040, -1,
      3040, 765, 763, -1,
      3040, 763, 3041, -1,
      755, 3042, 3043, -1,
      763, 761, 3041, -1,
      3041, 761, 759, -1,
      3041, 759, 3043, -1,
      3043, 759, 757, -1,
      3043, 757, 755, -1,
      755, 753, 3042, -1,
      3042, 753, 751, -1,
      3042, 751, 3044, -1,
      3044, 751, 749, -1,
      3044, 749, 3045, -1,
      741, 3046, 3047, -1,
      749, 747, 3045, -1,
      3045, 747, 745, -1,
      3045, 745, 3047, -1,
      3047, 745, 743, -1,
      3047, 743, 741, -1,
      741, 739, 3046, -1,
      3046, 739, 7, -1,
      3046, 7, 3048, -1,
      3029, 3040, 3039, -1,
      3039, 3040, 3041, -1,
      3039, 3041, 3049, -1,
      3049, 3041, 3043, -1,
      3049, 3043, 3050, -1,
      3050, 3043, 3042, -1,
      3050, 3042, 3051, -1,
      3051, 3042, 3044, -1,
      3051, 3044, 3052, -1,
      3052, 3044, 3045, -1,
      3052, 3045, 3053, -1,
      3053, 3045, 3047, -1,
      3053, 3047, 3054, -1,
      3054, 3047, 3046, -1,
      3054, 3046, 3055, -1,
      3055, 3046, 3048, -1,
      3055, 3048, 3056, -1,
      3028, 3039, 3038, -1,
      3038, 3039, 3049, -1,
      3038, 3049, 3057, -1,
      3057, 3049, 3050, -1,
      3057, 3050, 3058, -1,
      3058, 3050, 3051, -1,
      3058, 3051, 3059, -1,
      3059, 3051, 3052, -1,
      3059, 3052, 3060, -1,
      3060, 3052, 3053, -1,
      3060, 3053, 3061, -1,
      3061, 3053, 3054, -1,
      3061, 3054, 3062, -1,
      3062, 3054, 3055, -1,
      3062, 3055, 3063, -1,
      3063, 3055, 3056, -1,
      3063, 3056, 3064, -1,
      3027, 3038, 3037, -1,
      3037, 3038, 3057, -1,
      3037, 3057, 3065, -1,
      3065, 3057, 3058, -1,
      3065, 3058, 3066, -1,
      3066, 3058, 3059, -1,
      3066, 3059, 3067, -1,
      3067, 3059, 3060, -1,
      3067, 3060, 3068, -1,
      3068, 3060, 3061, -1,
      3068, 3061, 3069, -1,
      3069, 3061, 3062, -1,
      3069, 3062, 3070, -1,
      3070, 3062, 3063, -1,
      3070, 3063, 3071, -1,
      3071, 3063, 3064, -1,
      3071, 3064, 3072, -1,
      3026, 3037, 3036, -1,
      3036, 3037, 3065, -1,
      3036, 3065, 3073, -1,
      3073, 3065, 3066, -1,
      3073, 3066, 3074, -1,
      3074, 3066, 3067, -1,
      3074, 3067, 3075, -1,
      3075, 3067, 3068, -1,
      3075, 3068, 3076, -1,
      3076, 3068, 3069, -1,
      3076, 3069, 3077, -1,
      3077, 3069, 3070, -1,
      3077, 3070, 3078, -1,
      3078, 3070, 3071, -1,
      3078, 3071, 3079, -1,
      3079, 3071, 3072, -1,
      3079, 3072, 3080, -1,
      1106, 3036, 1108, -1,
      1108, 3036, 3073, -1,
      1108, 3073, 1110, -1,
      1110, 3073, 3074, -1,
      1110, 3074, 1111, -1,
      1111, 3074, 3075, -1,
      1111, 3075, 1092, -1,
      1092, 3075, 3076, -1,
      1092, 3076, 1094, -1,
      1094, 3076, 3077, -1,
      1094, 3077, 1096, -1,
      1096, 3077, 3078, -1,
      1096, 3078, 1098, -1,
      1098, 3078, 3079, -1,
      1098, 3079, 1100, -1,
      1100, 3079, 3080, -1,
      1100, 3080, 1102, -1,
      8, 3035, 3081, -1,
      3035, 3034, 3082, -1,
      3034, 3033, 3083, -1,
      3033, 3032, 3084, -1,
      3032, 3031, 3085, -1,
      3031, 1075, 1090, -1,
      3031, 1090, 3085, -1,
      3085, 1090, 1088, -1,
      3085, 1088, 3086, -1,
      3086, 1088, 1086, -1,
      3086, 1086, 3087, -1,
      3087, 1086, 1084, -1,
      3087, 1084, 3088, -1,
      3088, 1084, 1082, -1,
      3088, 1082, 3089, -1,
      3089, 1082, 1080, -1,
      3089, 1080, 3090, -1,
      3090, 1080, 1078, -1,
      3090, 1078, 3091, -1,
      3032, 3085, 3084, -1,
      3084, 3085, 3086, -1,
      3084, 3086, 3092, -1,
      3092, 3086, 3087, -1,
      3092, 3087, 3093, -1,
      3093, 3087, 3088, -1,
      3093, 3088, 3094, -1,
      3094, 3088, 3089, -1,
      3094, 3089, 3095, -1,
      3095, 3089, 3090, -1,
      3095, 3090, 3096, -1,
      3096, 3090, 3091, -1,
      3096, 3091, 3097, -1,
      3033, 3084, 3083, -1,
      3083, 3084, 3092, -1,
      3083, 3092, 3098, -1,
      3098, 3092, 3093, -1,
      3098, 3093, 3099, -1,
      3099, 3093, 3094, -1,
      3099, 3094, 3100, -1,
      3100, 3094, 3095, -1,
      3100, 3095, 3101, -1,
      3101, 3095, 3096, -1,
      3101, 3096, 3102, -1,
      3102, 3096, 3097, -1,
      3102, 3097, 3103, -1,
      3034, 3083, 3082, -1,
      3082, 3083, 3098, -1,
      3082, 3098, 3104, -1,
      3104, 3098, 3099, -1,
      3104, 3099, 3105, -1,
      3105, 3099, 3100, -1,
      3105, 3100, 3106, -1,
      3106, 3100, 3101, -1,
      3106, 3101, 3107, -1,
      3107, 3101, 3102, -1,
      3107, 3102, 3108, -1,
      3108, 3102, 3103, -1,
      3108, 3103, 3109, -1,
      3035, 3082, 3081, -1,
      3081, 3082, 3104, -1,
      3081, 3104, 3110, -1,
      3110, 3104, 3105, -1,
      3110, 3105, 3111, -1,
      3111, 3105, 3106, -1,
      3111, 3106, 3112, -1,
      3112, 3106, 3107, -1,
      3112, 3107, 3113, -1,
      3113, 3107, 3108, -1,
      3113, 3108, 3114, -1,
      3114, 3108, 3109, -1,
      3114, 3109, 3115, -1,
      8, 3081, 9, -1,
      9, 3081, 3110, -1,
      9, 3110, 3, -1,
      3, 3110, 3111, -1,
      3, 3111, 4, -1,
      4, 3111, 3112, -1,
      4, 3112, 0, -1,
      0, 3112, 3113, -1,
      0, 3113, 1, -1,
      1, 3113, 3114, -1,
      1, 3114, 5, -1,
      5, 3114, 3115, -1,
      5, 3115, 6, -1,
      1078, 1102, 3080, -1,
      1078, 3080, 3091, -1,
      3091, 3080, 3072, -1,
      3091, 3072, 3097, -1,
      3097, 3072, 3064, -1,
      3097, 3064, 3103, -1,
      3103, 3064, 3056, -1,
      3103, 3056, 3109, -1,
      3109, 3056, 3048, -1,
      3109, 3048, 3115, -1,
      3115, 3048, 7, -1,
      3115, 7, 6, -1,
      1056, 3116, 1054, -1,
      1054, 3116, 3117, -1,
      3117, 3116, 3118, -1,
      3118, 3116, 3119, -1,
      3118, 3119, 3120, -1,
      3120, 3119, 3121, -1,
      3120, 3121, 3122, -1,
      3122, 3121, 3123, -1,
      3122, 3123, 3124, -1,
      3124, 3123, 3125, -1,
      3124, 3125, 3126, -1,
      3126, 3125, 3127, -1,
      3126, 3127, 3128, -1,
      3128, 3127, 3129, -1,
      3128, 3129, 3130, -1,
      3130, 3129, 3131, -1,
      3130, 3131, 3132, -1,
      3132, 3131, 3133, -1,
      3132, 3133, 3134, -1,
      3134, 3133, 3135, -1,
      3134, 3135, 3136, -1,
      3135, 3137, 3136, -1,
      3136, 3137, 212, -1,
      3136, 212, 201, -1,
      201, 200, 3136, -1,
      3136, 200, 3138, -1,
      210, 232, 3139, -1,
      210, 3139, 3140, -1,
      3141, 3132, 3138, -1,
      3138, 3132, 3134, -1,
      3138, 3134, 3136, -1,
      3139, 3142, 3140, -1,
      3140, 3142, 3143, -1,
      3140, 3143, 3144, -1,
      3145, 3128, 3141, -1,
      3141, 3128, 3130, -1,
      3141, 3130, 3132, -1,
      3143, 3146, 3144, -1,
      3144, 3146, 3147, -1,
      3144, 3147, 3148, -1,
      3149, 3124, 3145, -1,
      3145, 3124, 3126, -1,
      3145, 3126, 3128, -1,
      3147, 3150, 3148, -1,
      3148, 3150, 3151, -1,
      3148, 3151, 3152, -1,
      3117, 3118, 3153, -1,
      3153, 3118, 3120, -1,
      3153, 3120, 3149, -1,
      3149, 3120, 3122, -1,
      3149, 3122, 3124, -1,
      200, 214, 3138, -1,
      3138, 214, 3154, -1,
      3138, 3154, 3141, -1,
      3141, 3154, 3155, -1,
      3141, 3155, 3145, -1,
      3145, 3155, 3156, -1,
      3145, 3156, 3149, -1,
      3149, 3156, 3157, -1,
      3149, 3157, 3153, -1,
      3153, 3157, 3158, -1,
      214, 213, 3154, -1,
      3154, 213, 3159, -1,
      3154, 3159, 3155, -1,
      3155, 3159, 3160, -1,
      3155, 3160, 3156, -1,
      3156, 3160, 3161, -1,
      3156, 3161, 3157, -1,
      3157, 3161, 3162, -1,
      3157, 3162, 3158, -1,
      3158, 3162, 3163, -1,
      213, 211, 3159, -1,
      3159, 211, 3164, -1,
      3159, 3164, 3160, -1,
      3160, 3164, 3165, -1,
      3160, 3165, 3161, -1,
      3161, 3165, 3166, -1,
      3161, 3166, 3162, -1,
      3162, 3166, 3167, -1,
      3162, 3167, 3163, -1,
      3163, 3167, 3168, -1,
      211, 210, 3164, -1,
      3164, 210, 3140, -1,
      3164, 3140, 3165, -1,
      3165, 3140, 3144, -1,
      3165, 3144, 3166, -1,
      3166, 3144, 3148, -1,
      3166, 3148, 3167, -1,
      3167, 3148, 3152, -1,
      3167, 3152, 3168, -1,
      3168, 3152, 3169, -1,
      1073, 1054, 3117, -1,
      3151, 3170, 3152, -1,
      3152, 3170, 3171, -1,
      3152, 3171, 3169, -1,
      3169, 3171, 3172, -1,
      3169, 3172, 3173, -1,
      3117, 3153, 1073, -1,
      1073, 3153, 3158, -1,
      1073, 3158, 1071, -1,
      1071, 3158, 3163, -1,
      1071, 3163, 1069, -1,
      1069, 3163, 3168, -1,
      1069, 3168, 1067, -1,
      1067, 3168, 3169, -1,
      1067, 3169, 1065, -1,
      1065, 3169, 3173, -1,
      1065, 3173, 1063, -1,
      326, 324, 3174, -1,
      322, 320, 3175, -1,
      318, 316, 3176, -1,
      314, 312, 3177, -1,
      310, 308, 3178, -1,
      1056, 1058, 3116, -1,
      3116, 1058, 3179, -1,
      3116, 3179, 3119, -1,
      3119, 3179, 3121, -1,
      3121, 3179, 3180, -1,
      3121, 3180, 3123, -1,
      3123, 3180, 3125, -1,
      3125, 3180, 3181, -1,
      3125, 3181, 3127, -1,
      3127, 3181, 3129, -1,
      3129, 3181, 3182, -1,
      3129, 3182, 3131, -1,
      3131, 3182, 3133, -1,
      3133, 3182, 3183, -1,
      3133, 3183, 3135, -1,
      1058, 1060, 3179, -1,
      3179, 1060, 3184, -1,
      3179, 3184, 3180, -1,
      3180, 3184, 3185, -1,
      3180, 3185, 3181, -1,
      3181, 3185, 3186, -1,
      3181, 3186, 3182, -1,
      3182, 3186, 3187, -1,
      3182, 3187, 3183, -1,
      3183, 3187, 3178, -1,
      3135, 3183, 3137, -1,
      3137, 3183, 304, -1,
      3137, 304, 212, -1,
      3178, 308, 3183, -1,
      3183, 308, 306, -1,
      3183, 306, 304, -1,
      1060, 1053, 3184, -1,
      3184, 1053, 3188, -1,
      3184, 3188, 3185, -1,
      3185, 3188, 3189, -1,
      3185, 3189, 3186, -1,
      3186, 3189, 3190, -1,
      3186, 3190, 3187, -1,
      3187, 3190, 3191, -1,
      3187, 3191, 3178, -1,
      3178, 3191, 3177, -1,
      3178, 3177, 310, -1,
      310, 3177, 312, -1,
      1053, 1051, 3188, -1,
      3188, 1051, 3192, -1,
      3188, 3192, 3189, -1,
      3189, 3192, 3193, -1,
      3189, 3193, 3190, -1,
      3190, 3193, 3194, -1,
      3190, 3194, 3191, -1,
      3191, 3194, 3195, -1,
      3191, 3195, 3177, -1,
      3177, 3195, 3176, -1,
      3177, 3176, 314, -1,
      314, 3176, 316, -1,
      320, 318, 3175, -1,
      3175, 318, 3176, -1,
      3175, 3176, 3196, -1,
      3196, 3176, 3195, -1,
      3196, 3195, 3197, -1,
      3197, 3195, 3194, -1,
      3197, 3194, 3198, -1,
      3198, 3194, 3193, -1,
      3198, 3193, 3199, -1,
      3199, 3193, 3192, -1,
      3199, 3192, 1049, -1,
      1049, 3192, 1051, -1,
      324, 322, 3174, -1,
      3174, 322, 3175, -1,
      3174, 3175, 3200, -1,
      3200, 3175, 3196, -1,
      3200, 3196, 3201, -1,
      3201, 3196, 3197, -1,
      3201, 3197, 3202, -1,
      3202, 3197, 3198, -1,
      3202, 3198, 3203, -1,
      3203, 3198, 3199, -1,
      3203, 3199, 1047, -1,
      1047, 3199, 1049, -1,
      328, 326, 3204, -1,
      3204, 326, 3174, -1,
      3204, 3174, 3205, -1,
      3205, 3174, 3200, -1,
      3205, 3200, 3206, -1,
      3206, 3200, 3201, -1,
      3206, 3201, 3207, -1,
      3207, 3201, 3202, -1,
      3207, 3202, 3208, -1,
      3208, 3202, 3203, -1,
      3208, 3203, 1045, -1,
      1045, 3203, 1047, -1,
      1045, 1043, 3208, -1,
      3208, 1043, 3209, -1,
      3208, 3209, 3207, -1,
      3207, 3209, 3210, -1,
      3207, 3210, 3206, -1,
      3206, 3210, 3211, -1,
      3206, 3211, 3205, -1,
      3205, 3211, 3212, -1,
      3205, 3212, 3204, -1,
      3204, 3212, 3213, -1,
      3204, 3213, 328, -1,
      328, 3213, 107, -1,
      1063, 3173, 1076, -1,
      1076, 3173, 3214, -1,
      3214, 3173, 3215, -1,
      3215, 3173, 3172, -1,
      3215, 3172, 3216, -1,
      3216, 3172, 3171, -1,
      3216, 3171, 3217, -1,
      3217, 3171, 3170, -1,
      3217, 3170, 3218, -1,
      3218, 3170, 3151, -1,
      3218, 3151, 3219, -1,
      3219, 3151, 3150, -1,
      3219, 3150, 3220, -1,
      3220, 3150, 3147, -1,
      3220, 3147, 3221, -1,
      3221, 3147, 3146, -1,
      3221, 3146, 3222, -1,
      3222, 3146, 3143, -1,
      3222, 3143, 3223, -1,
      3223, 3143, 3142, -1,
      3223, 3142, 3224, -1,
      3142, 3139, 3224, -1,
      3224, 3139, 232, -1,
      3224, 232, 233, -1,
      1043, 1041, 3225, -1,
      1043, 3225, 3209, -1,
      3209, 3225, 3226, -1,
      3209, 3226, 3210, -1,
      3210, 3226, 3227, -1,
      3210, 3227, 3211, -1,
      3211, 3227, 3228, -1,
      3211, 3228, 3212, -1,
      3212, 3228, 3229, -1,
      3212, 3229, 3213, -1,
      3213, 3229, 105, -1,
      3213, 105, 107, -1,
      3224, 233, 235, -1,
      3230, 3223, 3224, -1,
      3224, 235, 3230, -1,
      3230, 235, 234, -1,
      3230, 234, 3231, -1,
      3231, 234, 229, -1,
      3231, 229, 3232, -1,
      3232, 229, 228, -1,
      3232, 228, 3233, -1,
      3233, 228, 227, -1,
      3233, 227, 3234, -1,
      3234, 227, 226, -1,
      3234, 226, 3235, -1,
      226, 220, 3236, -1,
      3220, 3221, 3237, -1,
      3237, 3221, 3222, -1,
      226, 3236, 3235, -1,
      3235, 3236, 3238, -1,
      3235, 3238, 3239, -1,
      3239, 3240, 3235, -1,
      3235, 3240, 3241, -1,
      3235, 3241, 3234, -1,
      3234, 3241, 3242, -1,
      3234, 3242, 3233, -1,
      3233, 3242, 3243, -1,
      3233, 3243, 3232, -1,
      3232, 3243, 3244, -1,
      3232, 3244, 3231, -1,
      3231, 3244, 3237, -1,
      3231, 3237, 3230, -1,
      3230, 3237, 3222, -1,
      3230, 3222, 3223, -1,
      3245, 3219, 3220, -1,
      3220, 3237, 3245, -1,
      3245, 3237, 3244, -1,
      3245, 3244, 3246, -1,
      3246, 3244, 3243, -1,
      3246, 3243, 3247, -1,
      3247, 3243, 3242, -1,
      3247, 3242, 3248, -1,
      3248, 3242, 3241, -1,
      3248, 3241, 3249, -1,
      3249, 3241, 3240, -1,
      3249, 3240, 3250, -1,
      3216, 3217, 3251, -1,
      3251, 3217, 3218, -1,
      3239, 3252, 3240, -1,
      3240, 3252, 3253, -1,
      3240, 3253, 3250, -1,
      3250, 3253, 3254, -1,
      3250, 3254, 3255, -1,
      3255, 3256, 3250, -1,
      3250, 3256, 3257, -1,
      3250, 3257, 3249, -1,
      3249, 3257, 3258, -1,
      3249, 3258, 3248, -1,
      3248, 3258, 3259, -1,
      3248, 3259, 3247, -1,
      3247, 3259, 3260, -1,
      3247, 3260, 3246, -1,
      3246, 3260, 3251, -1,
      3246, 3251, 3245, -1,
      3245, 3251, 3218, -1,
      3245, 3218, 3219, -1,
      3214, 3215, 3261, -1,
      3261, 3215, 3216, -1,
      3216, 3251, 3261, -1,
      3261, 3251, 3260, -1,
      3261, 3260, 3262, -1,
      3262, 3260, 3259, -1,
      3262, 3259, 3263, -1,
      3263, 3259, 3258, -1,
      3263, 3258, 3264, -1,
      3264, 3258, 3257, -1,
      3264, 3257, 3265, -1,
      3265, 3257, 3256, -1,
      3265, 3256, 3266, -1,
      1089, 1076, 3214, -1,
      3255, 3267, 3256, -1,
      3256, 3267, 3268, -1,
      3256, 3268, 3266, -1,
      3266, 3268, 3269, -1,
      3266, 3269, 3270, -1,
      3214, 3261, 1089, -1,
      1089, 3261, 3262, -1,
      1089, 3262, 1087, -1,
      1087, 3262, 3263, -1,
      1087, 3263, 1085, -1,
      1085, 3263, 3264, -1,
      1085, 3264, 1083, -1,
      1083, 3264, 3265, -1,
      1083, 3265, 1081, -1,
      1081, 3265, 3266, -1,
      1081, 3266, 1079, -1,
      1079, 3266, 3270, -1,
      1079, 3270, 1077, -1,
      91, 90, 3271, -1,
      3271, 90, 3272, -1,
      3271, 3272, 3273, -1,
      3273, 3272, 3274, -1,
      3273, 3274, 3275, -1,
      3275, 3274, 3276, -1,
      3275, 3276, 3277, -1,
      3277, 3276, 3278, -1,
      3277, 3278, 3279, -1,
      3279, 3278, 3280, -1,
      3279, 3280, 1339, -1,
      1339, 3280, 1341, -1,
      90, 89, 3272, -1,
      3272, 89, 3281, -1,
      3272, 3281, 3274, -1,
      3274, 3281, 3282, -1,
      3274, 3282, 3276, -1,
      3276, 3282, 3283, -1,
      3276, 3283, 3278, -1,
      3278, 3283, 3284, -1,
      3278, 3284, 3280, -1,
      3280, 3284, 3285, -1,
      3280, 3285, 1341, -1,
      1341, 3285, 1343, -1,
      89, 88, 3281, -1,
      3281, 88, 3286, -1,
      3281, 3286, 3282, -1,
      3282, 3286, 3287, -1,
      3282, 3287, 3283, -1,
      3283, 3287, 3288, -1,
      3283, 3288, 3284, -1,
      3284, 3288, 3289, -1,
      3284, 3289, 3285, -1,
      3285, 3289, 3290, -1,
      3285, 3290, 1343, -1,
      1343, 3290, 1345, -1,
      88, 86, 3286, -1,
      3286, 86, 3291, -1,
      3286, 3291, 3287, -1,
      3287, 3291, 3292, -1,
      3287, 3292, 3288, -1,
      3288, 3292, 3293, -1,
      3288, 3293, 3289, -1,
      3289, 3293, 3294, -1,
      3289, 3294, 3290, -1,
      3290, 3294, 3295, -1,
      3290, 3295, 1345, -1,
      1345, 3295, 1347, -1,
      86, 85, 3291, -1,
      3291, 85, 3296, -1,
      3291, 3296, 3292, -1,
      3292, 3296, 3297, -1,
      3292, 3297, 3293, -1,
      3293, 3297, 3298, -1,
      3293, 3298, 3294, -1,
      3294, 3298, 3299, -1,
      3294, 3299, 3295, -1,
      3295, 3299, 3300, -1,
      3295, 3300, 1347, -1,
      1347, 3300, 1349, -1,
      85, 105, 3296, -1,
      3296, 105, 3229, -1,
      3296, 3229, 3297, -1,
      3297, 3229, 3228, -1,
      3297, 3228, 3298, -1,
      3298, 3228, 3227, -1,
      3298, 3227, 3299, -1,
      3299, 3227, 3226, -1,
      3299, 3226, 3300, -1,
      3300, 3226, 3225, -1,
      3300, 3225, 1349, -1,
      1349, 3225, 1041, -1,
      1077, 3270, 1101, -1,
      1101, 3270, 3301, -1,
      3301, 3270, 3302, -1,
      3302, 3270, 3269, -1,
      3302, 3269, 3303, -1,
      3303, 3269, 3268, -1,
      3303, 3268, 3304, -1,
      3304, 3268, 3267, -1,
      3304, 3267, 3305, -1,
      3305, 3267, 3255, -1,
      3305, 3255, 3306, -1,
      3306, 3255, 3254, -1,
      3306, 3254, 3307, -1,
      3307, 3254, 3253, -1,
      3307, 3253, 3308, -1,
      3308, 3253, 3252, -1,
      3308, 3252, 3309, -1,
      3309, 3252, 3239, -1,
      3309, 3239, 3310, -1,
      3310, 3239, 3238, -1,
      3310, 3238, 3311, -1,
      3238, 3236, 3311, -1,
      3311, 3236, 220, -1,
      3311, 220, 219, -1,
      130, 129, 3312, -1,
      3312, 129, 3313, -1,
      3312, 3313, 3314, -1,
      3314, 3313, 3315, -1,
      3314, 3315, 3316, -1,
      3316, 3315, 3317, -1,
      3316, 3317, 3318, -1,
      3318, 3317, 3319, -1,
      3318, 3319, 3320, -1,
      3320, 3319, 3321, -1,
      3320, 3321, 1135, -1,
      1135, 3321, 1358, -1,
      129, 111, 3313, -1,
      3313, 111, 3322, -1,
      3313, 3322, 3315, -1,
      3315, 3322, 3323, -1,
      3315, 3323, 3317, -1,
      3317, 3323, 3324, -1,
      3317, 3324, 3319, -1,
      3319, 3324, 3325, -1,
      3319, 3325, 3321, -1,
      3321, 3325, 3326, -1,
      3321, 3326, 1358, -1,
      1358, 3326, 1356, -1,
      111, 110, 3322, -1,
      3322, 110, 3327, -1,
      3322, 3327, 3323, -1,
      3323, 3327, 3328, -1,
      3323, 3328, 3324, -1,
      3324, 3328, 3329, -1,
      3324, 3329, 3325, -1,
      3325, 3329, 3330, -1,
      3325, 3330, 3326, -1,
      3326, 3330, 3331, -1,
      3326, 3331, 1356, -1,
      1356, 3331, 1354, -1,
      110, 109, 3327, -1,
      3327, 109, 3332, -1,
      3327, 3332, 3328, -1,
      3328, 3332, 3333, -1,
      3328, 3333, 3329, -1,
      3329, 3333, 3334, -1,
      3329, 3334, 3330, -1,
      3330, 3334, 3335, -1,
      3330, 3335, 3331, -1,
      3331, 3335, 3336, -1,
      3331, 3336, 1354, -1,
      1354, 3336, 1352, -1,
      109, 94, 3332, -1,
      3332, 94, 3337, -1,
      3332, 3337, 3333, -1,
      3333, 3337, 3338, -1,
      3333, 3338, 3334, -1,
      3334, 3338, 3339, -1,
      3334, 3339, 3335, -1,
      3335, 3339, 3340, -1,
      3335, 3340, 3336, -1,
      3336, 3340, 3341, -1,
      3336, 3341, 1352, -1,
      1352, 3341, 1350, -1,
      94, 91, 3337, -1,
      3337, 91, 3271, -1,
      3337, 3271, 3338, -1,
      3338, 3271, 3273, -1,
      3338, 3273, 3339, -1,
      3339, 3273, 3275, -1,
      3339, 3275, 3340, -1,
      3340, 3275, 3277, -1,
      3340, 3277, 3341, -1,
      3341, 3277, 3279, -1,
      3341, 3279, 1350, -1,
      1350, 3279, 1339, -1,
      785, 783, 3342, -1,
      781, 779, 3343, -1,
      777, 775, 3344, -1,
      773, 771, 3345, -1,
      1099, 1101, 3301, -1,
      1099, 3301, 3346, -1,
      3301, 3302, 3346, -1,
      3346, 3302, 3303, -1,
      3346, 3303, 3347, -1,
      3303, 3304, 3347, -1,
      3347, 3304, 3305, -1,
      3347, 3305, 3348, -1,
      3305, 3306, 3348, -1,
      3348, 3306, 3307, -1,
      3348, 3307, 3349, -1,
      1107, 1109, 3350, -1,
      3350, 1109, 3351, -1,
      3350, 3351, 3352, -1,
      3352, 3351, 3353, -1,
      3352, 3353, 3354, -1,
      3354, 3353, 3355, -1,
      3354, 3355, 3356, -1,
      3356, 3355, 3357, -1,
      3356, 3357, 3358, -1,
      3358, 3357, 3345, -1,
      1097, 1099, 3359, -1,
      3359, 1099, 3346, -1,
      3359, 3346, 3360, -1,
      3360, 3346, 3347, -1,
      3360, 3347, 3361, -1,
      3361, 3347, 3348, -1,
      3361, 3348, 3362, -1,
      3362, 3348, 3349, -1,
      3362, 3349, 3363, -1,
      3363, 3349, 3364, -1,
      1105, 1107, 3365, -1,
      3365, 1107, 3350, -1,
      3365, 3350, 3366, -1,
      3366, 3350, 3352, -1,
      3366, 3352, 3367, -1,
      3367, 3352, 3354, -1,
      3367, 3354, 3368, -1,
      3368, 3354, 3356, -1,
      3368, 3356, 3369, -1,
      3369, 3356, 3358, -1,
      3369, 3358, 104, -1,
      104, 3358, 767, -1,
      3345, 771, 3358, -1,
      3358, 771, 769, -1,
      3358, 769, 767, -1,
      1109, 1091, 3351, -1,
      3351, 1091, 3370, -1,
      3351, 3370, 3353, -1,
      3353, 3370, 3371, -1,
      3353, 3371, 3355, -1,
      3355, 3371, 3372, -1,
      3355, 3372, 3357, -1,
      3357, 3372, 3373, -1,
      3357, 3373, 3345, -1,
      3345, 3373, 3344, -1,
      3345, 3344, 773, -1,
      773, 3344, 775, -1,
      1091, 1093, 3370, -1,
      3370, 1093, 3374, -1,
      3370, 3374, 3371, -1,
      3371, 3374, 3375, -1,
      3371, 3375, 3372, -1,
      3372, 3375, 3376, -1,
      3372, 3376, 3373, -1,
      3373, 3376, 3377, -1,
      3373, 3377, 3344, -1,
      3344, 3377, 3343, -1,
      3344, 3343, 777, -1,
      777, 3343, 779, -1,
      783, 781, 3342, -1,
      3342, 781, 3343, -1,
      3342, 3343, 3378, -1,
      3378, 3343, 3377, -1,
      3378, 3377, 3379, -1,
      3379, 3377, 3376, -1,
      3379, 3376, 3380, -1,
      3380, 3376, 3375, -1,
      3380, 3375, 3381, -1,
      3381, 3375, 3374, -1,
      3381, 3374, 1095, -1,
      1095, 3374, 1093, -1,
      787, 785, 3363, -1,
      3363, 785, 3342, -1,
      3363, 3342, 3362, -1,
      3362, 3342, 3378, -1,
      3362, 3378, 3361, -1,
      3361, 3378, 3379, -1,
      3361, 3379, 3360, -1,
      3360, 3379, 3380, -1,
      3360, 3380, 3359, -1,
      3359, 3380, 3381, -1,
      3359, 3381, 1097, -1,
      1097, 3381, 1095, -1,
      3307, 3308, 3349, -1,
      3349, 3308, 3309, -1,
      3349, 3309, 3364, -1,
      3364, 3309, 3310, -1,
      3364, 3310, 3311, -1,
      787, 3363, 789, -1,
      789, 3363, 3364, -1,
      789, 3364, 791, -1,
      791, 3364, 3311, -1,
      791, 3311, 219, -1,
      128, 130, 3312, -1,
      128, 3312, 3382, -1,
      3382, 3312, 3314, -1,
      3382, 3314, 3383, -1,
      3383, 3314, 3316, -1,
      3383, 3316, 3384, -1,
      3384, 3316, 3318, -1,
      3384, 3318, 3385, -1,
      3385, 3318, 3320, -1,
      3385, 3320, 3386, -1,
      3386, 3320, 1135, -1,
      3386, 1135, 1133, -1,
      1103, 1105, 3365, -1,
      1103, 3365, 3387, -1,
      3387, 3365, 3366, -1,
      3387, 3366, 3388, -1,
      3388, 3366, 3367, -1,
      3388, 3367, 3389, -1,
      3389, 3367, 3368, -1,
      3389, 3368, 3390, -1,
      3390, 3368, 3369, -1,
      3390, 3369, 3391, -1,
      3391, 3369, 104, -1,
      3391, 104, 103, -1,
      1133, 1250, 3386, -1,
      3386, 1250, 3392, -1,
      3386, 3392, 3385, -1,
      3385, 3392, 3393, -1,
      3385, 3393, 3384, -1,
      3384, 3393, 3394, -1,
      3384, 3394, 3383, -1,
      3383, 3394, 3395, -1,
      3383, 3395, 3382, -1,
      3382, 3395, 3396, -1,
      3382, 3396, 128, -1,
      128, 3396, 127, -1,
      1250, 1248, 3392, -1,
      3392, 1248, 3397, -1,
      3392, 3397, 3393, -1,
      3393, 3397, 3398, -1,
      3393, 3398, 3394, -1,
      3394, 3398, 3399, -1,
      3394, 3399, 3395, -1,
      3395, 3399, 3400, -1,
      3395, 3400, 3396, -1,
      3396, 3400, 3401, -1,
      3396, 3401, 127, -1,
      127, 3401, 125, -1,
      1248, 1246, 3397, -1,
      3397, 1246, 3402, -1,
      3397, 3402, 3398, -1,
      3398, 3402, 3403, -1,
      3398, 3403, 3399, -1,
      3399, 3403, 3404, -1,
      3399, 3404, 3400, -1,
      3400, 3404, 3405, -1,
      3400, 3405, 3401, -1,
      3401, 3405, 3406, -1,
      3401, 3406, 125, -1,
      125, 3406, 126, -1,
      1246, 1244, 3402, -1,
      3402, 1244, 3407, -1,
      3402, 3407, 3403, -1,
      3403, 3407, 3408, -1,
      3403, 3408, 3404, -1,
      3404, 3408, 3409, -1,
      3404, 3409, 3405, -1,
      3405, 3409, 3410, -1,
      3405, 3410, 3406, -1,
      3406, 3410, 3411, -1,
      3406, 3411, 126, -1,
      126, 3411, 131, -1,
      1244, 1239, 3407, -1,
      3407, 1239, 3412, -1,
      3407, 3412, 3408, -1,
      3408, 3412, 3413, -1,
      3408, 3413, 3409, -1,
      3409, 3413, 3414, -1,
      3409, 3414, 3410, -1,
      3410, 3414, 3415, -1,
      3410, 3415, 3411, -1,
      3411, 3415, 3416, -1,
      3411, 3416, 131, -1,
      131, 3416, 119, -1,
      103, 101, 3391, -1,
      3391, 101, 3417, -1,
      3391, 3417, 3390, -1,
      3390, 3417, 3418, -1,
      3390, 3418, 3389, -1,
      3389, 3418, 3419, -1,
      3389, 3419, 3388, -1,
      3388, 3419, 3420, -1,
      3388, 3420, 3387, -1,
      3387, 3420, 3421, -1,
      3387, 3421, 1103, -1,
      1103, 3421, 1326, -1,
      101, 100, 3417, -1,
      3417, 100, 3422, -1,
      3417, 3422, 3418, -1,
      3418, 3422, 3423, -1,
      3418, 3423, 3419, -1,
      3419, 3423, 3424, -1,
      3419, 3424, 3420, -1,
      3420, 3424, 3425, -1,
      3420, 3425, 3421, -1,
      3421, 3425, 3426, -1,
      3421, 3426, 1326, -1,
      1326, 3426, 1324, -1,
      100, 84, 3422, -1,
      3422, 84, 3427, -1,
      3422, 3427, 3423, -1,
      3423, 3427, 3428, -1,
      3423, 3428, 3424, -1,
      3424, 3428, 3429, -1,
      3424, 3429, 3425, -1,
      3425, 3429, 3430, -1,
      3425, 3430, 3426, -1,
      3426, 3430, 3431, -1,
      3426, 3431, 1324, -1,
      1324, 3431, 1322, -1,
      84, 83, 3427, -1,
      3427, 83, 3432, -1,
      3427, 3432, 3428, -1,
      3428, 3432, 3433, -1,
      3428, 3433, 3429, -1,
      3429, 3433, 3434, -1,
      3429, 3434, 3430, -1,
      3430, 3434, 3435, -1,
      3430, 3435, 3431, -1,
      3431, 3435, 3436, -1,
      3431, 3436, 1322, -1,
      1322, 3436, 1320, -1,
      83, 99, 3432, -1,
      3432, 99, 3437, -1,
      3432, 3437, 3433, -1,
      3433, 3437, 3438, -1,
      3433, 3438, 3434, -1,
      3434, 3438, 3439, -1,
      3434, 3439, 3435, -1,
      3435, 3439, 3440, -1,
      3435, 3440, 3436, -1,
      3436, 3440, 3441, -1,
      3436, 3441, 1320, -1,
      1320, 3441, 1318, -1,
      99, 98, 3437, -1,
      3437, 98, 3442, -1,
      3437, 3442, 3438, -1,
      3438, 3442, 3443, -1,
      3438, 3443, 3439, -1,
      3439, 3443, 3444, -1,
      3439, 3444, 3440, -1,
      3440, 3444, 3445, -1,
      3440, 3445, 3441, -1,
      3441, 3445, 3446, -1,
      3441, 3446, 1318, -1,
      1318, 3446, 1316, -1,
      1239, 1237, 3447, -1,
      1239, 3447, 3412, -1,
      3412, 3447, 3448, -1,
      3412, 3448, 3413, -1,
      3413, 3448, 3449, -1,
      3413, 3449, 3414, -1,
      3414, 3449, 3450, -1,
      3414, 3450, 3415, -1,
      3415, 3450, 3451, -1,
      3415, 3451, 3416, -1,
      3416, 3451, 120, -1,
      3416, 120, 119, -1,
      98, 97, 3442, -1,
      3442, 97, 3452, -1,
      3442, 3452, 3443, -1,
      3443, 3452, 3453, -1,
      3443, 3453, 3444, -1,
      3444, 3453, 3454, -1,
      3444, 3454, 3445, -1,
      3445, 3454, 3455, -1,
      3445, 3455, 3446, -1,
      3446, 3455, 3456, -1,
      3446, 3456, 1316, -1,
      1316, 3456, 1329, -1,
      97, 96, 3452, -1,
      3452, 96, 3457, -1,
      3452, 3457, 3453, -1,
      3453, 3457, 3458, -1,
      3453, 3458, 3454, -1,
      3454, 3458, 3459, -1,
      3454, 3459, 3455, -1,
      3455, 3459, 3460, -1,
      3455, 3460, 3456, -1,
      3456, 3460, 3461, -1,
      3456, 3461, 1329, -1,
      1329, 3461, 1331, -1,
      96, 95, 3457, -1,
      3457, 95, 3462, -1,
      3457, 3462, 3458, -1,
      3458, 3462, 3463, -1,
      3458, 3463, 3459, -1,
      3459, 3463, 3464, -1,
      3459, 3464, 3460, -1,
      3460, 3464, 3465, -1,
      3460, 3465, 3461, -1,
      3461, 3465, 3466, -1,
      3461, 3466, 1331, -1,
      1331, 3466, 1333, -1,
      95, 108, 3462, -1,
      3462, 108, 3467, -1,
      3462, 3467, 3463, -1,
      3463, 3467, 3468, -1,
      3463, 3468, 3464, -1,
      3464, 3468, 3469, -1,
      3464, 3469, 3465, -1,
      3465, 3469, 3470, -1,
      3465, 3470, 3466, -1,
      3466, 3470, 3471, -1,
      3466, 3471, 1333, -1,
      1333, 3471, 1335, -1,
      108, 93, 3467, -1,
      3467, 93, 3472, -1,
      3467, 3472, 3468, -1,
      3468, 3472, 3473, -1,
      3468, 3473, 3469, -1,
      3469, 3473, 3474, -1,
      3469, 3474, 3470, -1,
      3470, 3474, 3475, -1,
      3470, 3475, 3471, -1,
      3471, 3475, 3476, -1,
      3471, 3476, 1335, -1,
      1335, 3476, 1337, -1,
      93, 92, 3472, -1,
      3472, 92, 3477, -1,
      3472, 3477, 3473, -1,
      3473, 3477, 3478, -1,
      3473, 3478, 3474, -1,
      3474, 3478, 3479, -1,
      3474, 3479, 3475, -1,
      3475, 3479, 3480, -1,
      3475, 3480, 3476, -1,
      3476, 3480, 3481, -1,
      3476, 3481, 1337, -1,
      1337, 3481, 1129, -1,
      116, 114, 3482, -1,
      3482, 114, 3483, -1,
      3482, 3483, 3484, -1,
      3484, 3483, 3485, -1,
      3484, 3485, 3486, -1,
      3486, 3485, 3487, -1,
      3486, 3487, 3488, -1,
      3488, 3487, 3489, -1,
      3488, 3489, 3490, -1,
      3490, 3489, 3491, -1,
      3490, 3491, 1147, -1,
      1147, 3491, 1258, -1,
      114, 113, 3483, -1,
      3483, 113, 3492, -1,
      3483, 3492, 3485, -1,
      3485, 3492, 3493, -1,
      3485, 3493, 3487, -1,
      3487, 3493, 3494, -1,
      3487, 3494, 3489, -1,
      3489, 3494, 3495, -1,
      3489, 3495, 3491, -1,
      3491, 3495, 3496, -1,
      3491, 3496, 1258, -1,
      1258, 3496, 1256, -1,
      113, 112, 3492, -1,
      3492, 112, 3497, -1,
      3492, 3497, 3493, -1,
      3493, 3497, 3498, -1,
      3493, 3498, 3494, -1,
      3494, 3498, 3499, -1,
      3494, 3499, 3495, -1,
      3495, 3499, 3500, -1,
      3495, 3500, 3496, -1,
      3496, 3500, 3501, -1,
      3496, 3501, 1256, -1,
      1256, 3501, 1254, -1,
      112, 121, 3497, -1,
      3497, 121, 3502, -1,
      3497, 3502, 3498, -1,
      3498, 3502, 3503, -1,
      3498, 3503, 3499, -1,
      3499, 3503, 3504, -1,
      3499, 3504, 3500, -1,
      3500, 3504, 3505, -1,
      3500, 3505, 3501, -1,
      3501, 3505, 3506, -1,
      3501, 3506, 1254, -1,
      1254, 3506, 1252, -1,
      121, 120, 3502, -1,
      3502, 120, 3451, -1,
      3502, 3451, 3503, -1,
      3503, 3451, 3450, -1,
      3503, 3450, 3504, -1,
      3504, 3450, 3449, -1,
      3504, 3449, 3505, -1,
      3505, 3449, 3448, -1,
      3505, 3448, 3506, -1,
      3506, 3448, 3447, -1,
      3506, 3447, 1252, -1,
      1252, 3447, 1237, -1,
      1131, 1129, 3481, -1,
      1131, 3481, 3507, -1,
      3507, 3481, 3480, -1,
      3507, 3480, 3508, -1,
      3508, 3480, 3479, -1,
      3508, 3479, 3509, -1,
      3509, 3479, 3478, -1,
      3509, 3478, 3510, -1,
      3510, 3478, 3477, -1,
      3510, 3477, 3511, -1,
      3511, 3477, 92, -1,
      3511, 92, 115, -1,
      1147, 1145, 3512, -1,
      1147, 3512, 3490, -1,
      3490, 3512, 3513, -1,
      3490, 3513, 3488, -1,
      3488, 3513, 3514, -1,
      3488, 3514, 3486, -1,
      3486, 3514, 3515, -1,
      3486, 3515, 3484, -1,
      3484, 3515, 3516, -1,
      3484, 3516, 3482, -1,
      3482, 3516, 117, -1,
      3482, 117, 116, -1,
      1162, 1160, 3517, -1,
      3517, 1160, 3518, -1,
      3517, 3518, 3519, -1,
      3519, 3518, 3520, -1,
      3519, 3520, 3521, -1,
      3521, 3520, 3522, -1,
      3521, 3522, 3523, -1,
      3523, 3522, 3524, -1,
      3523, 3524, 3525, -1,
      3525, 3524, 3526, -1,
      3525, 3526, 137, -1,
      137, 3526, 138, -1,
      1160, 1158, 3518, -1,
      3518, 1158, 3527, -1,
      3518, 3527, 3520, -1,
      3520, 3527, 3528, -1,
      3520, 3528, 3522, -1,
      3522, 3528, 3529, -1,
      3522, 3529, 3524, -1,
      3524, 3529, 3530, -1,
      3524, 3530, 3526, -1,
      3526, 3530, 3531, -1,
      3526, 3531, 138, -1,
      138, 3531, 122, -1,
      1158, 1156, 3527, -1,
      3527, 1156, 3532, -1,
      3527, 3532, 3528, -1,
      3528, 3532, 3533, -1,
      3528, 3533, 3529, -1,
      3529, 3533, 3534, -1,
      3529, 3534, 3530, -1,
      3530, 3534, 3535, -1,
      3530, 3535, 3531, -1,
      3531, 3535, 3536, -1,
      3531, 3536, 122, -1,
      122, 3536, 123, -1,
      1156, 1154, 3532, -1,
      3532, 1154, 3537, -1,
      3532, 3537, 3533, -1,
      3533, 3537, 3538, -1,
      3533, 3538, 3534, -1,
      3534, 3538, 3539, -1,
      3534, 3539, 3535, -1,
      3535, 3539, 3540, -1,
      3535, 3540, 3536, -1,
      3536, 3540, 3541, -1,
      3536, 3541, 123, -1,
      123, 3541, 124, -1,
      1154, 1152, 3537, -1,
      3537, 1152, 3542, -1,
      3537, 3542, 3538, -1,
      3538, 3542, 3543, -1,
      3538, 3543, 3539, -1,
      3539, 3543, 3544, -1,
      3539, 3544, 3540, -1,
      3540, 3544, 3545, -1,
      3540, 3545, 3541, -1,
      3541, 3545, 3546, -1,
      3541, 3546, 124, -1,
      124, 3546, 134, -1,
      1152, 1131, 3542, -1,
      3542, 1131, 3507, -1,
      3542, 3507, 3543, -1,
      3543, 3507, 3508, -1,
      3543, 3508, 3544, -1,
      3544, 3508, 3509, -1,
      3544, 3509, 3545, -1,
      3545, 3509, 3510, -1,
      3545, 3510, 3546, -1,
      3546, 3510, 3511, -1,
      3546, 3511, 134, -1,
      134, 3511, 115, -1,
      1145, 1172, 3512, -1,
      3512, 1172, 3547, -1,
      3512, 3547, 3513, -1,
      3513, 3547, 3548, -1,
      3513, 3548, 3514, -1,
      3514, 3548, 3549, -1,
      3514, 3549, 3515, -1,
      3515, 3549, 3550, -1,
      3515, 3550, 3516, -1,
      3516, 3550, 3551, -1,
      3516, 3551, 117, -1,
      117, 3551, 118, -1,
      1172, 1170, 3547, -1,
      3547, 1170, 3552, -1,
      3547, 3552, 3548, -1,
      3548, 3552, 3553, -1,
      3548, 3553, 3549, -1,
      3549, 3553, 3554, -1,
      3549, 3554, 3550, -1,
      3550, 3554, 3555, -1,
      3550, 3555, 3551, -1,
      3551, 3555, 3556, -1,
      3551, 3556, 118, -1,
      118, 3556, 132, -1,
      1170, 1168, 3552, -1,
      3552, 1168, 3557, -1,
      3552, 3557, 3553, -1,
      3553, 3557, 3558, -1,
      3553, 3558, 3554, -1,
      3554, 3558, 3559, -1,
      3554, 3559, 3555, -1,
      3555, 3559, 3560, -1,
      3555, 3560, 3556, -1,
      3556, 3560, 3561, -1,
      3556, 3561, 132, -1,
      132, 3561, 133, -1,
      1168, 1166, 3557, -1,
      3557, 1166, 3562, -1,
      3557, 3562, 3558, -1,
      3558, 3562, 3563, -1,
      3558, 3563, 3559, -1,
      3559, 3563, 3564, -1,
      3559, 3564, 3560, -1,
      3560, 3564, 3565, -1,
      3560, 3565, 3561, -1,
      3561, 3565, 3566, -1,
      3561, 3566, 133, -1,
      133, 3566, 135, -1,
      1166, 1164, 3562, -1,
      3562, 1164, 3567, -1,
      3562, 3567, 3563, -1,
      3563, 3567, 3568, -1,
      3563, 3568, 3564, -1,
      3564, 3568, 3569, -1,
      3564, 3569, 3565, -1,
      3565, 3569, 3570, -1,
      3565, 3570, 3566, -1,
      3566, 3570, 3571, -1,
      3566, 3571, 135, -1,
      135, 3571, 136, -1,
      1164, 1162, 3567, -1,
      3567, 1162, 3517, -1,
      3567, 3517, 3568, -1,
      3568, 3517, 3519, -1,
      3568, 3519, 3569, -1,
      3569, 3519, 3521, -1,
      3569, 3521, 3570, -1,
      3570, 3521, 3523, -1,
      3570, 3523, 3571, -1,
      3571, 3523, 3525, -1,
      3571, 3525, 136, -1,
      136, 3525, 137, -1,
      238, 240, 3572, -1,
      238, 3572, 3573, -1,
      3573, 3572, 3574, -1,
      3573, 3574, 3575, -1,
      3575, 3574, 3576, -1,
      3575, 3576, 3577, -1,
      3577, 3576, 3578, -1,
      3577, 3578, 3579, -1,
      3579, 3578, 3580, -1,
      3579, 3580, 3581, -1,
      3581, 3580, 501, -1,
      3581, 501, 513, -1,
      513, 1488, 3581, -1,
      3581, 1488, 3582, -1,
      3581, 3582, 3579, -1,
      3579, 3582, 3583, -1,
      3579, 3583, 3577, -1,
      3577, 3583, 3584, -1,
      3577, 3584, 3575, -1,
      3575, 3584, 3585, -1,
      3575, 3585, 3573, -1,
      3573, 3585, 3586, -1,
      3573, 3586, 238, -1,
      238, 3586, 1478, -1,
      1488, 1485, 3582, -1,
      3582, 1485, 3587, -1,
      3582, 3587, 3583, -1,
      3583, 3587, 3588, -1,
      3583, 3588, 3584, -1,
      3584, 3588, 3589, -1,
      3584, 3589, 3585, -1,
      3585, 3589, 3590, -1,
      3585, 3590, 3586, -1,
      3586, 3590, 3591, -1,
      3586, 3591, 1478, -1,
      1478, 3591, 1480, -1,
      1485, 1484, 3587, -1,
      3587, 1484, 3592, -1,
      3587, 3592, 3588, -1,
      3588, 3592, 3593, -1,
      3588, 3593, 3589, -1,
      3589, 3593, 3594, -1,
      3589, 3594, 3590, -1,
      3590, 3594, 3595, -1,
      3590, 3595, 3591, -1,
      3591, 3595, 3596, -1,
      3591, 3596, 1480, -1,
      1480, 3596, 1482, -1,
      1484, 1446, 3592, -1,
      3592, 1446, 3597, -1,
      3592, 3597, 3593, -1,
      3593, 3597, 3598, -1,
      3593, 3598, 3594, -1,
      3594, 3598, 3599, -1,
      3594, 3599, 3595, -1,
      3595, 3599, 3600, -1,
      3595, 3600, 3596, -1,
      3596, 3600, 3601, -1,
      3596, 3601, 1482, -1,
      1482, 3601, 1442, -1,
      240, 1543, 3572, -1,
      3572, 1543, 3602, -1,
      3572, 3602, 3574, -1,
      3574, 3602, 3603, -1,
      3574, 3603, 3576, -1,
      3576, 3603, 3604, -1,
      3576, 3604, 3578, -1,
      3578, 3604, 3605, -1,
      3578, 3605, 3580, -1,
      3580, 3605, 3606, -1,
      3580, 3606, 501, -1,
      501, 3606, 1564, -1,
      1543, 1541, 3602, -1,
      3602, 1541, 3607, -1,
      3602, 3607, 3603, -1,
      3603, 3607, 3608, -1,
      3603, 3608, 3604, -1,
      3604, 3608, 3609, -1,
      3604, 3609, 3605, -1,
      3605, 3609, 3610, -1,
      3605, 3610, 3606, -1,
      3606, 3610, 3611, -1,
      3606, 3611, 1564, -1,
      1564, 3611, 1566, -1,
      1541, 1539, 3607, -1,
      3607, 1539, 3612, -1,
      3607, 3612, 3608, -1,
      3608, 3612, 3613, -1,
      3608, 3613, 3609, -1,
      3609, 3613, 3614, -1,
      3609, 3614, 3610, -1,
      3610, 3614, 3615, -1,
      3610, 3615, 3611, -1,
      3611, 3615, 3616, -1,
      3611, 3616, 1566, -1,
      1566, 3616, 1569, -1,
      1539, 1498, 3612, -1,
      3612, 1498, 3617, -1,
      3612, 3617, 3613, -1,
      3613, 3617, 3618, -1,
      3613, 3618, 3614, -1,
      3614, 3618, 3619, -1,
      3614, 3619, 3615, -1,
      3615, 3619, 3620, -1,
      3615, 3620, 3616, -1,
      3616, 3620, 3621, -1,
      3616, 3621, 1569, -1,
      1569, 3621, 1522, -1,
      1446, 1456, 3622, -1,
      1446, 3622, 3597, -1,
      3597, 3622, 3623, -1,
      3597, 3623, 3598, -1,
      3598, 3623, 3624, -1,
      3598, 3624, 3599, -1,
      3599, 3624, 3625, -1,
      3599, 3625, 3600, -1,
      3600, 3625, 3626, -1,
      3600, 3626, 3601, -1,
      3601, 3626, 1440, -1,
      3601, 1440, 1442, -1,
      1498, 1500, 3627, -1,
      1498, 3627, 3617, -1,
      3617, 3627, 3628, -1,
      3617, 3628, 3618, -1,
      3618, 3628, 3629, -1,
      3618, 3629, 3619, -1,
      3619, 3629, 3630, -1,
      3619, 3630, 3620, -1,
      3620, 3630, 3631, -1,
      3620, 3631, 3621, -1,
      3621, 3631, 1532, -1,
      3621, 1532, 1522, -1,
      1496, 1718, 3632, -1,
      3632, 1718, 3633, -1,
      3632, 3633, 3634, -1,
      3634, 3633, 3635, -1,
      3634, 3635, 3636, -1,
      3636, 3635, 3637, -1,
      3636, 3637, 3638, -1,
      3638, 3637, 3639, -1,
      3638, 3639, 3640, -1,
      3640, 3639, 3641, -1,
      3640, 3641, 1447, -1,
      1447, 3641, 1454, -1,
      1718, 1716, 3633, -1,
      3633, 1716, 3642, -1,
      3633, 3642, 3635, -1,
      3635, 3642, 3643, -1,
      3635, 3643, 3637, -1,
      3637, 3643, 3644, -1,
      3637, 3644, 3639, -1,
      3639, 3644, 3645, -1,
      3639, 3645, 3641, -1,
      3641, 3645, 3646, -1,
      3641, 3646, 1454, -1,
      1454, 3646, 1457, -1,
      1716, 1714, 3642, -1,
      3642, 1714, 3647, -1,
      3642, 3647, 3643, -1,
      3643, 3647, 3648, -1,
      3643, 3648, 3644, -1,
      3644, 3648, 3649, -1,
      3644, 3649, 3645, -1,
      3645, 3649, 3650, -1,
      3645, 3650, 3646, -1,
      3646, 3650, 3651, -1,
      3646, 3651, 1457, -1,
      1457, 3651, 1458, -1,
      1714, 1712, 3647, -1,
      3647, 1712, 3652, -1,
      3647, 3652, 3648, -1,
      3648, 3652, 3653, -1,
      3648, 3653, 3649, -1,
      3649, 3653, 3654, -1,
      3649, 3654, 3650, -1,
      3650, 3654, 3655, -1,
      3650, 3655, 3651, -1,
      3651, 3655, 3656, -1,
      3651, 3656, 1458, -1,
      1458, 3656, 1459, -1,
      1712, 1710, 3652, -1,
      3652, 1710, 3657, -1,
      3652, 3657, 3653, -1,
      3653, 3657, 3658, -1,
      3653, 3658, 3654, -1,
      3654, 3658, 3659, -1,
      3654, 3659, 3655, -1,
      3655, 3659, 3660, -1,
      3655, 3660, 3656, -1,
      3656, 3660, 3661, -1,
      3656, 3661, 1459, -1,
      1459, 3661, 1455, -1,
      1710, 1440, 3657, -1,
      3657, 1440, 3626, -1,
      3657, 3626, 3658, -1,
      3658, 3626, 3625, -1,
      3658, 3625, 3659, -1,
      3659, 3625, 3624, -1,
      3659, 3624, 3660, -1,
      3660, 3624, 3623, -1,
      3660, 3623, 3661, -1,
      3661, 3623, 3622, -1,
      3661, 3622, 1455, -1,
      1455, 3622, 1456, -1,
      1523, 1533, 3662, -1,
      3662, 1533, 3663, -1,
      3662, 3663, 3664, -1,
      3664, 3663, 3665, -1,
      3664, 3665, 3666, -1,
      3666, 3665, 3667, -1,
      3666, 3667, 3668, -1,
      3668, 3667, 3669, -1,
      3668, 3669, 3670, -1,
      3670, 3669, 3671, -1,
      3670, 3671, 1572, -1,
      1572, 3671, 1709, -1,
      1533, 1529, 3663, -1,
      3663, 1529, 3672, -1,
      3663, 3672, 3665, -1,
      3665, 3672, 3673, -1,
      3665, 3673, 3667, -1,
      3667, 3673, 3674, -1,
      3667, 3674, 3669, -1,
      3669, 3674, 3675, -1,
      3669, 3675, 3671, -1,
      3671, 3675, 3676, -1,
      3671, 3676, 1709, -1,
      1709, 3676, 1707, -1,
      1529, 1528, 3672, -1,
      3672, 1528, 3677, -1,
      3672, 3677, 3673, -1,
      3673, 3677, 3678, -1,
      3673, 3678, 3674, -1,
      3674, 3678, 3679, -1,
      3674, 3679, 3675, -1,
      3675, 3679, 3680, -1,
      3675, 3680, 3676, -1,
      3676, 3680, 3681, -1,
      3676, 3681, 1707, -1,
      1707, 3681, 1705, -1,
      1528, 1530, 3677, -1,
      3677, 1530, 3682, -1,
      3677, 3682, 3678, -1,
      3678, 3682, 3683, -1,
      3678, 3683, 3679, -1,
      3679, 3683, 3684, -1,
      3679, 3684, 3680, -1,
      3680, 3684, 3685, -1,
      3680, 3685, 3681, -1,
      3681, 3685, 3686, -1,
      3681, 3686, 1705, -1,
      1705, 3686, 1703, -1,
      1530, 1531, 3682, -1,
      3682, 1531, 3687, -1,
      3682, 3687, 3683, -1,
      3683, 3687, 3688, -1,
      3683, 3688, 3684, -1,
      3684, 3688, 3689, -1,
      3684, 3689, 3685, -1,
      3685, 3689, 3690, -1,
      3685, 3690, 3686, -1,
      3686, 3690, 3691, -1,
      3686, 3691, 1703, -1,
      1703, 3691, 1701, -1,
      1531, 1532, 3687, -1,
      3687, 1532, 3631, -1,
      3687, 3631, 3688, -1,
      3688, 3631, 3630, -1,
      3688, 3630, 3689, -1,
      3689, 3630, 3629, -1,
      3689, 3629, 3690, -1,
      3690, 3629, 3628, -1,
      3690, 3628, 3691, -1,
      3691, 3628, 3627, -1,
      3691, 3627, 1701, -1,
      1701, 3627, 1500, -1,
      1447, 1445, 3692, -1,
      1447, 3692, 3640, -1,
      3640, 3692, 3693, -1,
      3640, 3693, 3638, -1,
      3638, 3693, 3694, -1,
      3638, 3694, 3636, -1,
      3636, 3694, 3695, -1,
      3636, 3695, 3634, -1,
      3634, 3695, 3696, -1,
      3634, 3696, 3632, -1,
      3632, 3696, 1494, -1,
      3632, 1494, 1496, -1,
      1525, 1523, 3662, -1,
      1525, 3662, 3697, -1,
      3697, 3662, 3664, -1,
      3697, 3664, 3698, -1,
      3698, 3664, 3666, -1,
      3698, 3666, 3699, -1,
      3699, 3666, 3668, -1,
      3699, 3668, 3700, -1,
      3700, 3668, 3670, -1,
      3700, 3670, 3701, -1,
      3701, 3670, 1572, -1,
      3701, 1572, 1574, -1,
      1422, 1721, 3702, -1,
      3702, 1721, 3703, -1,
      3702, 3703, 3704, -1,
      3704, 3703, 3705, -1,
      3704, 3705, 3706, -1,
      3706, 3705, 3707, -1,
      3706, 3707, 3708, -1,
      3708, 3707, 3709, -1,
      3708, 3709, 3710, -1,
      3710, 3709, 3711, -1,
      3710, 3711, 1452, -1,
      1452, 3711, 1451, -1,
      1721, 1723, 3703, -1,
      3703, 1723, 3712, -1,
      3703, 3712, 3705, -1,
      3705, 3712, 3713, -1,
      3705, 3713, 3707, -1,
      3707, 3713, 3714, -1,
      3707, 3714, 3709, -1,
      3709, 3714, 3715, -1,
      3709, 3715, 3711, -1,
      3711, 3715, 3716, -1,
      3711, 3716, 1451, -1,
      1451, 3716, 1450, -1,
      1723, 1725, 3712, -1,
      3712, 1725, 3717, -1,
      3712, 3717, 3713, -1,
      3713, 3717, 3718, -1,
      3713, 3718, 3714, -1,
      3714, 3718, 3719, -1,
      3714, 3719, 3715, -1,
      3715, 3719, 3720, -1,
      3715, 3720, 3716, -1,
      3716, 3720, 3721, -1,
      3716, 3721, 1450, -1,
      1450, 3721, 1448, -1,
      1725, 1727, 3717, -1,
      3717, 1727, 3722, -1,
      3717, 3722, 3718, -1,
      3718, 3722, 3723, -1,
      3718, 3723, 3719, -1,
      3719, 3723, 3724, -1,
      3719, 3724, 3720, -1,
      3720, 3724, 3725, -1,
      3720, 3725, 3721, -1,
      3721, 3725, 3726, -1,
      3721, 3726, 1448, -1,
      1448, 3726, 1449, -1,
      1727, 1729, 3722, -1,
      3722, 1729, 3727, -1,
      3722, 3727, 3723, -1,
      3723, 3727, 3728, -1,
      3723, 3728, 3724, -1,
      3724, 3728, 3729, -1,
      3724, 3729, 3725, -1,
      3725, 3729, 3730, -1,
      3725, 3730, 3726, -1,
      3726, 3730, 3731, -1,
      3726, 3731, 1449, -1,
      1449, 3731, 1453, -1,
      1729, 1494, 3727, -1,
      3727, 1494, 3696, -1,
      3727, 3696, 3728, -1,
      3728, 3696, 3695, -1,
      3728, 3695, 3729, -1,
      3729, 3695, 3694, -1,
      3729, 3694, 3730, -1,
      3730, 3694, 3693, -1,
      3730, 3693, 3731, -1,
      3731, 3693, 3692, -1,
      3731, 3692, 1453, -1,
      1453, 3692, 1445, -1,
      1526, 1527, 3732, -1,
      3732, 1527, 3733, -1,
      3732, 3733, 3734, -1,
      3734, 3733, 3735, -1,
      3734, 3735, 3736, -1,
      3736, 3735, 3737, -1,
      3736, 3737, 3738, -1,
      3738, 3737, 3739, -1,
      3738, 3739, 3740, -1,
      3740, 3739, 3741, -1,
      3740, 3741, 1518, -1,
      1518, 3741, 1690, -1,
      1527, 1536, 3733, -1,
      3733, 1536, 3742, -1,
      3733, 3742, 3735, -1,
      3735, 3742, 3743, -1,
      3735, 3743, 3737, -1,
      3737, 3743, 3744, -1,
      3737, 3744, 3739, -1,
      3739, 3744, 3745, -1,
      3739, 3745, 3741, -1,
      3741, 3745, 3746, -1,
      3741, 3746, 1690, -1,
      1690, 3746, 1692, -1,
      1536, 1537, 3742, -1,
      3742, 1537, 3747, -1,
      3742, 3747, 3743, -1,
      3743, 3747, 3748, -1,
      3743, 3748, 3744, -1,
      3744, 3748, 3749, -1,
      3744, 3749, 3745, -1,
      3745, 3749, 3750, -1,
      3745, 3750, 3746, -1,
      3746, 3750, 3751, -1,
      3746, 3751, 1692, -1,
      1692, 3751, 1694, -1,
      1537, 1535, 3747, -1,
      3747, 1535, 3752, -1,
      3747, 3752, 3748, -1,
      3748, 3752, 3753, -1,
      3748, 3753, 3749, -1,
      3749, 3753, 3754, -1,
      3749, 3754, 3750, -1,
      3750, 3754, 3755, -1,
      3750, 3755, 3751, -1,
      3751, 3755, 3756, -1,
      3751, 3756, 1694, -1,
      1694, 3756, 1696, -1,
      1535, 1534, 3752, -1,
      3752, 1534, 3757, -1,
      3752, 3757, 3753, -1,
      3753, 3757, 3758, -1,
      3753, 3758, 3754, -1,
      3754, 3758, 3759, -1,
      3754, 3759, 3755, -1,
      3755, 3759, 3760, -1,
      3755, 3760, 3756, -1,
      3756, 3760, 3761, -1,
      3756, 3761, 1696, -1,
      1696, 3761, 1698, -1,
      1534, 1525, 3757, -1,
      3757, 1525, 3697, -1,
      3757, 3697, 3758, -1,
      3758, 3697, 3698, -1,
      3758, 3698, 3759, -1,
      3759, 3698, 3699, -1,
      3759, 3699, 3760, -1,
      3760, 3699, 3700, -1,
      3760, 3700, 3761, -1,
      3761, 3700, 3701, -1,
      3761, 3701, 1698, -1,
      1698, 3701, 1574, -1,
      1420, 1422, 3702, -1,
      1420, 3702, 3762, -1,
      3762, 3702, 3704, -1,
      3762, 3704, 3763, -1,
      3763, 3704, 3706, -1,
      3763, 3706, 3764, -1,
      3764, 3706, 3708, -1,
      3764, 3708, 3765, -1,
      3765, 3708, 3710, -1,
      3765, 3710, 3766, -1,
      3766, 3710, 1452, -1,
      3766, 1452, 1444, -1,
      1524, 1526, 3732, -1,
      1524, 3732, 3767, -1,
      3767, 3732, 3734, -1,
      3767, 3734, 3768, -1,
      3768, 3734, 3736, -1,
      3768, 3736, 3769, -1,
      3769, 3736, 3738, -1,
      3769, 3738, 3770, -1,
      3770, 3738, 3740, -1,
      3770, 3740, 3771, -1,
      3771, 3740, 1518, -1,
      3771, 1518, 1520, -1,
      1493, 1492, 3772, -1,
      1490, 1489, 3773, -1,
      1487, 1486, 3774, -1,
      1444, 1483, 3766, -1,
      3766, 1483, 3775, -1,
      3766, 3775, 3765, -1,
      3765, 3775, 3776, -1,
      3765, 3776, 3764, -1,
      3764, 3776, 3777, -1,
      3764, 3777, 3763, -1,
      3763, 3777, 3778, -1,
      3763, 3778, 3762, -1,
      3762, 3778, 3779, -1,
      3762, 3779, 1420, -1,
      1420, 3779, 1461, -1,
      1483, 1487, 3775, -1,
      3775, 1487, 3774, -1,
      3775, 3774, 3776, -1,
      3776, 3774, 3780, -1,
      3776, 3780, 3777, -1,
      3777, 3780, 3781, -1,
      3777, 3781, 3778, -1,
      3778, 3781, 3782, -1,
      3778, 3782, 3779, -1,
      3779, 3782, 3783, -1,
      3779, 3783, 1461, -1,
      1461, 3783, 1466, -1,
      1486, 1490, 3774, -1,
      3774, 1490, 3773, -1,
      3774, 3773, 3780, -1,
      3780, 3773, 3784, -1,
      3780, 3784, 3781, -1,
      3781, 3784, 3785, -1,
      3781, 3785, 3782, -1,
      3782, 3785, 3786, -1,
      3782, 3786, 3783, -1,
      3783, 3786, 3787, -1,
      3783, 3787, 1466, -1,
      1466, 3787, 1465, -1,
      1489, 1493, 3773, -1,
      3773, 1493, 3772, -1,
      3773, 3772, 3784, -1,
      3784, 3772, 3788, -1,
      3784, 3788, 3785, -1,
      3785, 3788, 3789, -1,
      3785, 3789, 3786, -1,
      3786, 3789, 3790, -1,
      3786, 3790, 3787, -1,
      3787, 3790, 3791, -1,
      3787, 3791, 1465, -1,
      1465, 3791, 1463, -1,
      1570, 1571, 3792, -1,
      1556, 1558, 3793, -1,
      3793, 1558, 3794, -1,
      3793, 3794, 3795, -1,
      3795, 3794, 3796, -1,
      3795, 3796, 3797, -1,
      3797, 3796, 3798, -1,
      3797, 3798, 3799, -1,
      3799, 3798, 3800, -1,
      3799, 3800, 3801, -1,
      3801, 3800, 3802, -1,
      1520, 1554, 3771, -1,
      3771, 1554, 3803, -1,
      3771, 3803, 3770, -1,
      3770, 3803, 3804, -1,
      3770, 3804, 3769, -1,
      3769, 3804, 3805, -1,
      3769, 3805, 3768, -1,
      3768, 3805, 3806, -1,
      3768, 3806, 3767, -1,
      3767, 3806, 3792, -1,
      3767, 3792, 1524, -1,
      1524, 3792, 1571, -1,
      1568, 1570, 3801, -1,
      3801, 1570, 3792, -1,
      3801, 3792, 3799, -1,
      3799, 3792, 3806, -1,
      3799, 3806, 3797, -1,
      3797, 3806, 3805, -1,
      3797, 3805, 3795, -1,
      3795, 3805, 3804, -1,
      3795, 3804, 3793, -1,
      3793, 3804, 3803, -1,
      3793, 3803, 1556, -1,
      1556, 3803, 1554, -1,
      1558, 1560, 3794, -1,
      3794, 1560, 3807, -1,
      3794, 3807, 3796, -1,
      3796, 3807, 3808, -1,
      3796, 3808, 3798, -1,
      3798, 3808, 3809, -1,
      3798, 3809, 3800, -1,
      3800, 3809, 3810, -1,
      3800, 3810, 3802, -1,
      3802, 3810, 3811, -1,
      3802, 3811, 1562, -1,
      1562, 1563, 3802, -1,
      3802, 1563, 1565, -1,
      3802, 1565, 3801, -1,
      3801, 1565, 1567, -1,
      3801, 1567, 1568, -1,
      1689, 1463, 3812, -1,
      3812, 1463, 3791, -1,
      3812, 3791, 3813, -1,
      3813, 3791, 3790, -1,
      3813, 3790, 3814, -1,
      3814, 3790, 3789, -1,
      3814, 3789, 3815, -1,
      3815, 3789, 3788, -1,
      3815, 3788, 3816, -1,
      3816, 3788, 3772, -1,
      3816, 3772, 1491, -1,
      1491, 3772, 1492, -1,
      1688, 1689, 3817, -1,
      3817, 1689, 3812, -1,
      3817, 3812, 3818, -1,
      3818, 3812, 3813, -1,
      3818, 3813, 3819, -1,
      3819, 3813, 3814, -1,
      3819, 3814, 3820, -1,
      3820, 3814, 3815, -1,
      3820, 3815, 3821, -1,
      3821, 3815, 3816, -1,
      3821, 3816, 516, -1,
      516, 3816, 1491, -1,
      1561, 1562, 3822, -1,
      3822, 1562, 3811, -1,
      3822, 3811, 3823, -1,
      3823, 3811, 3810, -1,
      3823, 3810, 3824, -1,
      3824, 3810, 3809, -1,
      3824, 3809, 3825, -1,
      3825, 3809, 3808, -1,
      3825, 3808, 3826, -1,
      3826, 3808, 3807, -1,
      3826, 3807, 1652, -1,
      1652, 3807, 1560, -1,
      502, 1561, 3827, -1,
      3827, 1561, 3822, -1,
      3827, 3822, 3828, -1,
      3828, 3822, 3823, -1,
      3828, 3823, 3829, -1,
      3829, 3823, 3824, -1,
      3829, 3824, 3830, -1,
      3830, 3824, 3825, -1,
      3830, 3825, 3831, -1,
      3831, 3825, 3826, -1,
      3831, 3826, 1650, -1,
      1650, 3826, 1652, -1,
      1670, 1672, 3832, -1,
      1674, 1676, 3833, -1,
      1678, 1680, 3834, -1,
      1682, 1684, 3835, -1,
      1686, 1688, 3817, -1,
      1684, 1686, 3835, -1,
      3835, 1686, 3817, -1,
      3835, 3817, 3836, -1,
      3836, 3817, 3818, -1,
      3836, 3818, 3837, -1,
      3837, 3818, 3819, -1,
      3837, 3819, 3838, -1,
      3838, 3819, 3820, -1,
      3838, 3820, 3839, -1,
      3839, 3820, 3821, -1,
      3839, 3821, 517, -1,
      517, 3821, 516, -1,
      1680, 1682, 3834, -1,
      3834, 1682, 3835, -1,
      3834, 3835, 3840, -1,
      3840, 3835, 3836, -1,
      3840, 3836, 3841, -1,
      3841, 3836, 3837, -1,
      3841, 3837, 3842, -1,
      3842, 3837, 3838, -1,
      3842, 3838, 3843, -1,
      3843, 3838, 3839, -1,
      3843, 3839, 518, -1,
      518, 3839, 517, -1,
      1676, 1678, 3833, -1,
      3833, 1678, 3834, -1,
      3833, 3834, 3844, -1,
      3844, 3834, 3840, -1,
      3844, 3840, 3845, -1,
      3845, 3840, 3841, -1,
      3845, 3841, 3846, -1,
      3846, 3841, 3842, -1,
      3846, 3842, 3847, -1,
      3847, 3842, 3843, -1,
      3847, 3843, 531, -1,
      531, 3843, 518, -1,
      1672, 1674, 3832, -1,
      3832, 1674, 3833, -1,
      3832, 3833, 3848, -1,
      3848, 3833, 3844, -1,
      3848, 3844, 3849, -1,
      3849, 3844, 3845, -1,
      3849, 3845, 3850, -1,
      3850, 3845, 3846, -1,
      3850, 3846, 3851, -1,
      3851, 3846, 3847, -1,
      3851, 3847, 532, -1,
      532, 3847, 531, -1,
      1668, 1670, 3852, -1,
      3852, 1670, 3832, -1,
      3852, 3832, 3853, -1,
      3853, 3832, 3848, -1,
      3853, 3848, 3854, -1,
      3854, 3848, 3849, -1,
      3854, 3849, 3855, -1,
      3855, 3849, 3850, -1,
      3855, 3850, 3856, -1,
      3856, 3850, 3851, -1,
      3856, 3851, 543, -1,
      543, 3851, 532, -1,
      543, 542, 3856, -1,
      3856, 542, 3857, -1,
      3856, 3857, 3855, -1,
      3855, 3857, 3858, -1,
      3855, 3858, 3854, -1,
      3854, 3858, 3859, -1,
      3854, 3859, 3853, -1,
      3853, 3859, 3860, -1,
      3853, 3860, 3852, -1,
      3852, 3860, 3861, -1,
      3852, 3861, 1668, -1,
      1668, 3861, 1664, -1,
      1645, 1643, 3862, -1,
      1641, 1639, 3863, -1,
      1637, 1635, 3864, -1,
      1633, 1631, 3865, -1,
      1629, 1616, 3866, -1,
      503, 502, 3867, -1,
      3867, 502, 3827, -1,
      3867, 3827, 3868, -1,
      3868, 3827, 3828, -1,
      3868, 3828, 3869, -1,
      3869, 3828, 3829, -1,
      3869, 3829, 3870, -1,
      3870, 3829, 3830, -1,
      3870, 3830, 3871, -1,
      3871, 3830, 3831, -1,
      1631, 1629, 3865, -1,
      3865, 1629, 3866, -1,
      3865, 3866, 3872, -1,
      3872, 3866, 3873, -1,
      3872, 3873, 3874, -1,
      3874, 3873, 3875, -1,
      3874, 3875, 3876, -1,
      3876, 3875, 3877, -1,
      3876, 3877, 3878, -1,
      3878, 3877, 3879, -1,
      3878, 3879, 534, -1,
      534, 3879, 541, -1,
      1635, 1633, 3864, -1,
      3864, 1633, 3865, -1,
      3864, 3865, 3880, -1,
      3880, 3865, 3872, -1,
      3880, 3872, 3881, -1,
      3881, 3872, 3874, -1,
      3881, 3874, 3882, -1,
      3882, 3874, 3876, -1,
      3882, 3876, 3883, -1,
      3883, 3876, 3878, -1,
      3883, 3878, 533, -1,
      533, 3878, 534, -1,
      1639, 1637, 3863, -1,
      3863, 1637, 3864, -1,
      3863, 3864, 3884, -1,
      3884, 3864, 3880, -1,
      3884, 3880, 3885, -1,
      3885, 3880, 3881, -1,
      3885, 3881, 3886, -1,
      3886, 3881, 3882, -1,
      3886, 3882, 3887, -1,
      3887, 3882, 3883, -1,
      3887, 3883, 515, -1,
      515, 3883, 533, -1,
      1643, 1641, 3862, -1,
      3862, 1641, 3863, -1,
      3862, 3863, 3888, -1,
      3888, 3863, 3884, -1,
      3888, 3884, 3889, -1,
      3889, 3884, 3885, -1,
      3889, 3885, 3890, -1,
      3890, 3885, 3886, -1,
      3890, 3886, 3891, -1,
      3891, 3886, 3887, -1,
      3891, 3887, 514, -1,
      514, 3887, 515, -1,
      1647, 1645, 3871, -1,
      3871, 1645, 3862, -1,
      3871, 3862, 3870, -1,
      3870, 3862, 3888, -1,
      3870, 3888, 3869, -1,
      3869, 3888, 3889, -1,
      3869, 3889, 3868, -1,
      3868, 3889, 3890, -1,
      3868, 3890, 3867, -1,
      3867, 3890, 3891, -1,
      3867, 3891, 503, -1,
      503, 3891, 514, -1,
      3831, 1650, 3871, -1,
      3871, 1650, 1649, -1,
      3871, 1649, 1647, -1,
      542, 540, 3857, -1,
      3857, 540, 3892, -1,
      3857, 3892, 3858, -1,
      3858, 3892, 3893, -1,
      3858, 3893, 3859, -1,
      3859, 3893, 3894, -1,
      3859, 3894, 3860, -1,
      3860, 3894, 3895, -1,
      3860, 3895, 3861, -1,
      3861, 3895, 3896, -1,
      3861, 3896, 1664, -1,
      1664, 3896, 1662, -1,
      540, 539, 3892, -1,
      3892, 539, 3897, -1,
      3892, 3897, 3893, -1,
      3893, 3897, 3898, -1,
      3893, 3898, 3894, -1,
      3894, 3898, 3899, -1,
      3894, 3899, 3895, -1,
      3895, 3899, 3900, -1,
      3895, 3900, 3896, -1,
      3896, 3900, 3901, -1,
      3896, 3901, 1662, -1,
      1662, 3901, 1660, -1,
      539, 493, 3897, -1,
      3897, 493, 3902, -1,
      3897, 3902, 3898, -1,
      3898, 3902, 3903, -1,
      3898, 3903, 3899, -1,
      3899, 3903, 3904, -1,
      3899, 3904, 3900, -1,
      3900, 3904, 3905, -1,
      3900, 3905, 3901, -1,
      3901, 3905, 3906, -1,
      3901, 3906, 1660, -1,
      1660, 3906, 1658, -1,
      493, 492, 3902, -1,
      3902, 492, 3907, -1,
      3902, 3907, 3903, -1,
      3903, 3907, 3908, -1,
      3903, 3908, 3904, -1,
      3904, 3908, 3909, -1,
      3904, 3909, 3905, -1,
      3905, 3909, 3910, -1,
      3905, 3910, 3906, -1,
      3906, 3910, 3911, -1,
      3906, 3911, 1658, -1,
      1658, 3911, 1656, -1,
      492, 530, 3907, -1,
      3907, 530, 3912, -1,
      3907, 3912, 3908, -1,
      3908, 3912, 3913, -1,
      3908, 3913, 3909, -1,
      3909, 3913, 3914, -1,
      3909, 3914, 3910, -1,
      3910, 3914, 3915, -1,
      3910, 3915, 3911, -1,
      3911, 3915, 3916, -1,
      3911, 3916, 1656, -1,
      1656, 3916, 1654, -1,
      530, 521, 3912, -1,
      3912, 521, 3917, -1,
      3912, 3917, 3913, -1,
      3913, 3917, 3918, -1,
      3913, 3918, 3914, -1,
      3914, 3918, 3919, -1,
      3914, 3919, 3915, -1,
      3915, 3919, 3920, -1,
      3915, 3920, 3916, -1,
      3916, 3920, 3921, -1,
      3916, 3921, 1654, -1,
      1654, 3921, 1410, -1,
      525, 524, 3922, -1,
      3922, 524, 3923, -1,
      3922, 3923, 3924, -1,
      3924, 3923, 3925, -1,
      3924, 3925, 3926, -1,
      3926, 3925, 3927, -1,
      3926, 3927, 3928, -1,
      3928, 3927, 3929, -1,
      3928, 3929, 3930, -1,
      3930, 3929, 3931, -1,
      3930, 3931, 1412, -1,
      1412, 3931, 1626, -1,
      524, 523, 3923, -1,
      3923, 523, 3932, -1,
      3923, 3932, 3925, -1,
      3925, 3932, 3933, -1,
      3925, 3933, 3927, -1,
      3927, 3933, 3934, -1,
      3927, 3934, 3929, -1,
      3929, 3934, 3935, -1,
      3929, 3935, 3931, -1,
      3931, 3935, 3936, -1,
      3931, 3936, 1626, -1,
      1626, 3936, 1624, -1,
      523, 522, 3932, -1,
      3932, 522, 3937, -1,
      3932, 3937, 3933, -1,
      3933, 3937, 3938, -1,
      3933, 3938, 3934, -1,
      3934, 3938, 3939, -1,
      3934, 3939, 3935, -1,
      3935, 3939, 3940, -1,
      3935, 3940, 3936, -1,
      3936, 3940, 3941, -1,
      3936, 3941, 1624, -1,
      1624, 3941, 1622, -1,
      522, 529, 3937, -1,
      3937, 529, 3942, -1,
      3937, 3942, 3938, -1,
      3938, 3942, 3943, -1,
      3938, 3943, 3939, -1,
      3939, 3943, 3944, -1,
      3939, 3944, 3940, -1,
      3940, 3944, 3945, -1,
      3940, 3945, 3941, -1,
      3941, 3945, 3946, -1,
      3941, 3946, 1622, -1,
      1622, 3946, 1620, -1,
      529, 491, 3942, -1,
      3942, 491, 3947, -1,
      3942, 3947, 3943, -1,
      3943, 3947, 3948, -1,
      3943, 3948, 3944, -1,
      3944, 3948, 3949, -1,
      3944, 3949, 3945, -1,
      3945, 3949, 3950, -1,
      3945, 3950, 3946, -1,
      3946, 3950, 3951, -1,
      3946, 3951, 1620, -1,
      1620, 3951, 1618, -1,
      491, 541, 3947, -1,
      3947, 541, 3879, -1,
      3947, 3879, 3948, -1,
      3948, 3879, 3877, -1,
      3948, 3877, 3949, -1,
      3949, 3877, 3875, -1,
      3949, 3875, 3950, -1,
      3950, 3875, 3873, -1,
      3950, 3873, 3951, -1,
      3951, 3873, 3866, -1,
      3951, 3866, 1618, -1,
      1618, 3866, 1616, -1,
      520, 3952, 521, -1,
      521, 3952, 3917, -1,
      3952, 3953, 3917, -1,
      3917, 3953, 3954, -1,
      3917, 3954, 3918, -1,
      3954, 3955, 3918, -1,
      3918, 3955, 3956, -1,
      3918, 3956, 3919, -1,
      3919, 3956, 3957, -1,
      3919, 3957, 3920, -1,
      3957, 3958, 3920, -1,
      3920, 3958, 3959, -1,
      3920, 3959, 3921, -1,
      3959, 3960, 3921, -1,
      3921, 3960, 3961, -1,
      3921, 3961, 1410, -1,
      1410, 3961, 3962, -1,
      1410, 3962, 1408, -1,
      3963, 498, 525, -1,
      3963, 525, 3964, -1,
      3964, 525, 3922, -1,
      3964, 3922, 3965, -1,
      3965, 3922, 3966, -1,
      3966, 3922, 3924, -1,
      3966, 3924, 3967, -1,
      3967, 3924, 3968, -1,
      3968, 3924, 3926, -1,
      3968, 3926, 3969, -1,
      3969, 3926, 3928, -1,
      3969, 3928, 3970, -1,
      3970, 3928, 3971, -1,
      3971, 3928, 3930, -1,
      3971, 3930, 3972, -1,
      3972, 3930, 3973, -1,
      3973, 3930, 1412, -1,
      3973, 1412, 1414, -1,
      3974, 504, 506, -1,
      520, 519, 3952, -1,
      3952, 519, 3975, -1,
      3952, 3975, 3953, -1,
      3953, 3975, 3976, -1,
      506, 3977, 3974, -1,
      3974, 3977, 3978, -1,
      3974, 3978, 3979, -1,
      3980, 3955, 3976, -1,
      3976, 3955, 3954, -1,
      3976, 3954, 3953, -1,
      3978, 3981, 3979, -1,
      3979, 3981, 3982, -1,
      3979, 3982, 3983, -1,
      3984, 3957, 3980, -1,
      3980, 3957, 3956, -1,
      3980, 3956, 3955, -1,
      3982, 3985, 3983, -1,
      3983, 3985, 3986, -1,
      3983, 3986, 3987, -1,
      3961, 3960, 3988, -1,
      3988, 3960, 3959, -1,
      3988, 3959, 3984, -1,
      3984, 3959, 3958, -1,
      3984, 3958, 3957, -1,
      519, 494, 3975, -1,
      3975, 494, 3989, -1,
      3975, 3989, 3976, -1,
      3976, 3989, 3990, -1,
      3976, 3990, 3980, -1,
      3980, 3990, 3991, -1,
      3980, 3991, 3984, -1,
      3984, 3991, 3992, -1,
      3984, 3992, 3988, -1,
      3988, 3992, 3993, -1,
      494, 496, 3989, -1,
      3989, 496, 3994, -1,
      3989, 3994, 3990, -1,
      3990, 3994, 3995, -1,
      3990, 3995, 3991, -1,
      3991, 3995, 3996, -1,
      3991, 3996, 3992, -1,
      3992, 3996, 3997, -1,
      3992, 3997, 3993, -1,
      3993, 3997, 3998, -1,
      496, 497, 3994, -1,
      3994, 497, 3999, -1,
      3994, 3999, 3995, -1,
      3995, 3999, 4000, -1,
      3995, 4000, 3996, -1,
      3996, 4000, 4001, -1,
      3996, 4001, 3997, -1,
      3997, 4001, 4002, -1,
      3997, 4002, 3998, -1,
      3998, 4002, 4003, -1,
      497, 504, 3999, -1,
      3999, 504, 3974, -1,
      3999, 3974, 4000, -1,
      4000, 3974, 3979, -1,
      4000, 3979, 4001, -1,
      4001, 3979, 3983, -1,
      4001, 3983, 4002, -1,
      4002, 3983, 3987, -1,
      4002, 3987, 4003, -1,
      4003, 3987, 4004, -1,
      1408, 3962, 4005, -1,
      4005, 3962, 3961, -1,
      3986, 4006, 3987, -1,
      3987, 4006, 4007, -1,
      3987, 4007, 4004, -1,
      4004, 4007, 4008, -1,
      4004, 4008, 4009, -1,
      3961, 3988, 4005, -1,
      4005, 3988, 3993, -1,
      4005, 3993, 4010, -1,
      4010, 3993, 3998, -1,
      4010, 3998, 4011, -1,
      4011, 3998, 4003, -1,
      4011, 4003, 4012, -1,
      4012, 4003, 4004, -1,
      4012, 4004, 4013, -1,
      4013, 4004, 4009, -1,
      4013, 4009, 4014, -1,
      1408, 4005, 1604, -1,
      1604, 4005, 4010, -1,
      1604, 4010, 1602, -1,
      1602, 4010, 4011, -1,
      1602, 4011, 1600, -1,
      1600, 4011, 4012, -1,
      1600, 4012, 1598, -1,
      1598, 4012, 4013, -1,
      1598, 4013, 1596, -1,
      1596, 4013, 4014, -1,
      1596, 4014, 1406, -1,
      4015, 489, 498, -1,
      487, 485, 4016, -1,
      4016, 485, 4017, -1,
      4016, 4017, 4018, -1,
      4018, 4017, 4019, -1,
      498, 3963, 4015, -1,
      4015, 3963, 3964, -1,
      4015, 3964, 4020, -1,
      4021, 4022, 4019, -1,
      4019, 4022, 4023, -1,
      4019, 4023, 4018, -1,
      3964, 3965, 4020, -1,
      4020, 3965, 3966, -1,
      4020, 3966, 4024, -1,
      4025, 4026, 4021, -1,
      4021, 4026, 4027, -1,
      4021, 4027, 4022, -1,
      3966, 3967, 4024, -1,
      4024, 3967, 3968, -1,
      4024, 3968, 4028, -1,
      4029, 4030, 4031, -1,
      4031, 4030, 4032, -1,
      4031, 4032, 4025, -1,
      4025, 4032, 4033, -1,
      4025, 4033, 4026, -1,
      485, 500, 4017, -1,
      4017, 500, 4034, -1,
      4017, 4034, 4019, -1,
      4019, 4034, 4035, -1,
      4019, 4035, 4021, -1,
      4021, 4035, 4036, -1,
      4021, 4036, 4025, -1,
      4025, 4036, 4037, -1,
      4025, 4037, 4031, -1,
      4031, 4037, 4038, -1,
      500, 499, 4034, -1,
      4034, 499, 4039, -1,
      4034, 4039, 4035, -1,
      4035, 4039, 4040, -1,
      4035, 4040, 4036, -1,
      4036, 4040, 4041, -1,
      4036, 4041, 4037, -1,
      4037, 4041, 4042, -1,
      4037, 4042, 4038, -1,
      4038, 4042, 4043, -1,
      499, 490, 4039, -1,
      4039, 490, 4044, -1,
      4039, 4044, 4040, -1,
      4040, 4044, 4045, -1,
      4040, 4045, 4041, -1,
      4041, 4045, 4046, -1,
      4041, 4046, 4042, -1,
      4042, 4046, 4047, -1,
      4042, 4047, 4043, -1,
      4043, 4047, 4048, -1,
      490, 489, 4044, -1,
      4044, 489, 4015, -1,
      4044, 4015, 4045, -1,
      4045, 4015, 4020, -1,
      4045, 4020, 4046, -1,
      4046, 4020, 4024, -1,
      4046, 4024, 4047, -1,
      4047, 4024, 4028, -1,
      4047, 4028, 4048, -1,
      4048, 4028, 4049, -1,
      1416, 4050, 4051, -1,
      4051, 4050, 4029, -1,
      3968, 3969, 4028, -1,
      4028, 3969, 3970, -1,
      4028, 3970, 4049, -1,
      4049, 3970, 3971, -1,
      4049, 3971, 3972, -1,
      4029, 4031, 4051, -1,
      4051, 4031, 4038, -1,
      4051, 4038, 4052, -1,
      4052, 4038, 4043, -1,
      4052, 4043, 4053, -1,
      4053, 4043, 4048, -1,
      4053, 4048, 4054, -1,
      4054, 4048, 4049, -1,
      4054, 4049, 4055, -1,
      4055, 4049, 3972, -1,
      4055, 3972, 3973, -1,
      1416, 4051, 1614, -1,
      1614, 4051, 4052, -1,
      1614, 4052, 1612, -1,
      1612, 4052, 4053, -1,
      1612, 4053, 1610, -1,
      1610, 4053, 4054, -1,
      1610, 4054, 1608, -1,
      1608, 4054, 4055, -1,
      1608, 4055, 1606, -1,
      1606, 4055, 3973, -1,
      1606, 3973, 1414, -1,
      3977, 506, 526, -1,
      3977, 526, 3978, -1,
      3978, 526, 4056, -1,
      3978, 4056, 3981, -1,
      3981, 4056, 3982, -1,
      3982, 4056, 4057, -1,
      3982, 4057, 3985, -1,
      3985, 4057, 3986, -1,
      3986, 4057, 4058, -1,
      3986, 4058, 4006, -1,
      4006, 4058, 4059, -1,
      4006, 4059, 4007, -1,
      4007, 4059, 4008, -1,
      4008, 4059, 4060, -1,
      4008, 4060, 4009, -1,
      4009, 4060, 4014, -1,
      4014, 4060, 1404, -1,
      4014, 1404, 1406, -1,
      487, 4016, 511, -1,
      511, 4016, 4061, -1,
      4016, 4018, 4061, -1,
      4061, 4018, 4023, -1,
      4061, 4023, 4062, -1,
      4023, 4022, 4062, -1,
      4062, 4022, 4027, -1,
      4062, 4027, 4063, -1,
      4063, 4027, 4026, -1,
      4063, 4026, 4064, -1,
      4026, 4033, 4064, -1,
      4064, 4033, 4032, -1,
      4064, 4032, 4065, -1,
      4032, 4030, 4065, -1,
      4065, 4030, 4029, -1,
      4065, 4029, 1418, -1,
      1418, 4029, 4050, -1,
      1418, 4050, 1416, -1,
      243, 1594, 4066, -1,
      4066, 1594, 4067, -1,
      4066, 4067, 4068, -1,
      4068, 4067, 4069, -1,
      4068, 4069, 4070, -1,
      4070, 4069, 4071, -1,
      4070, 4071, 4072, -1,
      4072, 4071, 4073, -1,
      4072, 4073, 4074, -1,
      4074, 4073, 4075, -1,
      4074, 4075, 527, -1,
      527, 4075, 528, -1,
      1594, 1592, 4067, -1,
      4067, 1592, 4076, -1,
      4067, 4076, 4069, -1,
      4069, 4076, 4077, -1,
      4069, 4077, 4071, -1,
      4071, 4077, 4078, -1,
      4071, 4078, 4073, -1,
      4073, 4078, 4079, -1,
      4073, 4079, 4075, -1,
      4075, 4079, 4080, -1,
      4075, 4080, 528, -1,
      528, 4080, 535, -1,
      1592, 1590, 4076, -1,
      4076, 1590, 4081, -1,
      4076, 4081, 4077, -1,
      4077, 4081, 4082, -1,
      4077, 4082, 4078, -1,
      4078, 4082, 4083, -1,
      4078, 4083, 4079, -1,
      4079, 4083, 4084, -1,
      4079, 4084, 4080, -1,
      4080, 4084, 4085, -1,
      4080, 4085, 535, -1,
      535, 4085, 536, -1,
      1590, 1588, 4081, -1,
      4081, 1588, 4086, -1,
      4081, 4086, 4082, -1,
      4082, 4086, 4087, -1,
      4082, 4087, 4083, -1,
      4083, 4087, 4088, -1,
      4083, 4088, 4084, -1,
      4084, 4088, 4089, -1,
      4084, 4089, 4085, -1,
      4085, 4089, 4090, -1,
      4085, 4090, 536, -1,
      536, 4090, 538, -1,
      1588, 1586, 4086, -1,
      4086, 1586, 4091, -1,
      4086, 4091, 4087, -1,
      4087, 4091, 4092, -1,
      4087, 4092, 4088, -1,
      4088, 4092, 4093, -1,
      4088, 4093, 4089, -1,
      4089, 4093, 4094, -1,
      4089, 4094, 4090, -1,
      4090, 4094, 4095, -1,
      4090, 4095, 538, -1,
      538, 4095, 537, -1,
      1586, 1404, 4091, -1,
      4091, 1404, 4060, -1,
      4091, 4060, 4092, -1,
      4092, 4060, 4059, -1,
      4092, 4059, 4093, -1,
      4093, 4059, 4058, -1,
      4093, 4058, 4094, -1,
      4094, 4058, 4057, -1,
      4094, 4057, 4095, -1,
      4095, 4057, 4056, -1,
      4095, 4056, 537, -1,
      537, 4056, 526, -1,
      1418, 1584, 4065, -1,
      4065, 1584, 4096, -1,
      4065, 4096, 4064, -1,
      4064, 4096, 4097, -1,
      4064, 4097, 4063, -1,
      4063, 4097, 4098, -1,
      4063, 4098, 4062, -1,
      4062, 4098, 4099, -1,
      4062, 4099, 4061, -1,
      4061, 4099, 4100, -1,
      4061, 4100, 511, -1,
      511, 4100, 508, -1,
      1584, 1582, 4096, -1,
      4096, 1582, 4101, -1,
      4096, 4101, 4097, -1,
      4097, 4101, 4102, -1,
      4097, 4102, 4098, -1,
      4098, 4102, 4103, -1,
      4098, 4103, 4099, -1,
      4099, 4103, 4104, -1,
      4099, 4104, 4100, -1,
      4100, 4104, 4105, -1,
      4100, 4105, 508, -1,
      508, 4105, 510, -1,
      1582, 1580, 4101, -1,
      4101, 1580, 4106, -1,
      4101, 4106, 4102, -1,
      4102, 4106, 4107, -1,
      4102, 4107, 4103, -1,
      4103, 4107, 4108, -1,
      4103, 4108, 4104, -1,
      4104, 4108, 4109, -1,
      4104, 4109, 4105, -1,
      4105, 4109, 4110, -1,
      4105, 4110, 510, -1,
      510, 4110, 509, -1,
      1580, 1578, 4106, -1,
      4106, 1578, 4111, -1,
      4106, 4111, 4107, -1,
      4107, 4111, 4112, -1,
      4107, 4112, 4108, -1,
      4108, 4112, 4113, -1,
      4108, 4113, 4109, -1,
      4109, 4113, 4114, -1,
      4109, 4114, 4110, -1,
      4110, 4114, 4115, -1,
      4110, 4115, 509, -1,
      509, 4115, 507, -1,
      1578, 1576, 4111, -1,
      4111, 1576, 4116, -1,
      4111, 4116, 4112, -1,
      4112, 4116, 4117, -1,
      4112, 4117, 4113, -1,
      4113, 4117, 4118, -1,
      4113, 4118, 4114, -1,
      4114, 4118, 4119, -1,
      4114, 4119, 4115, -1,
      4115, 4119, 4120, -1,
      4115, 4120, 507, -1,
      507, 4120, 512, -1,
      1576, 329, 4116, -1,
      4116, 329, 4121, -1,
      4116, 4121, 4117, -1,
      4117, 4121, 4122, -1,
      4117, 4122, 4118, -1,
      4118, 4122, 4123, -1,
      4118, 4123, 4119, -1,
      4119, 4123, 4124, -1,
      4119, 4124, 4120, -1,
      4120, 4124, 4125, -1,
      4120, 4125, 512, -1,
      512, 4125, 488, -1,
      245, 243, 4066, -1,
      245, 4066, 4126, -1,
      4126, 4066, 4068, -1,
      4126, 4068, 4127, -1,
      4127, 4068, 4070, -1,
      4127, 4070, 4128, -1,
      4128, 4070, 4072, -1,
      4128, 4072, 4129, -1,
      4129, 4072, 4074, -1,
      4129, 4074, 4130, -1,
      4130, 4074, 527, -1,
      4130, 527, 505, -1,
      329, 331, 4131, -1,
      329, 4131, 4121, -1,
      4121, 4131, 4132, -1,
      4121, 4132, 4122, -1,
      4122, 4132, 4133, -1,
      4122, 4133, 4123, -1,
      4123, 4133, 4134, -1,
      4123, 4134, 4124, -1,
      4124, 4134, 4135, -1,
      4124, 4135, 4125, -1,
      4125, 4135, 486, -1,
      4125, 486, 488, -1,
      245, 4126, 4136, -1,
      4126, 4127, 4137, -1,
      4127, 4128, 4138, -1,
      4128, 4129, 4139, -1,
      4129, 4130, 4140, -1,
      4130, 505, 737, -1,
      4130, 737, 4140, -1,
      4140, 737, 735, -1,
      4140, 735, 4141, -1,
      727, 4142, 4143, -1,
      735, 733, 4141, -1,
      4141, 733, 731, -1,
      4141, 731, 4143, -1,
      4143, 731, 729, -1,
      4143, 729, 727, -1,
      727, 725, 4142, -1,
      4142, 725, 723, -1,
      4142, 723, 4144, -1,
      4144, 723, 721, -1,
      4144, 721, 4145, -1,
      713, 4146, 4147, -1,
      721, 719, 4145, -1,
      4145, 719, 717, -1,
      4145, 717, 4147, -1,
      4147, 717, 715, -1,
      4147, 715, 713, -1,
      713, 711, 4146, -1,
      4146, 711, 634, -1,
      4146, 634, 4148, -1,
      4129, 4140, 4139, -1,
      4139, 4140, 4141, -1,
      4139, 4141, 4149, -1,
      4149, 4141, 4143, -1,
      4149, 4143, 4150, -1,
      4150, 4143, 4142, -1,
      4150, 4142, 4151, -1,
      4151, 4142, 4144, -1,
      4151, 4144, 4152, -1,
      4152, 4144, 4145, -1,
      4152, 4145, 4153, -1,
      4153, 4145, 4147, -1,
      4153, 4147, 4154, -1,
      4154, 4147, 4146, -1,
      4154, 4146, 4155, -1,
      4155, 4146, 4148, -1,
      4155, 4148, 4156, -1,
      4128, 4139, 4138, -1,
      4138, 4139, 4149, -1,
      4138, 4149, 4157, -1,
      4157, 4149, 4150, -1,
      4157, 4150, 4158, -1,
      4158, 4150, 4151, -1,
      4158, 4151, 4159, -1,
      4159, 4151, 4152, -1,
      4159, 4152, 4160, -1,
      4160, 4152, 4153, -1,
      4160, 4153, 4161, -1,
      4161, 4153, 4154, -1,
      4161, 4154, 4162, -1,
      4162, 4154, 4155, -1,
      4162, 4155, 4163, -1,
      4163, 4155, 4156, -1,
      4163, 4156, 4164, -1,
      4127, 4138, 4137, -1,
      4137, 4138, 4157, -1,
      4137, 4157, 4165, -1,
      4165, 4157, 4158, -1,
      4165, 4158, 4166, -1,
      4166, 4158, 4159, -1,
      4166, 4159, 4167, -1,
      4167, 4159, 4160, -1,
      4167, 4160, 4168, -1,
      4168, 4160, 4161, -1,
      4168, 4161, 4169, -1,
      4169, 4161, 4162, -1,
      4169, 4162, 4170, -1,
      4170, 4162, 4163, -1,
      4170, 4163, 4171, -1,
      4171, 4163, 4164, -1,
      4171, 4164, 4172, -1,
      4126, 4137, 4136, -1,
      4136, 4137, 4165, -1,
      4136, 4165, 4173, -1,
      4173, 4165, 4166, -1,
      4173, 4166, 4174, -1,
      4174, 4166, 4167, -1,
      4174, 4167, 4175, -1,
      4175, 4167, 4168, -1,
      4175, 4168, 4176, -1,
      4176, 4168, 4169, -1,
      4176, 4169, 4177, -1,
      4177, 4169, 4170, -1,
      4177, 4170, 4178, -1,
      4178, 4170, 4171, -1,
      4178, 4171, 4179, -1,
      4179, 4171, 4172, -1,
      4179, 4172, 4180, -1,
      245, 4136, 247, -1,
      247, 4136, 4173, -1,
      247, 4173, 249, -1,
      249, 4173, 4174, -1,
      249, 4174, 251, -1,
      251, 4174, 4175, -1,
      251, 4175, 264, -1,
      264, 4175, 4176, -1,
      264, 4176, 263, -1,
      263, 4176, 4177, -1,
      263, 4177, 261, -1,
      261, 4177, 4178, -1,
      261, 4178, 259, -1,
      259, 4178, 4179, -1,
      259, 4179, 257, -1,
      257, 4179, 4180, -1,
      257, 4180, 255, -1,
      344, 4181, 4182, -1,
      4181, 4183, 4184, -1,
      4183, 4185, 4186, -1,
      4185, 4187, 4188, -1,
      4187, 4189, 4190, -1,
      4189, 552, 925, -1,
      4189, 925, 4190, -1,
      4190, 925, 923, -1,
      4190, 923, 4191, -1,
      915, 4192, 4193, -1,
      923, 921, 4191, -1,
      4191, 921, 919, -1,
      4191, 919, 4193, -1,
      4193, 919, 917, -1,
      4193, 917, 915, -1,
      915, 913, 4192, -1,
      4192, 913, 911, -1,
      4192, 911, 4194, -1,
      4194, 911, 909, -1,
      4194, 909, 4195, -1,
      901, 4196, 4197, -1,
      909, 907, 4195, -1,
      4195, 907, 905, -1,
      4195, 905, 4197, -1,
      4197, 905, 903, -1,
      4197, 903, 901, -1,
      901, 899, 4196, -1,
      4196, 899, 486, -1,
      4196, 486, 4135, -1,
      4187, 4190, 4188, -1,
      4188, 4190, 4191, -1,
      4188, 4191, 4198, -1,
      4198, 4191, 4193, -1,
      4198, 4193, 4199, -1,
      4199, 4193, 4192, -1,
      4199, 4192, 4200, -1,
      4200, 4192, 4194, -1,
      4200, 4194, 4201, -1,
      4201, 4194, 4195, -1,
      4201, 4195, 4202, -1,
      4202, 4195, 4197, -1,
      4202, 4197, 4203, -1,
      4203, 4197, 4196, -1,
      4203, 4196, 4204, -1,
      4204, 4196, 4135, -1,
      4204, 4135, 4134, -1,
      4185, 4188, 4186, -1,
      4186, 4188, 4198, -1,
      4186, 4198, 4205, -1,
      4205, 4198, 4199, -1,
      4205, 4199, 4206, -1,
      4206, 4199, 4200, -1,
      4206, 4200, 4207, -1,
      4207, 4200, 4201, -1,
      4207, 4201, 4208, -1,
      4208, 4201, 4202, -1,
      4208, 4202, 4209, -1,
      4209, 4202, 4203, -1,
      4209, 4203, 4210, -1,
      4210, 4203, 4204, -1,
      4210, 4204, 4211, -1,
      4211, 4204, 4134, -1,
      4211, 4134, 4133, -1,
      4183, 4186, 4184, -1,
      4184, 4186, 4205, -1,
      4184, 4205, 4212, -1,
      4212, 4205, 4206, -1,
      4212, 4206, 4213, -1,
      4213, 4206, 4207, -1,
      4213, 4207, 4214, -1,
      4214, 4207, 4208, -1,
      4214, 4208, 4215, -1,
      4215, 4208, 4209, -1,
      4215, 4209, 4216, -1,
      4216, 4209, 4210, -1,
      4216, 4210, 4217, -1,
      4217, 4210, 4211, -1,
      4217, 4211, 4218, -1,
      4218, 4211, 4133, -1,
      4218, 4133, 4132, -1,
      4181, 4184, 4182, -1,
      4182, 4184, 4212, -1,
      4182, 4212, 4219, -1,
      4219, 4212, 4213, -1,
      4219, 4213, 4220, -1,
      4220, 4213, 4214, -1,
      4220, 4214, 4221, -1,
      4221, 4214, 4215, -1,
      4221, 4215, 4222, -1,
      4222, 4215, 4216, -1,
      4222, 4216, 4223, -1,
      4223, 4216, 4217, -1,
      4223, 4217, 4224, -1,
      4224, 4217, 4218, -1,
      4224, 4218, 4225, -1,
      4225, 4218, 4132, -1,
      4225, 4132, 4131, -1,
      344, 4182, 346, -1,
      346, 4182, 4219, -1,
      346, 4219, 348, -1,
      348, 4219, 4220, -1,
      348, 4220, 350, -1,
      350, 4220, 4221, -1,
      350, 4221, 351, -1,
      351, 4221, 4222, -1,
      351, 4222, 339, -1,
      339, 4222, 4223, -1,
      339, 4223, 337, -1,
      337, 4223, 4224, -1,
      337, 4224, 335, -1,
      335, 4224, 4225, -1,
      335, 4225, 333, -1,
      333, 4225, 4131, -1,
      333, 4131, 331, -1,
      634, 698, 4226, -1,
      634, 4226, 4148, -1,
      4148, 4226, 4227, -1,
      4148, 4227, 4156, -1,
      4156, 4227, 4228, -1,
      4156, 4228, 4164, -1,
      4164, 4228, 4229, -1,
      4164, 4229, 4172, -1,
      4172, 4229, 4230, -1,
      4172, 4230, 4180, -1,
      4180, 4230, 253, -1,
      4180, 253, 255, -1,
      344, 342, 4231, -1,
      344, 4231, 4181, -1,
      4181, 4231, 4232, -1,
      4181, 4232, 4183, -1,
      4183, 4232, 4233, -1,
      4183, 4233, 4185, -1,
      4185, 4233, 4234, -1,
      4185, 4234, 4187, -1,
      4187, 4234, 4235, -1,
      4187, 4235, 4189, -1,
      4189, 4235, 585, -1,
      4189, 585, 552, -1,
      1142, 1224, 4236, -1,
      4236, 1224, 4237, -1,
      4236, 4237, 4238, -1,
      4238, 4237, 4239, -1,
      4238, 4239, 4240, -1,
      4240, 4239, 4241, -1,
      4240, 4241, 4242, -1,
      4242, 4241, 4243, -1,
      4242, 4243, 4244, -1,
      4244, 4243, 4245, -1,
      4244, 4245, 697, -1,
      697, 4245, 699, -1,
      1224, 1222, 4237, -1,
      4237, 1222, 4246, -1,
      4237, 4246, 4239, -1,
      4239, 4246, 4247, -1,
      4239, 4247, 4241, -1,
      4241, 4247, 4248, -1,
      4241, 4248, 4243, -1,
      4243, 4248, 4249, -1,
      4243, 4249, 4245, -1,
      4245, 4249, 4250, -1,
      4245, 4250, 699, -1,
      699, 4250, 700, -1,
      1222, 1220, 4246, -1,
      4246, 1220, 4251, -1,
      4246, 4251, 4247, -1,
      4247, 4251, 4252, -1,
      4247, 4252, 4248, -1,
      4248, 4252, 4253, -1,
      4248, 4253, 4249, -1,
      4249, 4253, 4254, -1,
      4249, 4254, 4250, -1,
      4250, 4254, 4255, -1,
      4250, 4255, 700, -1,
      700, 4255, 704, -1,
      1220, 1218, 4251, -1,
      4251, 1218, 4256, -1,
      4251, 4256, 4252, -1,
      4252, 4256, 4257, -1,
      4252, 4257, 4253, -1,
      4253, 4257, 4258, -1,
      4253, 4258, 4254, -1,
      4254, 4258, 4259, -1,
      4254, 4259, 4255, -1,
      4255, 4259, 4260, -1,
      4255, 4260, 704, -1,
      704, 4260, 705, -1,
      1218, 1216, 4256, -1,
      4256, 1216, 4261, -1,
      4256, 4261, 4257, -1,
      4257, 4261, 4262, -1,
      4257, 4262, 4258, -1,
      4258, 4262, 4263, -1,
      4258, 4263, 4259, -1,
      4259, 4263, 4264, -1,
      4259, 4264, 4260, -1,
      4260, 4264, 4265, -1,
      4260, 4265, 705, -1,
      705, 4265, 706, -1,
      1216, 253, 4261, -1,
      4261, 253, 4230, -1,
      4261, 4230, 4262, -1,
      4262, 4230, 4229, -1,
      4262, 4229, 4263, -1,
      4263, 4229, 4228, -1,
      4263, 4228, 4264, -1,
      4264, 4228, 4227, -1,
      4264, 4227, 4265, -1,
      4265, 4227, 4226, -1,
      4265, 4226, 706, -1,
      706, 4226, 698, -1,
      1124, 4266, 1205, -1,
      1205, 4266, 4267, -1,
      4266, 4268, 4267, -1,
      4267, 4268, 4269, -1,
      4267, 4269, 4270, -1,
      4269, 4271, 4270, -1,
      4270, 4271, 4272, -1,
      4270, 4272, 4273, -1,
      4272, 4274, 4273, -1,
      4273, 4274, 4275, -1,
      4273, 4275, 4276, -1,
      342, 1197, 4231, -1,
      4231, 1197, 4277, -1,
      4231, 4277, 4232, -1,
      4232, 4277, 4278, -1,
      4232, 4278, 4233, -1,
      4233, 4278, 4279, -1,
      4233, 4279, 4234, -1,
      4234, 4279, 4280, -1,
      4234, 4280, 4235, -1,
      4235, 4280, 4281, -1,
      4235, 4281, 585, -1,
      1197, 1199, 4277, -1,
      4277, 1199, 4282, -1,
      4277, 4282, 4278, -1,
      4278, 4282, 4283, -1,
      4278, 4283, 4279, -1,
      4279, 4283, 4284, -1,
      4279, 4284, 4280, -1,
      4280, 4284, 4285, -1,
      4280, 4285, 4281, -1,
      4281, 4285, 4286, -1,
      1199, 1201, 4282, -1,
      4282, 1201, 4287, -1,
      4282, 4287, 4283, -1,
      4283, 4287, 4288, -1,
      4283, 4288, 4284, -1,
      4284, 4288, 4289, -1,
      4284, 4289, 4285, -1,
      4285, 4289, 4290, -1,
      4285, 4290, 4286, -1,
      4286, 4290, 4291, -1,
      1201, 1203, 4287, -1,
      4287, 1203, 4292, -1,
      4287, 4292, 4288, -1,
      4288, 4292, 4293, -1,
      4288, 4293, 4289, -1,
      4289, 4293, 4294, -1,
      4289, 4294, 4290, -1,
      4290, 4294, 4295, -1,
      4290, 4295, 4291, -1,
      4291, 4295, 4296, -1,
      1203, 1205, 4292, -1,
      4292, 1205, 4267, -1,
      4292, 4267, 4293, -1,
      4293, 4267, 4270, -1,
      4293, 4270, 4294, -1,
      4294, 4270, 4273, -1,
      4294, 4273, 4295, -1,
      4295, 4273, 4276, -1,
      4295, 4276, 4296, -1,
      4296, 4276, 4297, -1,
      4275, 4298, 4276, -1,
      4276, 4298, 4299, -1,
      4276, 4299, 4297, -1,
      4297, 4299, 4300, -1,
      4297, 4300, 4301, -1,
      585, 4281, 586, -1,
      586, 4281, 4286, -1,
      586, 4286, 597, -1,
      597, 4286, 4291, -1,
      597, 4291, 596, -1,
      596, 4291, 4296, -1,
      596, 4296, 594, -1,
      594, 4296, 4297, -1,
      594, 4297, 595, -1,
      595, 4297, 4301, -1,
      595, 4301, 580, -1,
      697, 703, 4302, -1,
      697, 4302, 4244, -1,
      4244, 4302, 4303, -1,
      4244, 4303, 4242, -1,
      4242, 4303, 4304, -1,
      4242, 4304, 4240, -1,
      4240, 4304, 4305, -1,
      4240, 4305, 4238, -1,
      4238, 4305, 4306, -1,
      4238, 4306, 4236, -1,
      4236, 4306, 1140, -1,
      4236, 1140, 1142, -1,
      580, 4301, 579, -1,
      579, 4301, 4307, -1,
      4307, 4301, 4308, -1,
      4308, 4301, 4300, -1,
      4308, 4300, 4309, -1,
      4309, 4300, 4299, -1,
      4309, 4299, 4310, -1,
      4310, 4299, 4298, -1,
      4310, 4298, 4311, -1,
      4311, 4298, 4275, -1,
      4311, 4275, 4312, -1,
      4312, 4275, 4274, -1,
      4312, 4274, 4313, -1,
      4313, 4274, 4272, -1,
      4313, 4272, 4314, -1,
      4314, 4272, 4271, -1,
      4314, 4271, 4315, -1,
      4315, 4271, 4269, -1,
      4315, 4269, 4316, -1,
      4316, 4269, 4268, -1,
      4316, 4268, 4317, -1,
      4268, 4266, 4317, -1,
      4317, 4266, 1124, -1,
      4317, 1124, 1126, -1,
      1138, 1227, 4318, -1,
      4318, 1227, 4319, -1,
      4318, 4319, 4320, -1,
      4320, 4319, 4321, -1,
      4320, 4321, 4322, -1,
      4322, 4321, 4323, -1,
      4322, 4323, 4324, -1,
      4324, 4323, 4325, -1,
      4324, 4325, 4326, -1,
      4326, 4325, 4327, -1,
      4326, 4327, 696, -1,
      696, 4327, 701, -1,
      1227, 1229, 4319, -1,
      4319, 1229, 4328, -1,
      4319, 4328, 4321, -1,
      4321, 4328, 4329, -1,
      4321, 4329, 4323, -1,
      4323, 4329, 4330, -1,
      4323, 4330, 4325, -1,
      4325, 4330, 4331, -1,
      4325, 4331, 4327, -1,
      4327, 4331, 4332, -1,
      4327, 4332, 701, -1,
      701, 4332, 707, -1,
      1229, 1231, 4328, -1,
      4328, 1231, 4333, -1,
      4328, 4333, 4329, -1,
      4329, 4333, 4334, -1,
      4329, 4334, 4330, -1,
      4330, 4334, 4335, -1,
      4330, 4335, 4331, -1,
      4331, 4335, 4336, -1,
      4331, 4336, 4332, -1,
      4332, 4336, 4337, -1,
      4332, 4337, 707, -1,
      707, 4337, 708, -1,
      1231, 1233, 4333, -1,
      4333, 1233, 4338, -1,
      4333, 4338, 4334, -1,
      4334, 4338, 4339, -1,
      4334, 4339, 4335, -1,
      4335, 4339, 4340, -1,
      4335, 4340, 4336, -1,
      4336, 4340, 4341, -1,
      4336, 4341, 4337, -1,
      4337, 4341, 4342, -1,
      4337, 4342, 708, -1,
      708, 4342, 709, -1,
      1233, 1235, 4338, -1,
      4338, 1235, 4343, -1,
      4338, 4343, 4339, -1,
      4339, 4343, 4344, -1,
      4339, 4344, 4340, -1,
      4340, 4344, 4345, -1,
      4340, 4345, 4341, -1,
      4341, 4345, 4346, -1,
      4341, 4346, 4342, -1,
      4342, 4346, 4347, -1,
      4342, 4347, 709, -1,
      709, 4347, 702, -1,
      1235, 1140, 4343, -1,
      4343, 1140, 4306, -1,
      4343, 4306, 4344, -1,
      4344, 4306, 4305, -1,
      4344, 4305, 4345, -1,
      4345, 4305, 4304, -1,
      4345, 4304, 4346, -1,
      4346, 4304, 4303, -1,
      4346, 4303, 4347, -1,
      4347, 4303, 4302, -1,
      4347, 4302, 702, -1,
      702, 4302, 703, -1,
      1126, 1214, 4317, -1,
      4317, 1214, 4348, -1,
      4317, 4348, 4316, -1,
      4316, 4348, 4315, -1,
      4315, 4348, 4349, -1,
      4315, 4349, 4314, -1,
      4314, 4349, 4313, -1,
      4313, 4349, 4350, -1,
      4313, 4350, 4312, -1,
      4312, 4350, 4311, -1,
      4311, 4350, 4351, -1,
      4311, 4351, 4310, -1,
      4310, 4351, 4309, -1,
      4309, 4351, 4352, -1,
      4309, 4352, 4308, -1,
      4308, 4352, 4307, -1,
      4307, 4352, 602, -1,
      4307, 602, 579, -1,
      1214, 1212, 4348, -1,
      4348, 1212, 4353, -1,
      4348, 4353, 4349, -1,
      4349, 4353, 4354, -1,
      4349, 4354, 4350, -1,
      4350, 4354, 4355, -1,
      4350, 4355, 4351, -1,
      4351, 4355, 4356, -1,
      4351, 4356, 4352, -1,
      4352, 4356, 4357, -1,
      4352, 4357, 602, -1,
      602, 4357, 587, -1,
      1212, 1210, 4353, -1,
      4353, 1210, 4358, -1,
      4353, 4358, 4354, -1,
      4354, 4358, 4359, -1,
      4354, 4359, 4355, -1,
      4355, 4359, 4360, -1,
      4355, 4360, 4356, -1,
      4356, 4360, 4361, -1,
      4356, 4361, 4357, -1,
      4357, 4361, 4362, -1,
      4357, 4362, 587, -1,
      587, 4362, 588, -1,
      1210, 1208, 4358, -1,
      4358, 1208, 4363, -1,
      4358, 4363, 4359, -1,
      4359, 4363, 4364, -1,
      4359, 4364, 4360, -1,
      4360, 4364, 4365, -1,
      4360, 4365, 4361, -1,
      4361, 4365, 4366, -1,
      4361, 4366, 4362, -1,
      4362, 4366, 4367, -1,
      4362, 4367, 588, -1,
      588, 4367, 589, -1,
      1208, 1206, 4363, -1,
      4363, 1206, 4368, -1,
      4363, 4368, 4364, -1,
      4364, 4368, 4369, -1,
      4364, 4369, 4365, -1,
      4365, 4369, 4370, -1,
      4365, 4370, 4366, -1,
      4366, 4370, 4371, -1,
      4366, 4371, 4367, -1,
      4367, 4371, 4372, -1,
      4367, 4372, 589, -1,
      589, 4372, 578, -1,
      1206, 1120, 4368, -1,
      4368, 1120, 4373, -1,
      4368, 4373, 4369, -1,
      4369, 4373, 4374, -1,
      4369, 4374, 4370, -1,
      4370, 4374, 4375, -1,
      4370, 4375, 4371, -1,
      4371, 4375, 4376, -1,
      4371, 4376, 4372, -1,
      4372, 4376, 4377, -1,
      4372, 4377, 578, -1,
      578, 4377, 557, -1,
      696, 695, 4378, -1,
      696, 4378, 4326, -1,
      4326, 4378, 4379, -1,
      4326, 4379, 4324, -1,
      4324, 4379, 4380, -1,
      4324, 4380, 4322, -1,
      4322, 4380, 4381, -1,
      4322, 4381, 4320, -1,
      4320, 4381, 4382, -1,
      4320, 4382, 4318, -1,
      4318, 4382, 1136, -1,
      4318, 1136, 1138, -1,
      1120, 1122, 4383, -1,
      1120, 4383, 4373, -1,
      4373, 4383, 4384, -1,
      4373, 4384, 4374, -1,
      4374, 4384, 4385, -1,
      4374, 4385, 4375, -1,
      4375, 4385, 4386, -1,
      4375, 4386, 4376, -1,
      4376, 4386, 4387, -1,
      4376, 4387, 4377, -1,
      4377, 4387, 558, -1,
      4377, 558, 557, -1,
      695, 672, 4378, -1,
      4378, 672, 4388, -1,
      4378, 4388, 4379, -1,
      4379, 4388, 4389, -1,
      4379, 4389, 4380, -1,
      4380, 4389, 4390, -1,
      4380, 4390, 4381, -1,
      4381, 4390, 4391, -1,
      4381, 4391, 4382, -1,
      4382, 4391, 4392, -1,
      4382, 4392, 1136, -1,
      1136, 4392, 1314, -1,
      672, 671, 4388, -1,
      4388, 671, 4393, -1,
      4388, 4393, 4389, -1,
      4389, 4393, 4394, -1,
      4389, 4394, 4390, -1,
      4390, 4394, 4395, -1,
      4390, 4395, 4391, -1,
      4391, 4395, 4396, -1,
      4391, 4396, 4392, -1,
      4392, 4396, 4397, -1,
      4392, 4397, 1314, -1,
      1314, 4397, 1312, -1,
      671, 670, 4393, -1,
      4393, 670, 4398, -1,
      4393, 4398, 4394, -1,
      4394, 4398, 4399, -1,
      4394, 4399, 4395, -1,
      4395, 4399, 4400, -1,
      4395, 4400, 4396, -1,
      4396, 4400, 4401, -1,
      4396, 4401, 4397, -1,
      4397, 4401, 4402, -1,
      4397, 4402, 1312, -1,
      1312, 4402, 1310, -1,
      670, 663, 4398, -1,
      4398, 663, 4403, -1,
      4398, 4403, 4399, -1,
      4399, 4403, 4404, -1,
      4399, 4404, 4400, -1,
      4400, 4404, 4405, -1,
      4400, 4405, 4401, -1,
      4401, 4405, 4406, -1,
      4401, 4406, 4402, -1,
      4402, 4406, 4407, -1,
      4402, 4407, 1310, -1,
      1310, 4407, 1308, -1,
      663, 662, 4403, -1,
      4403, 662, 4408, -1,
      4403, 4408, 4404, -1,
      4404, 4408, 4409, -1,
      4404, 4409, 4405, -1,
      4405, 4409, 4410, -1,
      4405, 4410, 4406, -1,
      4406, 4410, 4411, -1,
      4406, 4411, 4407, -1,
      4407, 4411, 4412, -1,
      4407, 4412, 1308, -1,
      1308, 4412, 1306, -1,
      662, 661, 4408, -1,
      4408, 661, 4413, -1,
      4408, 4413, 4409, -1,
      4409, 4413, 4414, -1,
      4409, 4414, 4410, -1,
      4410, 4414, 4415, -1,
      4410, 4415, 4411, -1,
      4411, 4415, 4416, -1,
      4411, 4416, 4412, -1,
      4412, 4416, 4417, -1,
      4412, 4417, 1306, -1,
      1306, 4417, 267, -1,
      590, 571, 4418, -1,
      4418, 571, 4419, -1,
      4418, 4419, 4420, -1,
      4420, 4419, 4421, -1,
      4420, 4421, 4422, -1,
      4422, 4421, 4423, -1,
      4422, 4423, 4424, -1,
      4424, 4423, 4425, -1,
      4424, 4425, 4426, -1,
      4426, 4425, 4427, -1,
      4426, 4427, 269, -1,
      269, 4427, 1277, -1,
      571, 570, 4419, -1,
      4419, 570, 4428, -1,
      4419, 4428, 4421, -1,
      4421, 4428, 4429, -1,
      4421, 4429, 4423, -1,
      4423, 4429, 4430, -1,
      4423, 4430, 4425, -1,
      4425, 4430, 4431, -1,
      4425, 4431, 4427, -1,
      4427, 4431, 4432, -1,
      4427, 4432, 1277, -1,
      1277, 4432, 1279, -1,
      570, 569, 4428, -1,
      4428, 569, 4433, -1,
      4428, 4433, 4429, -1,
      4429, 4433, 4434, -1,
      4429, 4434, 4430, -1,
      4430, 4434, 4435, -1,
      4430, 4435, 4431, -1,
      4431, 4435, 4436, -1,
      4431, 4436, 4432, -1,
      4432, 4436, 4437, -1,
      4432, 4437, 1279, -1,
      1279, 4437, 1281, -1,
      569, 560, 4433, -1,
      4433, 560, 4438, -1,
      4433, 4438, 4434, -1,
      4434, 4438, 4439, -1,
      4434, 4439, 4435, -1,
      4435, 4439, 4440, -1,
      4435, 4440, 4436, -1,
      4436, 4440, 4441, -1,
      4436, 4441, 4437, -1,
      4437, 4441, 4442, -1,
      4437, 4442, 1281, -1,
      1281, 4442, 1283, -1,
      560, 559, 4438, -1,
      4438, 559, 4443, -1,
      4438, 4443, 4439, -1,
      4439, 4443, 4444, -1,
      4439, 4444, 4440, -1,
      4440, 4444, 4445, -1,
      4440, 4445, 4441, -1,
      4441, 4445, 4446, -1,
      4441, 4446, 4442, -1,
      4442, 4446, 4447, -1,
      4442, 4447, 1283, -1,
      1283, 4447, 1285, -1,
      559, 558, 4443, -1,
      4443, 558, 4387, -1,
      4443, 4387, 4444, -1,
      4444, 4387, 4386, -1,
      4444, 4386, 4445, -1,
      4445, 4386, 4385, -1,
      4445, 4385, 4446, -1,
      4446, 4385, 4384, -1,
      4446, 4384, 4447, -1,
      4447, 4384, 4383, -1,
      4447, 4383, 1285, -1,
      1285, 4383, 1122, -1,
      661, 669, 4448, -1,
      661, 4448, 4413, -1,
      4413, 4448, 4449, -1,
      4413, 4449, 4414, -1,
      4414, 4449, 4450, -1,
      4414, 4450, 4415, -1,
      4415, 4450, 4451, -1,
      4415, 4451, 4416, -1,
      4416, 4451, 4452, -1,
      4416, 4452, 4417, -1,
      4417, 4452, 265, -1,
      4417, 265, 267, -1,
      591, 590, 4418, -1,
      591, 4418, 4453, -1,
      4453, 4418, 4420, -1,
      4453, 4420, 4454, -1,
      4454, 4420, 4422, -1,
      4454, 4422, 4455, -1,
      4455, 4422, 4424, -1,
      4455, 4424, 4456, -1,
      4456, 4424, 4426, -1,
      4456, 4426, 4457, -1,
      4457, 4426, 269, -1,
      4457, 269, 271, -1,
      669, 668, 4448, -1,
      4448, 668, 4458, -1,
      4448, 4458, 4449, -1,
      4449, 4458, 4459, -1,
      4449, 4459, 4450, -1,
      4450, 4459, 4460, -1,
      4450, 4460, 4451, -1,
      4451, 4460, 4461, -1,
      4451, 4461, 4452, -1,
      4452, 4461, 4462, -1,
      4452, 4462, 265, -1,
      265, 4462, 1297, -1,
      668, 667, 4458, -1,
      4458, 667, 4463, -1,
      4458, 4463, 4459, -1,
      4459, 4463, 4464, -1,
      4459, 4464, 4460, -1,
      4460, 4464, 4465, -1,
      4460, 4465, 4461, -1,
      4461, 4465, 4466, -1,
      4461, 4466, 4462, -1,
      4462, 4466, 4467, -1,
      4462, 4467, 1297, -1,
      1297, 4467, 1299, -1,
      667, 660, 4463, -1,
      4463, 660, 4468, -1,
      4463, 4468, 4464, -1,
      4464, 4468, 4469, -1,
      4464, 4469, 4465, -1,
      4465, 4469, 4470, -1,
      4465, 4470, 4466, -1,
      4466, 4470, 4471, -1,
      4466, 4471, 4467, -1,
      4467, 4471, 4472, -1,
      4467, 4472, 1299, -1,
      1299, 4472, 1301, -1,
      660, 659, 4468, -1,
      4468, 659, 4473, -1,
      4468, 4473, 4469, -1,
      4469, 4473, 4474, -1,
      4469, 4474, 4470, -1,
      4470, 4474, 4475, -1,
      4470, 4475, 4471, -1,
      4471, 4475, 4476, -1,
      4471, 4476, 4472, -1,
      4472, 4476, 4477, -1,
      4472, 4477, 1301, -1,
      1301, 4477, 1303, -1,
      659, 647, 4473, -1,
      4473, 647, 4478, -1,
      4473, 4478, 4474, -1,
      4474, 4478, 4479, -1,
      4474, 4479, 4475, -1,
      4475, 4479, 4480, -1,
      4475, 4480, 4476, -1,
      4476, 4480, 4481, -1,
      4476, 4481, 4477, -1,
      4477, 4481, 4482, -1,
      4477, 4482, 1303, -1,
      1303, 4482, 1305, -1,
      647, 666, 4478, -1,
      4478, 666, 4483, -1,
      4478, 4483, 4479, -1,
      4479, 4483, 4484, -1,
      4479, 4484, 4480, -1,
      4480, 4484, 4485, -1,
      4480, 4485, 4481, -1,
      4481, 4485, 4486, -1,
      4481, 4486, 4482, -1,
      4482, 4486, 4487, -1,
      4482, 4487, 1305, -1,
      1305, 4487, 999, -1,
      582, 592, 4488, -1,
      4488, 592, 4489, -1,
      4488, 4489, 4490, -1,
      4490, 4489, 4491, -1,
      4490, 4491, 4492, -1,
      4492, 4491, 4493, -1,
      4492, 4493, 4494, -1,
      4494, 4493, 4495, -1,
      4494, 4495, 4496, -1,
      4496, 4495, 4497, -1,
      4496, 4497, 1007, -1,
      1007, 4497, 1294, -1,
      592, 577, 4489, -1,
      4489, 577, 4498, -1,
      4489, 4498, 4491, -1,
      4491, 4498, 4499, -1,
      4491, 4499, 4493, -1,
      4493, 4499, 4500, -1,
      4493, 4500, 4495, -1,
      4495, 4500, 4501, -1,
      4495, 4501, 4497, -1,
      4497, 4501, 4502, -1,
      4497, 4502, 1294, -1,
      1294, 4502, 1292, -1,
      577, 575, 4498, -1,
      4498, 575, 4503, -1,
      4498, 4503, 4499, -1,
      4499, 4503, 4504, -1,
      4499, 4504, 4500, -1,
      4500, 4504, 4505, -1,
      4500, 4505, 4501, -1,
      4501, 4505, 4506, -1,
      4501, 4506, 4502, -1,
      4502, 4506, 4507, -1,
      4502, 4507, 1292, -1,
      1292, 4507, 1290, -1,
      575, 574, 4503, -1,
      4503, 574, 4508, -1,
      4503, 4508, 4504, -1,
      4504, 4508, 4509, -1,
      4504, 4509, 4505, -1,
      4505, 4509, 4510, -1,
      4505, 4510, 4506, -1,
      4506, 4510, 4511, -1,
      4506, 4511, 4507, -1,
      4507, 4511, 4512, -1,
      4507, 4512, 1290, -1,
      1290, 4512, 1288, -1,
      574, 581, 4508, -1,
      4508, 581, 4513, -1,
      4508, 4513, 4509, -1,
      4509, 4513, 4514, -1,
      4509, 4514, 4510, -1,
      4510, 4514, 4515, -1,
      4510, 4515, 4511, -1,
      4511, 4515, 4516, -1,
      4511, 4516, 4512, -1,
      4512, 4516, 4517, -1,
      4512, 4517, 1288, -1,
      1288, 4517, 1286, -1,
      581, 591, 4513, -1,
      4513, 591, 4453, -1,
      4513, 4453, 4514, -1,
      4514, 4453, 4454, -1,
      4514, 4454, 4515, -1,
      4515, 4454, 4455, -1,
      4515, 4455, 4516, -1,
      4516, 4455, 4456, -1,
      4516, 4456, 4517, -1,
      4517, 4456, 4457, -1,
      4517, 4457, 1286, -1,
      1286, 4457, 271, -1,
      666, 302, 4518, -1,
      666, 4518, 4483, -1,
      4483, 4518, 4519, -1,
      4483, 4519, 4484, -1,
      4484, 4519, 4520, -1,
      4484, 4520, 4485, -1,
      4485, 4520, 4521, -1,
      4485, 4521, 4486, -1,
      4486, 4521, 4522, -1,
      4486, 4522, 4487, -1,
      4487, 4522, 1001, -1,
      4487, 1001, 999, -1,
      1007, 1009, 4523, -1,
      1007, 4523, 4496, -1,
      4496, 4523, 4524, -1,
      4496, 4524, 4494, -1,
      4494, 4524, 4525, -1,
      4494, 4525, 4492, -1,
      4492, 4525, 4526, -1,
      4492, 4526, 4490, -1,
      4490, 4526, 4527, -1,
      4490, 4527, 4488, -1,
      4488, 4527, 583, -1,
      4488, 583, 582, -1,
      1001, 4522, 4528, -1,
      4522, 4521, 4529, -1,
      4521, 4520, 4530, -1,
      4520, 4519, 4531, -1,
      4519, 4518, 4532, -1,
      4518, 302, 300, -1,
      4518, 300, 4532, -1,
      4532, 300, 298, -1,
      4532, 298, 4533, -1,
      290, 4534, 4535, -1,
      298, 296, 4533, -1,
      4533, 296, 294, -1,
      4533, 294, 4535, -1,
      4535, 294, 292, -1,
      4535, 292, 290, -1,
      290, 288, 4534, -1,
      4534, 288, 286, -1,
      4534, 286, 4536, -1,
      4536, 286, 284, -1,
      4536, 284, 4537, -1,
      276, 4538, 4539, -1,
      284, 282, 4537, -1,
      4537, 282, 280, -1,
      4537, 280, 4539, -1,
      4539, 280, 278, -1,
      4539, 278, 276, -1,
      276, 274, 4538, -1,
      4538, 274, 10, -1,
      4538, 10, 4540, -1,
      4519, 4532, 4531, -1,
      4531, 4532, 4533, -1,
      4531, 4533, 4541, -1,
      4541, 4533, 4535, -1,
      4541, 4535, 4542, -1,
      4542, 4535, 4534, -1,
      4542, 4534, 4543, -1,
      4543, 4534, 4536, -1,
      4543, 4536, 4544, -1,
      4544, 4536, 4537, -1,
      4544, 4537, 4545, -1,
      4545, 4537, 4539, -1,
      4545, 4539, 4546, -1,
      4546, 4539, 4538, -1,
      4546, 4538, 4547, -1,
      4547, 4538, 4540, -1,
      4547, 4540, 4548, -1,
      4520, 4531, 4530, -1,
      4530, 4531, 4541, -1,
      4530, 4541, 4549, -1,
      4549, 4541, 4542, -1,
      4549, 4542, 4550, -1,
      4550, 4542, 4543, -1,
      4550, 4543, 4551, -1,
      4551, 4543, 4544, -1,
      4551, 4544, 4552, -1,
      4552, 4544, 4545, -1,
      4552, 4545, 4553, -1,
      4553, 4545, 4546, -1,
      4553, 4546, 4554, -1,
      4554, 4546, 4547, -1,
      4554, 4547, 4555, -1,
      4555, 4547, 4548, -1,
      4555, 4548, 4556, -1,
      4521, 4530, 4529, -1,
      4529, 4530, 4549, -1,
      4529, 4549, 4557, -1,
      4557, 4549, 4550, -1,
      4557, 4550, 4558, -1,
      4558, 4550, 4551, -1,
      4558, 4551, 4559, -1,
      4559, 4551, 4552, -1,
      4559, 4552, 4560, -1,
      4560, 4552, 4553, -1,
      4560, 4553, 4561, -1,
      4561, 4553, 4554, -1,
      4561, 4554, 4562, -1,
      4562, 4554, 4555, -1,
      4562, 4555, 4563, -1,
      4563, 4555, 4556, -1,
      4563, 4556, 4564, -1,
      4522, 4529, 4528, -1,
      4528, 4529, 4557, -1,
      4528, 4557, 4565, -1,
      4565, 4557, 4558, -1,
      4565, 4558, 4566, -1,
      4566, 4558, 4559, -1,
      4566, 4559, 4567, -1,
      4567, 4559, 4560, -1,
      4567, 4560, 4568, -1,
      4568, 4560, 4561, -1,
      4568, 4561, 4569, -1,
      4569, 4561, 4562, -1,
      4569, 4562, 4570, -1,
      4570, 4562, 4563, -1,
      4570, 4563, 4571, -1,
      4571, 4563, 4564, -1,
      4571, 4564, 4572, -1,
      1001, 4528, 1003, -1,
      1003, 4528, 4565, -1,
      1003, 4565, 1005, -1,
      1005, 4565, 4566, -1,
      1005, 4566, 1019, -1,
      1019, 4566, 4567, -1,
      1019, 4567, 1020, -1,
      1020, 4567, 4568, -1,
      1020, 4568, 1022, -1,
      1022, 4568, 4569, -1,
      1022, 4569, 1024, -1,
      1024, 4569, 4570, -1,
      1024, 4570, 1026, -1,
      1026, 4570, 4571, -1,
      1026, 4571, 1028, -1,
      1028, 4571, 4572, -1,
      1028, 4572, 1030, -1,
      1032, 4573, 4574, -1,
      4573, 4575, 4576, -1,
      4575, 4577, 4578, -1,
      4577, 4579, 4580, -1,
      4579, 4581, 4582, -1,
      4581, 23, 870, -1,
      4581, 870, 4582, -1,
      4582, 870, 872, -1,
      4582, 872, 4583, -1,
      880, 4584, 4585, -1,
      872, 874, 4583, -1,
      4583, 874, 876, -1,
      4583, 876, 4585, -1,
      4585, 876, 878, -1,
      4585, 878, 880, -1,
      880, 882, 4584, -1,
      4584, 882, 884, -1,
      4584, 884, 4586, -1,
      4586, 884, 886, -1,
      4586, 886, 4587, -1,
      894, 4588, 4589, -1,
      886, 888, 4587, -1,
      4587, 888, 890, -1,
      4587, 890, 4589, -1,
      4589, 890, 892, -1,
      4589, 892, 894, -1,
      894, 896, 4588, -1,
      4588, 896, 583, -1,
      4588, 583, 4527, -1,
      4579, 4582, 4580, -1,
      4580, 4582, 4583, -1,
      4580, 4583, 4590, -1,
      4590, 4583, 4585, -1,
      4590, 4585, 4591, -1,
      4591, 4585, 4584, -1,
      4591, 4584, 4592, -1,
      4592, 4584, 4586, -1,
      4592, 4586, 4593, -1,
      4593, 4586, 4587, -1,
      4593, 4587, 4594, -1,
      4594, 4587, 4589, -1,
      4594, 4589, 4595, -1,
      4595, 4589, 4588, -1,
      4595, 4588, 4596, -1,
      4596, 4588, 4527, -1,
      4596, 4527, 4526, -1,
      4577, 4580, 4578, -1,
      4578, 4580, 4590, -1,
      4578, 4590, 4597, -1,
      4597, 4590, 4591, -1,
      4597, 4591, 4598, -1,
      4598, 4591, 4592, -1,
      4598, 4592, 4599, -1,
      4599, 4592, 4593, -1,
      4599, 4593, 4600, -1,
      4600, 4593, 4594, -1,
      4600, 4594, 4601, -1,
      4601, 4594, 4595, -1,
      4601, 4595, 4602, -1,
      4602, 4595, 4596, -1,
      4602, 4596, 4603, -1,
      4603, 4596, 4526, -1,
      4603, 4526, 4525, -1,
      4575, 4578, 4576, -1,
      4576, 4578, 4597, -1,
      4576, 4597, 4604, -1,
      4604, 4597, 4598, -1,
      4604, 4598, 4605, -1,
      4605, 4598, 4599, -1,
      4605, 4599, 4606, -1,
      4606, 4599, 4600, -1,
      4606, 4600, 4607, -1,
      4607, 4600, 4601, -1,
      4607, 4601, 4608, -1,
      4608, 4601, 4602, -1,
      4608, 4602, 4609, -1,
      4609, 4602, 4603, -1,
      4609, 4603, 4610, -1,
      4610, 4603, 4525, -1,
      4610, 4525, 4524, -1,
      4573, 4576, 4574, -1,
      4574, 4576, 4604, -1,
      4574, 4604, 4611, -1,
      4611, 4604, 4605, -1,
      4611, 4605, 4612, -1,
      4612, 4605, 4606, -1,
      4612, 4606, 4613, -1,
      4613, 4606, 4607, -1,
      4613, 4607, 4614, -1,
      4614, 4607, 4608, -1,
      4614, 4608, 4615, -1,
      4615, 4608, 4609, -1,
      4615, 4609, 4616, -1,
      4616, 4609, 4610, -1,
      4616, 4610, 4617, -1,
      4617, 4610, 4524, -1,
      4617, 4524, 4523, -1,
      1032, 4574, 1034, -1,
      1034, 4574, 4611, -1,
      1034, 4611, 1036, -1,
      1036, 4611, 4612, -1,
      1036, 4612, 1038, -1,
      1038, 4612, 4613, -1,
      1038, 4613, 1039, -1,
      1039, 4613, 4614, -1,
      1039, 4614, 1017, -1,
      1017, 4614, 4615, -1,
      1017, 4615, 1015, -1,
      1015, 4615, 4616, -1,
      1015, 4616, 1013, -1,
      1013, 4616, 4617, -1,
      1013, 4617, 1011, -1,
      1011, 4617, 4523, -1,
      1011, 4523, 1009, -1,
      1032, 1030, 4572, -1,
      1032, 4572, 4573, -1,
      4573, 4572, 4564, -1,
      4573, 4564, 4575, -1,
      4575, 4564, 4556, -1,
      4575, 4556, 4577, -1,
      4577, 4556, 4548, -1,
      4577, 4548, 4579, -1,
      4579, 4548, 4540, -1,
      4579, 4540, 4581, -1,
      4581, 4540, 10, -1,
      4581, 10, 23, -1,
      1504, 1506, 4618, -1,
      1504, 4618, 4619, -1,
      4619, 4618, 4620, -1,
      4619, 4620, 4621, -1,
      4621, 4620, 4622, -1,
      4621, 4622, 4623, -1,
      4623, 4622, 4624, -1,
      4623, 4624, 4625, -1,
      4625, 4624, 4626, -1,
      4625, 4626, 4627, -1,
      4627, 4626, 1575, -1,
      4627, 1575, 1573, -1,
      1506, 1511, 4618, -1,
      4618, 1511, 4628, -1,
      4618, 4628, 4620, -1,
      4620, 4628, 4629, -1,
      4620, 4629, 4622, -1,
      4622, 4629, 4630, -1,
      4622, 4630, 4624, -1,
      4624, 4630, 4631, -1,
      4624, 4631, 4626, -1,
      4626, 4631, 4632, -1,
      4626, 4632, 1575, -1,
      1575, 4632, 1699, -1,
      1511, 1510, 4628, -1,
      4628, 1510, 4633, -1,
      4628, 4633, 4629, -1,
      4629, 4633, 4634, -1,
      4629, 4634, 4630, -1,
      4630, 4634, 4635, -1,
      4630, 4635, 4631, -1,
      4631, 4635, 4636, -1,
      4631, 4636, 4632, -1,
      4632, 4636, 4637, -1,
      4632, 4637, 1699, -1,
      1699, 4637, 1697, -1,
      1510, 1512, 4633, -1,
      4633, 1512, 4638, -1,
      4633, 4638, 4634, -1,
      4634, 4638, 4639, -1,
      4634, 4639, 4635, -1,
      4635, 4639, 4640, -1,
      4635, 4640, 4636, -1,
      4636, 4640, 4641, -1,
      4636, 4641, 4637, -1,
      4637, 4641, 4642, -1,
      4637, 4642, 1697, -1,
      1697, 4642, 1695, -1,
      1512, 1513, 4638, -1,
      4638, 1513, 4643, -1,
      4638, 4643, 4639, -1,
      4639, 4643, 4644, -1,
      4639, 4644, 4640, -1,
      4640, 4644, 4645, -1,
      4640, 4645, 4641, -1,
      4641, 4645, 4646, -1,
      4641, 4646, 4642, -1,
      4642, 4646, 4647, -1,
      4642, 4647, 1695, -1,
      1695, 4647, 1693, -1,
      1513, 1509, 4643, -1,
      4643, 1509, 4648, -1,
      4643, 4648, 4644, -1,
      4644, 4648, 4649, -1,
      4644, 4649, 4645, -1,
      4645, 4649, 4650, -1,
      4645, 4650, 4646, -1,
      4646, 4650, 4651, -1,
      4646, 4651, 4647, -1,
      4647, 4651, 4652, -1,
      4647, 4652, 1693, -1,
      1693, 4652, 1691, -1,
      1509, 1508, 4648, -1,
      4648, 1508, 4653, -1,
      4648, 4653, 4649, -1,
      4649, 4653, 4654, -1,
      4649, 4654, 4650, -1,
      4650, 4654, 4655, -1,
      4650, 4655, 4651, -1,
      4651, 4655, 4656, -1,
      4651, 4656, 4652, -1,
      4652, 4656, 4657, -1,
      4652, 4657, 1691, -1,
      1691, 4657, 1519, -1,
      1503, 1502, 4658, -1,
      4658, 1502, 4659, -1,
      4658, 4659, 4660, -1,
      4660, 4659, 4661, -1,
      4660, 4661, 4662, -1,
      4662, 4661, 4663, -1,
      4662, 4663, 4664, -1,
      4664, 4663, 4665, -1,
      4664, 4665, 4666, -1,
      4666, 4665, 4667, -1,
      4666, 4667, 1501, -1,
      1501, 4667, 1700, -1,
      1502, 1516, 4659, -1,
      4659, 1516, 4668, -1,
      4659, 4668, 4661, -1,
      4661, 4668, 4669, -1,
      4661, 4669, 4663, -1,
      4663, 4669, 4670, -1,
      4663, 4670, 4665, -1,
      4665, 4670, 4671, -1,
      4665, 4671, 4667, -1,
      4667, 4671, 4672, -1,
      4667, 4672, 1700, -1,
      1700, 4672, 1702, -1,
      1516, 1517, 4668, -1,
      4668, 1517, 4673, -1,
      4668, 4673, 4669, -1,
      4669, 4673, 4674, -1,
      4669, 4674, 4670, -1,
      4670, 4674, 4675, -1,
      4670, 4675, 4671, -1,
      4671, 4675, 4676, -1,
      4671, 4676, 4672, -1,
      4672, 4676, 4677, -1,
      4672, 4677, 1702, -1,
      1702, 4677, 1704, -1,
      1517, 1515, 4673, -1,
      4673, 1515, 4678, -1,
      4673, 4678, 4674, -1,
      4674, 4678, 4679, -1,
      4674, 4679, 4675, -1,
      4675, 4679, 4680, -1,
      4675, 4680, 4676, -1,
      4676, 4680, 4681, -1,
      4676, 4681, 4677, -1,
      4677, 4681, 4682, -1,
      4677, 4682, 1704, -1,
      1704, 4682, 1706, -1,
      1515, 1514, 4678, -1,
      4678, 1514, 4683, -1,
      4678, 4683, 4679, -1,
      4679, 4683, 4684, -1,
      4679, 4684, 4680, -1,
      4680, 4684, 4685, -1,
      4680, 4685, 4681, -1,
      4681, 4685, 4686, -1,
      4681, 4686, 4682, -1,
      4682, 4686, 4687, -1,
      4682, 4687, 1706, -1,
      1706, 4687, 1708, -1,
      1514, 1504, 4683, -1,
      4683, 1504, 4619, -1,
      4683, 4619, 4684, -1,
      4684, 4619, 4621, -1,
      4684, 4621, 4685, -1,
      4685, 4621, 4623, -1,
      4685, 4623, 4686, -1,
      4686, 4623, 4625, -1,
      4686, 4625, 4687, -1,
      4687, 4625, 4627, -1,
      4687, 4627, 1708, -1,
      1708, 4627, 1573, -1,
      1521, 1519, 4657, -1,
      1521, 4657, 4688, -1,
      4688, 4657, 4656, -1,
      4688, 4656, 4689, -1,
      4689, 4656, 4655, -1,
      4689, 4655, 4690, -1,
      4690, 4655, 4654, -1,
      4690, 4654, 4691, -1,
      4691, 4654, 4653, -1,
      4691, 4653, 4692, -1,
      4692, 4653, 1508, -1,
      4692, 1508, 1507, -1,
      4693, 1505, 1503, -1,
      4693, 1503, 4694, -1,
      4694, 1503, 4658, -1,
      4694, 4658, 4695, -1,
      4695, 4658, 4696, -1,
      4696, 4658, 4660, -1,
      4696, 4660, 4697, -1,
      4697, 4660, 4698, -1,
      4698, 4660, 4662, -1,
      4698, 4662, 4699, -1,
      4699, 4662, 4664, -1,
      4699, 4664, 4700, -1,
      4700, 4664, 4701, -1,
      4701, 4664, 4666, -1,
      4701, 4666, 4702, -1,
      4702, 4666, 4703, -1,
      4703, 4666, 1501, -1,
      4703, 1501, 1499, -1,
      1521, 4688, 4704, -1,
      4705, 4706, 4707, -1,
      4688, 4689, 4708, -1,
      4706, 4705, 4709, -1,
      4689, 4690, 4710, -1,
      4690, 4691, 4711, -1,
      4712, 4713, 4714, -1,
      4691, 4692, 4715, -1,
      4713, 4712, 4716, -1,
      4692, 1507, 1544, -1,
      4692, 1544, 4715, -1,
      4715, 1544, 1546, -1,
      4715, 1546, 4712, -1,
      1546, 1550, 4712, -1,
      4712, 1550, 1549, -1,
      4712, 1549, 4716, -1,
      4716, 1549, 1553, -1,
      4716, 1553, 1552, -1,
      4690, 4711, 4710, -1,
      4710, 4711, 4717, -1,
      4710, 4717, 4718, -1,
      4691, 4715, 4711, -1,
      4711, 4715, 4712, -1,
      4711, 4712, 4717, -1,
      4717, 4712, 4714, -1,
      4717, 4714, 4718, -1,
      4718, 4714, 4719, -1,
      4718, 4719, 4720, -1,
      4689, 4710, 4708, -1,
      4708, 4710, 4718, -1,
      4708, 4718, 4705, -1,
      4705, 4718, 4720, -1,
      4705, 4720, 4709, -1,
      1521, 4704, 1555, -1,
      1555, 4704, 4721, -1,
      1555, 4721, 1557, -1,
      4688, 4708, 4704, -1,
      4704, 4708, 4705, -1,
      4704, 4705, 4721, -1,
      4721, 4705, 4707, -1,
      4721, 4707, 1557, -1,
      1557, 4707, 4722, -1,
      1557, 4722, 1559, -1,
      4723, 1545, 1505, -1,
      61, 1548, 4724, -1,
      4724, 1548, 4725, -1,
      4724, 4725, 4726, -1,
      4726, 4725, 4727, -1,
      1505, 4693, 4723, -1,
      4723, 4693, 4694, -1,
      4723, 4694, 4728, -1,
      4729, 4730, 4727, -1,
      4727, 4730, 4731, -1,
      4727, 4731, 4726, -1,
      4694, 4695, 4728, -1,
      4728, 4695, 4696, -1,
      4728, 4696, 4732, -1,
      4733, 4734, 4729, -1,
      4729, 4734, 4735, -1,
      4729, 4735, 4730, -1,
      4696, 4697, 4732, -1,
      4732, 4697, 4698, -1,
      4732, 4698, 4736, -1,
      4737, 4738, 4739, -1,
      4739, 4738, 4740, -1,
      4739, 4740, 4733, -1,
      4733, 4740, 4741, -1,
      4733, 4741, 4734, -1,
      1548, 1547, 4725, -1,
      4725, 1547, 4742, -1,
      4725, 4742, 4727, -1,
      4727, 4742, 4743, -1,
      4727, 4743, 4729, -1,
      4729, 4743, 4744, -1,
      4729, 4744, 4733, -1,
      4733, 4744, 4745, -1,
      4733, 4745, 4739, -1,
      4739, 4745, 4746, -1,
      1547, 1545, 4742, -1,
      4742, 1545, 4723, -1,
      4742, 4723, 4743, -1,
      4743, 4723, 4728, -1,
      4743, 4728, 4744, -1,
      4744, 4728, 4732, -1,
      4744, 4732, 4745, -1,
      4745, 4732, 4736, -1,
      4745, 4736, 4746, -1,
      4746, 4736, 4747, -1,
      241, 4748, 4749, -1,
      4749, 4748, 4737, -1,
      4698, 4699, 4736, -1,
      4736, 4699, 4700, -1,
      4736, 4700, 4747, -1,
      4747, 4700, 4701, -1,
      4747, 4701, 4702, -1,
      4737, 4739, 4749, -1,
      4749, 4739, 4746, -1,
      4749, 4746, 4750, -1,
      4750, 4746, 4747, -1,
      4750, 4747, 4751, -1,
      4751, 4747, 4702, -1,
      4751, 4702, 4703, -1,
      241, 4749, 1542, -1,
      1542, 4749, 4750, -1,
      1542, 4750, 1540, -1,
      1540, 4750, 4751, -1,
      1540, 4751, 1538, -1,
      1538, 4751, 4703, -1,
      1538, 4703, 1499, -1,
      4752, 4753, 4754, -1,
      4755, 4756, 4757, -1,
      4757, 4756, 4758, -1,
      4754, 4753, 4758, -1,
      4758, 4753, 4759, -1,
      4758, 4759, 4757, -1,
      4752, 4754, 4760, -1,
      4760, 4754, 4761, -1,
      4760, 4761, 4762, -1,
      4763, 4764, 4765, -1,
      1551, 60, 4764, -1,
      4764, 60, 4766, -1,
      4764, 4766, 4765, -1,
      1559, 4756, 1653, -1,
      1653, 4756, 4755, -1,
      1653, 4755, 1651, -1,
      1559, 4722, 4756, -1,
      4756, 4722, 4707, -1,
      4756, 4707, 4758, -1,
      4758, 4707, 4706, -1,
      4758, 4706, 4754, -1,
      4754, 4706, 4709, -1,
      4754, 4709, 4761, -1,
      4761, 4709, 4720, -1,
      4720, 4719, 4761, -1,
      4761, 4719, 4763, -1,
      4761, 4763, 4762, -1,
      4762, 4763, 4765, -1,
      1552, 1551, 4716, -1,
      4716, 1551, 4764, -1,
      4716, 4764, 4713, -1,
      4713, 4764, 4763, -1,
      4713, 4763, 4714, -1,
      4714, 4763, 4719, -1,
      241, 239, 4767, -1,
      241, 4767, 4768, -1,
      4768, 4767, 4769, -1,
      4768, 4769, 4770, -1,
      4770, 4769, 4771, -1,
      4770, 4771, 4772, -1,
      4772, 4771, 4773, -1,
      4772, 4773, 4774, -1,
      4774, 4773, 4775, -1,
      4774, 4775, 4776, -1,
      55, 54, 4775, -1,
      4775, 54, 63, -1,
      4775, 63, 4776, -1,
      4776, 63, 61, -1,
      65, 4777, 4778, -1,
      60, 62, 4766, -1,
      4766, 62, 4779, -1,
      4766, 4779, 4762, -1,
      4762, 4779, 4780, -1,
      4762, 4780, 4760, -1,
      4760, 4780, 4781, -1,
      4760, 4781, 4753, -1,
      4753, 4781, 4782, -1,
      4753, 4782, 4759, -1,
      4759, 4782, 4783, -1,
      4759, 4783, 4755, -1,
      4755, 4783, 4784, -1,
      4755, 4784, 1651, -1,
      1651, 4784, 1646, -1,
      62, 64, 4779, -1,
      4779, 64, 4785, -1,
      4779, 4785, 4780, -1,
      4780, 4785, 4786, -1,
      4780, 4786, 4781, -1,
      4781, 4786, 4787, -1,
      4781, 4787, 4782, -1,
      4782, 4787, 4788, -1,
      4782, 4788, 4783, -1,
      4783, 4788, 4789, -1,
      4783, 4789, 4784, -1,
      4784, 4789, 4790, -1,
      4784, 4790, 1646, -1,
      1646, 4790, 1642, -1,
      64, 65, 4785, -1,
      4785, 65, 4778, -1,
      4785, 4778, 4786, -1,
      4786, 4778, 4791, -1,
      4786, 4791, 4787, -1,
      4787, 4791, 4792, -1,
      4787, 4792, 4788, -1,
      4788, 4792, 4793, -1,
      4788, 4793, 4789, -1,
      4789, 4793, 4794, -1,
      4789, 4794, 4790, -1,
      4790, 4794, 4795, -1,
      4790, 4795, 1642, -1,
      1642, 4795, 1638, -1,
      4777, 4796, 4778, -1,
      4778, 4796, 4797, -1,
      4778, 4797, 4791, -1,
      4791, 4797, 4798, -1,
      4791, 4798, 4792, -1,
      4792, 4798, 4799, -1,
      4792, 4799, 4793, -1,
      4793, 4799, 4800, -1,
      4793, 4800, 4794, -1,
      4794, 4800, 4801, -1,
      4794, 4801, 4795, -1,
      4795, 4801, 4802, -1,
      4795, 4802, 1638, -1,
      1638, 4802, 1634, -1,
      4796, 4803, 4797, -1,
      4797, 4803, 4804, -1,
      4797, 4804, 4798, -1,
      4798, 4804, 4805, -1,
      4798, 4805, 4799, -1,
      4799, 4805, 4806, -1,
      4799, 4806, 4800, -1,
      4800, 4806, 4807, -1,
      4800, 4807, 4801, -1,
      4801, 4807, 4808, -1,
      4801, 4808, 4802, -1,
      4802, 4808, 4809, -1,
      4802, 4809, 1634, -1,
      1634, 4809, 1630, -1,
      4803, 4810, 4804, -1,
      4804, 4810, 4811, -1,
      4804, 4811, 4805, -1,
      4805, 4811, 4812, -1,
      4805, 4812, 4806, -1,
      4806, 4812, 4813, -1,
      4806, 4813, 4807, -1,
      4807, 4813, 4814, -1,
      4807, 4814, 4808, -1,
      4808, 4814, 4815, -1,
      4808, 4815, 4809, -1,
      4809, 4815, 4816, -1,
      4809, 4816, 1630, -1,
      1630, 4816, 1617, -1,
      239, 1477, 4767, -1,
      4767, 1477, 4817, -1,
      4767, 4817, 4769, -1,
      4769, 4817, 4818, -1,
      4769, 4818, 4771, -1,
      4771, 4818, 4819, -1,
      4771, 4819, 4773, -1,
      4773, 4819, 4820, -1,
      4773, 4820, 4775, -1,
      4775, 4820, 4821, -1,
      4775, 4821, 55, -1,
      55, 4821, 1470, -1,
      1477, 1479, 4817, -1,
      4817, 1479, 4822, -1,
      4817, 4822, 4818, -1,
      4818, 4822, 4823, -1,
      4818, 4823, 4819, -1,
      4819, 4823, 4824, -1,
      4819, 4824, 4820, -1,
      4820, 4824, 4825, -1,
      4820, 4825, 4821, -1,
      4821, 4825, 4826, -1,
      4821, 4826, 1470, -1,
      1470, 4826, 1472, -1,
      1479, 1481, 4822, -1,
      4822, 1481, 4827, -1,
      4822, 4827, 4823, -1,
      4823, 4827, 4828, -1,
      4823, 4828, 4824, -1,
      4824, 4828, 4829, -1,
      4824, 4829, 4825, -1,
      4825, 4829, 4830, -1,
      4825, 4830, 4826, -1,
      4826, 4830, 4831, -1,
      4826, 4831, 1472, -1,
      1472, 4831, 1474, -1,
      1481, 1443, 4827, -1,
      4827, 1443, 4832, -1,
      4827, 4832, 4828, -1,
      4828, 4832, 4833, -1,
      4828, 4833, 4829, -1,
      4829, 4833, 4834, -1,
      4829, 4834, 4830, -1,
      4830, 4834, 4835, -1,
      4830, 4835, 4831, -1,
      4831, 4835, 4836, -1,
      4831, 4836, 1474, -1,
      1474, 4836, 1424, -1,
      4837, 4838, 4839, -1,
      4837, 4839, 4840, -1,
      4839, 4841, 4840, -1,
      4840, 4841, 4842, -1,
      4840, 4842, 4843, -1,
      4842, 4844, 4843, -1,
      4843, 4844, 4845, -1,
      4843, 4845, 4846, -1,
      4845, 4847, 4846, -1,
      4846, 4847, 4848, -1,
      4846, 4848, 4849, -1,
      4810, 4850, 4851, -1,
      4851, 4850, 4852, -1,
      4851, 4852, 4853, -1,
      4853, 4852, 4854, -1,
      4853, 4854, 4855, -1,
      4855, 4854, 4856, -1,
      4855, 4856, 4857, -1,
      4857, 4856, 4858, -1,
      4857, 4858, 4859, -1,
      4859, 4858, 4860, -1,
      4859, 4860, 1617, -1,
      4850, 4861, 4852, -1,
      4852, 4861, 4862, -1,
      4852, 4862, 4854, -1,
      4854, 4862, 4863, -1,
      4854, 4863, 4856, -1,
      4856, 4863, 4864, -1,
      4856, 4864, 4858, -1,
      4858, 4864, 4865, -1,
      4858, 4865, 4860, -1,
      4860, 4865, 4866, -1,
      4861, 4867, 4862, -1,
      4862, 4867, 4868, -1,
      4862, 4868, 4863, -1,
      4863, 4868, 4869, -1,
      4863, 4869, 4864, -1,
      4864, 4869, 4870, -1,
      4864, 4870, 4865, -1,
      4865, 4870, 4871, -1,
      4865, 4871, 4866, -1,
      4866, 4871, 4872, -1,
      4867, 4873, 4868, -1,
      4868, 4873, 4874, -1,
      4868, 4874, 4869, -1,
      4869, 4874, 4875, -1,
      4869, 4875, 4870, -1,
      4870, 4875, 4876, -1,
      4870, 4876, 4871, -1,
      4871, 4876, 4877, -1,
      4871, 4877, 4872, -1,
      4872, 4877, 4878, -1,
      4873, 4837, 4874, -1,
      4874, 4837, 4840, -1,
      4874, 4840, 4875, -1,
      4875, 4840, 4843, -1,
      4875, 4843, 4876, -1,
      4876, 4843, 4846, -1,
      4876, 4846, 4877, -1,
      4877, 4846, 4849, -1,
      4877, 4849, 4878, -1,
      4878, 4849, 4879, -1,
      4848, 4880, 4849, -1,
      4849, 4880, 4881, -1,
      4849, 4881, 4879, -1,
      4879, 4881, 4882, -1,
      4879, 4882, 4883, -1,
      1617, 4860, 1619, -1,
      1619, 4860, 4866, -1,
      1619, 4866, 1621, -1,
      1621, 4866, 4872, -1,
      1621, 4872, 1623, -1,
      1623, 4872, 4878, -1,
      1623, 4878, 1625, -1,
      1625, 4878, 4879, -1,
      1625, 4879, 1627, -1,
      1627, 4879, 4883, -1,
      1627, 4883, 1413, -1,
      1443, 1441, 4884, -1,
      1443, 4884, 4832, -1,
      4832, 4884, 4885, -1,
      4832, 4885, 4833, -1,
      4833, 4885, 4886, -1,
      4833, 4886, 4834, -1,
      4834, 4886, 4887, -1,
      4834, 4887, 4835, -1,
      4835, 4887, 4888, -1,
      4835, 4888, 4836, -1,
      4836, 4888, 1434, -1,
      4836, 1434, 1424, -1,
      4889, 4890, 4838, -1,
      4838, 4890, 4839, -1,
      4839, 4890, 4841, -1,
      4841, 4890, 4891, -1,
      4841, 4891, 4842, -1,
      4842, 4891, 4844, -1,
      4844, 4891, 4892, -1,
      4844, 4892, 4845, -1,
      4845, 4892, 4847, -1,
      4847, 4892, 4893, -1,
      4847, 4893, 4848, -1,
      4883, 4882, 4894, -1,
      4894, 4882, 4881, -1,
      4894, 4881, 4893, -1,
      4893, 4881, 4880, -1,
      4893, 4880, 4848, -1,
      4894, 4895, 4883, -1,
      4883, 4895, 1415, -1,
      4883, 1415, 1413, -1,
      1441, 1711, 4884, -1,
      4884, 1711, 4896, -1,
      4884, 4896, 4885, -1,
      4885, 4896, 4897, -1,
      4885, 4897, 4886, -1,
      4886, 4897, 4898, -1,
      4886, 4898, 4887, -1,
      4887, 4898, 4899, -1,
      4887, 4899, 4888, -1,
      4888, 4899, 4900, -1,
      4888, 4900, 1434, -1,
      1434, 4900, 1431, -1,
      1711, 1713, 4896, -1,
      4896, 1713, 4901, -1,
      4896, 4901, 4897, -1,
      4897, 4901, 4902, -1,
      4897, 4902, 4898, -1,
      4898, 4902, 4903, -1,
      4898, 4903, 4899, -1,
      4899, 4903, 4904, -1,
      4899, 4904, 4900, -1,
      4900, 4904, 4905, -1,
      4900, 4905, 1431, -1,
      1431, 4905, 1433, -1,
      1713, 1715, 4901, -1,
      4901, 1715, 4906, -1,
      4901, 4906, 4902, -1,
      4902, 4906, 4907, -1,
      4902, 4907, 4903, -1,
      4903, 4907, 4908, -1,
      4903, 4908, 4904, -1,
      4904, 4908, 4909, -1,
      4904, 4909, 4905, -1,
      4905, 4909, 4910, -1,
      4905, 4910, 1433, -1,
      1433, 4910, 1432, -1,
      1715, 1717, 4906, -1,
      4906, 1717, 4911, -1,
      4906, 4911, 4907, -1,
      4907, 4911, 4912, -1,
      4907, 4912, 4908, -1,
      4908, 4912, 4913, -1,
      4908, 4913, 4909, -1,
      4909, 4913, 4914, -1,
      4909, 4914, 4910, -1,
      4910, 4914, 4915, -1,
      4910, 4915, 1432, -1,
      1432, 4915, 1430, -1,
      1717, 1719, 4911, -1,
      4911, 1719, 4916, -1,
      4911, 4916, 4912, -1,
      4912, 4916, 4917, -1,
      4912, 4917, 4913, -1,
      4913, 4917, 4918, -1,
      4913, 4918, 4914, -1,
      4914, 4918, 4919, -1,
      4914, 4919, 4915, -1,
      4915, 4919, 4920, -1,
      4915, 4920, 1430, -1,
      1430, 4920, 1435, -1,
      1719, 1497, 4916, -1,
      4916, 1497, 4921, -1,
      4916, 4921, 4917, -1,
      4917, 4921, 4922, -1,
      4917, 4922, 4918, -1,
      4918, 4922, 4923, -1,
      4918, 4923, 4919, -1,
      4919, 4923, 4924, -1,
      4919, 4924, 4920, -1,
      4920, 4924, 4925, -1,
      4920, 4925, 1435, -1,
      1435, 4925, 1425, -1,
      1415, 4895, 4926, -1,
      4927, 4928, 4929, -1,
      4929, 4930, 4927, -1,
      4927, 4930, 4931, -1,
      4927, 4931, 4932, -1,
      4931, 4933, 4932, -1,
      4932, 4933, 4934, -1,
      4932, 4934, 4935, -1,
      4934, 4936, 4935, -1,
      4935, 4936, 4937, -1,
      4935, 4937, 4938, -1,
      4889, 4939, 4890, -1,
      4890, 4939, 4940, -1,
      4890, 4940, 4891, -1,
      4891, 4940, 4941, -1,
      4891, 4941, 4892, -1,
      4892, 4941, 4942, -1,
      4892, 4942, 4893, -1,
      4893, 4942, 4943, -1,
      4893, 4943, 4894, -1,
      4894, 4943, 4944, -1,
      4894, 4944, 4895, -1,
      4939, 4945, 4940, -1,
      4940, 4945, 4946, -1,
      4940, 4946, 4941, -1,
      4941, 4946, 4947, -1,
      4941, 4947, 4942, -1,
      4942, 4947, 4948, -1,
      4942, 4948, 4943, -1,
      4943, 4948, 4949, -1,
      4943, 4949, 4944, -1,
      4944, 4949, 4950, -1,
      4945, 4951, 4946, -1,
      4946, 4951, 4952, -1,
      4946, 4952, 4947, -1,
      4947, 4952, 4953, -1,
      4947, 4953, 4948, -1,
      4948, 4953, 4954, -1,
      4948, 4954, 4949, -1,
      4949, 4954, 4955, -1,
      4949, 4955, 4950, -1,
      4950, 4955, 4956, -1,
      4951, 4957, 4952, -1,
      4952, 4957, 4958, -1,
      4952, 4958, 4953, -1,
      4953, 4958, 4959, -1,
      4953, 4959, 4954, -1,
      4954, 4959, 4960, -1,
      4954, 4960, 4955, -1,
      4955, 4960, 4961, -1,
      4955, 4961, 4956, -1,
      4956, 4961, 4962, -1,
      4957, 4928, 4958, -1,
      4958, 4928, 4927, -1,
      4958, 4927, 4959, -1,
      4959, 4927, 4932, -1,
      4959, 4932, 4960, -1,
      4960, 4932, 4935, -1,
      4960, 4935, 4961, -1,
      4961, 4935, 4938, -1,
      4961, 4938, 4962, -1,
      4962, 4938, 4963, -1,
      4937, 4964, 4938, -1,
      4938, 4964, 4965, -1,
      4938, 4965, 4963, -1,
      4963, 4965, 4966, -1,
      4963, 4966, 4967, -1,
      4895, 4944, 4926, -1,
      4926, 4944, 4950, -1,
      4926, 4950, 4968, -1,
      4968, 4950, 4956, -1,
      4968, 4956, 4969, -1,
      4969, 4956, 4962, -1,
      4969, 4962, 4970, -1,
      4970, 4962, 4963, -1,
      4970, 4963, 4971, -1,
      4971, 4963, 4967, -1,
      4971, 4967, 4972, -1,
      1415, 4926, 1607, -1,
      1607, 4926, 4968, -1,
      1607, 4968, 1609, -1,
      1609, 4968, 4969, -1,
      1609, 4969, 1611, -1,
      1611, 4969, 4970, -1,
      1611, 4970, 1613, -1,
      1613, 4970, 4971, -1,
      1613, 4971, 1615, -1,
      1615, 4971, 4972, -1,
      1615, 4972, 1417, -1,
      1427, 1425, 4925, -1,
      1427, 4925, 4973, -1,
      4973, 4925, 4924, -1,
      4973, 4924, 4974, -1,
      4974, 4924, 4923, -1,
      4974, 4923, 4975, -1,
      4975, 4923, 4922, -1,
      4975, 4922, 4976, -1,
      4976, 4922, 4921, -1,
      4976, 4921, 4977, -1,
      4977, 4921, 1497, -1,
      4977, 1497, 1495, -1,
      4929, 4978, 4979, -1,
      4929, 4979, 4980, -1,
      4980, 4979, 4981, -1,
      4980, 4981, 4982, -1,
      4982, 4981, 4983, -1,
      4982, 4983, 4984, -1,
      4984, 4983, 4985, -1,
      4984, 4985, 4986, -1,
      4986, 4985, 4987, -1,
      4986, 4987, 4988, -1,
      4988, 4987, 1419, -1,
      4988, 1419, 1417, -1,
      1495, 1728, 4977, -1,
      4977, 1728, 4989, -1,
      4977, 4989, 4976, -1,
      4976, 4989, 4990, -1,
      4976, 4990, 4975, -1,
      4975, 4990, 4991, -1,
      4975, 4991, 4974, -1,
      4974, 4991, 4992, -1,
      4974, 4992, 4973, -1,
      4973, 4992, 4993, -1,
      4973, 4993, 1427, -1,
      1427, 4993, 1436, -1,
      1728, 1726, 4989, -1,
      4989, 1726, 4994, -1,
      4989, 4994, 4990, -1,
      4990, 4994, 4995, -1,
      4990, 4995, 4991, -1,
      4991, 4995, 4996, -1,
      4991, 4996, 4992, -1,
      4992, 4996, 4997, -1,
      4992, 4997, 4993, -1,
      4993, 4997, 4998, -1,
      4993, 4998, 1436, -1,
      1436, 4998, 1437, -1,
      1726, 1724, 4994, -1,
      4994, 1724, 4999, -1,
      4994, 4999, 4995, -1,
      4995, 4999, 5000, -1,
      4995, 5000, 4996, -1,
      4996, 5000, 5001, -1,
      4996, 5001, 4997, -1,
      4997, 5001, 5002, -1,
      4997, 5002, 4998, -1,
      4998, 5002, 5003, -1,
      4998, 5003, 1437, -1,
      1437, 5003, 1438, -1,
      1724, 1722, 4999, -1,
      4999, 1722, 5004, -1,
      4999, 5004, 5000, -1,
      5000, 5004, 5005, -1,
      5000, 5005, 5001, -1,
      5001, 5005, 5006, -1,
      5001, 5006, 5002, -1,
      5002, 5006, 5007, -1,
      5002, 5007, 5003, -1,
      5003, 5007, 5008, -1,
      5003, 5008, 1438, -1,
      1438, 5008, 1439, -1,
      1722, 1720, 5004, -1,
      5004, 1720, 5009, -1,
      5004, 5009, 5005, -1,
      5005, 5009, 5010, -1,
      5005, 5010, 5006, -1,
      5006, 5010, 5011, -1,
      5006, 5011, 5007, -1,
      5007, 5011, 5012, -1,
      5007, 5012, 5008, -1,
      5008, 5012, 5013, -1,
      5008, 5013, 1439, -1,
      1439, 5013, 1429, -1,
      1720, 1423, 5009, -1,
      5009, 1423, 5014, -1,
      5009, 5014, 5010, -1,
      5010, 5014, 5015, -1,
      5010, 5015, 5011, -1,
      5011, 5015, 5016, -1,
      5011, 5016, 5012, -1,
      5012, 5016, 5017, -1,
      5012, 5017, 5013, -1,
      5013, 5017, 5018, -1,
      5013, 5018, 1429, -1,
      1429, 5018, 1428, -1,
      330, 1577, 5019, -1,
      5019, 1577, 5020, -1,
      5019, 5020, 5021, -1,
      5021, 5020, 5022, -1,
      5021, 5022, 5023, -1,
      5023, 5022, 5024, -1,
      5023, 5024, 5025, -1,
      5025, 5024, 5026, -1,
      5025, 5026, 5027, -1,
      5027, 5026, 5028, -1,
      5027, 5028, 5029, -1,
      5029, 5028, 5030, -1,
      1577, 1579, 5020, -1,
      5020, 1579, 5031, -1,
      5020, 5031, 5022, -1,
      5022, 5031, 5032, -1,
      5022, 5032, 5024, -1,
      5024, 5032, 5033, -1,
      5024, 5033, 5026, -1,
      5026, 5033, 5034, -1,
      5026, 5034, 5028, -1,
      5028, 5034, 5035, -1,
      5028, 5035, 5030, -1,
      5030, 5035, 5036, -1,
      1579, 1581, 5031, -1,
      5031, 1581, 5037, -1,
      5031, 5037, 5032, -1,
      5032, 5037, 5038, -1,
      5032, 5038, 5033, -1,
      5033, 5038, 5039, -1,
      5033, 5039, 5034, -1,
      5034, 5039, 5040, -1,
      5034, 5040, 5035, -1,
      5035, 5040, 5041, -1,
      5035, 5041, 5036, -1,
      5036, 5041, 5042, -1,
      1581, 1583, 5037, -1,
      5037, 1583, 5043, -1,
      5037, 5043, 5038, -1,
      5038, 5043, 5044, -1,
      5038, 5044, 5039, -1,
      5039, 5044, 5045, -1,
      5039, 5045, 5040, -1,
      5040, 5045, 5046, -1,
      5040, 5046, 5041, -1,
      5041, 5046, 5047, -1,
      5041, 5047, 5042, -1,
      5042, 5047, 5048, -1,
      1583, 1585, 5043, -1,
      5043, 1585, 5049, -1,
      5043, 5049, 5044, -1,
      5044, 5049, 5050, -1,
      5044, 5050, 5045, -1,
      5045, 5050, 5051, -1,
      5045, 5051, 5046, -1,
      5046, 5051, 5052, -1,
      5046, 5052, 5047, -1,
      5047, 5052, 5053, -1,
      5047, 5053, 5048, -1,
      5048, 5053, 5054, -1,
      1585, 1419, 5049, -1,
      5049, 1419, 4987, -1,
      5049, 4987, 5050, -1,
      5050, 4987, 4985, -1,
      5050, 4985, 5051, -1,
      5051, 4985, 4983, -1,
      5051, 4983, 5052, -1,
      5052, 4983, 4981, -1,
      5052, 4981, 5053, -1,
      5053, 4981, 4979, -1,
      5053, 4979, 5054, -1,
      5054, 4979, 4978, -1,
      1426, 1428, 5018, -1,
      1426, 5018, 5055, -1,
      5055, 5018, 5017, -1,
      5055, 5017, 5056, -1,
      5056, 5017, 5016, -1,
      5056, 5016, 5057, -1,
      5057, 5016, 5015, -1,
      5057, 5015, 5058, -1,
      5058, 5015, 5014, -1,
      5058, 5014, 5059, -1,
      5059, 5014, 1423, -1,
      5059, 1423, 1421, -1,
      332, 330, 5019, -1,
      332, 5019, 5060, -1,
      5060, 5019, 5021, -1,
      5060, 5021, 5061, -1,
      5061, 5021, 5023, -1,
      5061, 5023, 5062, -1,
      5062, 5023, 5025, -1,
      5062, 5025, 5063, -1,
      5063, 5025, 5027, -1,
      5063, 5027, 5064, -1,
      5064, 5027, 5029, -1,
      5064, 5029, 5065, -1,
      1469, 1471, 5066, -1,
      1473, 1476, 5067, -1,
      1475, 1426, 5055, -1,
      1462, 1464, 5068, -1,
      1462, 5068, 5069, -1,
      5068, 5070, 5069, -1,
      5069, 5070, 5071, -1,
      5069, 5071, 5072, -1,
      5072, 5071, 5073, -1,
      5072, 5073, 5074, -1,
      5073, 5075, 5074, -1,
      5074, 5075, 5076, -1,
      5074, 5076, 5077, -1,
      1476, 1475, 5067, -1,
      5067, 1475, 5055, -1,
      5067, 5055, 5078, -1,
      5078, 5055, 5056, -1,
      5078, 5056, 5079, -1,
      5079, 5056, 5057, -1,
      5079, 5057, 5080, -1,
      5080, 5057, 5058, -1,
      5080, 5058, 5081, -1,
      5081, 5058, 5059, -1,
      5081, 5059, 1460, -1,
      1460, 5059, 1421, -1,
      1471, 1473, 5066, -1,
      5066, 1473, 5067, -1,
      5066, 5067, 5077, -1,
      5077, 5067, 5078, -1,
      5077, 5078, 5074, -1,
      5074, 5078, 5079, -1,
      5074, 5079, 5072, -1,
      5072, 5079, 5080, -1,
      5072, 5080, 5069, -1,
      5069, 5080, 5081, -1,
      5069, 5081, 1462, -1,
      1462, 5081, 1460, -1,
      1468, 1469, 5082, -1,
      5082, 1469, 5066, -1,
      5082, 5066, 5083, -1,
      5083, 5066, 5077, -1,
      5083, 5077, 5084, -1,
      5084, 5077, 5076, -1,
      5085, 5086, 5087, -1,
      5088, 5089, 5090, -1,
      5091, 5092, 5093, -1,
      5094, 5095, 5096, -1,
      5097, 5098, 5099, -1,
      343, 345, 5100, -1,
      5100, 345, 5101, -1,
      5100, 5101, 5102, -1,
      5102, 5101, 5103, -1,
      5103, 5101, 5104, -1,
      5103, 5104, 5105, -1,
      5105, 5104, 5106, -1,
      5106, 5104, 5107, -1,
      5106, 5107, 5108, -1,
      5108, 5107, 5109, -1,
      5109, 5107, 5110, -1,
      5109, 5110, 5111, -1,
      5111, 5110, 5112, -1,
      5112, 5110, 5113, -1,
      5112, 5113, 5114, -1,
      345, 347, 5101, -1,
      5101, 347, 5115, -1,
      5101, 5115, 5104, -1,
      5104, 5115, 5116, -1,
      5104, 5116, 5107, -1,
      5107, 5116, 5117, -1,
      5107, 5117, 5110, -1,
      5110, 5117, 5118, -1,
      5110, 5118, 5113, -1,
      5113, 5118, 5099, -1,
      5114, 5113, 5119, -1,
      5119, 5113, 5120, -1,
      5119, 5120, 5121, -1,
      5099, 5098, 5113, -1,
      5113, 5098, 5122, -1,
      5113, 5122, 5120, -1,
      347, 349, 5115, -1,
      5115, 349, 5123, -1,
      5115, 5123, 5116, -1,
      5116, 5123, 5124, -1,
      5116, 5124, 5117, -1,
      5117, 5124, 5125, -1,
      5117, 5125, 5118, -1,
      5118, 5125, 5126, -1,
      5118, 5126, 5099, -1,
      5099, 5126, 5096, -1,
      5099, 5096, 5097, -1,
      5097, 5096, 5095, -1,
      349, 340, 5123, -1,
      5123, 340, 5127, -1,
      5123, 5127, 5124, -1,
      5124, 5127, 5128, -1,
      5124, 5128, 5125, -1,
      5125, 5128, 5129, -1,
      5125, 5129, 5126, -1,
      5126, 5129, 5130, -1,
      5126, 5130, 5096, -1,
      5096, 5130, 5093, -1,
      5096, 5093, 5094, -1,
      5094, 5093, 5092, -1,
      5089, 5091, 5090, -1,
      5090, 5091, 5093, -1,
      5090, 5093, 5131, -1,
      5131, 5093, 5130, -1,
      5131, 5130, 5132, -1,
      5132, 5130, 5129, -1,
      5132, 5129, 5133, -1,
      5133, 5129, 5128, -1,
      5133, 5128, 5134, -1,
      5134, 5128, 5127, -1,
      5134, 5127, 338, -1,
      338, 5127, 340, -1,
      5086, 5088, 5087, -1,
      5087, 5088, 5090, -1,
      5087, 5090, 5135, -1,
      5135, 5090, 5131, -1,
      5135, 5131, 5136, -1,
      5136, 5131, 5132, -1,
      5136, 5132, 5137, -1,
      5137, 5132, 5133, -1,
      5137, 5133, 5138, -1,
      5138, 5133, 5134, -1,
      5138, 5134, 336, -1,
      336, 5134, 338, -1,
      5139, 5085, 5140, -1,
      5140, 5085, 5087, -1,
      5140, 5087, 5141, -1,
      5141, 5087, 5135, -1,
      5141, 5135, 5142, -1,
      5142, 5135, 5136, -1,
      5142, 5136, 5143, -1,
      5143, 5136, 5137, -1,
      5143, 5137, 5144, -1,
      5144, 5137, 5138, -1,
      5144, 5138, 334, -1,
      334, 5138, 336, -1,
      334, 332, 5144, -1,
      5144, 332, 5060, -1,
      5144, 5060, 5143, -1,
      5143, 5060, 5061, -1,
      5143, 5061, 5142, -1,
      5142, 5061, 5062, -1,
      5142, 5062, 5141, -1,
      5141, 5062, 5063, -1,
      5141, 5063, 5140, -1,
      5140, 5063, 5064, -1,
      5140, 5064, 5139, -1,
      5139, 5064, 5065, -1,
      5145, 1666, 1667, -1,
      5146, 5147, 5148, -1,
      5148, 5147, 5149, -1,
      5150, 5151, 5152, -1,
      5152, 5151, 5153, -1,
      5152, 5153, 5149, -1,
      5149, 5153, 5154, -1,
      5149, 5154, 5148, -1,
      1667, 5155, 5145, -1,
      5145, 5155, 5156, -1,
      5145, 5156, 5157, -1,
      5157, 5156, 5158, -1,
      5157, 5158, 5150, -1,
      5150, 5158, 5159, -1,
      5150, 5159, 5151, -1,
      1468, 5147, 1467, -1,
      1467, 5147, 5146, -1,
      1467, 5146, 56, -1,
      1468, 5082, 5147, -1,
      5147, 5082, 5083, -1,
      5147, 5083, 5149, -1,
      5149, 5083, 5084, -1,
      5149, 5084, 5152, -1,
      5084, 5076, 5152, -1,
      5152, 5076, 5075, -1,
      5152, 5075, 5150, -1,
      5150, 5075, 5073, -1,
      5150, 5073, 5157, -1,
      1464, 1666, 5068, -1,
      5068, 1666, 5145, -1,
      5068, 5145, 5070, -1,
      5070, 5145, 5157, -1,
      5070, 5157, 5071, -1,
      5071, 5157, 5073, -1,
      38, 40, 5160, -1,
      5161, 5162, 5100, -1,
      5100, 5162, 341, -1,
      5100, 341, 343, -1,
      5100, 5102, 5161, -1,
      5161, 5102, 5103, -1,
      5161, 5103, 5163, -1,
      5103, 5105, 5163, -1,
      5163, 5105, 5106, -1,
      5163, 5106, 5164, -1,
      5164, 5106, 5108, -1,
      5108, 5109, 5164, -1,
      5164, 5109, 5111, -1,
      5164, 5111, 5165, -1,
      5111, 5112, 5165, -1,
      5165, 5112, 5114, -1,
      5165, 5114, 5160, -1,
      5160, 5114, 5119, -1,
      5160, 5119, 38, -1,
      38, 5119, 5121, -1,
      59, 58, 5166, -1,
      5167, 5168, 5169, -1,
      5169, 5168, 5170, -1,
      5169, 5170, 5171, -1,
      5171, 5170, 5172, -1,
      5171, 5172, 5173, -1,
      5173, 5172, 5174, -1,
      5173, 5174, 5175, -1,
      5175, 5174, 5176, -1,
      5175, 5176, 5177, -1,
      5177, 5176, 5178, -1,
      5177, 5178, 1665, -1,
      1665, 5178, 1669, -1,
      5168, 5179, 5170, -1,
      5170, 5179, 5180, -1,
      5170, 5180, 5172, -1,
      5172, 5180, 5181, -1,
      5172, 5181, 5174, -1,
      5174, 5181, 5182, -1,
      5174, 5182, 5176, -1,
      5176, 5182, 5183, -1,
      5176, 5183, 5178, -1,
      5178, 5183, 5184, -1,
      5178, 5184, 1669, -1,
      1669, 5184, 1673, -1,
      5179, 5185, 5180, -1,
      5180, 5185, 5186, -1,
      5180, 5186, 5181, -1,
      5181, 5186, 5187, -1,
      5181, 5187, 5182, -1,
      5182, 5187, 5188, -1,
      5182, 5188, 5183, -1,
      5183, 5188, 5189, -1,
      5183, 5189, 5184, -1,
      5184, 5189, 5190, -1,
      5184, 5190, 1673, -1,
      1673, 5190, 1677, -1,
      5185, 59, 5186, -1,
      5186, 59, 5166, -1,
      5186, 5166, 5187, -1,
      5187, 5166, 5191, -1,
      5187, 5191, 5188, -1,
      5188, 5191, 5192, -1,
      5188, 5192, 5189, -1,
      5189, 5192, 5193, -1,
      5189, 5193, 5190, -1,
      5190, 5193, 5194, -1,
      5190, 5194, 1677, -1,
      1677, 5194, 1681, -1,
      58, 57, 5166, -1,
      5166, 57, 5195, -1,
      5166, 5195, 5191, -1,
      5191, 5195, 5196, -1,
      5191, 5196, 5192, -1,
      5192, 5196, 5197, -1,
      5192, 5197, 5193, -1,
      5193, 5197, 5198, -1,
      5193, 5198, 5194, -1,
      5194, 5198, 5199, -1,
      5194, 5199, 1681, -1,
      1681, 5199, 1685, -1,
      57, 56, 5195, -1,
      5195, 56, 5200, -1,
      5195, 5200, 5196, -1,
      5196, 5200, 5201, -1,
      5196, 5201, 5197, -1,
      5197, 5201, 5202, -1,
      5197, 5202, 5198, -1,
      5198, 5202, 5203, -1,
      5198, 5203, 5199, -1,
      5199, 5203, 5204, -1,
      5199, 5204, 1685, -1,
      1685, 5204, 1667, -1,
      341, 5205, 1196, -1,
      1196, 5205, 5206, -1,
      5205, 5207, 5206, -1,
      5206, 5207, 5208, -1,
      5206, 5208, 5209, -1,
      5208, 5210, 5209, -1,
      5209, 5210, 5211, -1,
      5209, 5211, 5212, -1,
      5211, 5213, 5212, -1,
      5212, 5213, 5214, -1,
      5212, 5214, 5215, -1,
      1125, 1204, 5216, -1,
      5216, 1204, 5217, -1,
      5216, 5217, 5218, -1,
      5218, 5217, 5219, -1,
      5218, 5219, 5220, -1,
      5220, 5219, 5221, -1,
      5220, 5221, 5222, -1,
      5222, 5221, 5223, -1,
      5222, 5223, 5224, -1,
      5224, 5223, 5225, -1,
      5224, 5225, 51, -1,
      1204, 1202, 5217, -1,
      5217, 1202, 5226, -1,
      5217, 5226, 5219, -1,
      5219, 5226, 5227, -1,
      5219, 5227, 5221, -1,
      5221, 5227, 5228, -1,
      5221, 5228, 5223, -1,
      5223, 5228, 5229, -1,
      5223, 5229, 5225, -1,
      5225, 5229, 5230, -1,
      1202, 1200, 5226, -1,
      5226, 1200, 5231, -1,
      5226, 5231, 5227, -1,
      5227, 5231, 5232, -1,
      5227, 5232, 5228, -1,
      5228, 5232, 5233, -1,
      5228, 5233, 5229, -1,
      5229, 5233, 5234, -1,
      5229, 5234, 5230, -1,
      5230, 5234, 5235, -1,
      1200, 1198, 5231, -1,
      5231, 1198, 5236, -1,
      5231, 5236, 5232, -1,
      5232, 5236, 5237, -1,
      5232, 5237, 5233, -1,
      5233, 5237, 5238, -1,
      5233, 5238, 5234, -1,
      5234, 5238, 5239, -1,
      5234, 5239, 5235, -1,
      5235, 5239, 5240, -1,
      1198, 1196, 5236, -1,
      5236, 1196, 5206, -1,
      5236, 5206, 5237, -1,
      5237, 5206, 5209, -1,
      5237, 5209, 5238, -1,
      5238, 5209, 5212, -1,
      5238, 5212, 5239, -1,
      5239, 5212, 5215, -1,
      5239, 5215, 5240, -1,
      5240, 5215, 5241, -1,
      5214, 5242, 5215, -1,
      5215, 5242, 5243, -1,
      5215, 5243, 5241, -1,
      5241, 5243, 5244, -1,
      5241, 5244, 5245, -1,
      51, 5225, 46, -1,
      46, 5225, 5230, -1,
      46, 5230, 47, -1,
      47, 5230, 5235, -1,
      47, 5235, 48, -1,
      48, 5235, 5240, -1,
      48, 5240, 53, -1,
      53, 5240, 5241, -1,
      53, 5241, 52, -1,
      52, 5241, 5245, -1,
      52, 5245, 40, -1,
      5246, 5247, 5248, -1,
      5248, 5247, 5249, -1,
      5248, 5249, 5250, -1,
      5250, 5249, 5251, -1,
      5250, 5251, 5252, -1,
      5252, 5251, 5253, -1,
      5252, 5253, 5254, -1,
      5254, 5253, 5255, -1,
      5254, 5255, 5256, -1,
      5256, 5255, 5257, -1,
      5256, 5257, 1411, -1,
      1411, 5257, 1655, -1,
      5247, 5258, 5249, -1,
      5249, 5258, 5259, -1,
      5249, 5259, 5251, -1,
      5251, 5259, 5260, -1,
      5251, 5260, 5253, -1,
      5253, 5260, 5261, -1,
      5253, 5261, 5255, -1,
      5255, 5261, 5262, -1,
      5255, 5262, 5257, -1,
      5257, 5262, 5263, -1,
      5257, 5263, 1655, -1,
      1655, 5263, 1657, -1,
      5258, 5264, 5259, -1,
      5259, 5264, 5265, -1,
      5259, 5265, 5260, -1,
      5260, 5265, 5266, -1,
      5260, 5266, 5261, -1,
      5261, 5266, 5267, -1,
      5261, 5267, 5262, -1,
      5262, 5267, 5268, -1,
      5262, 5268, 5263, -1,
      5263, 5268, 5269, -1,
      5263, 5269, 1657, -1,
      1657, 5269, 1659, -1,
      5264, 5270, 5265, -1,
      5265, 5270, 5271, -1,
      5265, 5271, 5266, -1,
      5266, 5271, 5272, -1,
      5266, 5272, 5267, -1,
      5267, 5272, 5273, -1,
      5267, 5273, 5268, -1,
      5268, 5273, 5274, -1,
      5268, 5274, 5269, -1,
      5269, 5274, 5275, -1,
      5269, 5275, 1659, -1,
      1659, 5275, 1661, -1,
      5270, 5276, 5271, -1,
      5271, 5276, 5277, -1,
      5271, 5277, 5272, -1,
      5272, 5277, 5278, -1,
      5272, 5278, 5273, -1,
      5273, 5278, 5279, -1,
      5273, 5279, 5274, -1,
      5274, 5279, 5280, -1,
      5274, 5280, 5275, -1,
      5275, 5280, 5281, -1,
      5275, 5281, 1661, -1,
      1661, 5281, 1663, -1,
      5276, 5167, 5277, -1,
      5277, 5167, 5169, -1,
      5277, 5169, 5278, -1,
      5278, 5169, 5171, -1,
      5278, 5171, 5279, -1,
      5279, 5171, 5173, -1,
      5279, 5173, 5280, -1,
      5280, 5173, 5175, -1,
      5280, 5175, 5281, -1,
      5281, 5175, 5177, -1,
      5281, 5177, 1663, -1,
      1663, 5177, 1665, -1,
      51, 50, 5282, -1,
      51, 5282, 5224, -1,
      5224, 5282, 5283, -1,
      5224, 5283, 5222, -1,
      5222, 5283, 5284, -1,
      5222, 5284, 5220, -1,
      5220, 5284, 5285, -1,
      5220, 5285, 5218, -1,
      5218, 5285, 5286, -1,
      5218, 5286, 5216, -1,
      5216, 5286, 1127, -1,
      5216, 1127, 1125, -1,
      5287, 5288, 5246, -1,
      5287, 5246, 5289, -1,
      5289, 5246, 5248, -1,
      5289, 5248, 5290, -1,
      5290, 5248, 5291, -1,
      5291, 5248, 5250, -1,
      5291, 5250, 5292, -1,
      5292, 5250, 5293, -1,
      5293, 5250, 5252, -1,
      5293, 5252, 5294, -1,
      5294, 5252, 5254, -1,
      5294, 5254, 5295, -1,
      5295, 5254, 5296, -1,
      5296, 5254, 5256, -1,
      5296, 5256, 5297, -1,
      5297, 5256, 5298, -1,
      5298, 5256, 1411, -1,
      5298, 1411, 1409, -1,
      1121, 1207, 5299, -1,
      5299, 1207, 5300, -1,
      5299, 5300, 5301, -1,
      5301, 5300, 5302, -1,
      5302, 5300, 5303, -1,
      5302, 5303, 5304, -1,
      5304, 5303, 5305, -1,
      5305, 5303, 5306, -1,
      5305, 5306, 5307, -1,
      5307, 5306, 5308, -1,
      5308, 5306, 5309, -1,
      5308, 5309, 5310, -1,
      5310, 5309, 5311, -1,
      5311, 5309, 5312, -1,
      5311, 5312, 5313, -1,
      5313, 5312, 5314, -1,
      5314, 5312, 42, -1,
      5314, 42, 41, -1,
      1207, 1209, 5300, -1,
      5300, 1209, 5315, -1,
      5300, 5315, 5303, -1,
      5303, 5315, 5316, -1,
      5303, 5316, 5306, -1,
      5306, 5316, 5317, -1,
      5306, 5317, 5309, -1,
      5309, 5317, 5318, -1,
      5309, 5318, 5312, -1,
      5312, 5318, 5319, -1,
      5312, 5319, 42, -1,
      42, 5319, 43, -1,
      1209, 1211, 5315, -1,
      5315, 1211, 5320, -1,
      5315, 5320, 5316, -1,
      5316, 5320, 5321, -1,
      5316, 5321, 5317, -1,
      5317, 5321, 5322, -1,
      5317, 5322, 5318, -1,
      5318, 5322, 5323, -1,
      5318, 5323, 5319, -1,
      5319, 5323, 5324, -1,
      5319, 5324, 43, -1,
      43, 5324, 44, -1,
      1211, 1213, 5320, -1,
      5320, 1213, 5325, -1,
      5320, 5325, 5321, -1,
      5321, 5325, 5326, -1,
      5321, 5326, 5322, -1,
      5322, 5326, 5327, -1,
      5322, 5327, 5323, -1,
      5323, 5327, 5328, -1,
      5323, 5328, 5324, -1,
      5324, 5328, 5329, -1,
      5324, 5329, 44, -1,
      44, 5329, 45, -1,
      1213, 1215, 5325, -1,
      5325, 1215, 5330, -1,
      5325, 5330, 5326, -1,
      5326, 5330, 5331, -1,
      5326, 5331, 5327, -1,
      5327, 5331, 5332, -1,
      5327, 5332, 5328, -1,
      5328, 5332, 5333, -1,
      5328, 5333, 5329, -1,
      5329, 5333, 5334, -1,
      5329, 5334, 45, -1,
      45, 5334, 49, -1,
      1215, 1127, 5330, -1,
      5330, 1127, 5286, -1,
      5330, 5286, 5331, -1,
      5331, 5286, 5285, -1,
      5331, 5285, 5332, -1,
      5332, 5285, 5284, -1,
      5332, 5284, 5333, -1,
      5333, 5284, 5283, -1,
      5333, 5283, 5334, -1,
      5334, 5283, 5282, -1,
      5334, 5282, 49, -1,
      49, 5282, 50, -1,
      5335, 5336, 5288, -1,
      5337, 5338, 5339, -1,
      5339, 5338, 5340, -1,
      5339, 5340, 5341, -1,
      5341, 5340, 5342, -1,
      5288, 5287, 5335, -1,
      5335, 5287, 5289, -1,
      5335, 5289, 5343, -1,
      5344, 5345, 5342, -1,
      5342, 5345, 5346, -1,
      5342, 5346, 5341, -1,
      5289, 5290, 5343, -1,
      5343, 5290, 5291, -1,
      5343, 5291, 5347, -1,
      5348, 5349, 5344, -1,
      5344, 5349, 5350, -1,
      5344, 5350, 5345, -1,
      5291, 5292, 5347, -1,
      5347, 5292, 5293, -1,
      5347, 5293, 5351, -1,
      5352, 5353, 5354, -1,
      5354, 5353, 5355, -1,
      5354, 5355, 5348, -1,
      5348, 5355, 5356, -1,
      5348, 5356, 5349, -1,
      5338, 5357, 5340, -1,
      5340, 5357, 5358, -1,
      5340, 5358, 5342, -1,
      5342, 5358, 5359, -1,
      5342, 5359, 5344, -1,
      5344, 5359, 5360, -1,
      5344, 5360, 5348, -1,
      5348, 5360, 5361, -1,
      5348, 5361, 5354, -1,
      5354, 5361, 5362, -1,
      5357, 5363, 5358, -1,
      5358, 5363, 5364, -1,
      5358, 5364, 5359, -1,
      5359, 5364, 5365, -1,
      5359, 5365, 5360, -1,
      5360, 5365, 5366, -1,
      5360, 5366, 5361, -1,
      5361, 5366, 5367, -1,
      5361, 5367, 5362, -1,
      5362, 5367, 5368, -1,
      5363, 5369, 5364, -1,
      5364, 5369, 5370, -1,
      5364, 5370, 5365, -1,
      5365, 5370, 5371, -1,
      5365, 5371, 5366, -1,
      5366, 5371, 5372, -1,
      5366, 5372, 5367, -1,
      5367, 5372, 5373, -1,
      5367, 5373, 5368, -1,
      5368, 5373, 5374, -1,
      5369, 5336, 5370, -1,
      5370, 5336, 5335, -1,
      5370, 5335, 5371, -1,
      5371, 5335, 5343, -1,
      5371, 5343, 5372, -1,
      5372, 5343, 5347, -1,
      5372, 5347, 5373, -1,
      5373, 5347, 5351, -1,
      5373, 5351, 5374, -1,
      5374, 5351, 5375, -1,
      1407, 5376, 5377, -1,
      5377, 5376, 5352, -1,
      5293, 5294, 5351, -1,
      5351, 5294, 5295, -1,
      5351, 5295, 5375, -1,
      5375, 5295, 5296, -1,
      5375, 5296, 5297, -1,
      5352, 5354, 5377, -1,
      5377, 5354, 5362, -1,
      5377, 5362, 5378, -1,
      5378, 5362, 5368, -1,
      5378, 5368, 5379, -1,
      5379, 5368, 5374, -1,
      5379, 5374, 5380, -1,
      5380, 5374, 5375, -1,
      5380, 5375, 5381, -1,
      5381, 5375, 5297, -1,
      5381, 5297, 5298, -1,
      1407, 5377, 1597, -1,
      1597, 5377, 5378, -1,
      1597, 5378, 1599, -1,
      1599, 5378, 5379, -1,
      1599, 5379, 1601, -1,
      1601, 5379, 5380, -1,
      1601, 5380, 1603, -1,
      1603, 5380, 5381, -1,
      1603, 5381, 1605, -1,
      1605, 5381, 5298, -1,
      1605, 5298, 1409, -1,
      39, 5382, 5383, -1,
      5384, 41, 39, -1,
      39, 5383, 5384, -1,
      5384, 5383, 5385, -1,
      5384, 5385, 5386, -1,
      5386, 5385, 5387, -1,
      5386, 5387, 5388, -1,
      5388, 5387, 5389, -1,
      5388, 5389, 5390, -1,
      5390, 5389, 5391, -1,
      5390, 5391, 5392, -1,
      5392, 5391, 5393, -1,
      5392, 5393, 5394, -1,
      5394, 5393, 1123, -1,
      5394, 1123, 1121, -1,
      5395, 5337, 5396, -1,
      5395, 5396, 5397, -1,
      5397, 5396, 5398, -1,
      5397, 5398, 5399, -1,
      5399, 5398, 5400, -1,
      5399, 5400, 5401, -1,
      5401, 5400, 5402, -1,
      5401, 5402, 5403, -1,
      5403, 5402, 5404, -1,
      5403, 5404, 5405, -1,
      5405, 5404, 1407, -1,
      5405, 1407, 1405, -1,
      5382, 5406, 5407, -1,
      5407, 5406, 5408, -1,
      5407, 5408, 5409, -1,
      5409, 5408, 5410, -1,
      5410, 5408, 5411, -1,
      5410, 5411, 5412, -1,
      5412, 5411, 5413, -1,
      5413, 5411, 5414, -1,
      5413, 5414, 5415, -1,
      5415, 5414, 5416, -1,
      5416, 5414, 5417, -1,
      5416, 5417, 5418, -1,
      5418, 5417, 5419, -1,
      5419, 5417, 5420, -1,
      5419, 5420, 5421, -1,
      5421, 5420, 5422, -1,
      5422, 5420, 1284, -1,
      5422, 1284, 1123, -1,
      5406, 5423, 5408, -1,
      5408, 5423, 5424, -1,
      5408, 5424, 5411, -1,
      5411, 5424, 5425, -1,
      5411, 5425, 5414, -1,
      5414, 5425, 5426, -1,
      5414, 5426, 5417, -1,
      5417, 5426, 5427, -1,
      5417, 5427, 5420, -1,
      5420, 5427, 5428, -1,
      5420, 5428, 1284, -1,
      1284, 5428, 1282, -1,
      5423, 5429, 5424, -1,
      5424, 5429, 5430, -1,
      5424, 5430, 5425, -1,
      5425, 5430, 5431, -1,
      5425, 5431, 5426, -1,
      5426, 5431, 5432, -1,
      5426, 5432, 5427, -1,
      5427, 5432, 5433, -1,
      5427, 5433, 5428, -1,
      5428, 5433, 5434, -1,
      5428, 5434, 1282, -1,
      1282, 5434, 1280, -1,
      5429, 5435, 5430, -1,
      5430, 5435, 5436, -1,
      5430, 5436, 5431, -1,
      5431, 5436, 5437, -1,
      5431, 5437, 5432, -1,
      5432, 5437, 5438, -1,
      5432, 5438, 5433, -1,
      5433, 5438, 5439, -1,
      5433, 5439, 5434, -1,
      5434, 5439, 5440, -1,
      5434, 5440, 1280, -1,
      1280, 5440, 1278, -1,
      5435, 5441, 5436, -1,
      5436, 5441, 5442, -1,
      5436, 5442, 5437, -1,
      5437, 5442, 5443, -1,
      5437, 5443, 5438, -1,
      5438, 5443, 5444, -1,
      5438, 5444, 5439, -1,
      5439, 5444, 5445, -1,
      5439, 5445, 5440, -1,
      5440, 5445, 5446, -1,
      5440, 5446, 1278, -1,
      1278, 5446, 1276, -1,
      5441, 5447, 5442, -1,
      5442, 5447, 5448, -1,
      5442, 5448, 5443, -1,
      5443, 5448, 5449, -1,
      5443, 5449, 5444, -1,
      5444, 5449, 5450, -1,
      5444, 5450, 5445, -1,
      5445, 5450, 5451, -1,
      5445, 5451, 5446, -1,
      5446, 5451, 5452, -1,
      5446, 5452, 1276, -1,
      1276, 5452, 270, -1,
      1405, 1587, 5405, -1,
      5405, 1587, 5453, -1,
      5405, 5453, 5403, -1,
      5403, 5453, 5454, -1,
      5403, 5454, 5401, -1,
      5401, 5454, 5455, -1,
      5401, 5455, 5399, -1,
      5399, 5455, 5456, -1,
      5399, 5456, 5397, -1,
      5397, 5456, 5457, -1,
      5397, 5457, 5395, -1,
      5395, 5457, 5458, -1,
      1587, 1589, 5453, -1,
      5453, 1589, 5459, -1,
      5453, 5459, 5454, -1,
      5454, 5459, 5460, -1,
      5454, 5460, 5455, -1,
      5455, 5460, 5461, -1,
      5455, 5461, 5456, -1,
      5456, 5461, 5462, -1,
      5456, 5462, 5457, -1,
      5457, 5462, 5463, -1,
      5457, 5463, 5458, -1,
      5458, 5463, 5464, -1,
      1589, 1591, 5459, -1,
      5459, 1591, 5465, -1,
      5459, 5465, 5460, -1,
      5460, 5465, 5466, -1,
      5460, 5466, 5461, -1,
      5461, 5466, 5467, -1,
      5461, 5467, 5462, -1,
      5462, 5467, 5468, -1,
      5462, 5468, 5463, -1,
      5463, 5468, 5469, -1,
      5463, 5469, 5464, -1,
      5464, 5469, 5470, -1,
      1591, 1593, 5465, -1,
      5465, 1593, 5471, -1,
      5465, 5471, 5466, -1,
      5466, 5471, 5472, -1,
      5466, 5472, 5467, -1,
      5467, 5472, 5473, -1,
      5467, 5473, 5468, -1,
      5468, 5473, 5474, -1,
      5468, 5474, 5469, -1,
      5469, 5474, 5475, -1,
      5469, 5475, 5470, -1,
      5470, 5475, 5476, -1,
      1593, 1595, 5471, -1,
      5471, 1595, 5477, -1,
      5471, 5477, 5472, -1,
      5472, 5477, 5478, -1,
      5472, 5478, 5473, -1,
      5473, 5478, 5479, -1,
      5473, 5479, 5474, -1,
      5474, 5479, 5480, -1,
      5474, 5480, 5475, -1,
      5475, 5480, 5481, -1,
      5475, 5481, 5476, -1,
      5476, 5481, 5482, -1,
      1595, 242, 5477, -1,
      5477, 242, 5483, -1,
      5477, 5483, 5478, -1,
      5478, 5483, 5484, -1,
      5478, 5484, 5479, -1,
      5479, 5484, 5485, -1,
      5479, 5485, 5480, -1,
      5480, 5485, 5486, -1,
      5480, 5486, 5481, -1,
      5481, 5486, 5487, -1,
      5481, 5487, 5482, -1,
      5482, 5487, 5488, -1,
      272, 270, 5452, -1,
      272, 5452, 5489, -1,
      5489, 5452, 5451, -1,
      5489, 5451, 5490, -1,
      5490, 5451, 5450, -1,
      5490, 5450, 5491, -1,
      5491, 5450, 5449, -1,
      5491, 5449, 5492, -1,
      5492, 5449, 5448, -1,
      5492, 5448, 5493, -1,
      5493, 5448, 5447, -1,
      5493, 5447, 5494, -1,
      242, 244, 5495, -1,
      242, 5495, 5483, -1,
      5483, 5495, 5496, -1,
      5483, 5496, 5484, -1,
      5484, 5496, 5497, -1,
      5484, 5497, 5485, -1,
      5485, 5497, 5498, -1,
      5485, 5498, 5486, -1,
      5486, 5498, 5499, -1,
      5486, 5499, 5487, -1,
      5487, 5499, 5500, -1,
      5487, 5500, 5488, -1,
      5494, 5501, 5493, -1,
      5493, 5501, 5502, -1,
      5493, 5502, 5492, -1,
      5492, 5502, 5503, -1,
      5492, 5503, 5491, -1,
      5491, 5503, 5504, -1,
      5491, 5504, 5490, -1,
      5490, 5504, 5505, -1,
      5490, 5505, 5489, -1,
      5489, 5505, 5506, -1,
      5489, 5506, 272, -1,
      272, 5506, 1287, -1,
      5501, 5507, 5502, -1,
      5502, 5507, 5508, -1,
      5502, 5508, 5503, -1,
      5503, 5508, 5509, -1,
      5503, 5509, 5504, -1,
      5504, 5509, 5510, -1,
      5504, 5510, 5505, -1,
      5505, 5510, 5511, -1,
      5505, 5511, 5506, -1,
      5506, 5511, 5512, -1,
      5506, 5512, 1287, -1,
      1287, 5512, 1289, -1,
      5507, 5513, 5508, -1,
      5508, 5513, 5514, -1,
      5508, 5514, 5509, -1,
      5509, 5514, 5515, -1,
      5509, 5515, 5510, -1,
      5510, 5515, 5516, -1,
      5510, 5516, 5511, -1,
      5511, 5516, 5517, -1,
      5511, 5517, 5512, -1,
      5512, 5517, 5518, -1,
      5512, 5518, 1289, -1,
      1289, 5518, 1291, -1,
      5513, 5519, 5514, -1,
      5514, 5519, 5520, -1,
      5514, 5520, 5515, -1,
      5515, 5520, 5521, -1,
      5515, 5521, 5516, -1,
      5516, 5521, 5522, -1,
      5516, 5522, 5517, -1,
      5517, 5522, 5523, -1,
      5517, 5523, 5518, -1,
      5518, 5523, 5524, -1,
      5518, 5524, 1291, -1,
      1291, 5524, 1293, -1,
      5519, 5525, 5520, -1,
      5520, 5525, 5526, -1,
      5520, 5526, 5521, -1,
      5521, 5526, 5527, -1,
      5521, 5527, 5522, -1,
      5522, 5527, 5528, -1,
      5522, 5528, 5523, -1,
      5523, 5528, 5529, -1,
      5523, 5529, 5524, -1,
      5524, 5529, 5530, -1,
      5524, 5530, 1293, -1,
      1293, 5530, 1295, -1,
      5525, 5531, 5526, -1,
      5526, 5531, 5532, -1,
      5526, 5532, 5527, -1,
      5527, 5532, 5533, -1,
      5527, 5533, 5528, -1,
      5528, 5533, 5534, -1,
      5528, 5534, 5529, -1,
      5529, 5534, 5535, -1,
      5529, 5535, 5530, -1,
      5530, 5535, 5536, -1,
      5530, 5536, 1295, -1,
      1295, 5536, 1008, -1,
      5537, 5538, 5539, -1,
      5540, 5541, 5542, -1,
      5543, 5544, 5545, -1,
      5546, 5547, 5548, -1,
      5549, 5550, 5551, -1,
      246, 248, 5552, -1,
      5552, 248, 5553, -1,
      5552, 5553, 5554, -1,
      5554, 5553, 5555, -1,
      5554, 5555, 5556, -1,
      5556, 5555, 5557, -1,
      5556, 5557, 5558, -1,
      5558, 5557, 5559, -1,
      5558, 5559, 5560, -1,
      5560, 5559, 5551, -1,
      244, 246, 5495, -1,
      5495, 246, 5552, -1,
      5495, 5552, 5496, -1,
      5496, 5552, 5554, -1,
      5496, 5554, 5497, -1,
      5497, 5554, 5556, -1,
      5497, 5556, 5498, -1,
      5498, 5556, 5558, -1,
      5498, 5558, 5499, -1,
      5499, 5558, 5560, -1,
      5499, 5560, 5500, -1,
      5500, 5560, 5561, -1,
      5551, 5550, 5560, -1,
      5560, 5550, 5562, -1,
      5560, 5562, 5561, -1,
      248, 250, 5553, -1,
      5553, 250, 5563, -1,
      5553, 5563, 5555, -1,
      5555, 5563, 5564, -1,
      5555, 5564, 5557, -1,
      5557, 5564, 5565, -1,
      5557, 5565, 5559, -1,
      5559, 5565, 5566, -1,
      5559, 5566, 5551, -1,
      5551, 5566, 5548, -1,
      5551, 5548, 5549, -1,
      5549, 5548, 5547, -1,
      250, 252, 5563, -1,
      5563, 252, 5567, -1,
      5563, 5567, 5564, -1,
      5564, 5567, 5568, -1,
      5564, 5568, 5565, -1,
      5565, 5568, 5569, -1,
      5565, 5569, 5566, -1,
      5566, 5569, 5570, -1,
      5566, 5570, 5548, -1,
      5548, 5570, 5545, -1,
      5548, 5545, 5546, -1,
      5546, 5545, 5544, -1,
      5541, 5543, 5542, -1,
      5542, 5543, 5545, -1,
      5542, 5545, 5571, -1,
      5571, 5545, 5570, -1,
      5571, 5570, 5572, -1,
      5572, 5570, 5569, -1,
      5572, 5569, 5573, -1,
      5573, 5569, 5568, -1,
      5573, 5568, 5574, -1,
      5574, 5568, 5567, -1,
      5574, 5567, 262, -1,
      262, 5567, 252, -1,
      5538, 5540, 5539, -1,
      5539, 5540, 5542, -1,
      5539, 5542, 5575, -1,
      5575, 5542, 5571, -1,
      5575, 5571, 5576, -1,
      5576, 5571, 5572, -1,
      5576, 5572, 5577, -1,
      5577, 5572, 5573, -1,
      5577, 5573, 5578, -1,
      5578, 5573, 5574, -1,
      5578, 5574, 260, -1,
      260, 5574, 262, -1,
      5579, 5537, 5580, -1,
      5580, 5537, 5539, -1,
      5580, 5539, 5581, -1,
      5581, 5539, 5575, -1,
      5581, 5575, 5582, -1,
      5582, 5575, 5576, -1,
      5582, 5576, 5583, -1,
      5583, 5576, 5577, -1,
      5583, 5577, 5584, -1,
      5584, 5577, 5578, -1,
      5584, 5578, 258, -1,
      258, 5578, 260, -1,
      258, 256, 5584, -1,
      5584, 256, 5585, -1,
      5584, 5585, 5583, -1,
      5583, 5585, 5586, -1,
      5583, 5586, 5582, -1,
      5582, 5586, 5587, -1,
      5582, 5587, 5581, -1,
      5581, 5587, 5588, -1,
      5581, 5588, 5580, -1,
      5580, 5588, 5589, -1,
      5580, 5589, 5579, -1,
      5579, 5589, 5590, -1,
      1010, 1008, 5536, -1,
      1010, 5536, 5591, -1,
      5591, 5536, 5535, -1,
      5591, 5535, 5592, -1,
      5592, 5535, 5534, -1,
      5592, 5534, 5593, -1,
      5593, 5534, 5533, -1,
      5593, 5533, 5594, -1,
      5594, 5533, 5532, -1,
      5594, 5532, 5595, -1,
      5595, 5532, 5531, -1,
      5595, 5531, 5596, -1,
      256, 254, 5597, -1,
      5598, 69, 67, -1,
      256, 5597, 5585, -1,
      5585, 5597, 5599, -1,
      5585, 5599, 5586, -1,
      5586, 5599, 5600, -1,
      5586, 5600, 5587, -1,
      5587, 5600, 5601, -1,
      5587, 5601, 5588, -1,
      5588, 5601, 5598, -1,
      5588, 5598, 5589, -1,
      5589, 5598, 67, -1,
      5589, 67, 5590, -1,
      5602, 5603, 5604, -1,
      5605, 5606, 5607, -1,
      5608, 5609, 5610, -1,
      5611, 5612, 5613, -1,
      5614, 5615, 5616, -1,
      1031, 1033, 5617, -1,
      5617, 1033, 5618, -1,
      5617, 5618, 5619, -1,
      5619, 5618, 5620, -1,
      5620, 5618, 5621, -1,
      5620, 5621, 5622, -1,
      5622, 5621, 5623, -1,
      5623, 5621, 5624, -1,
      5623, 5624, 5625, -1,
      5625, 5624, 5626, -1,
      5626, 5624, 5627, -1,
      5626, 5627, 5628, -1,
      5628, 5627, 5629, -1,
      5629, 5627, 5630, -1,
      5629, 5630, 5631, -1,
      1033, 1035, 5618, -1,
      5618, 1035, 5632, -1,
      5618, 5632, 5621, -1,
      5621, 5632, 5633, -1,
      5621, 5633, 5624, -1,
      5624, 5633, 5634, -1,
      5624, 5634, 5627, -1,
      5627, 5634, 5635, -1,
      5627, 5635, 5630, -1,
      5630, 5635, 5616, -1,
      5631, 5630, 5636, -1,
      5636, 5630, 5637, -1,
      5636, 5637, 5638, -1,
      5616, 5615, 5630, -1,
      5630, 5615, 5639, -1,
      5630, 5639, 5637, -1,
      1035, 1037, 5632, -1,
      5632, 1037, 5640, -1,
      5632, 5640, 5633, -1,
      5633, 5640, 5641, -1,
      5633, 5641, 5634, -1,
      5634, 5641, 5642, -1,
      5634, 5642, 5635, -1,
      5635, 5642, 5643, -1,
      5635, 5643, 5616, -1,
      5616, 5643, 5613, -1,
      5616, 5613, 5614, -1,
      5614, 5613, 5612, -1,
      1037, 1018, 5640, -1,
      5640, 1018, 5644, -1,
      5640, 5644, 5641, -1,
      5641, 5644, 5645, -1,
      5641, 5645, 5642, -1,
      5642, 5645, 5646, -1,
      5642, 5646, 5643, -1,
      5643, 5646, 5647, -1,
      5643, 5647, 5613, -1,
      5613, 5647, 5610, -1,
      5613, 5610, 5611, -1,
      5611, 5610, 5609, -1,
      5606, 5608, 5607, -1,
      5607, 5608, 5610, -1,
      5607, 5610, 5648, -1,
      5648, 5610, 5647, -1,
      5648, 5647, 5649, -1,
      5649, 5647, 5646, -1,
      5649, 5646, 5650, -1,
      5650, 5646, 5645, -1,
      5650, 5645, 5651, -1,
      5651, 5645, 5644, -1,
      5651, 5644, 1016, -1,
      1016, 5644, 1018, -1,
      5603, 5605, 5604, -1,
      5604, 5605, 5607, -1,
      5604, 5607, 5652, -1,
      5652, 5607, 5648, -1,
      5652, 5648, 5653, -1,
      5653, 5648, 5649, -1,
      5653, 5649, 5654, -1,
      5654, 5649, 5650, -1,
      5654, 5650, 5655, -1,
      5655, 5650, 5651, -1,
      5655, 5651, 1014, -1,
      1014, 5651, 1016, -1,
      5656, 5602, 5657, -1,
      5657, 5602, 5604, -1,
      5657, 5604, 5658, -1,
      5658, 5604, 5652, -1,
      5658, 5652, 5659, -1,
      5659, 5652, 5653, -1,
      5659, 5653, 5660, -1,
      5660, 5653, 5654, -1,
      5660, 5654, 5661, -1,
      5661, 5654, 5655, -1,
      5661, 5655, 1012, -1,
      1012, 5655, 1014, -1,
      1012, 1010, 5661, -1,
      5661, 1010, 5591, -1,
      5661, 5591, 5660, -1,
      5660, 5591, 5592, -1,
      5660, 5592, 5659, -1,
      5659, 5592, 5593, -1,
      5659, 5593, 5658, -1,
      5658, 5593, 5594, -1,
      5658, 5594, 5657, -1,
      5657, 5594, 5595, -1,
      5657, 5595, 5656, -1,
      5656, 5595, 5596, -1,
      254, 1217, 5597, -1,
      5597, 1217, 5662, -1,
      5597, 5662, 5599, -1,
      5599, 5662, 5663, -1,
      5599, 5663, 5600, -1,
      5600, 5663, 5664, -1,
      5600, 5664, 5601, -1,
      5601, 5664, 5665, -1,
      5601, 5665, 5598, -1,
      5598, 5665, 5666, -1,
      5598, 5666, 69, -1,
      69, 5666, 70, -1,
      1217, 1219, 5662, -1,
      5662, 1219, 5667, -1,
      5662, 5667, 5663, -1,
      5663, 5667, 5668, -1,
      5663, 5668, 5664, -1,
      5664, 5668, 5669, -1,
      5664, 5669, 5665, -1,
      5665, 5669, 5670, -1,
      5665, 5670, 5666, -1,
      5666, 5670, 5671, -1,
      5666, 5671, 70, -1,
      70, 5671, 71, -1,
      1219, 1221, 5667, -1,
      5667, 1221, 5672, -1,
      5667, 5672, 5668, -1,
      5668, 5672, 5673, -1,
      5668, 5673, 5669, -1,
      5669, 5673, 5674, -1,
      5669, 5674, 5670, -1,
      5670, 5674, 5675, -1,
      5670, 5675, 5671, -1,
      5671, 5675, 5676, -1,
      5671, 5676, 71, -1,
      71, 5676, 72, -1,
      1221, 1223, 5672, -1,
      5672, 1223, 5677, -1,
      5672, 5677, 5673, -1,
      5673, 5677, 5678, -1,
      5673, 5678, 5674, -1,
      5674, 5678, 5679, -1,
      5674, 5679, 5675, -1,
      5675, 5679, 5680, -1,
      5675, 5680, 5676, -1,
      5676, 5680, 5681, -1,
      5676, 5681, 72, -1,
      72, 5681, 73, -1,
      1223, 1225, 5677, -1,
      5677, 1225, 5682, -1,
      5677, 5682, 5678, -1,
      5678, 5682, 5683, -1,
      5678, 5683, 5679, -1,
      5679, 5683, 5684, -1,
      5679, 5684, 5680, -1,
      5680, 5684, 5685, -1,
      5680, 5685, 5681, -1,
      5681, 5685, 5686, -1,
      5681, 5686, 73, -1,
      73, 5686, 74, -1,
      1225, 1143, 5682, -1,
      5682, 1143, 5687, -1,
      5682, 5687, 5683, -1,
      5683, 5687, 5688, -1,
      5683, 5688, 5684, -1,
      5684, 5688, 5689, -1,
      5684, 5689, 5685, -1,
      5685, 5689, 5690, -1,
      5685, 5690, 5686, -1,
      5686, 5690, 5691, -1,
      5686, 5691, 74, -1,
      74, 5691, 75, -1,
      1031, 5617, 1029, -1,
      1029, 5617, 5692, -1,
      5692, 5617, 5693, -1,
      5693, 5617, 5619, -1,
      5693, 5619, 5694, -1,
      5694, 5619, 5620, -1,
      5694, 5620, 5695, -1,
      5695, 5620, 5622, -1,
      5695, 5622, 5696, -1,
      5696, 5622, 5623, -1,
      5696, 5623, 5697, -1,
      5697, 5623, 5625, -1,
      5697, 5625, 5698, -1,
      5698, 5625, 5626, -1,
      5698, 5626, 5699, -1,
      5699, 5626, 5628, -1,
      5699, 5628, 5700, -1,
      5700, 5628, 5629, -1,
      5700, 5629, 5701, -1,
      5701, 5629, 5631, -1,
      5701, 5631, 5702, -1,
      5631, 5636, 5702, -1,
      5702, 5636, 5638, -1,
      5702, 5638, 5703, -1,
      76, 75, 5691, -1,
      76, 5691, 5704, -1,
      5704, 5691, 5690, -1,
      5704, 5690, 5705, -1,
      5705, 5690, 5689, -1,
      5705, 5689, 5706, -1,
      5706, 5689, 5688, -1,
      5706, 5688, 5707, -1,
      5707, 5688, 5687, -1,
      5707, 5687, 5708, -1,
      5708, 5687, 1143, -1,
      5708, 1143, 1141, -1,
      5709, 5710, 5711, -1,
      5712, 5713, 5714, -1,
      5715, 5716, 5717, -1,
      5718, 5719, 5720, -1,
      1000, 1002, 5721, -1,
      5721, 1002, 5722, -1,
      5721, 5722, 5723, -1,
      1027, 1029, 5692, -1,
      1027, 5692, 5724, -1,
      5723, 5722, 5725, -1,
      5725, 5722, 5726, -1,
      5725, 5726, 5727, -1,
      5692, 5693, 5724, -1,
      5724, 5693, 5694, -1,
      5724, 5694, 5728, -1,
      5727, 5726, 5729, -1,
      5729, 5726, 5730, -1,
      5729, 5730, 5731, -1,
      5694, 5695, 5728, -1,
      5728, 5695, 5696, -1,
      5728, 5696, 5732, -1,
      5731, 5730, 5733, -1,
      5733, 5730, 5734, -1,
      5733, 5734, 5735, -1,
      5696, 5697, 5732, -1,
      5732, 5697, 5698, -1,
      5732, 5698, 5736, -1,
      5735, 5734, 5737, -1,
      5737, 5734, 5738, -1,
      5737, 5738, 5739, -1,
      1002, 1004, 5722, -1,
      5722, 1004, 5740, -1,
      5722, 5740, 5726, -1,
      5726, 5740, 5741, -1,
      5726, 5741, 5730, -1,
      5730, 5741, 5742, -1,
      5730, 5742, 5734, -1,
      5734, 5742, 5743, -1,
      5734, 5743, 5738, -1,
      5738, 5743, 5720, -1,
      1025, 1027, 5744, -1,
      5744, 1027, 5724, -1,
      5744, 5724, 5745, -1,
      5745, 5724, 5728, -1,
      5745, 5728, 5746, -1,
      5746, 5728, 5732, -1,
      5746, 5732, 5747, -1,
      5747, 5732, 5736, -1,
      5747, 5736, 5748, -1,
      5748, 5736, 5749, -1,
      5739, 5738, 5750, -1,
      5750, 5738, 5751, -1,
      5750, 5751, 5752, -1,
      5720, 5719, 5738, -1,
      5738, 5719, 5753, -1,
      5738, 5753, 5751, -1,
      1004, 1006, 5740, -1,
      5740, 1006, 5754, -1,
      5740, 5754, 5741, -1,
      5741, 5754, 5755, -1,
      5741, 5755, 5742, -1,
      5742, 5755, 5756, -1,
      5742, 5756, 5743, -1,
      5743, 5756, 5757, -1,
      5743, 5757, 5720, -1,
      5720, 5757, 5717, -1,
      5720, 5717, 5718, -1,
      5718, 5717, 5716, -1,
      1006, 1021, 5754, -1,
      5754, 1021, 5758, -1,
      5754, 5758, 5755, -1,
      5755, 5758, 5759, -1,
      5755, 5759, 5756, -1,
      5756, 5759, 5760, -1,
      5756, 5760, 5757, -1,
      5757, 5760, 5761, -1,
      5757, 5761, 5717, -1,
      5717, 5761, 5714, -1,
      5717, 5714, 5715, -1,
      5715, 5714, 5713, -1,
      5710, 5712, 5711, -1,
      5711, 5712, 5714, -1,
      5711, 5714, 5762, -1,
      5762, 5714, 5761, -1,
      5762, 5761, 5763, -1,
      5763, 5761, 5760, -1,
      5763, 5760, 5764, -1,
      5764, 5760, 5759, -1,
      5764, 5759, 5765, -1,
      5765, 5759, 5758, -1,
      5765, 5758, 1023, -1,
      1023, 5758, 1021, -1,
      5766, 5709, 5748, -1,
      5748, 5709, 5711, -1,
      5748, 5711, 5747, -1,
      5747, 5711, 5762, -1,
      5747, 5762, 5746, -1,
      5746, 5762, 5763, -1,
      5746, 5763, 5745, -1,
      5745, 5763, 5764, -1,
      5745, 5764, 5744, -1,
      5744, 5764, 5765, -1,
      5744, 5765, 1025, -1,
      1025, 5765, 1023, -1,
      5698, 5699, 5736, -1,
      5736, 5699, 5700, -1,
      5736, 5700, 5749, -1,
      5749, 5700, 5701, -1,
      5749, 5701, 5702, -1,
      5766, 5748, 5767, -1,
      5767, 5748, 5749, -1,
      5767, 5749, 5768, -1,
      5768, 5749, 5702, -1,
      5768, 5702, 5703, -1,
      1141, 1234, 5708, -1,
      5708, 1234, 5769, -1,
      5708, 5769, 5707, -1,
      5707, 5769, 5770, -1,
      5707, 5770, 5706, -1,
      5706, 5770, 5771, -1,
      5706, 5771, 5705, -1,
      5705, 5771, 5772, -1,
      5705, 5772, 5704, -1,
      5704, 5772, 5773, -1,
      5704, 5773, 76, -1,
      76, 5773, 77, -1,
      1234, 1232, 5769, -1,
      5769, 1232, 5774, -1,
      5769, 5774, 5770, -1,
      5770, 5774, 5775, -1,
      5770, 5775, 5771, -1,
      5771, 5775, 5776, -1,
      5771, 5776, 5772, -1,
      5772, 5776, 5777, -1,
      5772, 5777, 5773, -1,
      5773, 5777, 5778, -1,
      5773, 5778, 77, -1,
      77, 5778, 81, -1,
      1232, 1230, 5774, -1,
      5774, 1230, 5779, -1,
      5774, 5779, 5775, -1,
      5775, 5779, 5780, -1,
      5775, 5780, 5776, -1,
      5776, 5780, 5781, -1,
      5776, 5781, 5777, -1,
      5777, 5781, 5782, -1,
      5777, 5782, 5778, -1,
      5778, 5782, 5783, -1,
      5778, 5783, 81, -1,
      81, 5783, 80, -1,
      1230, 1228, 5779, -1,
      5779, 1228, 5784, -1,
      5779, 5784, 5780, -1,
      5780, 5784, 5785, -1,
      5780, 5785, 5781, -1,
      5781, 5785, 5786, -1,
      5781, 5786, 5782, -1,
      5782, 5786, 5787, -1,
      5782, 5787, 5783, -1,
      5783, 5787, 5788, -1,
      5783, 5788, 80, -1,
      80, 5788, 78, -1,
      1228, 1226, 5784, -1,
      5784, 1226, 5789, -1,
      5784, 5789, 5785, -1,
      5785, 5789, 5790, -1,
      5785, 5790, 5786, -1,
      5786, 5790, 5791, -1,
      5786, 5791, 5787, -1,
      5787, 5791, 5792, -1,
      5787, 5792, 5788, -1,
      5788, 5792, 5793, -1,
      5788, 5793, 78, -1,
      78, 5793, 79, -1,
      1226, 1139, 5789, -1,
      5789, 1139, 5794, -1,
      5789, 5794, 5790, -1,
      5790, 5794, 5795, -1,
      5790, 5795, 5791, -1,
      5791, 5795, 5796, -1,
      5791, 5796, 5792, -1,
      5792, 5796, 5797, -1,
      5792, 5797, 5793, -1,
      5793, 5797, 5798, -1,
      5793, 5798, 79, -1,
      79, 5798, 68, -1,
      1000, 5721, 998, -1,
      998, 5721, 5799, -1,
      5799, 5721, 5800, -1,
      5800, 5721, 5723, -1,
      5800, 5723, 5801, -1,
      5801, 5723, 5725, -1,
      5801, 5725, 5802, -1,
      5802, 5725, 5727, -1,
      5802, 5727, 5803, -1,
      5803, 5727, 5729, -1,
      5803, 5729, 5804, -1,
      5804, 5729, 5731, -1,
      5804, 5731, 5805, -1,
      5805, 5731, 5733, -1,
      5805, 5733, 5806, -1,
      5806, 5733, 5735, -1,
      5806, 5735, 5807, -1,
      5807, 5735, 5737, -1,
      5807, 5737, 5808, -1,
      5808, 5737, 5739, -1,
      5808, 5739, 5809, -1,
      5739, 5750, 5809, -1,
      5809, 5750, 5752, -1,
      5809, 5752, 5810, -1,
      1139, 1137, 5811, -1,
      5812, 5813, 66, -1,
      1139, 5811, 5794, -1,
      5794, 5811, 5814, -1,
      5794, 5814, 5795, -1,
      5795, 5814, 5815, -1,
      5795, 5815, 5796, -1,
      5796, 5815, 5816, -1,
      5796, 5816, 5797, -1,
      5797, 5816, 5812, -1,
      5797, 5812, 5798, -1,
      5798, 5812, 66, -1,
      5798, 66, 68, -1,
      5810, 5817, 5809, -1,
      5809, 5817, 5818, -1,
      5809, 5818, 5808, -1,
      5808, 5818, 5807, -1,
      5807, 5818, 5819, -1,
      5807, 5819, 5806, -1,
      5806, 5819, 5805, -1,
      5805, 5819, 5820, -1,
      5805, 5820, 5804, -1,
      5804, 5820, 5803, -1,
      5803, 5820, 5821, -1,
      5803, 5821, 5802, -1,
      5802, 5821, 5801, -1,
      5801, 5821, 5822, -1,
      5801, 5822, 5800, -1,
      5800, 5822, 5799, -1,
      5799, 5822, 1304, -1,
      5799, 1304, 998, -1,
      5817, 5823, 5818, -1,
      5818, 5823, 5824, -1,
      5818, 5824, 5819, -1,
      5819, 5824, 5825, -1,
      5819, 5825, 5820, -1,
      5820, 5825, 5826, -1,
      5820, 5826, 5821, -1,
      5821, 5826, 5827, -1,
      5821, 5827, 5822, -1,
      5822, 5827, 5828, -1,
      5822, 5828, 1304, -1,
      1304, 5828, 1302, -1,
      5823, 5829, 5824, -1,
      5824, 5829, 5830, -1,
      5824, 5830, 5825, -1,
      5825, 5830, 5831, -1,
      5825, 5831, 5826, -1,
      5826, 5831, 5832, -1,
      5826, 5832, 5827, -1,
      5827, 5832, 5833, -1,
      5827, 5833, 5828, -1,
      5828, 5833, 5834, -1,
      5828, 5834, 1302, -1,
      1302, 5834, 1300, -1,
      5829, 5835, 5830, -1,
      5830, 5835, 5836, -1,
      5830, 5836, 5831, -1,
      5831, 5836, 5837, -1,
      5831, 5837, 5832, -1,
      5832, 5837, 5838, -1,
      5832, 5838, 5833, -1,
      5833, 5838, 5839, -1,
      5833, 5839, 5834, -1,
      5834, 5839, 5840, -1,
      5834, 5840, 1300, -1,
      1300, 5840, 1298, -1,
      5835, 5841, 5836, -1,
      5836, 5841, 5842, -1,
      5836, 5842, 5837, -1,
      5837, 5842, 5843, -1,
      5837, 5843, 5838, -1,
      5838, 5843, 5844, -1,
      5838, 5844, 5839, -1,
      5839, 5844, 5845, -1,
      5839, 5845, 5840, -1,
      5840, 5845, 5846, -1,
      5840, 5846, 1298, -1,
      1298, 5846, 1296, -1,
      5841, 5847, 5842, -1,
      5842, 5847, 5848, -1,
      5842, 5848, 5843, -1,
      5843, 5848, 5849, -1,
      5843, 5849, 5844, -1,
      5844, 5849, 5850, -1,
      5844, 5850, 5845, -1,
      5845, 5850, 5851, -1,
      5845, 5851, 5846, -1,
      5846, 5851, 5852, -1,
      5846, 5852, 1296, -1,
      1296, 5852, 266, -1,
      5853, 5854, 5855, -1,
      5855, 5854, 5856, -1,
      5855, 5856, 5857, -1,
      5857, 5856, 5858, -1,
      5857, 5858, 5859, -1,
      5859, 5858, 5860, -1,
      5859, 5860, 5861, -1,
      5861, 5860, 5862, -1,
      5861, 5862, 5863, -1,
      5863, 5862, 5864, -1,
      5863, 5864, 268, -1,
      268, 5864, 1307, -1,
      5854, 5865, 5856, -1,
      5856, 5865, 5866, -1,
      5856, 5866, 5858, -1,
      5858, 5866, 5867, -1,
      5858, 5867, 5860, -1,
      5860, 5867, 5868, -1,
      5860, 5868, 5862, -1,
      5862, 5868, 5869, -1,
      5862, 5869, 5864, -1,
      5864, 5869, 5870, -1,
      5864, 5870, 1307, -1,
      1307, 5870, 1309, -1,
      5865, 5871, 5866, -1,
      5866, 5871, 5872, -1,
      5866, 5872, 5867, -1,
      5867, 5872, 5873, -1,
      5867, 5873, 5868, -1,
      5868, 5873, 5874, -1,
      5868, 5874, 5869, -1,
      5869, 5874, 5875, -1,
      5869, 5875, 5870, -1,
      5870, 5875, 5876, -1,
      5870, 5876, 1309, -1,
      1309, 5876, 1311, -1,
      5871, 5877, 5872, -1,
      5872, 5877, 5878, -1,
      5872, 5878, 5873, -1,
      5873, 5878, 5879, -1,
      5873, 5879, 5874, -1,
      5874, 5879, 5880, -1,
      5874, 5880, 5875, -1,
      5875, 5880, 5881, -1,
      5875, 5881, 5876, -1,
      5876, 5881, 5882, -1,
      5876, 5882, 1311, -1,
      1311, 5882, 1313, -1,
      5877, 5883, 5878, -1,
      5878, 5883, 5884, -1,
      5878, 5884, 5879, -1,
      5879, 5884, 5885, -1,
      5879, 5885, 5880, -1,
      5880, 5885, 5886, -1,
      5880, 5886, 5881, -1,
      5881, 5886, 5887, -1,
      5881, 5887, 5882, -1,
      5882, 5887, 5888, -1,
      5882, 5888, 1313, -1,
      1313, 5888, 1315, -1,
      5883, 5813, 5884, -1,
      5884, 5813, 5812, -1,
      5884, 5812, 5885, -1,
      5885, 5812, 5816, -1,
      5885, 5816, 5886, -1,
      5886, 5816, 5815, -1,
      5886, 5815, 5887, -1,
      5887, 5815, 5814, -1,
      5887, 5814, 5888, -1,
      5888, 5814, 5811, -1,
      5888, 5811, 1315, -1,
      1315, 5811, 1137, -1,
      268, 266, 5852, -1,
      268, 5852, 5863, -1,
      5863, 5852, 5851, -1,
      5863, 5851, 5861, -1,
      5861, 5851, 5850, -1,
      5861, 5850, 5859, -1,
      5859, 5850, 5849, -1,
      5859, 5849, 5857, -1,
      5857, 5849, 5848, -1,
      5857, 5848, 5855, -1,
      5855, 5848, 5847, -1,
      5855, 5847, 5853, -1,
      476, 474, 5889, -1,
      476, 5889, 5890, -1,
      5890, 5889, 5891, -1,
      5890, 5891, 5892, -1,
      5892, 5891, 5893, -1,
      5892, 5893, 5894, -1,
      5894, 5893, 5895, -1,
      5894, 5895, 5896, -1,
      5896, 5895, 5897, -1,
      5896, 5897, 5898, -1,
      5898, 5897, 28, -1,
      5898, 28, 2, -1,
      421, 5899, 5900, -1,
      5899, 5901, 5902, -1,
      5901, 5903, 5904, -1,
      5903, 5905, 5906, -1,
      5905, 5907, 5908, -1,
      5907, 378, 380, -1,
      5907, 380, 5908, -1,
      5908, 380, 382, -1,
      5908, 382, 5909, -1,
      390, 5910, 5911, -1,
      382, 384, 5909, -1,
      5909, 384, 386, -1,
      5909, 386, 5911, -1,
      5911, 386, 388, -1,
      5911, 388, 390, -1,
      390, 392, 5910, -1,
      5910, 392, 394, -1,
      5910, 394, 5912, -1,
      5912, 394, 396, -1,
      5912, 396, 5913, -1,
      404, 5914, 5915, -1,
      396, 398, 5913, -1,
      5913, 398, 400, -1,
      5913, 400, 5915, -1,
      5915, 400, 402, -1,
      5915, 402, 404, -1,
      404, 406, 5914, -1,
      5914, 406, 28, -1,
      5914, 28, 5897, -1,
      5905, 5908, 5906, -1,
      5906, 5908, 5909, -1,
      5906, 5909, 5916, -1,
      5916, 5909, 5911, -1,
      5916, 5911, 5917, -1,
      5917, 5911, 5910, -1,
      5917, 5910, 5918, -1,
      5918, 5910, 5912, -1,
      5918, 5912, 5919, -1,
      5919, 5912, 5913, -1,
      5919, 5913, 5920, -1,
      5920, 5913, 5915, -1,
      5920, 5915, 5921, -1,
      5921, 5915, 5914, -1,
      5921, 5914, 5922, -1,
      5922, 5914, 5897, -1,
      5922, 5897, 5895, -1,
      5903, 5906, 5904, -1,
      5904, 5906, 5916, -1,
      5904, 5916, 5923, -1,
      5923, 5916, 5917, -1,
      5923, 5917, 5924, -1,
      5924, 5917, 5918, -1,
      5924, 5918, 5925, -1,
      5925, 5918, 5919, -1,
      5925, 5919, 5926, -1,
      5926, 5919, 5920, -1,
      5926, 5920, 5927, -1,
      5927, 5920, 5921, -1,
      5927, 5921, 5928, -1,
      5928, 5921, 5922, -1,
      5928, 5922, 5929, -1,
      5929, 5922, 5895, -1,
      5929, 5895, 5893, -1,
      5901, 5904, 5902, -1,
      5902, 5904, 5923, -1,
      5902, 5923, 5930, -1,
      5930, 5923, 5924, -1,
      5930, 5924, 5931, -1,
      5931, 5924, 5925, -1,
      5931, 5925, 5932, -1,
      5932, 5925, 5926, -1,
      5932, 5926, 5933, -1,
      5933, 5926, 5927, -1,
      5933, 5927, 5934, -1,
      5934, 5927, 5928, -1,
      5934, 5928, 5935, -1,
      5935, 5928, 5929, -1,
      5935, 5929, 5936, -1,
      5936, 5929, 5893, -1,
      5936, 5893, 5891, -1,
      5899, 5902, 5900, -1,
      5900, 5902, 5930, -1,
      5900, 5930, 5937, -1,
      5937, 5930, 5931, -1,
      5937, 5931, 5938, -1,
      5938, 5931, 5932, -1,
      5938, 5932, 5939, -1,
      5939, 5932, 5933, -1,
      5939, 5933, 5940, -1,
      5940, 5933, 5934, -1,
      5940, 5934, 5941, -1,
      5941, 5934, 5935, -1,
      5941, 5935, 5942, -1,
      5942, 5935, 5936, -1,
      5942, 5936, 5943, -1,
      5943, 5936, 5891, -1,
      5943, 5891, 5889, -1,
      421, 5900, 423, -1,
      423, 5900, 5937, -1,
      423, 5937, 425, -1,
      425, 5937, 5938, -1,
      425, 5938, 463, -1,
      463, 5938, 5939, -1,
      463, 5939, 464, -1,
      464, 5939, 5940, -1,
      464, 5940, 466, -1,
      466, 5940, 5941, -1,
      466, 5941, 468, -1,
      468, 5941, 5942, -1,
      468, 5942, 470, -1,
      470, 5942, 5943, -1,
      470, 5943, 472, -1,
      472, 5943, 5889, -1,
      472, 5889, 474, -1,
      476, 5890, 5944, -1,
      5890, 5892, 5945, -1,
      5892, 5894, 5946, -1,
      5894, 5896, 5947, -1,
      5896, 5898, 5948, -1,
      5898, 2, 738, -1,
      5898, 738, 5948, -1,
      5948, 738, 740, -1,
      5948, 740, 5949, -1,
      748, 5950, 5951, -1,
      740, 742, 5949, -1,
      5949, 742, 744, -1,
      5949, 744, 5951, -1,
      5951, 744, 746, -1,
      5951, 746, 748, -1,
      748, 750, 5950, -1,
      5950, 750, 752, -1,
      5950, 752, 5952, -1,
      5952, 752, 754, -1,
      5952, 754, 5953, -1,
      762, 5954, 5955, -1,
      754, 756, 5953, -1,
      5953, 756, 758, -1,
      5953, 758, 5955, -1,
      5955, 758, 760, -1,
      5955, 760, 762, -1,
      762, 764, 5954, -1,
      5954, 764, 643, -1,
      5954, 643, 5956, -1,
      5896, 5948, 5947, -1,
      5947, 5948, 5949, -1,
      5947, 5949, 5957, -1,
      5957, 5949, 5951, -1,
      5957, 5951, 5958, -1,
      5958, 5951, 5950, -1,
      5958, 5950, 5959, -1,
      5959, 5950, 5952, -1,
      5959, 5952, 5960, -1,
      5960, 5952, 5953, -1,
      5960, 5953, 5961, -1,
      5961, 5953, 5955, -1,
      5961, 5955, 5962, -1,
      5962, 5955, 5954, -1,
      5962, 5954, 5963, -1,
      5963, 5954, 5956, -1,
      5963, 5956, 5964, -1,
      5894, 5947, 5946, -1,
      5946, 5947, 5957, -1,
      5946, 5957, 5965, -1,
      5965, 5957, 5958, -1,
      5965, 5958, 5966, -1,
      5966, 5958, 5959, -1,
      5966, 5959, 5967, -1,
      5967, 5959, 5960, -1,
      5967, 5960, 5968, -1,
      5968, 5960, 5961, -1,
      5968, 5961, 5969, -1,
      5969, 5961, 5962, -1,
      5969, 5962, 5970, -1,
      5970, 5962, 5963, -1,
      5970, 5963, 5971, -1,
      5971, 5963, 5964, -1,
      5971, 5964, 5972, -1,
      5892, 5946, 5945, -1,
      5945, 5946, 5965, -1,
      5945, 5965, 5973, -1,
      5973, 5965, 5966, -1,
      5973, 5966, 5974, -1,
      5974, 5966, 5967, -1,
      5974, 5967, 5975, -1,
      5975, 5967, 5968, -1,
      5975, 5968, 5976, -1,
      5976, 5968, 5969, -1,
      5976, 5969, 5977, -1,
      5977, 5969, 5970, -1,
      5977, 5970, 5978, -1,
      5978, 5970, 5971, -1,
      5978, 5971, 5979, -1,
      5979, 5971, 5972, -1,
      5979, 5972, 5980, -1,
      5890, 5945, 5944, -1,
      5944, 5945, 5973, -1,
      5944, 5973, 5981, -1,
      5981, 5973, 5974, -1,
      5981, 5974, 5982, -1,
      5982, 5974, 5975, -1,
      5982, 5975, 5983, -1,
      5983, 5975, 5976, -1,
      5983, 5976, 5984, -1,
      5984, 5976, 5977, -1,
      5984, 5977, 5985, -1,
      5985, 5977, 5978, -1,
      5985, 5978, 5986, -1,
      5986, 5978, 5979, -1,
      5986, 5979, 5987, -1,
      5987, 5979, 5980, -1,
      5987, 5980, 5988, -1,
      476, 5944, 478, -1,
      478, 5944, 5981, -1,
      478, 5981, 480, -1,
      480, 5981, 5982, -1,
      480, 5982, 482, -1,
      482, 5982, 5983, -1,
      482, 5983, 483, -1,
      483, 5983, 5984, -1,
      483, 5984, 447, -1,
      447, 5984, 5985, -1,
      447, 5985, 449, -1,
      449, 5985, 5986, -1,
      449, 5986, 451, -1,
      451, 5986, 5987, -1,
      451, 5987, 453, -1,
      453, 5987, 5988, -1,
      453, 5988, 455, -1,
      549, 378, 5907, -1,
      549, 5907, 5989, -1,
      5989, 5907, 5905, -1,
      5989, 5905, 5990, -1,
      5990, 5905, 5903, -1,
      5990, 5903, 5991, -1,
      5991, 5903, 5901, -1,
      5991, 5901, 5992, -1,
      5992, 5901, 5899, -1,
      5992, 5899, 5993, -1,
      5993, 5899, 421, -1,
      5993, 421, 419, -1,
      457, 455, 5988, -1,
      457, 5988, 5994, -1,
      5994, 5988, 5980, -1,
      5994, 5980, 5995, -1,
      5995, 5980, 5972, -1,
      5995, 5972, 5996, -1,
      5996, 5972, 5964, -1,
      5996, 5964, 5997, -1,
      5997, 5964, 5956, -1,
      5997, 5956, 5998, -1,
      5998, 5956, 643, -1,
      5998, 643, 629, -1,
      440, 5999, 6000, -1,
      5999, 6001, 6002, -1,
      6001, 6003, 6004, -1,
      6003, 6005, 6006, -1,
      6005, 6007, 6008, -1,
      6007, 484, 898, -1,
      6007, 898, 6008, -1,
      6008, 898, 900, -1,
      6008, 900, 6009, -1,
      908, 6010, 6011, -1,
      900, 902, 6009, -1,
      6009, 902, 904, -1,
      6009, 904, 6011, -1,
      6011, 904, 906, -1,
      6011, 906, 908, -1,
      908, 910, 6010, -1,
      6010, 910, 912, -1,
      6010, 912, 6012, -1,
      6012, 912, 914, -1,
      6012, 914, 6013, -1,
      922, 6014, 6015, -1,
      914, 916, 6013, -1,
      6013, 916, 918, -1,
      6013, 918, 6015, -1,
      6015, 918, 920, -1,
      6015, 920, 922, -1,
      922, 924, 6014, -1,
      6014, 924, 549, -1,
      6014, 549, 5989, -1,
      6005, 6008, 6006, -1,
      6006, 6008, 6009, -1,
      6006, 6009, 6016, -1,
      6016, 6009, 6011, -1,
      6016, 6011, 6017, -1,
      6017, 6011, 6010, -1,
      6017, 6010, 6018, -1,
      6018, 6010, 6012, -1,
      6018, 6012, 6019, -1,
      6019, 6012, 6013, -1,
      6019, 6013, 6020, -1,
      6020, 6013, 6015, -1,
      6020, 6015, 6021, -1,
      6021, 6015, 6014, -1,
      6021, 6014, 6022, -1,
      6022, 6014, 5989, -1,
      6022, 5989, 5990, -1,
      6003, 6006, 6004, -1,
      6004, 6006, 6016, -1,
      6004, 6016, 6023, -1,
      6023, 6016, 6017, -1,
      6023, 6017, 6024, -1,
      6024, 6017, 6018, -1,
      6024, 6018, 6025, -1,
      6025, 6018, 6019, -1,
      6025, 6019, 6026, -1,
      6026, 6019, 6020, -1,
      6026, 6020, 6027, -1,
      6027, 6020, 6021, -1,
      6027, 6021, 6028, -1,
      6028, 6021, 6022, -1,
      6028, 6022, 6029, -1,
      6029, 6022, 5990, -1,
      6029, 5990, 5991, -1,
      6001, 6004, 6002, -1,
      6002, 6004, 6023, -1,
      6002, 6023, 6030, -1,
      6030, 6023, 6024, -1,
      6030, 6024, 6031, -1,
      6031, 6024, 6025, -1,
      6031, 6025, 6032, -1,
      6032, 6025, 6026, -1,
      6032, 6026, 6033, -1,
      6033, 6026, 6027, -1,
      6033, 6027, 6034, -1,
      6034, 6027, 6028, -1,
      6034, 6028, 6035, -1,
      6035, 6028, 6029, -1,
      6035, 6029, 6036, -1,
      6036, 6029, 5991, -1,
      6036, 5991, 5992, -1,
      5999, 6002, 6000, -1,
      6000, 6002, 6030, -1,
      6000, 6030, 6037, -1,
      6037, 6030, 6031, -1,
      6037, 6031, 6038, -1,
      6038, 6031, 6032, -1,
      6038, 6032, 6039, -1,
      6039, 6032, 6033, -1,
      6039, 6033, 6040, -1,
      6040, 6033, 6034, -1,
      6040, 6034, 6041, -1,
      6041, 6034, 6035, -1,
      6041, 6035, 6042, -1,
      6042, 6035, 6036, -1,
      6042, 6036, 6043, -1,
      6043, 6036, 5992, -1,
      6043, 5992, 5993, -1,
      440, 6000, 442, -1,
      442, 6000, 6037, -1,
      442, 6037, 444, -1,
      444, 6037, 6038, -1,
      444, 6038, 445, -1,
      445, 6038, 6039, -1,
      445, 6039, 409, -1,
      409, 6039, 6040, -1,
      409, 6040, 411, -1,
      411, 6040, 6041, -1,
      411, 6041, 413, -1,
      413, 6041, 6042, -1,
      413, 6042, 415, -1,
      415, 6042, 6043, -1,
      415, 6043, 417, -1,
      417, 6043, 5993, -1,
      417, 5993, 419, -1,
      457, 5994, 6044, -1,
      5994, 5995, 6045, -1,
      5995, 5996, 6046, -1,
      5996, 5997, 6047, -1,
      5997, 5998, 6048, -1,
      5998, 629, 710, -1,
      5998, 710, 6048, -1,
      6048, 710, 712, -1,
      6048, 712, 6049, -1,
      720, 6050, 6051, -1,
      712, 714, 6049, -1,
      6049, 714, 716, -1,
      6049, 716, 6051, -1,
      6051, 716, 718, -1,
      6051, 718, 720, -1,
      720, 722, 6050, -1,
      6050, 722, 724, -1,
      6050, 724, 6052, -1,
      6052, 724, 726, -1,
      6052, 726, 6053, -1,
      734, 6054, 6055, -1,
      726, 728, 6053, -1,
      6053, 728, 730, -1,
      6053, 730, 6055, -1,
      6055, 730, 732, -1,
      6055, 732, 734, -1,
      734, 736, 6054, -1,
      6054, 736, 495, -1,
      6054, 495, 6056, -1,
      5997, 6048, 6047, -1,
      6047, 6048, 6049, -1,
      6047, 6049, 6057, -1,
      6057, 6049, 6051, -1,
      6057, 6051, 6058, -1,
      6058, 6051, 6050, -1,
      6058, 6050, 6059, -1,
      6059, 6050, 6052, -1,
      6059, 6052, 6060, -1,
      6060, 6052, 6053, -1,
      6060, 6053, 6061, -1,
      6061, 6053, 6055, -1,
      6061, 6055, 6062, -1,
      6062, 6055, 6054, -1,
      6062, 6054, 6063, -1,
      6063, 6054, 6056, -1,
      6063, 6056, 6064, -1,
      5996, 6047, 6046, -1,
      6046, 6047, 6057, -1,
      6046, 6057, 6065, -1,
      6065, 6057, 6058, -1,
      6065, 6058, 6066, -1,
      6066, 6058, 6059, -1,
      6066, 6059, 6067, -1,
      6067, 6059, 6060, -1,
      6067, 6060, 6068, -1,
      6068, 6060, 6061, -1,
      6068, 6061, 6069, -1,
      6069, 6061, 6062, -1,
      6069, 6062, 6070, -1,
      6070, 6062, 6063, -1,
      6070, 6063, 6071, -1,
      6071, 6063, 6064, -1,
      6071, 6064, 6072, -1,
      5995, 6046, 6045, -1,
      6045, 6046, 6065, -1,
      6045, 6065, 6073, -1,
      6073, 6065, 6066, -1,
      6073, 6066, 6074, -1,
      6074, 6066, 6067, -1,
      6074, 6067, 6075, -1,
      6075, 6067, 6068, -1,
      6075, 6068, 6076, -1,
      6076, 6068, 6069, -1,
      6076, 6069, 6077, -1,
      6077, 6069, 6070, -1,
      6077, 6070, 6078, -1,
      6078, 6070, 6071, -1,
      6078, 6071, 6079, -1,
      6079, 6071, 6072, -1,
      6079, 6072, 6080, -1,
      5994, 6045, 6044, -1,
      6044, 6045, 6073, -1,
      6044, 6073, 6081, -1,
      6081, 6073, 6074, -1,
      6081, 6074, 6082, -1,
      6082, 6074, 6075, -1,
      6082, 6075, 6083, -1,
      6083, 6075, 6076, -1,
      6083, 6076, 6084, -1,
      6084, 6076, 6077, -1,
      6084, 6077, 6085, -1,
      6085, 6077, 6078, -1,
      6085, 6078, 6086, -1,
      6086, 6078, 6079, -1,
      6086, 6079, 6087, -1,
      6087, 6079, 6080, -1,
      6087, 6080, 6088, -1,
      457, 6044, 459, -1,
      459, 6044, 6081, -1,
      459, 6081, 461, -1,
      461, 6081, 6082, -1,
      461, 6082, 462, -1,
      462, 6082, 6083, -1,
      462, 6083, 428, -1,
      428, 6083, 6084, -1,
      428, 6084, 430, -1,
      430, 6084, 6085, -1,
      430, 6085, 432, -1,
      432, 6085, 6086, -1,
      432, 6086, 434, -1,
      434, 6086, 6087, -1,
      434, 6087, 436, -1,
      436, 6087, 6088, -1,
      436, 6088, 438, -1,
      440, 438, 6088, -1,
      440, 6088, 5999, -1,
      5999, 6088, 6080, -1,
      5999, 6080, 6001, -1,
      6001, 6080, 6072, -1,
      6001, 6072, 6003, -1,
      6003, 6072, 6064, -1,
      6003, 6064, 6005, -1,
      6005, 6064, 6056, -1,
      6005, 6056, 6007, -1,
      6007, 6056, 495, -1,
      6007, 495, 484, -1,
      165, 149, 6089, -1,
      165, 6089, 6090, -1,
      6090, 6089, 6091, -1,
      6090, 6091, 6092, -1,
      6092, 6091, 6093, -1,
      6092, 6093, 6094, -1,
      6094, 6093, 6095, -1,
      6094, 6095, 6096, -1,
      6096, 6095, 6097, -1,
      6096, 6097, 6098, -1,
      6098, 6097, 418, -1,
      6098, 418, 420, -1,
      820, 822, 6099, -1,
      824, 826, 6100, -1,
      828, 830, 6101, -1,
      832, 834, 6102, -1,
      836, 838, 6103, -1,
      441, 443, 6104, -1,
      6104, 443, 6105, -1,
      6104, 6105, 6106, -1,
      6106, 6105, 6107, -1,
      6106, 6107, 6108, -1,
      6108, 6107, 6109, -1,
      6108, 6109, 6110, -1,
      6110, 6109, 6111, -1,
      6110, 6111, 6112, -1,
      6112, 6111, 6103, -1,
      439, 441, 6113, -1,
      6113, 441, 6104, -1,
      6113, 6104, 6114, -1,
      6114, 6104, 6106, -1,
      6114, 6106, 6115, -1,
      6115, 6106, 6108, -1,
      6115, 6108, 6116, -1,
      6116, 6108, 6110, -1,
      6116, 6110, 6117, -1,
      6117, 6110, 6112, -1,
      6117, 6112, 140, -1,
      140, 6112, 842, -1,
      6103, 838, 6112, -1,
      6112, 838, 840, -1,
      6112, 840, 842, -1,
      443, 408, 6105, -1,
      6105, 408, 6118, -1,
      6105, 6118, 6107, -1,
      6107, 6118, 6119, -1,
      6107, 6119, 6109, -1,
      6109, 6119, 6120, -1,
      6109, 6120, 6111, -1,
      6111, 6120, 6121, -1,
      6111, 6121, 6103, -1,
      6103, 6121, 6102, -1,
      6103, 6102, 836, -1,
      836, 6102, 834, -1,
      408, 410, 6118, -1,
      6118, 410, 6122, -1,
      6118, 6122, 6119, -1,
      6119, 6122, 6123, -1,
      6119, 6123, 6120, -1,
      6120, 6123, 6124, -1,
      6120, 6124, 6121, -1,
      6121, 6124, 6125, -1,
      6121, 6125, 6102, -1,
      6102, 6125, 6101, -1,
      6102, 6101, 832, -1,
      832, 6101, 830, -1,
      826, 828, 6100, -1,
      6100, 828, 6101, -1,
      6100, 6101, 6126, -1,
      6126, 6101, 6125, -1,
      6126, 6125, 6127, -1,
      6127, 6125, 6124, -1,
      6127, 6124, 6128, -1,
      6128, 6124, 6123, -1,
      6128, 6123, 6129, -1,
      6129, 6123, 6122, -1,
      6129, 6122, 412, -1,
      412, 6122, 410, -1,
      822, 824, 6099, -1,
      6099, 824, 6100, -1,
      6099, 6100, 6130, -1,
      6130, 6100, 6126, -1,
      6130, 6126, 6131, -1,
      6131, 6126, 6127, -1,
      6131, 6127, 6132, -1,
      6132, 6127, 6128, -1,
      6132, 6128, 6133, -1,
      6133, 6128, 6129, -1,
      6133, 6129, 414, -1,
      414, 6129, 412, -1,
      818, 820, 6134, -1,
      6134, 820, 6099, -1,
      6134, 6099, 6135, -1,
      6135, 6099, 6130, -1,
      6135, 6130, 6136, -1,
      6136, 6130, 6131, -1,
      6136, 6131, 6137, -1,
      6137, 6131, 6132, -1,
      6137, 6132, 6138, -1,
      6138, 6132, 6133, -1,
      6138, 6133, 416, -1,
      416, 6133, 414, -1,
      416, 418, 6138, -1,
      6138, 418, 6097, -1,
      6138, 6097, 6137, -1,
      6137, 6097, 6095, -1,
      6137, 6095, 6136, -1,
      6136, 6095, 6093, -1,
      6136, 6093, 6135, -1,
      6135, 6093, 6091, -1,
      6135, 6091, 6134, -1,
      6134, 6091, 6089, -1,
      6134, 6089, 818, -1,
      818, 6089, 149, -1,
      354, 356, 6139, -1,
      358, 360, 6140, -1,
      362, 364, 6141, -1,
      366, 368, 6142, -1,
      370, 372, 6143, -1,
      422, 424, 6144, -1,
      6144, 424, 6145, -1,
      6144, 6145, 6146, -1,
      6146, 6145, 6147, -1,
      6146, 6147, 6148, -1,
      6148, 6147, 6149, -1,
      6148, 6149, 6150, -1,
      6150, 6149, 6151, -1,
      6150, 6151, 6152, -1,
      6152, 6151, 6143, -1,
      420, 422, 6098, -1,
      6098, 422, 6144, -1,
      6098, 6144, 6096, -1,
      6096, 6144, 6146, -1,
      6096, 6146, 6094, -1,
      6094, 6146, 6148, -1,
      6094, 6148, 6092, -1,
      6092, 6148, 6150, -1,
      6092, 6150, 6090, -1,
      6090, 6150, 6152, -1,
      6090, 6152, 165, -1,
      165, 6152, 376, -1,
      6143, 372, 6152, -1,
      6152, 372, 374, -1,
      6152, 374, 376, -1,
      424, 426, 6145, -1,
      6145, 426, 6153, -1,
      6145, 6153, 6147, -1,
      6147, 6153, 6154, -1,
      6147, 6154, 6149, -1,
      6149, 6154, 6155, -1,
      6149, 6155, 6151, -1,
      6151, 6155, 6156, -1,
      6151, 6156, 6143, -1,
      6143, 6156, 6142, -1,
      6143, 6142, 370, -1,
      370, 6142, 368, -1,
      426, 465, 6153, -1,
      6153, 465, 6157, -1,
      6153, 6157, 6154, -1,
      6154, 6157, 6158, -1,
      6154, 6158, 6155, -1,
      6155, 6158, 6159, -1,
      6155, 6159, 6156, -1,
      6156, 6159, 6160, -1,
      6156, 6160, 6142, -1,
      6142, 6160, 6141, -1,
      6142, 6141, 366, -1,
      366, 6141, 364, -1,
      360, 362, 6140, -1,
      6140, 362, 6141, -1,
      6140, 6141, 6161, -1,
      6161, 6141, 6160, -1,
      6161, 6160, 6162, -1,
      6162, 6160, 6159, -1,
      6162, 6159, 6163, -1,
      6163, 6159, 6158, -1,
      6163, 6158, 6164, -1,
      6164, 6158, 6157, -1,
      6164, 6157, 467, -1,
      467, 6157, 465, -1,
      356, 358, 6139, -1,
      6139, 358, 6140, -1,
      6139, 6140, 6165, -1,
      6165, 6140, 6161, -1,
      6165, 6161, 6166, -1,
      6166, 6161, 6162, -1,
      6166, 6162, 6167, -1,
      6167, 6162, 6163, -1,
      6167, 6163, 6168, -1,
      6168, 6163, 6164, -1,
      6168, 6164, 469, -1,
      469, 6164, 467, -1,
      352, 354, 6169, -1,
      6169, 354, 6139, -1,
      6169, 6139, 6170, -1,
      6170, 6139, 6165, -1,
      6170, 6165, 6171, -1,
      6171, 6165, 6166, -1,
      6171, 6166, 6172, -1,
      6172, 6166, 6167, -1,
      6172, 6167, 6173, -1,
      6173, 6167, 6168, -1,
      6173, 6168, 471, -1,
      471, 6168, 469, -1,
      471, 473, 6173, -1,
      6173, 473, 6174, -1,
      6173, 6174, 6172, -1,
      6172, 6174, 6175, -1,
      6172, 6175, 6171, -1,
      6171, 6175, 6176, -1,
      6171, 6176, 6170, -1,
      6170, 6176, 6177, -1,
      6170, 6177, 6169, -1,
      6169, 6177, 6178, -1,
      6169, 6178, 352, -1,
      352, 6178, 208, -1,
      140, 139, 6179, -1,
      140, 6179, 6117, -1,
      6117, 6179, 6180, -1,
      6117, 6180, 6116, -1,
      6116, 6180, 6181, -1,
      6116, 6181, 6115, -1,
      6115, 6181, 6182, -1,
      6115, 6182, 6114, -1,
      6114, 6182, 6183, -1,
      6114, 6183, 6113, -1,
      6113, 6183, 437, -1,
      6113, 437, 439, -1,
      218, 208, 6178, -1,
      218, 6178, 6184, -1,
      6184, 6178, 6177, -1,
      6184, 6177, 6185, -1,
      6185, 6177, 6176, -1,
      6185, 6176, 6186, -1,
      6186, 6176, 6175, -1,
      6186, 6175, 6187, -1,
      6187, 6175, 6174, -1,
      6187, 6174, 6188, -1,
      6188, 6174, 473, -1,
      6188, 473, 475, -1,
      794, 796, 6189, -1,
      798, 800, 6190, -1,
      802, 804, 6191, -1,
      806, 808, 6192, -1,
      810, 812, 6193, -1,
      458, 460, 6194, -1,
      6194, 460, 6195, -1,
      6194, 6195, 6196, -1,
      6196, 6195, 6197, -1,
      6196, 6197, 6198, -1,
      6198, 6197, 6199, -1,
      6198, 6199, 6200, -1,
      6200, 6199, 6201, -1,
      6200, 6201, 6202, -1,
      6202, 6201, 6193, -1,
      456, 458, 6203, -1,
      6203, 458, 6194, -1,
      6203, 6194, 6204, -1,
      6204, 6194, 6196, -1,
      6204, 6196, 6205, -1,
      6205, 6196, 6198, -1,
      6205, 6198, 6206, -1,
      6206, 6198, 6200, -1,
      6206, 6200, 6207, -1,
      6207, 6200, 6202, -1,
      6207, 6202, 82, -1,
      82, 6202, 816, -1,
      6193, 812, 6202, -1,
      6202, 812, 814, -1,
      6202, 814, 816, -1,
      460, 427, 6195, -1,
      6195, 427, 6208, -1,
      6195, 6208, 6197, -1,
      6197, 6208, 6209, -1,
      6197, 6209, 6199, -1,
      6199, 6209, 6210, -1,
      6199, 6210, 6201, -1,
      6201, 6210, 6211, -1,
      6201, 6211, 6193, -1,
      6193, 6211, 6192, -1,
      6193, 6192, 810, -1,
      810, 6192, 808, -1,
      427, 429, 6208, -1,
      6208, 429, 6212, -1,
      6208, 6212, 6209, -1,
      6209, 6212, 6213, -1,
      6209, 6213, 6210, -1,
      6210, 6213, 6214, -1,
      6210, 6214, 6211, -1,
      6211, 6214, 6215, -1,
      6211, 6215, 6192, -1,
      6192, 6215, 6191, -1,
      6192, 6191, 806, -1,
      806, 6191, 804, -1,
      800, 802, 6190, -1,
      6190, 802, 6191, -1,
      6190, 6191, 6216, -1,
      6216, 6191, 6215, -1,
      6216, 6215, 6217, -1,
      6217, 6215, 6214, -1,
      6217, 6214, 6218, -1,
      6218, 6214, 6213, -1,
      6218, 6213, 6219, -1,
      6219, 6213, 6212, -1,
      6219, 6212, 431, -1,
      431, 6212, 429, -1,
      796, 798, 6189, -1,
      6189, 798, 6190, -1,
      6189, 6190, 6220, -1,
      6220, 6190, 6216, -1,
      6220, 6216, 6221, -1,
      6221, 6216, 6217, -1,
      6221, 6217, 6222, -1,
      6222, 6217, 6218, -1,
      6222, 6218, 6223, -1,
      6223, 6218, 6219, -1,
      6223, 6219, 433, -1,
      433, 6219, 431, -1,
      792, 794, 6224, -1,
      6224, 794, 6189, -1,
      6224, 6189, 6225, -1,
      6225, 6189, 6220, -1,
      6225, 6220, 6226, -1,
      6226, 6220, 6221, -1,
      6226, 6221, 6227, -1,
      6227, 6221, 6222, -1,
      6227, 6222, 6228, -1,
      6228, 6222, 6223, -1,
      6228, 6223, 435, -1,
      435, 6223, 433, -1,
      435, 437, 6228, -1,
      6228, 437, 6183, -1,
      6228, 6183, 6227, -1,
      6227, 6183, 6182, -1,
      6227, 6182, 6226, -1,
      6226, 6182, 6181, -1,
      6226, 6181, 6225, -1,
      6225, 6181, 6180, -1,
      6225, 6180, 6224, -1,
      6224, 6180, 6179, -1,
      6224, 6179, 792, -1,
      792, 6179, 139, -1,
      768, 770, 6229, -1,
      772, 774, 6230, -1,
      776, 778, 6231, -1,
      780, 782, 6232, -1,
      784, 786, 6233, -1,
      477, 479, 6234, -1,
      6234, 479, 6235, -1,
      6234, 6235, 6236, -1,
      6236, 6235, 6237, -1,
      6236, 6237, 6238, -1,
      6238, 6237, 6239, -1,
      6238, 6239, 6240, -1,
      6240, 6239, 6241, -1,
      6240, 6241, 6242, -1,
      6242, 6241, 6233, -1,
      475, 477, 6188, -1,
      6188, 477, 6234, -1,
      6188, 6234, 6187, -1,
      6187, 6234, 6236, -1,
      6187, 6236, 6186, -1,
      6186, 6236, 6238, -1,
      6186, 6238, 6185, -1,
      6185, 6238, 6240, -1,
      6185, 6240, 6184, -1,
      6184, 6240, 6242, -1,
      6184, 6242, 218, -1,
      218, 6242, 790, -1,
      6233, 786, 6242, -1,
      6242, 786, 788, -1,
      6242, 788, 790, -1,
      479, 481, 6235, -1,
      6235, 481, 6243, -1,
      6235, 6243, 6237, -1,
      6237, 6243, 6244, -1,
      6237, 6244, 6239, -1,
      6239, 6244, 6245, -1,
      6239, 6245, 6241, -1,
      6241, 6245, 6246, -1,
      6241, 6246, 6233, -1,
      6233, 6246, 6232, -1,
      6233, 6232, 784, -1,
      784, 6232, 782, -1,
      481, 446, 6243, -1,
      6243, 446, 6247, -1,
      6243, 6247, 6244, -1,
      6244, 6247, 6248, -1,
      6244, 6248, 6245, -1,
      6245, 6248, 6249, -1,
      6245, 6249, 6246, -1,
      6246, 6249, 6250, -1,
      6246, 6250, 6232, -1,
      6232, 6250, 6231, -1,
      6232, 6231, 780, -1,
      780, 6231, 778, -1,
      774, 776, 6230, -1,
      6230, 776, 6231, -1,
      6230, 6231, 6251, -1,
      6251, 6231, 6250, -1,
      6251, 6250, 6252, -1,
      6252, 6250, 6249, -1,
      6252, 6249, 6253, -1,
      6253, 6249, 6248, -1,
      6253, 6248, 6254, -1,
      6254, 6248, 6247, -1,
      6254, 6247, 448, -1,
      448, 6247, 446, -1,
      770, 772, 6229, -1,
      6229, 772, 6230, -1,
      6229, 6230, 6255, -1,
      6255, 6230, 6251, -1,
      6255, 6251, 6256, -1,
      6256, 6251, 6252, -1,
      6256, 6252, 6257, -1,
      6257, 6252, 6253, -1,
      6257, 6253, 6258, -1,
      6258, 6253, 6254, -1,
      6258, 6254, 450, -1,
      450, 6254, 448, -1,
      766, 768, 6259, -1,
      6259, 768, 6229, -1,
      6259, 6229, 6260, -1,
      6260, 6229, 6255, -1,
      6260, 6255, 6261, -1,
      6261, 6255, 6256, -1,
      6261, 6256, 6262, -1,
      6262, 6256, 6257, -1,
      6262, 6257, 6263, -1,
      6263, 6257, 6258, -1,
      6263, 6258, 452, -1,
      452, 6258, 450, -1,
      452, 454, 6263, -1,
      6263, 454, 6264, -1,
      6263, 6264, 6262, -1,
      6262, 6264, 6265, -1,
      6262, 6265, 6261, -1,
      6261, 6265, 6266, -1,
      6261, 6266, 6260, -1,
      6260, 6266, 6267, -1,
      6260, 6267, 6259, -1,
      6259, 6267, 6268, -1,
      6259, 6268, 766, -1,
      766, 6268, 102, -1,
      82, 102, 6268, -1,
      82, 6268, 6207, -1,
      6207, 6268, 6267, -1,
      6207, 6267, 6206, -1,
      6206, 6267, 6266, -1,
      6206, 6266, 6205, -1,
      6205, 6266, 6265, -1,
      6205, 6265, 6204, -1,
      6204, 6265, 6264, -1,
      6204, 6264, 6203, -1,
      6203, 6264, 454, -1,
      6203, 454, 456, -1,
    ]
  }
}

Shape {
  appearance Appearance {
    material Material {
      diffuseColor 0.1765 0.1765 0.1765
      specularColor 0.0118 0.0118 0.0118
      ambientIntensity 0.2
      transparency 0.0000
      shininess 0.5
    }
  }
  geometry IndexedFaceSet {
    ccw TRUE
    solid FALSE
    coord DEF co Coordinate {
      point [
        1.181102 0.807087 0.767717,
        1.181102 -0.551181 0.767717,
        1.141732 -0.551181 0.767717,
        0.703740 -0.551181 0.767717,
        0.393701 -0.551181 0.767717,
        0.196850 -0.551181 0.767717,
        0.000000 -0.551181 0.767717,
        -0.196850 -0.551181 0.767717,
        -0.393701 -0.551181 0.767717,
        -0.703740 -0.551181 0.767717,
        -1.181102 -0.551181 0.767717,
        -1.181102 0.807087 0.767717,
        -1.366142 -1.653543 0.078740,
        -1.043307 -1.850394 0.078740,
        -1.190945 -1.850394 0.078740,
        0.885827 -1.850394 0.078740,
        0.728346 -1.850394 0.078740,
        -0.531496 -1.850394 0.078740,
        -0.649606 -1.850394 0.078740,
        -1.348425 -1.850394 0.078740,
        -1.366142 -1.850394 0.078740,
        0.452756 -1.850394 0.078740,
        0.334646 -1.850394 0.078740,
        -0.728346 -1.850394 0.078740,
        -0.885827 -1.850394 0.078740,
        -0.137795 -1.850394 0.078740,
        -0.255906 -1.850394 0.078740,
        -0.334646 -1.850394 0.078740,
        -0.452756 -1.850394 0.078740,
        1.366142 -1.850394 0.078740,
        1.348425 -1.850394 0.078740,
        1.366142 -1.653543 0.078740,
        1.043307 -1.850394 0.078740,
        1.190945 -1.850394 0.078740,
        0.649606 -1.850394 0.078740,
        0.531496 -1.850394 0.078740,
        0.255906 -1.850394 0.078740,
        0.137795 -1.850394 0.078740,
        -0.059055 -1.850394 0.078740,
        0.059055 -1.850394 0.078740,
        1.641732 -1.838583 0.295276,
        1.641732 -1.448819 0.295276,
        -0.452756 -1.838583 1.161417,
        -0.452756 -1.535302 1.161417,
        0.452756 -1.838583 1.161417,
        0.452756 -1.535302 1.161417,
        -0.452756 -1.515748 0.759843,
        -0.452756 -1.515748 1.161417,
        -1.220472 -1.515748 0.759843,
        -1.220472 -1.515748 1.161417,
        1.220472 -1.515748 0.759843,
        1.220472 -1.515748 1.161417,
        0.452756 -1.515748 0.759843,
        0.452756 -1.515748 1.161417,
        -1.641732 -1.448819 0.295276,
        -1.641732 -1.838583 0.295276,
        -1.641732 -0.570866 0.885827,
        -1.641732 -0.570866 0.413386,
        -1.366142 -0.570866 1.161417,
        1.366142 -0.570866 1.161417,
        1.641732 -0.570866 0.413386,
        1.641732 -0.570866 0.885827,
        1.366142 -0.570866 0.137795,
        -1.366142 -0.570866 0.137795,
        -1.419907 -0.570866 0.143091,
        -1.427278 -0.570866 0.145327,
        -1.471606 -0.570866 0.158773,
        -1.485206 -0.570866 0.166043,
        -1.519252 -0.570866 0.184241,
        -1.537145 -0.570866 0.198925,
        -1.561014 -0.570866 0.218514,
        -1.580602 -0.570866 0.242383,
        -1.595287 -0.570866 0.260276,
        -1.613485 -0.570866 0.294322,
        -1.620754 -0.570866 0.307922,
        -1.634201 -0.570866 0.352250,
        -1.636437 -0.570866 0.359621,
        -1.419907 -0.570866 1.156122,
        -1.427278 -0.570866 1.153886,
        -1.471606 -0.570866 1.140439,
        -1.485206 -0.570866 1.133170,
        -1.519252 -0.570866 1.114972,
        -1.537145 -0.570866 1.100287,
        -1.561014 -0.570866 1.080699,
        -1.580602 -0.570866 1.056830,
        -1.595287 -0.570866 1.038937,
        -1.613485 -0.570866 1.004891,
        -1.620754 -0.570866 0.991291,
        -1.634201 -0.570866 0.946963,
        -1.636437 -0.570866 0.939592,
        1.636437 -0.570866 0.939592,
        1.634201 -0.570866 0.946963,
        1.620754 -0.570866 0.991291,
        1.613485 -0.570866 1.004891,
        1.595287 -0.570866 1.038937,
        1.580602 -0.570866 1.056830,
        1.561014 -0.570866 1.080699,
        1.537145 -0.570866 1.100287,
        1.519252 -0.570866 1.114972,
        1.485206 -0.570866 1.133170,
        1.471606 -0.570866 1.140439,
        1.427278 -0.570866 1.153886,
        1.419907 -0.570866 1.156122,
        1.419907 -0.570866 0.143091,
        1.427278 -0.570866 0.145327,
        1.471606 -0.570866 0.158773,
        1.485206 -0.570866 0.166043,
        1.519252 -0.570866 0.184241,
        1.537145 -0.570866 0.198925,
        1.561014 -0.570866 0.218514,
        1.580602 -0.570866 0.242383,
        1.595287 -0.570866 0.260276,
        1.613485 -0.570866 0.294322,
        1.620754 -0.570866 0.307922,
        1.634201 -0.570866 0.352250,
        1.636437 -0.570866 0.359621,
        0.439972 -1.524357 1.161417,
        0.429794 -1.510093 1.161417,
        0.423426 -1.493767 1.161417,
        0.421260 -1.476378 1.161417,
        0.473785 -1.407926 1.161417,
        0.492126 -1.405512 1.161417,
        0.423674 -1.458037 1.161417,
        0.430754 -1.440945 1.161417,
        0.442016 -1.426268 1.161417,
        0.456693 -1.415006 1.161417,
        1.161417 -1.405512 1.161417,
        1.229869 -1.458037 1.161417,
        1.232283 -1.476378 1.161417,
        1.179759 -1.407926 1.161417,
        1.196850 -1.415006 1.161417,
        1.211527 -1.426268 1.161417,
        1.222789 -1.440945 1.161417,
        1.232283 -1.791339 1.161417,
        1.279528 -1.838583 1.161417,
        1.267300 -1.836973 1.161417,
        1.255906 -1.832253 1.161417,
        1.246121 -1.824745 1.161417,
        1.238613 -1.814961 1.161417,
        1.233893 -1.803567 1.161417,
        1.366142 -1.838583 1.161417,
        1.427278 -1.838583 1.153886,
        1.471606 -1.838583 1.140439,
        1.485206 -1.838583 1.133170,
        1.519252 -1.838583 1.114972,
        1.537145 -1.838583 1.100287,
        1.561014 -1.838583 1.080699,
        1.580602 -1.838583 1.056830,
        1.595287 -1.838583 1.038937,
        1.613485 -1.838583 1.004891,
        1.620754 -1.838583 0.991291,
        1.636437 -1.838583 0.939592,
        1.641732 -1.838583 0.885827,
        1.634201 -1.838583 0.946963,
        1.419907 -1.838583 1.156122,
        -0.421260 -1.476378 1.161417,
        -0.423426 -1.493767 1.161417,
        -0.429794 -1.510093 1.161417,
        -0.439972 -1.524357 1.161417,
        -0.492126 -1.405512 1.161417,
        -0.473785 -1.407926 1.161417,
        -0.456693 -1.415006 1.161417,
        -0.442016 -1.426268 1.161417,
        -0.430754 -1.440945 1.161417,
        -0.423674 -1.458037 1.161417,
        -1.161417 -1.405512 1.161417,
        -1.179759 -1.407926 1.161417,
        -1.232283 -1.476378 1.161417,
        -1.229869 -1.458037 1.161417,
        -1.222789 -1.440945 1.161417,
        -1.211527 -1.426268 1.161417,
        -1.196850 -1.415006 1.161417,
        1.641732 -1.448819 0.492126,
        -1.232283 -1.791339 1.161417,
        1.641732 -1.445733 0.515562,
        1.641732 -1.436687 0.537402,
        1.641732 -1.422297 0.556155,
        1.641732 -1.403543 0.570546,
        1.641732 -1.381704 0.579592,
        1.641732 -1.358268 0.582677,
        -1.233893 -1.803567 1.161417,
        -1.238613 -1.814961 1.161417,
        -1.246121 -1.824745 1.161417,
        -1.255906 -1.832253 1.161417,
        -1.267300 -1.836973 1.161417,
        -1.279528 -1.838583 1.161417,
        1.641732 -1.338583 0.582677,
        -1.366142 -1.838583 1.161417,
        1.641732 -1.315146 0.579592,
        1.641732 -1.293307 0.570546,
        1.641732 -1.274553 0.556155,
        1.641732 -1.260163 0.537402,
        1.641732 -1.251117 0.515562,
        1.641732 -1.248031 0.492126,
        -1.634201 -1.838583 0.946963,
        -1.620754 -1.838583 0.991291,
        -1.613485 -1.838583 1.004891,
        -1.595287 -1.838583 1.038937,
        -1.580602 -1.838583 1.056830,
        -1.561014 -1.838583 1.080699,
        -1.537145 -1.838583 1.100287,
        -1.519252 -1.838583 1.114972,
        -1.485206 -1.838583 1.133170,
        -1.471606 -1.838583 1.140439,
        -1.419907 -1.838583 1.156122,
        -1.427278 -1.838583 1.153886,
        -1.636437 -1.838583 0.939592,
        -1.641732 -1.838583 0.885827,
        1.641732 -1.248031 0.413386,
        1.366142 -1.248031 0.137795,
        -1.366142 -1.248031 0.137795,
        -1.641732 -1.248031 0.413386,
        -1.641732 -1.248031 0.492126,
        -1.641732 -1.448819 0.492126,
        -1.641732 -1.251117 0.515562,
        -1.641732 -1.260163 0.537402,
        -1.641732 -1.274553 0.556155,
        -1.641732 -1.293307 0.570546,
        -1.641732 -1.315146 0.579592,
        -1.641732 -1.338583 0.582677,
        -1.641732 -1.358268 0.582677,
        -1.641732 -1.381704 0.579592,
        -1.641732 -1.403543 0.570546,
        -1.641732 -1.422297 0.556155,
        -1.641732 -1.436687 0.537402,
        -1.641732 -1.445733 0.515562,
        -1.220472 -1.850394 1.161417,
        -1.366142 -1.850394 1.161417,
        1.220472 -1.850394 1.161417,
        1.366142 -1.850394 1.161417,
        -1.641732 -1.267717 0.413386,
        -1.641732 -1.267717 0.295276,
        -1.634822 -1.248031 0.352061,
        -1.634822 -1.267717 0.352061,
        -1.614440 -1.248031 0.293811,
        -1.614440 -1.267717 0.293811,
        -1.581607 -1.248031 0.241558,
        -1.581607 -1.267717 0.241558,
        -1.537970 -1.248031 0.197920,
        -1.537970 -1.267717 0.197920,
        -1.485716 -1.248031 0.165087,
        -1.485716 -1.267717 0.165087,
        -1.427467 -1.248031 0.144705,
        -1.427467 -1.267717 0.144705,
        -1.366142 -1.267717 0.137795,
        1.366142 -1.267717 0.137795,
        1.427467 -1.248031 0.144705,
        1.427467 -1.267717 0.144705,
        1.485716 -1.248031 0.165087,
        1.485716 -1.267717 0.165087,
        1.537970 -1.248031 0.197920,
        1.537970 -1.267717 0.197920,
        1.581607 -1.248031 0.241558,
        1.581607 -1.267717 0.241558,
        1.614440 -1.248031 0.293811,
        1.614440 -1.267717 0.293811,
        1.634822 -1.248031 0.352061,
        1.634822 -1.267717 0.352061,
        1.641732 -1.267717 0.413386,
        1.641732 -1.267717 0.295276,
        1.547094 -0.551181 1.066780,
        1.578919 -0.551181 1.028000,
        1.264619 -0.551181 0.733123,
        1.299213 -0.551181 0.649606,
        1.622047 -0.551181 0.885827,
        1.295188 -0.551181 0.619037,
        1.622047 -0.551181 0.413386,
        -1.366142 -0.551181 1.141732,
        -1.211672 -0.551181 0.763692,
        -1.416067 -0.551181 1.136815,
        -1.240157 -0.551181 0.751893,
        -1.464072 -0.551181 1.122253,
        -1.508315 -0.551181 1.098604,
        -1.299213 -0.551181 0.649606,
        -1.622047 -0.551181 0.413386,
        -1.295188 -0.551181 0.680176,
        -1.622047 -0.551181 0.885827,
        1.617130 -0.551181 0.363461,
        1.264619 -0.551181 0.566090,
        1.283389 -0.551181 0.590551,
        1.602568 -0.551181 0.315455,
        1.578919 -0.551181 0.271212,
        1.240157 -0.551181 0.547320,
        1.547094 -0.551181 0.232433,
        1.508315 -0.551181 0.200608,
        -1.617130 -0.551181 0.935752,
        -1.264619 -0.551181 0.733123,
        -1.283389 -0.551181 0.708661,
        -1.602568 -0.551181 0.983757,
        -1.578919 -0.551181 1.028000,
        -1.547094 -0.551181 1.066780,
        1.295188 -0.551181 0.680176,
        1.283389 -0.551181 0.708661,
        1.617130 -0.551181 0.935752,
        1.602568 -0.551181 0.983757,
        1.366142 -0.551181 1.141732,
        1.211672 -0.551181 0.763692,
        1.416067 -0.551181 1.136815,
        1.240157 -0.551181 0.751893,
        1.464072 -0.551181 1.122253,
        1.508315 -0.551181 1.098604,
        -1.578919 -0.551181 0.271212,
        -1.264619 -0.551181 0.566090,
        -1.547094 -0.551181 0.232433,
        -1.240157 -0.551181 0.547320,
        -1.508315 -0.551181 0.200608,
        -1.181102 -0.551181 0.531496,
        -1.366142 -0.551181 0.157480,
        -1.211672 -0.551181 0.535520,
        -1.416067 -0.551181 0.162398,
        -1.464072 -0.551181 0.176960,
        -1.295188 -0.551181 0.619037,
        -1.283389 -0.551181 0.590551,
        -1.617130 -0.551181 0.363461,
        -1.602568 -0.551181 0.315455,
        1.366142 -0.551181 0.157480,
        1.211672 -0.551181 0.535520,
        1.416067 -0.551181 0.162398,
        1.464072 -0.551181 0.176960,
        -1.141732 -0.551181 0.531496,
        -0.703740 -0.551181 0.531496,
        -0.393701 -0.551181 0.531496,
        -0.196850 -0.551181 0.531496,
        0.000000 -0.551181 0.531496,
        0.196850 -0.551181 0.531496,
        0.393701 -0.551181 0.531496,
        0.703740 -0.551181 0.531496,
        1.181102 -0.551181 0.531496,
        -1.641157 -0.566496 0.885827,
        -1.641157 -0.566496 0.413386,
        -1.641061 -0.565771 0.413386,
        -1.641061 -0.565771 0.885827,
        -1.639656 -0.562378 0.413386,
        -1.639656 -0.562378 0.885827,
        -1.639095 -0.561024 0.413386,
        -1.639095 -0.561024 0.885827,
        -1.637307 -0.558693 0.413386,
        -1.637307 -0.558693 0.885827,
        -1.635967 -0.556947 0.413386,
        -1.635967 -0.556947 0.885827,
        -1.634220 -0.555607 0.413386,
        -1.634220 -0.555607 0.885827,
        -1.631890 -0.553819 0.413386,
        -1.631890 -0.553819 0.885827,
        -1.630536 -0.553257 0.413386,
        -1.630536 -0.553257 0.885827,
        -1.627142 -0.551852 0.413386,
        -1.627142 -0.551852 0.885827,
        -1.626417 -0.551756 0.413386,
        -1.626417 -0.551756 0.885827,
        -1.594729 -0.565771 1.038564,
        -1.560539 -0.565771 1.080224,
        -1.366142 -0.551756 1.146102,
        -1.417060 -0.551852 1.141812,
        -1.366142 -0.551852 1.146827,
        -1.622127 -0.551852 0.936745,
        -1.366142 -0.553257 1.150221,
        -1.417987 -0.553819 1.146469,
        -1.366142 -0.553819 1.151575,
        -1.626783 -0.553819 0.937672,
        -1.366142 -0.555607 1.153905,
        -1.418782 -0.556947 1.150467,
        -1.366142 -0.556947 1.155652,
        -1.630782 -0.556947 0.938467,
        -1.366142 -0.558693 1.156992,
        -1.419392 -0.561024 1.153535,
        -1.366142 -0.561024 1.158780,
        -1.633850 -0.561024 0.939077,
        -1.366142 -0.562378 1.159341,
        -1.419776 -0.565771 1.155464,
        -1.366142 -0.565771 1.160746,
        -1.466022 -0.551852 1.126960,
        -1.467839 -0.553819 1.131346,
        -1.469399 -0.556947 1.135113,
        -1.470596 -0.561024 1.138003,
        -1.471349 -0.565771 1.139820,
        -1.607275 -0.551852 0.985707,
        -1.611661 -0.553819 0.987524,
        -1.615428 -0.556947 0.989084,
        -1.618318 -0.561024 0.990281,
        -1.620134 -0.565771 0.991034,
        -1.635779 -0.565771 0.939461,
        -1.366142 -0.566496 1.160842,
        -1.518879 -0.565771 1.114414,
        -1.517786 -0.561024 1.112779,
        -1.516048 -0.556947 1.110178,
        -1.513783 -0.553819 1.106788,
        -1.511146 -0.551852 1.102841,
        -1.550697 -0.551852 1.070382,
        -1.554054 -0.553819 1.073739,
        -1.556937 -0.556947 1.076622,
        -1.559149 -0.561024 1.078834,
        -1.593094 -0.561024 1.037471,
        -1.590493 -0.556947 1.035733,
        -1.587103 -0.553819 1.033469,
        -1.583156 -0.551852 1.030831,
        -1.518879 -0.565771 0.184798,
        -1.560539 -0.565771 0.218988,
        -1.622127 -0.551852 0.362467,
        -1.366142 -0.551756 0.153111,
        -1.417060 -0.551852 0.157400,
        -1.626783 -0.553819 0.361541,
        -1.366142 -0.551852 0.152385,
        -1.366142 -0.553257 0.148992,
        -1.417987 -0.553819 0.152744,
        -1.630782 -0.556947 0.360746,
        -1.366142 -0.553819 0.147638,
        -1.366142 -0.555607 0.145307,
        -1.418782 -0.556947 0.148746,
        -1.633850 -0.561024 0.360135,
        -1.366142 -0.556947 0.143561,
        -1.366142 -0.558693 0.142221,
        -1.419392 -0.561024 0.145677,
        -1.635779 -0.565771 0.359752,
        -1.607275 -0.551852 0.313506,
        -1.611661 -0.553819 0.311689,
        -1.615428 -0.556947 0.310128,
        -1.618318 -0.561024 0.308931,
        -1.620134 -0.565771 0.308179,
        -1.466022 -0.551852 0.172253,
        -1.467839 -0.553819 0.167867,
        -1.469399 -0.556947 0.164100,
        -1.470596 -0.561024 0.161210,
        -1.471349 -0.565771 0.159393,
        -1.419776 -0.565771 0.143748,
        -1.594729 -0.565771 0.260648,
        -1.593094 -0.561024 0.261741,
        -1.590493 -0.556947 0.263479,
        -1.587103 -0.553819 0.265744,
        -1.583156 -0.551852 0.268382,
        -1.550697 -0.551852 0.228831,
        -1.554054 -0.553819 0.225474,
        -1.556937 -0.556947 0.222591,
        -1.559149 -0.561024 0.220379,
        -1.517786 -0.561024 0.186433,
        -1.516048 -0.556947 0.189035,
        -1.513783 -0.553819 0.192424,
        -1.511146 -0.551852 0.196372,
        -1.366142 -0.561024 0.140433,
        -1.366142 -0.562378 0.139872,
        -1.366142 -0.565771 0.138466,
        -1.366142 -0.566496 0.138370,
        1.366142 -0.566496 1.160842,
        1.366142 -0.565771 1.160746,
        1.366142 -0.562378 1.159341,
        1.366142 -0.561024 1.158780,
        1.366142 -0.558693 1.156992,
        1.366142 -0.556947 1.155652,
        1.366142 -0.555607 1.153905,
        1.366142 -0.553819 1.151575,
        1.366142 -0.553257 1.150221,
        1.366142 -0.551852 1.146827,
        1.366142 -0.551756 1.146102,
        1.366142 -0.566496 0.138370,
        1.366142 -0.565771 0.138466,
        1.366142 -0.562378 0.139872,
        1.366142 -0.561024 0.140433,
        1.366142 -0.558693 0.142221,
        1.366142 -0.556947 0.143561,
        1.366142 -0.555607 0.145307,
        1.366142 -0.553819 0.147638,
        1.366142 -0.553257 0.148992,
        1.366142 -0.551852 0.152385,
        1.366142 -0.551756 0.153111,
        1.518879 -0.565771 1.114414,
        1.560539 -0.565771 1.080224,
        1.626417 -0.551756 0.885827,
        1.622127 -0.551852 0.936745,
        1.627142 -0.551852 0.885827,
        1.417060 -0.551852 1.141812,
        1.630536 -0.553257 0.885827,
        1.626783 -0.553819 0.937672,
        1.631890 -0.553819 0.885827,
        1.417987 -0.553819 1.146469,
        1.634220 -0.555607 0.885827,
        1.630782 -0.556947 0.938467,
        1.635967 -0.556947 0.885827,
        1.418782 -0.556947 1.150467,
        1.637307 -0.558693 0.885827,
        1.633850 -0.561024 0.939077,
        1.639095 -0.561024 0.885827,
        1.419392 -0.561024 1.153535,
        1.639656 -0.562378 0.885827,
        1.635779 -0.565771 0.939461,
        1.641061 -0.565771 0.885827,
        1.607275 -0.551852 0.985707,
        1.611661 -0.553819 0.987524,
        1.615428 -0.556947 0.989084,
        1.618318 -0.561024 0.990281,
        1.620134 -0.565771 0.991034,
        1.466022 -0.551852 1.126960,
        1.467839 -0.553819 1.131346,
        1.469399 -0.556947 1.135113,
        1.470596 -0.561024 1.138003,
        1.471349 -0.565771 1.139820,
        1.419776 -0.565771 1.155464,
        1.641157 -0.566496 0.885827,
        1.594729 -0.565771 1.038564,
        1.593094 -0.561024 1.037471,
        1.590493 -0.556947 1.035733,
        1.587103 -0.553819 1.033469,
        1.583156 -0.551852 1.030831,
        1.550697 -0.551852 1.070382,
        1.554054 -0.553819 1.073739,
        1.556937 -0.556947 1.076622,
        1.559149 -0.561024 1.078834,
        1.517786 -0.561024 1.112779,
        1.516048 -0.556947 1.110178,
        1.513783 -0.553819 1.106788,
        1.511146 -0.551852 1.102841,
        1.594729 -0.565771 0.260648,
        1.560539 -0.565771 0.218988,
        1.417060 -0.551852 0.157400,
        1.626417 -0.551756 0.413386,
        1.622127 -0.551852 0.362467,
        1.417987 -0.553819 0.152744,
        1.627142 -0.551852 0.413386,
        1.630536 -0.553257 0.413386,
        1.626783 -0.553819 0.361541,
        1.418782 -0.556947 0.148746,
        1.631890 -0.553819 0.413386,
        1.634220 -0.555607 0.413386,
        1.630782 -0.556947 0.360746,
        1.419392 -0.561024 0.145677,
        1.635967 -0.556947 0.413386,
        1.637307 -0.558693 0.413386,
        1.633850 -0.561024 0.360135,
        1.419776 -0.565771 0.143748,
        1.466022 -0.551852 0.172253,
        1.467839 -0.553819 0.167867,
        1.469399 -0.556947 0.164100,
        1.470596 -0.561024 0.161210,
        1.471349 -0.565771 0.159393,
        1.607275 -0.551852 0.313506,
        1.611661 -0.553819 0.311689,
        1.615428 -0.556947 0.310128,
        1.618318 -0.561024 0.308931,
        1.620134 -0.565771 0.308179,
        1.635779 -0.565771 0.359752,
        1.518879 -0.565771 0.184798,
        1.517786 -0.561024 0.186433,
        1.516048 -0.556947 0.189035,
        1.513783 -0.553819 0.192424,
        1.511146 -0.551852 0.196372,
        1.550697 -0.551852 0.228831,
        1.554054 -0.553819 0.225474,
        1.556937 -0.556947 0.222591,
        1.559149 -0.561024 0.220379,
        1.593094 -0.561024 0.261741,
        1.590493 -0.556947 0.263479,
        1.587103 -0.553819 0.265744,
        1.583156 -0.551852 0.268382,
        1.639095 -0.561024 0.413386,
        1.639656 -0.562378 0.413386,
        1.641061 -0.565771 0.413386,
        1.641157 -0.566496 0.413386,
        -1.141732 -0.403113 0.531496,
        -1.181102 -0.403113 0.531496,
        -1.181102 0.807087 0.531496,
        -0.703740 -0.403113 0.531496,
        -0.393701 -0.403113 0.531496,
        -0.196850 -0.403113 0.531496,
        0.000000 -0.403113 0.531496,
        0.196850 -0.403113 0.531496,
        0.393701 -0.403113 0.531496,
        0.703740 -0.403113 0.531496,
        1.181102 -0.403113 0.531496,
        0.866142 0.729207 0.531496,
        0.703740 0.807087 0.531496,
        1.102362 0.729207 0.531496,
        1.181102 0.807087 0.531496,
        1.102362 -0.255044 0.531496,
        0.866142 -0.255044 0.531496,
        0.442913 0.729207 0.531496,
        0.393701 0.807087 0.531496,
        0.541339 0.729207 0.531496,
        0.541339 -0.255044 0.531496,
        0.442913 -0.255044 0.531496,
        0.246063 0.729207 0.531496,
        0.196850 0.807087 0.531496,
        0.344488 0.729207 0.531496,
        0.344488 -0.255044 0.531496,
        0.246063 -0.255044 0.531496,
        0.049213 0.729207 0.531496,
        0.000000 0.807087 0.531496,
        0.147638 0.729207 0.531496,
        0.147638 -0.255044 0.531496,
        0.049213 -0.255044 0.531496,
        -0.147638 0.729207 0.531496,
        -0.196850 0.807087 0.531496,
        -0.049213 0.729207 0.531496,
        -0.049213 -0.255044 0.531496,
        -0.147638 -0.255044 0.531496,
        -0.344488 0.729207 0.531496,
        -0.393701 0.807087 0.531496,
        -0.246063 0.729207 0.531496,
        -0.246063 -0.255044 0.531496,
        -0.344488 -0.255044 0.531496,
        -0.541339 0.729207 0.531496,
        -0.703740 0.807087 0.531496,
        -0.442913 0.729207 0.531496,
        -0.442913 -0.255044 0.531496,
        -0.541339 -0.255044 0.531496,
        -1.141732 0.807087 0.531496,
        -1.102362 -0.255044 0.531496,
        -0.866142 -0.255044 0.531496,
        -0.866142 0.729207 0.531496,
        -1.102362 0.729207 0.531496,
        1.211672 0.807087 0.763692,
        1.240157 0.807087 0.751893,
        1.264619 0.807087 0.733123,
        1.283389 0.807087 0.708661,
        1.295188 0.807087 0.680176,
        1.299213 0.807087 0.649606,
        1.295188 0.807087 0.619037,
        1.283389 0.807087 0.590551,
        1.264619 0.807087 0.566090,
        1.240157 0.807087 0.547320,
        1.211672 0.807087 0.535520,
        -1.211672 0.807087 0.535520,
        -1.240157 0.807087 0.547320,
        -1.264619 0.807087 0.566090,
        -1.283389 0.807087 0.590551,
        -1.295188 0.807087 0.619037,
        -1.299213 0.807087 0.649606,
        -1.295188 0.807087 0.680176,
        -1.283389 0.807087 0.708661,
        -1.264619 0.807087 0.733123,
        -1.240157 0.807087 0.751893,
        -1.211672 0.807087 0.763692,
        -1.181102 0.905512 0.629921,
        -1.181102 0.905512 0.669291,
        1.181102 0.905512 0.629921,
        1.181102 0.905512 0.669291,
        1.198150 0.905512 0.639764,
        1.195022 0.905512 0.635687,
        1.195022 0.905512 0.663526,
        -1.186197 0.905512 0.630592,
        -1.190945 0.905512 0.632559,
        -1.195022 0.905512 0.635687,
        1.186197 0.905512 0.668620,
        1.190945 0.905512 0.666654,
        1.198150 0.905512 0.659449,
        1.200117 0.905512 0.654701,
        1.200787 0.905512 0.649606,
        -1.198150 0.905512 0.639764,
        -1.200117 0.905512 0.644511,
        -1.200787 0.905512 0.649606,
        1.190945 0.905512 0.632559,
        1.186197 0.905512 0.630592,
        -1.186197 0.905512 0.668620,
        -1.190945 0.905512 0.666654,
        -1.195022 0.905512 0.663526,
        1.200117 0.905512 0.644511,
        -1.200117 0.905512 0.654701,
        -1.198150 0.905512 0.659449,
        1.181102 0.902158 0.694766,
        1.192791 0.902158 0.693227,
        1.181102 0.892325 0.718504,
        1.198934 0.892325 0.716156,
        1.181102 0.876684 0.738889,
        1.204210 0.876684 0.735846,
        1.181102 0.856299 0.754530,
        1.208259 0.856299 0.750955,
        1.181102 0.832561 0.764363,
        1.210804 0.832561 0.760453,
        1.238481 0.832561 0.748988,
        1.262248 0.832561 0.730752,
        1.280484 0.832561 0.706985,
        1.291948 0.832561 0.679307,
        1.295859 0.832561 0.649606,
        1.291948 0.832561 0.619905,
        1.280484 0.832561 0.592228,
        1.262248 0.832561 0.568461,
        1.238481 0.832561 0.550224,
        1.210804 0.832561 0.538760,
        1.181102 0.832561 0.534850,
        1.233564 0.856299 0.740473,
        1.255294 0.856299 0.723798,
        1.271969 0.856299 0.702068,
        1.282451 0.856299 0.676763,
        1.286026 0.856299 0.649606,
        1.282451 0.856299 0.622450,
        1.271969 0.856299 0.597144,
        1.255294 0.856299 0.575414,
        1.233564 0.856299 0.558740,
        1.208259 0.856299 0.548258,
        1.181102 0.856299 0.544683,
        1.225743 0.876684 0.726927,
        1.244234 0.876684 0.712738,
        1.258423 0.876684 0.694247,
        1.267342 0.876684 0.672714,
        1.270385 0.876684 0.649606,
        1.267342 0.876684 0.626498,
        1.258423 0.876684 0.604965,
        1.244234 0.876684 0.586474,
        1.225743 0.876684 0.572286,
        1.204210 0.876684 0.563367,
        1.181102 0.876684 0.560324,
        1.215551 0.892325 0.709273,
        1.229820 0.892325 0.698324,
        1.240769 0.892325 0.684055,
        1.247652 0.892325 0.667438,
        1.250000 0.892325 0.649606,
        1.247652 0.892325 0.631774,
        1.240769 0.892325 0.615157,
        1.229820 0.892325 0.600888,
        1.215551 0.892325 0.589939,
        1.198934 0.892325 0.583056,
        1.181102 0.892325 0.580709,
        1.203682 0.902158 0.688715,
        1.213035 0.902158 0.681539,
        1.220211 0.902158 0.672186,
        1.224723 0.902158 0.661294,
        1.226262 0.902158 0.649606,
        1.224723 0.902158 0.637918,
        1.220211 0.902158 0.627027,
        1.213035 0.902158 0.617674,
        1.203682 0.902158 0.610497,
        1.192791 0.902158 0.605986,
        1.181102 0.902158 0.604447,
        -1.181102 0.902158 0.694766,
        -1.181102 0.892325 0.718504,
        -1.181102 0.876684 0.738889,
        -1.181102 0.856299 0.754530,
        -1.181102 0.832561 0.764363,
        -1.181102 0.902158 0.604447,
        -1.181102 0.892325 0.580709,
        -1.181102 0.876684 0.560324,
        -1.181102 0.856299 0.544683,
        -1.181102 0.832561 0.534850,
        -1.192791 0.902158 0.605986,
        -1.198934 0.892325 0.583056,
        -1.204210 0.876684 0.563367,
        -1.208259 0.856299 0.548258,
        -1.210804 0.832561 0.538760,
        -1.238481 0.832561 0.550224,
        -1.262248 0.832561 0.568461,
        -1.280484 0.832561 0.592228,
        -1.291948 0.832561 0.619905,
        -1.295859 0.832561 0.649606,
        -1.291948 0.832561 0.679307,
        -1.280484 0.832561 0.706985,
        -1.262248 0.832561 0.730752,
        -1.238481 0.832561 0.748988,
        -1.210804 0.832561 0.760453,
        -1.233564 0.856299 0.558740,
        -1.255294 0.856299 0.575414,
        -1.271969 0.856299 0.597144,
        -1.282451 0.856299 0.622450,
        -1.286026 0.856299 0.649606,
        -1.282451 0.856299 0.676763,
        -1.271969 0.856299 0.702068,
        -1.255294 0.856299 0.723798,
        -1.233564 0.856299 0.740473,
        -1.208259 0.856299 0.750955,
        -1.225743 0.876684 0.572286,
        -1.244234 0.876684 0.586474,
        -1.258423 0.876684 0.604965,
        -1.267342 0.876684 0.626498,
        -1.270385 0.876684 0.649606,
        -1.267342 0.876684 0.672714,
        -1.258423 0.876684 0.694247,
        -1.244234 0.876684 0.712738,
        -1.225743 0.876684 0.726927,
        -1.204210 0.876684 0.735846,
        -1.215551 0.892325 0.589939,
        -1.229820 0.892325 0.600888,
        -1.240769 0.892325 0.615157,
        -1.247652 0.892325 0.631774,
        -1.250000 0.892325 0.649606,
        -1.247652 0.892325 0.667438,
        -1.240769 0.892325 0.684055,
        -1.229820 0.892325 0.698324,
        -1.215551 0.892325 0.709273,
        -1.198934 0.892325 0.716156,
        -1.203682 0.902158 0.610497,
        -1.213035 0.902158 0.617674,
        -1.220211 0.902158 0.627027,
        -1.224723 0.902158 0.637918,
        -1.226262 0.902158 0.649606,
        -1.224723 0.902158 0.661294,
        -1.220211 0.902158 0.672186,
        -1.213035 0.902158 0.681539,
        -1.203682 0.902158 0.688715,
        -1.192791 0.902158 0.693227,
        -0.452756 -1.850394 1.161417,
        0.452756 -1.850394 1.161417,
        -1.220472 -1.850394 0.759843,
        -0.452756 -1.850394 0.759843,
        0.452756 -1.850394 0.759843,
        1.220472 -1.850394 0.759843,
        1.634822 -1.850394 0.947152,
        1.641732 -1.850394 0.885827,
        1.614440 -1.850394 1.005401,
        1.581607 -1.850394 1.057655,
        1.537970 -1.850394 1.101292,
        1.485716 -1.850394 1.134125,
        1.427467 -1.850394 1.154508,
        1.641732 -1.850394 0.295276,
        -1.641732 -1.850394 0.295276,
        -1.641732 -1.850394 0.885827,
        -1.427467 -1.850394 1.154508,
        -1.485716 -1.850394 1.134125,
        -1.537970 -1.850394 1.101292,
        -1.581607 -1.850394 1.057655,
        -1.614440 -1.850394 1.005401,
        -1.634822 -1.850394 0.947152,
        -1.634822 -1.850394 0.233951,
        -1.614440 -1.850394 0.175701,
        -1.581607 -1.850394 0.123448,
        -1.537970 -1.850394 0.079810,
        -1.485716 -1.850394 0.046977,
        -1.427467 -1.850394 0.026594,
        -1.366142 -1.850394 0.019685,
        1.366142 -1.850394 0.019685,
        1.427467 -1.850394 0.026594,
        1.485716 -1.850394 0.046977,
        1.537970 -1.850394 0.079810,
        1.581607 -1.850394 0.123448,
        1.614440 -1.850394 0.175701,
        1.634822 -1.850394 0.233951,
        -1.485716 -1.267717 0.046977,
        -1.537970 -1.267717 0.079810,
        -1.581607 -1.267717 0.123448,
        -1.634822 -1.267717 0.233951,
        -1.614440 -1.267717 0.175701,
        1.634822 -1.267717 0.233951,
        1.614440 -1.267717 0.175701,
        1.581607 -1.267717 0.123448,
        1.537970 -1.267717 0.079810,
        1.485716 -1.267717 0.046977,
        1.427467 -1.267717 0.026594,
        1.366142 -1.267717 0.019685,
        -1.366142 -1.267717 0.019685,
        -1.427467 -1.267717 0.026594,
        -1.366142 -1.653543 0.019685,
        -1.223034 -1.387795 0.019685,
        -1.232867 -1.411533 0.019685,
        -1.236220 -1.437008 0.019685,
        -1.232867 -1.462482 0.019685,
        -1.223034 -1.486220 0.019685,
        -1.207393 -1.506605 0.019685,
        -1.187008 -1.522246 0.019685,
        -1.163270 -1.532080 0.019685,
        1.366142 -1.653543 0.019685,
        1.187008 -1.522246 0.019685,
        1.207393 -1.506605 0.019685,
        -1.068198 -1.367411 0.019685,
        -1.052557 -1.387795 0.019685,
        -1.042724 -1.411533 0.019685,
        -1.068198 -1.506605 0.019685,
        -1.052557 -1.486220 0.019685,
        1.068198 -1.506605 0.019685,
        1.232867 -1.411533 0.019685,
        1.223034 -1.387795 0.019685,
        1.163270 -1.532080 0.019685,
        1.223034 -1.486220 0.019685,
        1.232867 -1.462482 0.019685,
        1.236220 -1.437008 0.019685,
        1.207393 -1.367411 0.019685,
        1.187008 -1.351769 0.019685,
        1.163270 -1.341937 0.019685,
        -1.163270 -1.341937 0.019685,
        -1.187008 -1.351769 0.019685,
        -1.207393 -1.367411 0.019685,
        -1.137795 -1.535433 0.019685,
        -1.112321 -1.532080 0.019685,
        -1.088583 -1.522246 0.019685,
        1.068198 -1.367411 0.019685,
        1.052557 -1.387795 0.019685,
        1.042724 -1.411533 0.019685,
        -1.039370 -1.437008 0.019685,
        1.039370 -1.437008 0.019685,
        -1.042724 -1.462482 0.019685,
        1.042724 -1.462482 0.019685,
        1.052557 -1.486220 0.019685,
        1.088583 -1.522246 0.019685,
        1.112321 -1.532080 0.019685,
        1.137795 -1.535433 0.019685,
        1.137795 -1.338583 0.019685,
        1.112321 -1.341937 0.019685,
        1.088583 -1.351769 0.019685,
        -1.088583 -1.351769 0.019685,
        -1.112321 -1.341937 0.019685,
        -1.137795 -1.338583 0.019685,
        1.232867 -1.411533 -0.177165,
        1.223034 -1.387795 -0.177165,
        1.207393 -1.367411 -0.177165,
        1.187008 -1.351769 -0.177165,
        1.163270 -1.341937 -0.177165,
        1.137795 -1.338583 -0.177165,
        1.112321 -1.341937 -0.177165,
        1.088583 -1.351769 -0.177165,
        1.068198 -1.367411 -0.177165,
        1.052557 -1.387795 -0.177165,
        1.042724 -1.411533 -0.177165,
        1.039370 -1.437008 -0.177165,
        1.042724 -1.462482 -0.177165,
        1.052557 -1.486220 -0.177165,
        1.068198 -1.506605 -0.177165,
        1.088583 -1.522246 -0.177165,
        1.112321 -1.532080 -0.177165,
        1.137795 -1.535433 -0.177165,
        1.163270 -1.532080 -0.177165,
        1.187008 -1.522246 -0.177165,
        1.207393 -1.506605 -0.177165,
        1.223034 -1.486220 -0.177165,
        1.232867 -1.462482 -0.177165,
        1.236220 -1.437008 -0.177165,
        1.103700 -1.456693 -0.236220,
        1.099767 -1.447198 -0.236220,
        1.137795 -1.437008 -0.236220,
        1.098425 -1.437008 -0.236220,
        1.099767 -1.426818 -0.236220,
        1.127606 -1.475037 -0.236220,
        1.118110 -1.471104 -0.236220,
        1.109956 -1.464847 -0.236220,
        1.157480 -1.471104 -0.236220,
        1.147985 -1.475037 -0.236220,
        1.137795 -1.476378 -0.236220,
        1.175824 -1.447198 -0.236220,
        1.171891 -1.456693 -0.236220,
        1.165634 -1.464847 -0.236220,
        1.171891 -1.417323 -0.236220,
        1.175824 -1.426818 -0.236220,
        1.177165 -1.437008 -0.236220,
        1.147985 -1.398979 -0.236220,
        1.157480 -1.402913 -0.236220,
        1.165634 -1.409169 -0.236220,
        1.118110 -1.402913 -0.236220,
        1.127606 -1.398979 -0.236220,
        1.137795 -1.397638 -0.236220,
        1.103700 -1.417323 -0.236220,
        1.109956 -1.409169 -0.236220,
        -1.042724 -1.411533 -0.177165,
        -1.052557 -1.387795 -0.177165,
        -1.068198 -1.367411 -0.177165,
        -1.088583 -1.351769 -0.177165,
        -1.112321 -1.341937 -0.177165,
        -1.137795 -1.338583 -0.177165,
        -1.163270 -1.341937 -0.177165,
        -1.187008 -1.351769 -0.177165,
        -1.207393 -1.367411 -0.177165,
        -1.223034 -1.387795 -0.177165,
        -1.232867 -1.411533 -0.177165,
        -1.236220 -1.437008 -0.177165,
        -1.232867 -1.462482 -0.177165,
        -1.223034 -1.486220 -0.177165,
        -1.207393 -1.506605 -0.177165,
        -1.187008 -1.522246 -0.177165,
        -1.163270 -1.532080 -0.177165,
        -1.137795 -1.535433 -0.177165,
        -1.112321 -1.532080 -0.177165,
        -1.088583 -1.522246 -0.177165,
        -1.068198 -1.506605 -0.177165,
        -1.052557 -1.486220 -0.177165,
        -1.042724 -1.462482 -0.177165,
        -1.039370 -1.437008 -0.177165,
        -1.171891 -1.456693 -0.236220,
        -1.175824 -1.447198 -0.236220,
        -1.137795 -1.437008 -0.236220,
        -1.177165 -1.437008 -0.236220,
        -1.175824 -1.426818 -0.236220,
        -1.147985 -1.475037 -0.236220,
        -1.157480 -1.471104 -0.236220,
        -1.165634 -1.464847 -0.236220,
        -1.118110 -1.471104 -0.236220,
        -1.127606 -1.475037 -0.236220,
        -1.137795 -1.476378 -0.236220,
        -1.099767 -1.447198 -0.236220,
        -1.103700 -1.456693 -0.236220,
        -1.109956 -1.464847 -0.236220,
        -1.103700 -1.417323 -0.236220,
        -1.099767 -1.426818 -0.236220,
        -1.098425 -1.437008 -0.236220,
        -1.127606 -1.398979 -0.236220,
        -1.118110 -1.402913 -0.236220,
        -1.109956 -1.409169 -0.236220,
        -1.157480 -1.402913 -0.236220,
        -1.147985 -1.398979 -0.236220,
        -1.137795 -1.397638 -0.236220,
        -1.171891 -1.417323 -0.236220,
        -1.165634 -1.409169 -0.236220,
        -1.190588 -1.422862 -0.234208,
        -1.185128 -1.409681 -0.234208,
        -1.176442 -1.398361 -0.234208,
        -1.165122 -1.389676 -0.234208,
        -1.151941 -1.384215 -0.234208,
        -1.137795 -1.382353 -0.234208,
        -1.123650 -1.384215 -0.234208,
        -1.110468 -1.389676 -0.234208,
        -1.099148 -1.398361 -0.234208,
        -1.090463 -1.409681 -0.234208,
        -1.085003 -1.422862 -0.234208,
        -1.083141 -1.437008 -0.234208,
        -1.085003 -1.451154 -0.234208,
        -1.090463 -1.464335 -0.234208,
        -1.099148 -1.475655 -0.234208,
        -1.110468 -1.484340 -0.234208,
        -1.123650 -1.489800 -0.234208,
        -1.137795 -1.491663 -0.234208,
        -1.151941 -1.489800 -0.234208,
        -1.165122 -1.484340 -0.234208,
        -1.176442 -1.475655 -0.234208,
        -1.185128 -1.464335 -0.234208,
        -1.190588 -1.451154 -0.234208,
        -1.192450 -1.437008 -0.234208,
        -1.204345 -1.419176 -0.228309,
        -1.197462 -1.402559 -0.228309,
        -1.186513 -1.388290 -0.228309,
        -1.172244 -1.377341 -0.228309,
        -1.155627 -1.370458 -0.228309,
        -1.137795 -1.368110 -0.228309,
        -1.119963 -1.370458 -0.228309,
        -1.103346 -1.377341 -0.228309,
        -1.089077 -1.388290 -0.228309,
        -1.078128 -1.402559 -0.228309,
        -1.071245 -1.419176 -0.228309,
        -1.068898 -1.437008 -0.228309,
        -1.071245 -1.454840 -0.228309,
        -1.078128 -1.471457 -0.228309,
        -1.089077 -1.485726 -0.228309,
        -1.103346 -1.496675 -0.228309,
        -1.119963 -1.503558 -0.228309,
        -1.137795 -1.505906 -0.228309,
        -1.155627 -1.503558 -0.228309,
        -1.172244 -1.496675 -0.228309,
        -1.186513 -1.485726 -0.228309,
        -1.197462 -1.471457 -0.228309,
        -1.204345 -1.454840 -0.228309,
        -1.206693 -1.437008 -0.228309,
        -1.216159 -1.416010 -0.218924,
        -1.208055 -1.396444 -0.218924,
        -1.195162 -1.379641 -0.218924,
        -1.178359 -1.366749 -0.218924,
        -1.158793 -1.358644 -0.218924,
        -1.137795 -1.355880 -0.218924,
        -1.116798 -1.358644 -0.218924,
        -1.097231 -1.366749 -0.218924,
        -1.080429 -1.379641 -0.218924,
        -1.067536 -1.396444 -0.218924,
        -1.059431 -1.416010 -0.218924,
        -1.056667 -1.437008 -0.218924,
        -1.059431 -1.458006 -0.218924,
        -1.067536 -1.477572 -0.218924,
        -1.080429 -1.494374 -0.218924,
        -1.097231 -1.507267 -0.218924,
        -1.116798 -1.515372 -0.218924,
        -1.137795 -1.518136 -0.218924,
        -1.158793 -1.515372 -0.218924,
        -1.178359 -1.507267 -0.218924,
        -1.195162 -1.494374 -0.218924,
        -1.208055 -1.477572 -0.218924,
        -1.216159 -1.458006 -0.218924,
        -1.218924 -1.437008 -0.218924,
        -1.225224 -1.413581 -0.206693,
        -1.216182 -1.391751 -0.206693,
        -1.201798 -1.373005 -0.206693,
        -1.183052 -1.358621 -0.206693,
        -1.161222 -1.349579 -0.206693,
        -1.137795 -1.346494 -0.206693,
        -1.114369 -1.349579 -0.206693,
        -1.092539 -1.358621 -0.206693,
        -1.073793 -1.373005 -0.206693,
        -1.059408 -1.391751 -0.206693,
        -1.050366 -1.413581 -0.206693,
        -1.047282 -1.437008 -0.206693,
        -1.050366 -1.460434 -0.206693,
        -1.059408 -1.482265 -0.206693,
        -1.073793 -1.501011 -0.206693,
        -1.092539 -1.515395 -0.206693,
        -1.114369 -1.524437 -0.206693,
        -1.137795 -1.527521 -0.206693,
        -1.161222 -1.524437 -0.206693,
        -1.183052 -1.515395 -0.206693,
        -1.201798 -1.501011 -0.206693,
        -1.216182 -1.482265 -0.206693,
        -1.225224 -1.460434 -0.206693,
        -1.228309 -1.437008 -0.206693,
        -1.230923 -1.412054 -0.192450,
        -1.221291 -1.388802 -0.192450,
        -1.205970 -1.368833 -0.192450,
        -1.186002 -1.353512 -0.192450,
        -1.162749 -1.343880 -0.192450,
        -1.137795 -1.340595 -0.192450,
        -1.112842 -1.343880 -0.192450,
        -1.089589 -1.353512 -0.192450,
        -1.069621 -1.368833 -0.192450,
        -1.054299 -1.388802 -0.192450,
        -1.044667 -1.412054 -0.192450,
        -1.041382 -1.437008 -0.192450,
        -1.044667 -1.461961 -0.192450,
        -1.054299 -1.485214 -0.192450,
        -1.069621 -1.505182 -0.192450,
        -1.089589 -1.520504 -0.192450,
        -1.112842 -1.530135 -0.192450,
        -1.137795 -1.533421 -0.192450,
        -1.162749 -1.530135 -0.192450,
        -1.186002 -1.520504 -0.192450,
        -1.205970 -1.505182 -0.192450,
        -1.221291 -1.485214 -0.192450,
        -1.230923 -1.461961 -0.192450,
        -1.234208 -1.437008 -0.192450,
        1.085003 -1.422862 -0.234208,
        1.090463 -1.409681 -0.234208,
        1.099148 -1.398361 -0.234208,
        1.110468 -1.389676 -0.234208,
        1.123650 -1.384215 -0.234208,
        1.137795 -1.382353 -0.234208,
        1.151941 -1.384215 -0.234208,
        1.165122 -1.389676 -0.234208,
        1.176442 -1.398361 -0.234208,
        1.185128 -1.409681 -0.234208,
        1.190588 -1.422862 -0.234208,
        1.192450 -1.437008 -0.234208,
        1.190588 -1.451154 -0.234208,
        1.185128 -1.464335 -0.234208,
        1.176442 -1.475655 -0.234208,
        1.165122 -1.484340 -0.234208,
        1.151941 -1.489800 -0.234208,
        1.137795 -1.491663 -0.234208,
        1.123650 -1.489800 -0.234208,
        1.110468 -1.484340 -0.234208,
        1.099148 -1.475655 -0.234208,
        1.090463 -1.464335 -0.234208,
        1.085003 -1.451154 -0.234208,
        1.083141 -1.437008 -0.234208,
        1.071245 -1.419176 -0.228309,
        1.078128 -1.402559 -0.228309,
        1.089077 -1.388290 -0.228309,
        1.103346 -1.377341 -0.228309,
        1.119963 -1.370458 -0.228309,
        1.137795 -1.368110 -0.228309,
        1.155627 -1.370458 -0.228309,
        1.172244 -1.377341 -0.228309,
        1.186513 -1.388290 -0.228309,
        1.197462 -1.402559 -0.228309,
        1.204345 -1.419176 -0.228309,
        1.206693 -1.437008 -0.228309,
        1.204345 -1.454840 -0.228309,
        1.197462 -1.471457 -0.228309,
        1.186513 -1.485726 -0.228309,
        1.172244 -1.496675 -0.228309,
        1.155627 -1.503558 -0.228309,
        1.137795 -1.505906 -0.228309,
        1.119963 -1.503558 -0.228309,
        1.103346 -1.496675 -0.228309,
        1.089077 -1.485726 -0.228309,
        1.078128 -1.471457 -0.228309,
        1.071245 -1.454840 -0.228309,
        1.068898 -1.437008 -0.228309,
        1.059431 -1.416010 -0.218924,
        1.067536 -1.396444 -0.218924,
        1.080429 -1.379641 -0.218924,
        1.097231 -1.366749 -0.218924,
        1.116798 -1.358644 -0.218924,
        1.137795 -1.355880 -0.218924,
        1.158793 -1.358644 -0.218924,
        1.178359 -1.366749 -0.218924,
        1.195162 -1.379641 -0.218924,
        1.208055 -1.396444 -0.218924,
        1.216159 -1.416010 -0.218924,
        1.218924 -1.437008 -0.218924,
        1.216159 -1.458006 -0.218924,
        1.208055 -1.477572 -0.218924,
        1.195162 -1.494374 -0.218924,
        1.178359 -1.507267 -0.218924,
        1.158793 -1.515372 -0.218924,
        1.137795 -1.518136 -0.218924,
        1.116798 -1.515372 -0.218924,
        1.097231 -1.507267 -0.218924,
        1.080429 -1.494374 -0.218924,
        1.067536 -1.477572 -0.218924,
        1.059431 -1.458006 -0.218924,
        1.056667 -1.437008 -0.218924,
        1.050366 -1.413581 -0.206693,
        1.059408 -1.391751 -0.206693,
        1.073793 -1.373005 -0.206693,
        1.092539 -1.358621 -0.206693,
        1.114369 -1.349579 -0.206693,
        1.137795 -1.346494 -0.206693,
        1.161222 -1.349579 -0.206693,
        1.183052 -1.358621 -0.206693,
        1.201798 -1.373005 -0.206693,
        1.216182 -1.391751 -0.206693,
        1.225224 -1.413581 -0.206693,
        1.228309 -1.437008 -0.206693,
        1.225224 -1.460434 -0.206693,
        1.216182 -1.482265 -0.206693,
        1.201798 -1.501011 -0.206693,
        1.183052 -1.515395 -0.206693,
        1.161222 -1.524437 -0.206693,
        1.137795 -1.527521 -0.206693,
        1.114369 -1.524437 -0.206693,
        1.092539 -1.515395 -0.206693,
        1.073793 -1.501011 -0.206693,
        1.059408 -1.482265 -0.206693,
        1.050366 -1.460434 -0.206693,
        1.047282 -1.437008 -0.206693,
        1.044667 -1.412054 -0.192450,
        1.054299 -1.388802 -0.192450,
        1.069621 -1.368833 -0.192450,
        1.089589 -1.353512 -0.192450,
        1.112842 -1.343880 -0.192450,
        1.137795 -1.340595 -0.192450,
        1.162749 -1.343880 -0.192450,
        1.186002 -1.353512 -0.192450,
        1.205970 -1.368833 -0.192450,
        1.221291 -1.388802 -0.192450,
        1.230923 -1.412054 -0.192450,
        1.234208 -1.437008 -0.192450,
        1.230923 -1.461961 -0.192450,
        1.221291 -1.485214 -0.192450,
        1.205970 -1.505182 -0.192450,
        1.186002 -1.520504 -0.192450,
        1.162749 -1.530135 -0.192450,
        1.137795 -1.533421 -0.192450,
        1.112842 -1.530135 -0.192450,
        1.089589 -1.520504 -0.192450,
        1.069621 -1.505182 -0.192450,
        1.054299 -1.485214 -0.192450,
        1.044667 -1.461961 -0.192450,
        1.041382 -1.437008 -0.192450,
      ]
    }
    coordIndex [
      47, 43, 158, -1,
      226, 181, 182, -1,
      187, 227, 185, -1,
      185, 227, 226, -1,
      182, 183, 226, -1,
      226, 183, 184, -1,
      226, 184, 185, -1,
      47, 155, 164, -1,
      166, 171, 49, -1,
      158, 157, 47, -1,
      47, 157, 156, -1,
      47, 156, 155, -1,
      168, 167, 49, -1,
      49, 167, 173, -1,
      49, 173, 226, -1,
      226, 173, 180, -1,
      226, 180, 181, -1,
      164, 163, 47, -1,
      47, 163, 162, -1,
      47, 162, 161, -1,
      161, 160, 47, -1,
      47, 160, 159, -1,
      47, 159, 49, -1,
      49, 159, 165, -1,
      49, 165, 166, -1,
      171, 170, 49, -1,
      49, 170, 169, -1,
      49, 169, 168, -1,
      122, 119, 53, -1,
      53, 119, 118, -1,
      118, 117, 53, -1,
      53, 117, 116, -1,
      53, 116, 45, -1,
      135, 136, 228, -1,
      228, 136, 137, -1,
      228, 137, 138, -1,
      127, 132, 51, -1,
      51, 132, 131, -1,
      51, 131, 130, -1,
      120, 125, 53, -1,
      138, 139, 228, -1,
      228, 139, 133, -1,
      228, 133, 51, -1,
      51, 133, 128, -1,
      51, 128, 127, -1,
      130, 129, 51, -1,
      51, 129, 126, -1,
      51, 126, 53, -1,
      53, 126, 121, -1,
      53, 121, 120, -1,
      125, 124, 53, -1,
      53, 124, 123, -1,
      53, 123, 122, -1,
      135, 228, 134, -1,
      134, 228, 229, -1,
      134, 229, 140, -1,
      212, 211, 230, -1,
      231, 54, 230, -1,
      230, 54, 213, -1,
      230, 213, 225, -1,
      225, 224, 230, -1,
      230, 224, 223, -1,
      230, 223, 212, -1,
      212, 223, 222, -1,
      212, 222, 221, -1,
      221, 220, 212, -1,
      212, 220, 219, -1,
      212, 219, 218, -1,
      218, 217, 212, -1,
      212, 217, 216, -1,
      212, 216, 214, -1,
      214, 216, 215, -1,
      230, 211, 232, -1,
      230, 232, 233, -1,
      233, 232, 234, -1,
      233, 234, 235, -1,
      235, 234, 236, -1,
      235, 236, 237, -1,
      237, 236, 238, -1,
      237, 238, 239, -1,
      239, 238, 240, -1,
      239, 240, 241, -1,
      241, 240, 242, -1,
      241, 242, 243, -1,
      243, 242, 210, -1,
      243, 210, 244, -1,
      210, 209, 244, -1,
      244, 209, 245, -1,
      245, 209, 246, -1,
      245, 246, 247, -1,
      247, 246, 248, -1,
      247, 248, 249, -1,
      249, 248, 250, -1,
      249, 250, 251, -1,
      251, 250, 252, -1,
      251, 252, 253, -1,
      253, 252, 254, -1,
      253, 254, 255, -1,
      255, 254, 256, -1,
      255, 256, 257, -1,
      257, 256, 208, -1,
      257, 208, 258, -1,
      41, 259, 172, -1,
      172, 259, 258, -1,
      172, 258, 174, -1,
      174, 258, 175, -1,
      208, 186, 258, -1,
      258, 186, 179, -1,
      258, 179, 178, -1,
      208, 193, 186, -1,
      186, 193, 192, -1,
      186, 192, 191, -1,
      178, 177, 258, -1,
      258, 177, 176, -1,
      258, 176, 175, -1,
      190, 189, 191, -1,
      191, 189, 188, -1,
      191, 188, 186, -1,
      260, 261, 262, -1,
      263, 264, 265, -1,
      265, 264, 266, -1,
      267, 268, 269, -1,
      269, 268, 270, -1,
      269, 270, 271, -1,
      271, 270, 272, -1,
      273, 274, 275, -1,
      275, 274, 276, -1,
      277, 278, 266, -1,
      266, 278, 279, -1,
      266, 279, 265, -1,
      277, 280, 278, -1,
      278, 280, 281, -1,
      278, 281, 282, -1,
      282, 281, 283, -1,
      282, 283, 284, -1,
      285, 286, 276, -1,
      276, 286, 287, -1,
      276, 287, 275, -1,
      285, 288, 286, -1,
      286, 288, 289, -1,
      286, 289, 270, -1,
      270, 289, 290, -1,
      270, 290, 272, -1,
      263, 291, 264, -1,
      264, 291, 292, -1,
      264, 292, 293, -1,
      293, 292, 262, -1,
      293, 262, 294, -1,
      294, 262, 261, -1,
      1, 295, 296, -1,
      296, 295, 297, -1,
      296, 297, 298, -1,
      298, 297, 299, -1,
      298, 299, 262, -1,
      262, 299, 300, -1,
      262, 300, 260, -1,
      1, 2, 295, -1,
      295, 2, 3, -1,
      295, 3, 4, -1,
      301, 302, 303, -1,
      303, 302, 304, -1,
      303, 304, 305, -1,
      306, 307, 308, -1,
      308, 307, 309, -1,
      308, 309, 304, -1,
      304, 309, 310, -1,
      304, 310, 305, -1,
      273, 311, 274, -1,
      274, 311, 312, -1,
      274, 312, 313, -1,
      313, 312, 302, -1,
      313, 302, 314, -1,
      314, 302, 301, -1,
      315, 316, 317, -1,
      317, 316, 282, -1,
      317, 282, 318, -1,
      318, 282, 284, -1,
      4, 5, 295, -1,
      295, 5, 6, -1,
      295, 6, 267, -1,
      267, 6, 7, -1,
      267, 7, 8, -1,
      306, 319, 307, -1,
      307, 319, 320, -1,
      307, 320, 321, -1,
      8, 9, 267, -1,
      267, 9, 10, -1,
      267, 10, 268, -1,
      321, 322, 307, -1,
      307, 322, 323, -1,
      307, 323, 315, -1,
      315, 323, 324, -1,
      315, 324, 325, -1,
      325, 326, 315, -1,
      315, 326, 327, -1,
      315, 327, 316, -1,
      56, 328, 57, -1,
      57, 328, 329, -1,
      329, 328, 330, -1,
      330, 328, 331, -1,
      330, 331, 332, -1,
      332, 331, 333, -1,
      332, 333, 334, -1,
      334, 333, 335, -1,
      334, 335, 336, -1,
      336, 335, 337, -1,
      336, 337, 338, -1,
      338, 337, 339, -1,
      338, 339, 340, -1,
      340, 339, 341, -1,
      340, 341, 342, -1,
      342, 341, 343, -1,
      342, 343, 344, -1,
      344, 343, 345, -1,
      344, 345, 346, -1,
      346, 345, 347, -1,
      346, 347, 348, -1,
      347, 349, 348, -1,
      348, 349, 276, -1,
      348, 276, 274, -1,
      86, 85, 350, -1,
      84, 83, 351, -1,
      267, 269, 352, -1,
      352, 269, 353, -1,
      352, 353, 354, -1,
      276, 349, 285, -1,
      285, 349, 355, -1,
      354, 353, 356, -1,
      356, 353, 357, -1,
      356, 357, 358, -1,
      349, 347, 355, -1,
      355, 347, 345, -1,
      355, 345, 359, -1,
      358, 357, 360, -1,
      360, 357, 361, -1,
      360, 361, 362, -1,
      345, 343, 359, -1,
      359, 343, 341, -1,
      359, 341, 363, -1,
      362, 361, 364, -1,
      364, 361, 365, -1,
      364, 365, 366, -1,
      341, 339, 363, -1,
      363, 339, 337, -1,
      363, 337, 367, -1,
      366, 365, 368, -1,
      368, 365, 369, -1,
      368, 369, 370, -1,
      269, 271, 353, -1,
      353, 271, 371, -1,
      353, 371, 357, -1,
      357, 371, 372, -1,
      357, 372, 361, -1,
      361, 372, 373, -1,
      361, 373, 365, -1,
      365, 373, 374, -1,
      365, 374, 369, -1,
      369, 374, 375, -1,
      288, 285, 376, -1,
      376, 285, 355, -1,
      376, 355, 377, -1,
      377, 355, 359, -1,
      377, 359, 378, -1,
      378, 359, 363, -1,
      378, 363, 379, -1,
      379, 363, 367, -1,
      379, 367, 380, -1,
      380, 367, 381, -1,
      370, 369, 382, -1,
      382, 369, 77, -1,
      382, 77, 58, -1,
      82, 81, 383, -1,
      383, 81, 375, -1,
      383, 375, 384, -1,
      384, 375, 374, -1,
      384, 374, 385, -1,
      385, 374, 373, -1,
      385, 373, 386, -1,
      386, 373, 372, -1,
      386, 372, 387, -1,
      387, 372, 371, -1,
      387, 371, 272, -1,
      272, 371, 271, -1,
      81, 80, 375, -1,
      375, 80, 79, -1,
      375, 79, 369, -1,
      369, 79, 78, -1,
      369, 78, 77, -1,
      272, 290, 387, -1,
      387, 290, 388, -1,
      387, 388, 386, -1,
      386, 388, 389, -1,
      386, 389, 385, -1,
      385, 389, 390, -1,
      385, 390, 384, -1,
      384, 390, 391, -1,
      384, 391, 383, -1,
      383, 391, 351, -1,
      383, 351, 82, -1,
      82, 351, 83, -1,
      85, 84, 350, -1,
      350, 84, 351, -1,
      350, 351, 392, -1,
      392, 351, 391, -1,
      392, 391, 393, -1,
      393, 391, 390, -1,
      393, 390, 394, -1,
      394, 390, 389, -1,
      394, 389, 395, -1,
      395, 389, 388, -1,
      395, 388, 289, -1,
      289, 388, 290, -1,
      87, 86, 380, -1,
      380, 86, 350, -1,
      380, 350, 379, -1,
      379, 350, 392, -1,
      379, 392, 378, -1,
      378, 392, 393, -1,
      378, 393, 377, -1,
      377, 393, 394, -1,
      377, 394, 376, -1,
      376, 394, 395, -1,
      376, 395, 288, -1,
      288, 395, 289, -1,
      337, 335, 367, -1,
      367, 335, 333, -1,
      367, 333, 381, -1,
      381, 333, 331, -1,
      381, 331, 328, -1,
      87, 380, 88, -1,
      88, 380, 381, -1,
      88, 381, 89, -1,
      89, 381, 328, -1,
      89, 328, 56, -1,
      67, 68, 396, -1,
      69, 70, 397, -1,
      274, 313, 348, -1,
      348, 313, 398, -1,
      348, 398, 346, -1,
      307, 399, 309, -1,
      309, 399, 400, -1,
      346, 398, 344, -1,
      344, 398, 401, -1,
      344, 401, 342, -1,
      399, 402, 400, -1,
      400, 402, 403, -1,
      400, 403, 404, -1,
      342, 401, 340, -1,
      340, 401, 405, -1,
      340, 405, 338, -1,
      403, 406, 404, -1,
      404, 406, 407, -1,
      404, 407, 408, -1,
      338, 405, 336, -1,
      336, 405, 409, -1,
      336, 409, 334, -1,
      407, 410, 408, -1,
      408, 410, 411, -1,
      408, 411, 412, -1,
      334, 409, 332, -1,
      332, 409, 413, -1,
      332, 413, 330, -1,
      313, 314, 398, -1,
      398, 314, 414, -1,
      398, 414, 401, -1,
      401, 414, 415, -1,
      401, 415, 405, -1,
      405, 415, 416, -1,
      405, 416, 409, -1,
      409, 416, 417, -1,
      409, 417, 413, -1,
      413, 417, 418, -1,
      310, 309, 419, -1,
      419, 309, 400, -1,
      419, 400, 420, -1,
      420, 400, 404, -1,
      420, 404, 421, -1,
      421, 404, 408, -1,
      421, 408, 422, -1,
      422, 408, 412, -1,
      422, 412, 423, -1,
      423, 412, 424, -1,
      330, 413, 329, -1,
      329, 413, 76, -1,
      329, 76, 57, -1,
      71, 72, 425, -1,
      425, 72, 418, -1,
      425, 418, 426, -1,
      426, 418, 417, -1,
      426, 417, 427, -1,
      427, 417, 416, -1,
      427, 416, 428, -1,
      428, 416, 415, -1,
      428, 415, 429, -1,
      429, 415, 414, -1,
      429, 414, 301, -1,
      301, 414, 314, -1,
      72, 73, 418, -1,
      418, 73, 74, -1,
      418, 74, 413, -1,
      413, 74, 75, -1,
      413, 75, 76, -1,
      301, 303, 429, -1,
      429, 303, 430, -1,
      429, 430, 428, -1,
      428, 430, 431, -1,
      428, 431, 427, -1,
      427, 431, 432, -1,
      427, 432, 426, -1,
      426, 432, 433, -1,
      426, 433, 425, -1,
      425, 433, 397, -1,
      425, 397, 71, -1,
      71, 397, 70, -1,
      68, 69, 396, -1,
      396, 69, 397, -1,
      396, 397, 434, -1,
      434, 397, 433, -1,
      434, 433, 435, -1,
      435, 433, 432, -1,
      435, 432, 436, -1,
      436, 432, 431, -1,
      436, 431, 437, -1,
      437, 431, 430, -1,
      437, 430, 305, -1,
      305, 430, 303, -1,
      66, 67, 423, -1,
      423, 67, 396, -1,
      423, 396, 422, -1,
      422, 396, 434, -1,
      422, 434, 421, -1,
      421, 434, 435, -1,
      421, 435, 420, -1,
      420, 435, 436, -1,
      420, 436, 419, -1,
      419, 436, 437, -1,
      419, 437, 310, -1,
      310, 437, 305, -1,
      411, 438, 412, -1,
      412, 438, 439, -1,
      412, 439, 424, -1,
      424, 439, 440, -1,
      424, 440, 441, -1,
      66, 423, 65, -1,
      65, 423, 424, -1,
      65, 424, 64, -1,
      64, 424, 441, -1,
      64, 441, 63, -1,
      59, 442, 58, -1,
      58, 442, 382, -1,
      382, 442, 370, -1,
      370, 442, 443, -1,
      370, 443, 368, -1,
      368, 443, 444, -1,
      368, 444, 366, -1,
      366, 444, 445, -1,
      366, 445, 364, -1,
      364, 445, 446, -1,
      364, 446, 362, -1,
      362, 446, 447, -1,
      362, 447, 360, -1,
      360, 447, 448, -1,
      360, 448, 358, -1,
      358, 448, 449, -1,
      358, 449, 356, -1,
      356, 449, 450, -1,
      356, 450, 354, -1,
      354, 450, 451, -1,
      354, 451, 352, -1,
      451, 452, 352, -1,
      352, 452, 295, -1,
      352, 295, 267, -1,
      63, 441, 62, -1,
      62, 441, 453, -1,
      453, 441, 454, -1,
      454, 441, 440, -1,
      454, 440, 455, -1,
      455, 440, 439, -1,
      455, 439, 456, -1,
      456, 439, 438, -1,
      456, 438, 457, -1,
      457, 438, 411, -1,
      457, 411, 458, -1,
      458, 411, 410, -1,
      458, 410, 459, -1,
      459, 410, 407, -1,
      459, 407, 460, -1,
      460, 407, 406, -1,
      460, 406, 461, -1,
      461, 406, 403, -1,
      461, 403, 462, -1,
      462, 403, 402, -1,
      462, 402, 463, -1,
      402, 399, 463, -1,
      463, 399, 307, -1,
      463, 307, 315, -1,
      99, 98, 464, -1,
      97, 96, 465, -1,
      264, 293, 466, -1,
      466, 293, 467, -1,
      466, 467, 468, -1,
      295, 452, 297, -1,
      297, 452, 469, -1,
      468, 467, 470, -1,
      470, 467, 471, -1,
      470, 471, 472, -1,
      452, 451, 469, -1,
      469, 451, 450, -1,
      469, 450, 473, -1,
      472, 471, 474, -1,
      474, 471, 475, -1,
      474, 475, 476, -1,
      450, 449, 473, -1,
      473, 449, 448, -1,
      473, 448, 477, -1,
      476, 475, 478, -1,
      478, 475, 479, -1,
      478, 479, 480, -1,
      448, 447, 477, -1,
      477, 447, 446, -1,
      477, 446, 481, -1,
      480, 479, 482, -1,
      482, 479, 483, -1,
      482, 483, 484, -1,
      293, 294, 467, -1,
      467, 294, 485, -1,
      467, 485, 471, -1,
      471, 485, 486, -1,
      471, 486, 475, -1,
      475, 486, 487, -1,
      475, 487, 479, -1,
      479, 487, 488, -1,
      479, 488, 483, -1,
      483, 488, 489, -1,
      299, 297, 490, -1,
      490, 297, 469, -1,
      490, 469, 491, -1,
      491, 469, 473, -1,
      491, 473, 492, -1,
      492, 473, 477, -1,
      492, 477, 493, -1,
      493, 477, 481, -1,
      493, 481, 494, -1,
      494, 481, 495, -1,
      484, 483, 496, -1,
      496, 483, 90, -1,
      496, 90, 61, -1,
      95, 94, 497, -1,
      497, 94, 489, -1,
      497, 489, 498, -1,
      498, 489, 488, -1,
      498, 488, 499, -1,
      499, 488, 487, -1,
      499, 487, 500, -1,
      500, 487, 486, -1,
      500, 486, 501, -1,
      501, 486, 485, -1,
      501, 485, 261, -1,
      261, 485, 294, -1,
      94, 93, 489, -1,
      489, 93, 92, -1,
      489, 92, 483, -1,
      483, 92, 91, -1,
      483, 91, 90, -1,
      261, 260, 501, -1,
      501, 260, 502, -1,
      501, 502, 500, -1,
      500, 502, 503, -1,
      500, 503, 499, -1,
      499, 503, 504, -1,
      499, 504, 498, -1,
      498, 504, 505, -1,
      498, 505, 497, -1,
      497, 505, 465, -1,
      497, 465, 95, -1,
      95, 465, 96, -1,
      98, 97, 464, -1,
      464, 97, 465, -1,
      464, 465, 506, -1,
      506, 465, 505, -1,
      506, 505, 507, -1,
      507, 505, 504, -1,
      507, 504, 508, -1,
      508, 504, 503, -1,
      508, 503, 509, -1,
      509, 503, 502, -1,
      509, 502, 300, -1,
      300, 502, 260, -1,
      100, 99, 494, -1,
      494, 99, 464, -1,
      494, 464, 493, -1,
      493, 464, 506, -1,
      493, 506, 492, -1,
      492, 506, 507, -1,
      492, 507, 491, -1,
      491, 507, 508, -1,
      491, 508, 490, -1,
      490, 508, 509, -1,
      490, 509, 299, -1,
      299, 509, 300, -1,
      446, 445, 481, -1,
      481, 445, 444, -1,
      481, 444, 495, -1,
      495, 444, 443, -1,
      495, 443, 442, -1,
      100, 494, 101, -1,
      101, 494, 495, -1,
      101, 495, 102, -1,
      102, 495, 442, -1,
      102, 442, 59, -1,
      112, 111, 510, -1,
      110, 109, 511, -1,
      315, 317, 463, -1,
      463, 317, 512, -1,
      463, 512, 462, -1,
      266, 513, 277, -1,
      277, 513, 514, -1,
      462, 512, 461, -1,
      461, 512, 515, -1,
      461, 515, 460, -1,
      513, 516, 514, -1,
      514, 516, 517, -1,
      514, 517, 518, -1,
      460, 515, 459, -1,
      459, 515, 519, -1,
      459, 519, 458, -1,
      517, 520, 518, -1,
      518, 520, 521, -1,
      518, 521, 522, -1,
      458, 519, 457, -1,
      457, 519, 523, -1,
      457, 523, 456, -1,
      521, 524, 522, -1,
      522, 524, 525, -1,
      522, 525, 526, -1,
      456, 523, 455, -1,
      455, 523, 527, -1,
      455, 527, 454, -1,
      317, 318, 512, -1,
      512, 318, 528, -1,
      512, 528, 515, -1,
      515, 528, 529, -1,
      515, 529, 519, -1,
      519, 529, 530, -1,
      519, 530, 523, -1,
      523, 530, 531, -1,
      523, 531, 527, -1,
      527, 531, 532, -1,
      280, 277, 533, -1,
      533, 277, 514, -1,
      533, 514, 534, -1,
      534, 514, 518, -1,
      534, 518, 535, -1,
      535, 518, 522, -1,
      535, 522, 536, -1,
      536, 522, 526, -1,
      536, 526, 537, -1,
      537, 526, 538, -1,
      454, 527, 453, -1,
      453, 527, 103, -1,
      453, 103, 62, -1,
      108, 107, 539, -1,
      539, 107, 532, -1,
      539, 532, 540, -1,
      540, 532, 531, -1,
      540, 531, 541, -1,
      541, 531, 530, -1,
      541, 530, 542, -1,
      542, 530, 529, -1,
      542, 529, 543, -1,
      543, 529, 528, -1,
      543, 528, 284, -1,
      284, 528, 318, -1,
      107, 106, 532, -1,
      532, 106, 105, -1,
      532, 105, 527, -1,
      527, 105, 104, -1,
      527, 104, 103, -1,
      284, 283, 543, -1,
      543, 283, 544, -1,
      543, 544, 542, -1,
      542, 544, 545, -1,
      542, 545, 541, -1,
      541, 545, 546, -1,
      541, 546, 540, -1,
      540, 546, 547, -1,
      540, 547, 539, -1,
      539, 547, 511, -1,
      539, 511, 108, -1,
      108, 511, 109, -1,
      111, 110, 510, -1,
      510, 110, 511, -1,
      510, 511, 548, -1,
      548, 511, 547, -1,
      548, 547, 549, -1,
      549, 547, 546, -1,
      549, 546, 550, -1,
      550, 546, 545, -1,
      550, 545, 551, -1,
      551, 545, 544, -1,
      551, 544, 281, -1,
      281, 544, 283, -1,
      113, 112, 537, -1,
      537, 112, 510, -1,
      537, 510, 536, -1,
      536, 510, 548, -1,
      536, 548, 535, -1,
      535, 548, 549, -1,
      535, 549, 534, -1,
      534, 549, 550, -1,
      534, 550, 533, -1,
      533, 550, 551, -1,
      533, 551, 280, -1,
      280, 551, 281, -1,
      525, 552, 526, -1,
      526, 552, 553, -1,
      526, 553, 538, -1,
      538, 553, 554, -1,
      538, 554, 555, -1,
      113, 537, 114, -1,
      114, 537, 538, -1,
      114, 538, 115, -1,
      115, 538, 555, -1,
      115, 555, 60, -1,
      60, 555, 61, -1,
      61, 555, 496, -1,
      496, 555, 484, -1,
      484, 555, 554, -1,
      484, 554, 482, -1,
      482, 554, 553, -1,
      482, 553, 480, -1,
      480, 553, 552, -1,
      480, 552, 478, -1,
      478, 552, 525, -1,
      478, 525, 476, -1,
      476, 525, 524, -1,
      476, 524, 474, -1,
      474, 524, 521, -1,
      474, 521, 472, -1,
      472, 521, 520, -1,
      472, 520, 470, -1,
      470, 520, 517, -1,
      470, 517, 468, -1,
      468, 517, 516, -1,
      468, 516, 466, -1,
      516, 513, 466, -1,
      466, 513, 266, -1,
      466, 266, 264, -1,
      556, 557, 558, -1,
      306, 557, 319, -1,
      319, 557, 556, -1,
      319, 556, 320, -1,
      320, 556, 559, -1,
      320, 559, 321, -1,
      321, 559, 560, -1,
      321, 560, 322, -1,
      322, 560, 561, -1,
      322, 561, 323, -1,
      323, 561, 562, -1,
      323, 562, 324, -1,
      324, 562, 563, -1,
      324, 563, 325, -1,
      325, 563, 564, -1,
      325, 564, 326, -1,
      326, 564, 565, -1,
      326, 565, 327, -1,
      327, 565, 566, -1,
      567, 568, 569, -1,
      569, 568, 570, -1,
      569, 570, 571, -1,
      571, 570, 566, -1,
      571, 566, 572, -1,
      572, 566, 565, -1,
      572, 565, 567, -1,
      567, 565, 568, -1,
      573, 574, 575, -1,
      575, 574, 568, -1,
      575, 568, 576, -1,
      576, 568, 565, -1,
      576, 565, 577, -1,
      577, 565, 564, -1,
      577, 564, 573, -1,
      573, 564, 574, -1,
      578, 579, 580, -1,
      580, 579, 574, -1,
      580, 574, 581, -1,
      581, 574, 564, -1,
      581, 564, 582, -1,
      582, 564, 563, -1,
      582, 563, 578, -1,
      578, 563, 579, -1,
      583, 584, 585, -1,
      585, 584, 579, -1,
      585, 579, 586, -1,
      586, 579, 563, -1,
      586, 563, 587, -1,
      587, 563, 562, -1,
      587, 562, 583, -1,
      583, 562, 584, -1,
      588, 589, 590, -1,
      590, 589, 584, -1,
      590, 584, 591, -1,
      591, 584, 562, -1,
      591, 562, 592, -1,
      592, 562, 561, -1,
      592, 561, 588, -1,
      588, 561, 589, -1,
      593, 594, 595, -1,
      595, 594, 589, -1,
      595, 589, 596, -1,
      596, 589, 561, -1,
      596, 561, 597, -1,
      597, 561, 560, -1,
      597, 560, 593, -1,
      593, 560, 594, -1,
      598, 599, 600, -1,
      600, 599, 594, -1,
      600, 594, 601, -1,
      601, 594, 560, -1,
      601, 560, 602, -1,
      602, 560, 559, -1,
      602, 559, 598, -1,
      598, 559, 599, -1,
      558, 603, 556, -1,
      556, 603, 604, -1,
      556, 604, 559, -1,
      559, 604, 605, -1,
      559, 605, 599, -1,
      599, 605, 606, -1,
      599, 606, 603, -1,
      603, 606, 607, -1,
      603, 607, 604, -1,
      0, 1, 296, -1,
      0, 296, 608, -1,
      608, 296, 298, -1,
      608, 298, 609, -1,
      609, 298, 262, -1,
      609, 262, 610, -1,
      610, 262, 292, -1,
      610, 292, 611, -1,
      611, 292, 291, -1,
      611, 291, 612, -1,
      612, 291, 263, -1,
      612, 263, 613, -1,
      613, 263, 265, -1,
      613, 265, 614, -1,
      614, 265, 279, -1,
      614, 279, 615, -1,
      615, 279, 278, -1,
      615, 278, 616, -1,
      616, 278, 282, -1,
      616, 282, 617, -1,
      617, 282, 316, -1,
      617, 316, 618, -1,
      618, 316, 327, -1,
      618, 327, 570, -1,
      558, 306, 308, -1,
      558, 308, 619, -1,
      619, 308, 304, -1,
      619, 304, 620, -1,
      620, 304, 302, -1,
      620, 302, 621, -1,
      621, 302, 312, -1,
      621, 312, 622, -1,
      622, 312, 311, -1,
      622, 311, 623, -1,
      623, 311, 273, -1,
      623, 273, 624, -1,
      624, 273, 275, -1,
      624, 275, 625, -1,
      625, 275, 287, -1,
      625, 287, 626, -1,
      626, 287, 286, -1,
      626, 286, 627, -1,
      627, 286, 270, -1,
      627, 270, 628, -1,
      628, 270, 268, -1,
      628, 268, 629, -1,
      629, 268, 10, -1,
      629, 10, 11, -1,
      630, 631, 632, -1,
      632, 631, 633, -1,
      634, 635, 636, -1,
      630, 637, 631, -1,
      631, 637, 638, -1,
      631, 638, 639, -1,
      633, 640, 632, -1,
      632, 640, 641, -1,
      632, 641, 636, -1,
      642, 643, 644, -1,
      639, 645, 631, -1,
      631, 645, 646, -1,
      631, 646, 647, -1,
      635, 648, 636, -1,
      636, 648, 649, -1,
      636, 649, 632, -1,
      650, 631, 651, -1,
      651, 631, 652, -1,
      642, 644, 636, -1,
      636, 644, 653, -1,
      636, 653, 634, -1,
      647, 654, 631, -1,
      631, 654, 655, -1,
      631, 655, 652, -1,
      633, 656, 657, -1,
      656, 658, 659, -1,
      658, 660, 661, -1,
      660, 662, 663, -1,
      662, 664, 665, -1,
      664, 0, 608, -1,
      664, 608, 665, -1,
      665, 608, 609, -1,
      665, 609, 666, -1,
      666, 609, 610, -1,
      666, 610, 667, -1,
      667, 610, 611, -1,
      667, 611, 668, -1,
      668, 611, 612, -1,
      668, 612, 669, -1,
      669, 612, 613, -1,
      669, 613, 670, -1,
      670, 613, 614, -1,
      670, 614, 671, -1,
      671, 614, 615, -1,
      671, 615, 672, -1,
      672, 615, 616, -1,
      672, 616, 673, -1,
      673, 616, 617, -1,
      673, 617, 674, -1,
      674, 617, 618, -1,
      674, 618, 675, -1,
      675, 618, 570, -1,
      675, 570, 676, -1,
      662, 665, 663, -1,
      663, 665, 666, -1,
      663, 666, 677, -1,
      677, 666, 667, -1,
      677, 667, 678, -1,
      678, 667, 668, -1,
      678, 668, 679, -1,
      679, 668, 669, -1,
      679, 669, 680, -1,
      680, 669, 670, -1,
      680, 670, 681, -1,
      681, 670, 671, -1,
      681, 671, 682, -1,
      682, 671, 672, -1,
      682, 672, 683, -1,
      683, 672, 673, -1,
      683, 673, 684, -1,
      684, 673, 674, -1,
      684, 674, 685, -1,
      685, 674, 675, -1,
      685, 675, 686, -1,
      686, 675, 676, -1,
      686, 676, 687, -1,
      660, 663, 661, -1,
      661, 663, 677, -1,
      661, 677, 688, -1,
      688, 677, 678, -1,
      688, 678, 689, -1,
      689, 678, 679, -1,
      689, 679, 690, -1,
      690, 679, 680, -1,
      690, 680, 691, -1,
      691, 680, 681, -1,
      691, 681, 692, -1,
      692, 681, 682, -1,
      692, 682, 693, -1,
      693, 682, 683, -1,
      693, 683, 694, -1,
      694, 683, 684, -1,
      694, 684, 695, -1,
      695, 684, 685, -1,
      695, 685, 696, -1,
      696, 685, 686, -1,
      696, 686, 697, -1,
      697, 686, 687, -1,
      697, 687, 698, -1,
      658, 661, 659, -1,
      659, 661, 688, -1,
      659, 688, 699, -1,
      699, 688, 689, -1,
      699, 689, 700, -1,
      700, 689, 690, -1,
      700, 690, 701, -1,
      701, 690, 691, -1,
      701, 691, 702, -1,
      702, 691, 692, -1,
      702, 692, 703, -1,
      703, 692, 693, -1,
      703, 693, 704, -1,
      704, 693, 694, -1,
      704, 694, 705, -1,
      705, 694, 695, -1,
      705, 695, 706, -1,
      706, 695, 696, -1,
      706, 696, 707, -1,
      707, 696, 697, -1,
      707, 697, 708, -1,
      708, 697, 698, -1,
      708, 698, 709, -1,
      656, 659, 657, -1,
      657, 659, 699, -1,
      657, 699, 710, -1,
      710, 699, 700, -1,
      710, 700, 711, -1,
      711, 700, 701, -1,
      711, 701, 712, -1,
      712, 701, 702, -1,
      712, 702, 713, -1,
      713, 702, 703, -1,
      713, 703, 714, -1,
      714, 703, 704, -1,
      714, 704, 715, -1,
      715, 704, 705, -1,
      715, 705, 716, -1,
      716, 705, 706, -1,
      716, 706, 717, -1,
      717, 706, 707, -1,
      717, 707, 718, -1,
      718, 707, 708, -1,
      718, 708, 719, -1,
      719, 708, 709, -1,
      719, 709, 720, -1,
      633, 657, 640, -1,
      640, 657, 710, -1,
      640, 710, 641, -1,
      641, 710, 711, -1,
      641, 711, 636, -1,
      636, 711, 712, -1,
      636, 712, 642, -1,
      642, 712, 713, -1,
      642, 713, 643, -1,
      643, 713, 714, -1,
      643, 714, 644, -1,
      644, 714, 715, -1,
      644, 715, 653, -1,
      653, 715, 716, -1,
      653, 716, 634, -1,
      634, 716, 717, -1,
      634, 717, 635, -1,
      635, 717, 718, -1,
      635, 718, 648, -1,
      648, 718, 719, -1,
      648, 719, 649, -1,
      649, 719, 720, -1,
      649, 720, 632, -1,
      633, 631, 721, -1,
      633, 721, 656, -1,
      656, 721, 722, -1,
      656, 722, 658, -1,
      658, 722, 723, -1,
      658, 723, 660, -1,
      660, 723, 724, -1,
      660, 724, 662, -1,
      662, 724, 725, -1,
      662, 725, 664, -1,
      664, 725, 11, -1,
      664, 11, 0, -1,
      630, 632, 720, -1,
      630, 720, 726, -1,
      726, 720, 709, -1,
      726, 709, 727, -1,
      727, 709, 698, -1,
      727, 698, 728, -1,
      728, 698, 687, -1,
      728, 687, 729, -1,
      729, 687, 676, -1,
      729, 676, 730, -1,
      730, 676, 570, -1,
      730, 570, 558, -1,
      630, 726, 731, -1,
      726, 727, 732, -1,
      727, 728, 733, -1,
      728, 729, 734, -1,
      729, 730, 735, -1,
      730, 558, 619, -1,
      730, 619, 735, -1,
      735, 619, 620, -1,
      735, 620, 736, -1,
      736, 620, 621, -1,
      736, 621, 737, -1,
      737, 621, 622, -1,
      737, 622, 738, -1,
      738, 622, 623, -1,
      738, 623, 739, -1,
      739, 623, 624, -1,
      739, 624, 740, -1,
      740, 624, 625, -1,
      740, 625, 741, -1,
      741, 625, 626, -1,
      741, 626, 742, -1,
      742, 626, 627, -1,
      742, 627, 743, -1,
      743, 627, 628, -1,
      743, 628, 744, -1,
      744, 628, 629, -1,
      744, 629, 745, -1,
      745, 629, 11, -1,
      745, 11, 725, -1,
      729, 735, 734, -1,
      734, 735, 736, -1,
      734, 736, 746, -1,
      746, 736, 737, -1,
      746, 737, 747, -1,
      747, 737, 738, -1,
      747, 738, 748, -1,
      748, 738, 739, -1,
      748, 739, 749, -1,
      749, 739, 740, -1,
      749, 740, 750, -1,
      750, 740, 741, -1,
      750, 741, 751, -1,
      751, 741, 742, -1,
      751, 742, 752, -1,
      752, 742, 743, -1,
      752, 743, 753, -1,
      753, 743, 744, -1,
      753, 744, 754, -1,
      754, 744, 745, -1,
      754, 745, 755, -1,
      755, 745, 725, -1,
      755, 725, 724, -1,
      728, 734, 733, -1,
      733, 734, 746, -1,
      733, 746, 756, -1,
      756, 746, 747, -1,
      756, 747, 757, -1,
      757, 747, 748, -1,
      757, 748, 758, -1,
      758, 748, 749, -1,
      758, 749, 759, -1,
      759, 749, 750, -1,
      759, 750, 760, -1,
      760, 750, 751, -1,
      760, 751, 761, -1,
      761, 751, 752, -1,
      761, 752, 762, -1,
      762, 752, 753, -1,
      762, 753, 763, -1,
      763, 753, 754, -1,
      763, 754, 764, -1,
      764, 754, 755, -1,
      764, 755, 765, -1,
      765, 755, 724, -1,
      765, 724, 723, -1,
      727, 733, 732, -1,
      732, 733, 756, -1,
      732, 756, 766, -1,
      766, 756, 757, -1,
      766, 757, 767, -1,
      767, 757, 758, -1,
      767, 758, 768, -1,
      768, 758, 759, -1,
      768, 759, 769, -1,
      769, 759, 760, -1,
      769, 760, 770, -1,
      770, 760, 761, -1,
      770, 761, 771, -1,
      771, 761, 762, -1,
      771, 762, 772, -1,
      772, 762, 763, -1,
      772, 763, 773, -1,
      773, 763, 764, -1,
      773, 764, 774, -1,
      774, 764, 765, -1,
      774, 765, 775, -1,
      775, 765, 723, -1,
      775, 723, 722, -1,
      726, 732, 731, -1,
      731, 732, 766, -1,
      731, 766, 776, -1,
      776, 766, 767, -1,
      776, 767, 777, -1,
      777, 767, 768, -1,
      777, 768, 778, -1,
      778, 768, 769, -1,
      778, 769, 779, -1,
      779, 769, 770, -1,
      779, 770, 780, -1,
      780, 770, 771, -1,
      780, 771, 781, -1,
      781, 771, 772, -1,
      781, 772, 782, -1,
      782, 772, 773, -1,
      782, 773, 783, -1,
      783, 773, 774, -1,
      783, 774, 784, -1,
      784, 774, 775, -1,
      784, 775, 785, -1,
      785, 775, 722, -1,
      785, 722, 721, -1,
      630, 731, 637, -1,
      637, 731, 776, -1,
      637, 776, 638, -1,
      638, 776, 777, -1,
      638, 777, 639, -1,
      639, 777, 778, -1,
      639, 778, 645, -1,
      645, 778, 779, -1,
      645, 779, 646, -1,
      646, 779, 780, -1,
      646, 780, 647, -1,
      647, 780, 781, -1,
      647, 781, 654, -1,
      654, 781, 782, -1,
      654, 782, 655, -1,
      655, 782, 783, -1,
      655, 783, 652, -1,
      652, 783, 784, -1,
      652, 784, 651, -1,
      651, 784, 785, -1,
      651, 785, 650, -1,
      650, 785, 721, -1,
      650, 721, 631, -1,
      786, 787, 42, -1,
      42, 787, 44, -1,
      788, 48, 226, -1,
      226, 48, 49, -1,
      789, 46, 788, -1,
      788, 46, 48, -1,
      47, 46, 43, -1,
      43, 46, 789, -1,
      43, 789, 42, -1,
      42, 789, 786, -1,
      787, 790, 44, -1,
      44, 790, 52, -1,
      44, 52, 45, -1,
      45, 52, 53, -1,
      791, 50, 790, -1,
      790, 50, 52, -1,
      228, 51, 791, -1,
      791, 51, 50, -1,
      792, 793, 152, -1,
      152, 151, 792, -1,
      792, 151, 153, -1,
      792, 153, 794, -1,
      153, 150, 794, -1,
      794, 150, 149, -1,
      794, 149, 795, -1,
      795, 149, 148, -1,
      148, 147, 795, -1,
      795, 147, 146, -1,
      795, 146, 796, -1,
      146, 145, 796, -1,
      796, 145, 144, -1,
      796, 144, 797, -1,
      144, 143, 797, -1,
      797, 143, 142, -1,
      797, 142, 798, -1,
      140, 229, 154, -1,
      154, 229, 798, -1,
      154, 798, 141, -1,
      141, 798, 142, -1,
      793, 799, 152, -1,
      152, 799, 40, -1,
      800, 801, 55, -1,
      55, 801, 207, -1,
      802, 227, 187, -1,
      187, 204, 802, -1,
      802, 204, 205, -1,
      802, 205, 803, -1,
      205, 203, 803, -1,
      803, 203, 202, -1,
      803, 202, 804, -1,
      202, 201, 804, -1,
      804, 201, 200, -1,
      804, 200, 805, -1,
      805, 200, 199, -1,
      199, 198, 805, -1,
      805, 198, 197, -1,
      805, 197, 806, -1,
      197, 196, 806, -1,
      806, 196, 195, -1,
      806, 195, 807, -1,
      207, 801, 206, -1,
      206, 801, 807, -1,
      206, 807, 194, -1,
      194, 807, 195, -1,
      229, 228, 791, -1,
      20, 800, 808, -1,
      791, 799, 793, -1,
      808, 809, 20, -1,
      20, 809, 810, -1,
      20, 810, 811, -1,
      811, 812, 20, -1,
      20, 812, 813, -1,
      20, 813, 814, -1,
      229, 791, 798, -1,
      786, 789, 787, -1,
      787, 789, 790, -1,
      815, 816, 29, -1,
      29, 816, 817, -1,
      800, 20, 788, -1,
      788, 20, 19, -1,
      788, 19, 14, -1,
      793, 792, 791, -1,
      791, 792, 794, -1,
      791, 794, 795, -1,
      795, 796, 791, -1,
      791, 796, 797, -1,
      791, 797, 798, -1,
      817, 818, 29, -1,
      29, 818, 819, -1,
      29, 819, 820, -1,
      226, 227, 788, -1,
      788, 227, 802, -1,
      38, 39, 790, -1,
      790, 39, 37, -1,
      790, 37, 36, -1,
      805, 806, 788, -1,
      806, 807, 788, -1,
      788, 807, 801, -1,
      788, 801, 800, -1,
      14, 13, 788, -1,
      788, 13, 24, -1,
      788, 24, 789, -1,
      789, 24, 23, -1,
      36, 22, 790, -1,
      790, 22, 21, -1,
      790, 21, 35, -1,
      802, 803, 788, -1,
      788, 803, 804, -1,
      788, 804, 805, -1,
      23, 18, 789, -1,
      789, 18, 17, -1,
      789, 17, 28, -1,
      28, 27, 789, -1,
      789, 27, 26, -1,
      789, 26, 790, -1,
      790, 26, 25, -1,
      790, 25, 38, -1,
      35, 34, 790, -1,
      790, 34, 16, -1,
      790, 16, 791, -1,
      791, 16, 15, -1,
      791, 15, 32, -1,
      820, 821, 29, -1,
      29, 821, 799, -1,
      29, 799, 30, -1,
      30, 799, 791, -1,
      30, 791, 33, -1,
      33, 791, 32, -1,
      243, 822, 241, -1,
      241, 822, 823, -1,
      241, 823, 239, -1,
      239, 823, 824, -1,
      239, 824, 237, -1,
      253, 255, 259, -1,
      259, 255, 257, -1,
      259, 257, 258, -1,
      230, 233, 231, -1,
      231, 233, 235, -1,
      231, 235, 825, -1,
      825, 235, 237, -1,
      825, 237, 826, -1,
      826, 237, 824, -1,
      259, 827, 253, -1,
      253, 827, 828, -1,
      253, 828, 251, -1,
      251, 828, 829, -1,
      251, 829, 249, -1,
      829, 830, 249, -1,
      249, 830, 831, -1,
      249, 831, 247, -1,
      247, 831, 832, -1,
      247, 832, 245, -1,
      245, 832, 833, -1,
      245, 833, 244, -1,
      244, 833, 834, -1,
      244, 834, 243, -1,
      243, 834, 835, -1,
      243, 835, 822, -1,
      54, 231, 825, -1,
      836, 814, 813, -1,
      835, 834, 836, -1,
      808, 800, 55, -1,
      836, 813, 835, -1,
      835, 813, 812, -1,
      835, 812, 822, -1,
      822, 812, 811, -1,
      822, 811, 823, -1,
      823, 811, 810, -1,
      823, 810, 824, -1,
      824, 810, 809, -1,
      824, 809, 826, -1,
      826, 809, 808, -1,
      826, 808, 825, -1,
      825, 808, 55, -1,
      825, 55, 54, -1,
      837, 838, 834, -1,
      834, 838, 839, -1,
      834, 839, 836, -1,
      836, 839, 840, -1,
      836, 840, 841, -1,
      841, 842, 836, -1,
      836, 842, 843, -1,
      836, 843, 844, -1,
      845, 846, 847, -1,
      848, 833, 849, -1,
      849, 833, 850, -1,
      851, 852, 853, -1,
      854, 855, 833, -1,
      846, 845, 856, -1,
      847, 857, 845, -1,
      845, 857, 858, -1,
      845, 858, 833, -1,
      833, 858, 859, -1,
      833, 859, 854, -1,
      855, 860, 833, -1,
      833, 860, 861, -1,
      833, 861, 862, -1,
      863, 864, 834, -1,
      834, 864, 865, -1,
      834, 865, 837, -1,
      844, 866, 836, -1,
      836, 866, 867, -1,
      836, 867, 853, -1,
      853, 867, 868, -1,
      853, 868, 851, -1,
      869, 870, 850, -1,
      850, 870, 871, -1,
      850, 871, 872, -1,
      872, 871, 873, -1,
      872, 873, 874, -1,
      874, 873, 875, -1,
      874, 875, 852, -1,
      852, 875, 876, -1,
      852, 876, 853, -1,
      853, 877, 836, -1,
      836, 877, 878, -1,
      836, 878, 845, -1,
      845, 878, 879, -1,
      845, 879, 856, -1,
      862, 880, 833, -1,
      833, 880, 881, -1,
      833, 881, 850, -1,
      850, 881, 882, -1,
      850, 882, 869, -1,
      848, 883, 833, -1,
      833, 883, 884, -1,
      833, 884, 834, -1,
      834, 884, 885, -1,
      834, 885, 863, -1,
      40, 799, 821, -1,
      827, 259, 41, -1,
      40, 821, 41, -1,
      816, 815, 845, -1,
      41, 821, 827, -1,
      827, 821, 820, -1,
      827, 820, 828, -1,
      828, 820, 819, -1,
      828, 819, 829, -1,
      829, 819, 818, -1,
      829, 818, 830, -1,
      830, 818, 817, -1,
      830, 817, 831, -1,
      831, 817, 816, -1,
      831, 816, 832, -1,
      832, 816, 845, -1,
      832, 845, 833, -1,
      859, 886, 854, -1,
      854, 886, 887, -1,
      854, 887, 855, -1,
      855, 887, 888, -1,
      855, 888, 860, -1,
      860, 888, 889, -1,
      860, 889, 861, -1,
      861, 889, 890, -1,
      861, 890, 862, -1,
      862, 890, 891, -1,
      862, 891, 880, -1,
      880, 891, 892, -1,
      880, 892, 881, -1,
      881, 892, 893, -1,
      881, 893, 882, -1,
      882, 893, 894, -1,
      882, 894, 869, -1,
      869, 894, 895, -1,
      869, 895, 870, -1,
      870, 895, 896, -1,
      870, 896, 871, -1,
      871, 896, 897, -1,
      871, 897, 873, -1,
      873, 897, 898, -1,
      873, 898, 875, -1,
      875, 898, 899, -1,
      875, 899, 876, -1,
      876, 899, 900, -1,
      876, 900, 853, -1,
      853, 900, 901, -1,
      853, 901, 877, -1,
      877, 901, 902, -1,
      877, 902, 878, -1,
      878, 902, 903, -1,
      878, 903, 879, -1,
      879, 903, 904, -1,
      879, 904, 856, -1,
      856, 904, 905, -1,
      856, 905, 846, -1,
      846, 905, 906, -1,
      846, 906, 847, -1,
      847, 906, 907, -1,
      847, 907, 857, -1,
      857, 907, 908, -1,
      857, 908, 858, -1,
      858, 908, 909, -1,
      858, 909, 859, -1,
      859, 909, 886, -1,
      910, 911, 912, -1,
      912, 911, 913, -1,
      912, 913, 914, -1,
      915, 916, 912, -1,
      912, 916, 917, -1,
      912, 917, 910, -1,
      918, 919, 912, -1,
      912, 919, 920, -1,
      912, 920, 915, -1,
      921, 922, 912, -1,
      912, 922, 923, -1,
      912, 923, 918, -1,
      924, 925, 912, -1,
      912, 925, 926, -1,
      912, 926, 921, -1,
      927, 928, 912, -1,
      912, 928, 929, -1,
      912, 929, 924, -1,
      930, 931, 912, -1,
      912, 931, 932, -1,
      912, 932, 927, -1,
      914, 933, 912, -1,
      912, 933, 934, -1,
      912, 934, 930, -1,
      872, 935, 850, -1,
      850, 935, 936, -1,
      850, 936, 849, -1,
      849, 936, 937, -1,
      849, 937, 848, -1,
      848, 937, 938, -1,
      848, 938, 883, -1,
      883, 938, 939, -1,
      883, 939, 884, -1,
      884, 939, 940, -1,
      884, 940, 885, -1,
      885, 940, 941, -1,
      885, 941, 863, -1,
      863, 941, 942, -1,
      863, 942, 864, -1,
      864, 942, 943, -1,
      864, 943, 865, -1,
      865, 943, 944, -1,
      865, 944, 837, -1,
      837, 944, 945, -1,
      837, 945, 838, -1,
      838, 945, 946, -1,
      838, 946, 839, -1,
      839, 946, 947, -1,
      839, 947, 840, -1,
      840, 947, 948, -1,
      840, 948, 841, -1,
      841, 948, 949, -1,
      841, 949, 842, -1,
      842, 949, 950, -1,
      842, 950, 843, -1,
      843, 950, 951, -1,
      843, 951, 844, -1,
      844, 951, 952, -1,
      844, 952, 866, -1,
      866, 952, 953, -1,
      866, 953, 867, -1,
      867, 953, 954, -1,
      867, 954, 868, -1,
      868, 954, 955, -1,
      868, 955, 851, -1,
      851, 955, 956, -1,
      851, 956, 852, -1,
      852, 956, 957, -1,
      852, 957, 874, -1,
      874, 957, 958, -1,
      874, 958, 872, -1,
      872, 958, 935, -1,
      959, 960, 961, -1,
      961, 960, 962, -1,
      961, 962, 963, -1,
      964, 965, 961, -1,
      961, 965, 966, -1,
      961, 966, 959, -1,
      967, 968, 961, -1,
      961, 968, 969, -1,
      961, 969, 964, -1,
      970, 971, 961, -1,
      961, 971, 972, -1,
      961, 972, 967, -1,
      973, 974, 961, -1,
      961, 974, 975, -1,
      961, 975, 970, -1,
      976, 977, 961, -1,
      961, 977, 978, -1,
      961, 978, 973, -1,
      979, 980, 961, -1,
      961, 980, 981, -1,
      961, 981, 976, -1,
      963, 982, 961, -1,
      961, 982, 983, -1,
      961, 983, 979, -1,
      962, 984, 963, -1,
      963, 984, 985, -1,
      963, 985, 982, -1,
      982, 985, 986, -1,
      982, 986, 983, -1,
      983, 986, 987, -1,
      983, 987, 979, -1,
      979, 987, 988, -1,
      979, 988, 980, -1,
      980, 988, 989, -1,
      980, 989, 981, -1,
      981, 989, 990, -1,
      981, 990, 976, -1,
      976, 990, 991, -1,
      976, 991, 977, -1,
      977, 991, 992, -1,
      977, 992, 978, -1,
      978, 992, 993, -1,
      978, 993, 973, -1,
      973, 993, 994, -1,
      973, 994, 974, -1,
      974, 994, 995, -1,
      974, 995, 975, -1,
      975, 995, 996, -1,
      975, 996, 970, -1,
      970, 996, 997, -1,
      970, 997, 971, -1,
      971, 997, 998, -1,
      971, 998, 972, -1,
      972, 998, 999, -1,
      972, 999, 967, -1,
      967, 999, 1000, -1,
      967, 1000, 968, -1,
      968, 1000, 1001, -1,
      968, 1001, 969, -1,
      969, 1001, 1002, -1,
      969, 1002, 964, -1,
      964, 1002, 1003, -1,
      964, 1003, 965, -1,
      965, 1003, 1004, -1,
      965, 1004, 966, -1,
      966, 1004, 1005, -1,
      966, 1005, 959, -1,
      959, 1005, 1006, -1,
      959, 1006, 960, -1,
      960, 1006, 1007, -1,
      960, 1007, 962, -1,
      962, 1007, 984, -1,
      1007, 1008, 984, -1,
      984, 1008, 1009, -1,
      984, 1009, 985, -1,
      985, 1009, 1010, -1,
      985, 1010, 986, -1,
      986, 1010, 1011, -1,
      986, 1011, 987, -1,
      987, 1011, 1012, -1,
      987, 1012, 988, -1,
      988, 1012, 1013, -1,
      988, 1013, 989, -1,
      989, 1013, 1014, -1,
      989, 1014, 990, -1,
      990, 1014, 1015, -1,
      990, 1015, 991, -1,
      991, 1015, 1016, -1,
      991, 1016, 992, -1,
      992, 1016, 1017, -1,
      992, 1017, 993, -1,
      993, 1017, 1018, -1,
      993, 1018, 994, -1,
      994, 1018, 1019, -1,
      994, 1019, 995, -1,
      995, 1019, 1020, -1,
      995, 1020, 996, -1,
      996, 1020, 1021, -1,
      996, 1021, 997, -1,
      997, 1021, 1022, -1,
      997, 1022, 998, -1,
      998, 1022, 1023, -1,
      998, 1023, 999, -1,
      999, 1023, 1024, -1,
      999, 1024, 1000, -1,
      1000, 1024, 1025, -1,
      1000, 1025, 1001, -1,
      1001, 1025, 1026, -1,
      1001, 1026, 1002, -1,
      1002, 1026, 1027, -1,
      1002, 1027, 1003, -1,
      1003, 1027, 1028, -1,
      1003, 1028, 1004, -1,
      1004, 1028, 1029, -1,
      1004, 1029, 1005, -1,
      1005, 1029, 1030, -1,
      1005, 1030, 1006, -1,
      1006, 1030, 1031, -1,
      1006, 1031, 1007, -1,
      1007, 1031, 1008, -1,
      1031, 1032, 1008, -1,
      1008, 1032, 1033, -1,
      1008, 1033, 1009, -1,
      1009, 1033, 1034, -1,
      1009, 1034, 1010, -1,
      1010, 1034, 1035, -1,
      1010, 1035, 1011, -1,
      1011, 1035, 1036, -1,
      1011, 1036, 1012, -1,
      1012, 1036, 1037, -1,
      1012, 1037, 1013, -1,
      1013, 1037, 1038, -1,
      1013, 1038, 1014, -1,
      1014, 1038, 1039, -1,
      1014, 1039, 1015, -1,
      1015, 1039, 1040, -1,
      1015, 1040, 1016, -1,
      1016, 1040, 1041, -1,
      1016, 1041, 1017, -1,
      1017, 1041, 1042, -1,
      1017, 1042, 1018, -1,
      1018, 1042, 1043, -1,
      1018, 1043, 1019, -1,
      1019, 1043, 1044, -1,
      1019, 1044, 1020, -1,
      1020, 1044, 1045, -1,
      1020, 1045, 1021, -1,
      1021, 1045, 1046, -1,
      1021, 1046, 1022, -1,
      1022, 1046, 1047, -1,
      1022, 1047, 1023, -1,
      1023, 1047, 1048, -1,
      1023, 1048, 1024, -1,
      1024, 1048, 1049, -1,
      1024, 1049, 1025, -1,
      1025, 1049, 1050, -1,
      1025, 1050, 1026, -1,
      1026, 1050, 1051, -1,
      1026, 1051, 1027, -1,
      1027, 1051, 1052, -1,
      1027, 1052, 1028, -1,
      1028, 1052, 1053, -1,
      1028, 1053, 1029, -1,
      1029, 1053, 1054, -1,
      1029, 1054, 1030, -1,
      1030, 1054, 1055, -1,
      1030, 1055, 1031, -1,
      1031, 1055, 1032, -1,
      1055, 1056, 1032, -1,
      1032, 1056, 1057, -1,
      1032, 1057, 1033, -1,
      1033, 1057, 1058, -1,
      1033, 1058, 1034, -1,
      1034, 1058, 1059, -1,
      1034, 1059, 1035, -1,
      1035, 1059, 1060, -1,
      1035, 1060, 1036, -1,
      1036, 1060, 1061, -1,
      1036, 1061, 1037, -1,
      1037, 1061, 1062, -1,
      1037, 1062, 1038, -1,
      1038, 1062, 1063, -1,
      1038, 1063, 1039, -1,
      1039, 1063, 1064, -1,
      1039, 1064, 1040, -1,
      1040, 1064, 1065, -1,
      1040, 1065, 1041, -1,
      1041, 1065, 1066, -1,
      1041, 1066, 1042, -1,
      1042, 1066, 1067, -1,
      1042, 1067, 1043, -1,
      1043, 1067, 1068, -1,
      1043, 1068, 1044, -1,
      1044, 1068, 1069, -1,
      1044, 1069, 1045, -1,
      1045, 1069, 1070, -1,
      1045, 1070, 1046, -1,
      1046, 1070, 1071, -1,
      1046, 1071, 1047, -1,
      1047, 1071, 1072, -1,
      1047, 1072, 1048, -1,
      1048, 1072, 1073, -1,
      1048, 1073, 1049, -1,
      1049, 1073, 1074, -1,
      1049, 1074, 1050, -1,
      1050, 1074, 1075, -1,
      1050, 1075, 1051, -1,
      1051, 1075, 1076, -1,
      1051, 1076, 1052, -1,
      1052, 1076, 1077, -1,
      1052, 1077, 1053, -1,
      1053, 1077, 1078, -1,
      1053, 1078, 1054, -1,
      1054, 1078, 1079, -1,
      1054, 1079, 1055, -1,
      1055, 1079, 1056, -1,
      1079, 1080, 1056, -1,
      1056, 1080, 1081, -1,
      1056, 1081, 1057, -1,
      1057, 1081, 1082, -1,
      1057, 1082, 1058, -1,
      1058, 1082, 1083, -1,
      1058, 1083, 1059, -1,
      1059, 1083, 1084, -1,
      1059, 1084, 1060, -1,
      1060, 1084, 1085, -1,
      1060, 1085, 1061, -1,
      1061, 1085, 1086, -1,
      1061, 1086, 1062, -1,
      1062, 1086, 1087, -1,
      1062, 1087, 1063, -1,
      1063, 1087, 1088, -1,
      1063, 1088, 1064, -1,
      1064, 1088, 1089, -1,
      1064, 1089, 1065, -1,
      1065, 1089, 1090, -1,
      1065, 1090, 1066, -1,
      1066, 1090, 1091, -1,
      1066, 1091, 1067, -1,
      1067, 1091, 1092, -1,
      1067, 1092, 1068, -1,
      1068, 1092, 1093, -1,
      1068, 1093, 1069, -1,
      1069, 1093, 1094, -1,
      1069, 1094, 1070, -1,
      1070, 1094, 1095, -1,
      1070, 1095, 1071, -1,
      1071, 1095, 1096, -1,
      1071, 1096, 1072, -1,
      1072, 1096, 1097, -1,
      1072, 1097, 1073, -1,
      1073, 1097, 1098, -1,
      1073, 1098, 1074, -1,
      1074, 1098, 1099, -1,
      1074, 1099, 1075, -1,
      1075, 1099, 1100, -1,
      1075, 1100, 1076, -1,
      1076, 1100, 1101, -1,
      1076, 1101, 1077, -1,
      1077, 1101, 1102, -1,
      1077, 1102, 1078, -1,
      1078, 1102, 1103, -1,
      1078, 1103, 1079, -1,
      1079, 1103, 1080, -1,
      1103, 945, 1080, -1,
      1080, 945, 944, -1,
      1080, 944, 1081, -1,
      1081, 944, 943, -1,
      1081, 943, 1082, -1,
      1082, 943, 942, -1,
      1082, 942, 1083, -1,
      1083, 942, 941, -1,
      1083, 941, 1084, -1,
      1084, 941, 940, -1,
      1084, 940, 1085, -1,
      1085, 940, 939, -1,
      1085, 939, 1086, -1,
      1086, 939, 938, -1,
      1086, 938, 1087, -1,
      1087, 938, 937, -1,
      1087, 937, 1088, -1,
      1088, 937, 936, -1,
      1088, 936, 1089, -1,
      1089, 936, 935, -1,
      1089, 935, 1090, -1,
      1090, 935, 958, -1,
      1090, 958, 1091, -1,
      1091, 958, 957, -1,
      1091, 957, 1092, -1,
      1092, 957, 956, -1,
      1092, 956, 1093, -1,
      1093, 956, 955, -1,
      1093, 955, 1094, -1,
      1094, 955, 954, -1,
      1094, 954, 1095, -1,
      1095, 954, 953, -1,
      1095, 953, 1096, -1,
      1096, 953, 952, -1,
      1096, 952, 1097, -1,
      1097, 952, 951, -1,
      1097, 951, 1098, -1,
      1098, 951, 950, -1,
      1098, 950, 1099, -1,
      1099, 950, 949, -1,
      1099, 949, 1100, -1,
      1100, 949, 948, -1,
      1100, 948, 1101, -1,
      1101, 948, 947, -1,
      1101, 947, 1102, -1,
      1102, 947, 946, -1,
      1102, 946, 1103, -1,
      1103, 946, 945, -1,
      913, 1104, 914, -1,
      914, 1104, 1105, -1,
      914, 1105, 933, -1,
      933, 1105, 1106, -1,
      933, 1106, 934, -1,
      934, 1106, 1107, -1,
      934, 1107, 930, -1,
      930, 1107, 1108, -1,
      930, 1108, 931, -1,
      931, 1108, 1109, -1,
      931, 1109, 932, -1,
      932, 1109, 1110, -1,
      932, 1110, 927, -1,
      927, 1110, 1111, -1,
      927, 1111, 928, -1,
      928, 1111, 1112, -1,
      928, 1112, 929, -1,
      929, 1112, 1113, -1,
      929, 1113, 924, -1,
      924, 1113, 1114, -1,
      924, 1114, 925, -1,
      925, 1114, 1115, -1,
      925, 1115, 926, -1,
      926, 1115, 1116, -1,
      926, 1116, 921, -1,
      921, 1116, 1117, -1,
      921, 1117, 922, -1,
      922, 1117, 1118, -1,
      922, 1118, 923, -1,
      923, 1118, 1119, -1,
      923, 1119, 918, -1,
      918, 1119, 1120, -1,
      918, 1120, 919, -1,
      919, 1120, 1121, -1,
      919, 1121, 920, -1,
      920, 1121, 1122, -1,
      920, 1122, 915, -1,
      915, 1122, 1123, -1,
      915, 1123, 916, -1,
      916, 1123, 1124, -1,
      916, 1124, 917, -1,
      917, 1124, 1125, -1,
      917, 1125, 910, -1,
      910, 1125, 1126, -1,
      910, 1126, 911, -1,
      911, 1126, 1127, -1,
      911, 1127, 913, -1,
      913, 1127, 1104, -1,
      1127, 1128, 1104, -1,
      1104, 1128, 1129, -1,
      1104, 1129, 1105, -1,
      1105, 1129, 1130, -1,
      1105, 1130, 1106, -1,
      1106, 1130, 1131, -1,
      1106, 1131, 1107, -1,
      1107, 1131, 1132, -1,
      1107, 1132, 1108, -1,
      1108, 1132, 1133, -1,
      1108, 1133, 1109, -1,
      1109, 1133, 1134, -1,
      1109, 1134, 1110, -1,
      1110, 1134, 1135, -1,
      1110, 1135, 1111, -1,
      1111, 1135, 1136, -1,
      1111, 1136, 1112, -1,
      1112, 1136, 1137, -1,
      1112, 1137, 1113, -1,
      1113, 1137, 1138, -1,
      1113, 1138, 1114, -1,
      1114, 1138, 1139, -1,
      1114, 1139, 1115, -1,
      1115, 1139, 1140, -1,
      1115, 1140, 1116, -1,
      1116, 1140, 1141, -1,
      1116, 1141, 1117, -1,
      1117, 1141, 1142, -1,
      1117, 1142, 1118, -1,
      1118, 1142, 1143, -1,
      1118, 1143, 1119, -1,
      1119, 1143, 1144, -1,
      1119, 1144, 1120, -1,
      1120, 1144, 1145, -1,
      1120, 1145, 1121, -1,
      1121, 1145, 1146, -1,
      1121, 1146, 1122, -1,
      1122, 1146, 1147, -1,
      1122, 1147, 1123, -1,
      1123, 1147, 1148, -1,
      1123, 1148, 1124, -1,
      1124, 1148, 1149, -1,
      1124, 1149, 1125, -1,
      1125, 1149, 1150, -1,
      1125, 1150, 1126, -1,
      1126, 1150, 1151, -1,
      1126, 1151, 1127, -1,
      1127, 1151, 1128, -1,
      1151, 1152, 1128, -1,
      1128, 1152, 1153, -1,
      1128, 1153, 1129, -1,
      1129, 1153, 1154, -1,
      1129, 1154, 1130, -1,
      1130, 1154, 1155, -1,
      1130, 1155, 1131, -1,
      1131, 1155, 1156, -1,
      1131, 1156, 1132, -1,
      1132, 1156, 1157, -1,
      1132, 1157, 1133, -1,
      1133, 1157, 1158, -1,
      1133, 1158, 1134, -1,
      1134, 1158, 1159, -1,
      1134, 1159, 1135, -1,
      1135, 1159, 1160, -1,
      1135, 1160, 1136, -1,
      1136, 1160, 1161, -1,
      1136, 1161, 1137, -1,
      1137, 1161, 1162, -1,
      1137, 1162, 1138, -1,
      1138, 1162, 1163, -1,
      1138, 1163, 1139, -1,
      1139, 1163, 1164, -1,
      1139, 1164, 1140, -1,
      1140, 1164, 1165, -1,
      1140, 1165, 1141, -1,
      1141, 1165, 1166, -1,
      1141, 1166, 1142, -1,
      1142, 1166, 1167, -1,
      1142, 1167, 1143, -1,
      1143, 1167, 1168, -1,
      1143, 1168, 1144, -1,
      1144, 1168, 1169, -1,
      1144, 1169, 1145, -1,
      1145, 1169, 1170, -1,
      1145, 1170, 1146, -1,
      1146, 1170, 1171, -1,
      1146, 1171, 1147, -1,
      1147, 1171, 1172, -1,
      1147, 1172, 1148, -1,
      1148, 1172, 1173, -1,
      1148, 1173, 1149, -1,
      1149, 1173, 1174, -1,
      1149, 1174, 1150, -1,
      1150, 1174, 1175, -1,
      1150, 1175, 1151, -1,
      1151, 1175, 1152, -1,
      1175, 1176, 1152, -1,
      1152, 1176, 1177, -1,
      1152, 1177, 1153, -1,
      1153, 1177, 1178, -1,
      1153, 1178, 1154, -1,
      1154, 1178, 1179, -1,
      1154, 1179, 1155, -1,
      1155, 1179, 1180, -1,
      1155, 1180, 1156, -1,
      1156, 1180, 1181, -1,
      1156, 1181, 1157, -1,
      1157, 1181, 1182, -1,
      1157, 1182, 1158, -1,
      1158, 1182, 1183, -1,
      1158, 1183, 1159, -1,
      1159, 1183, 1184, -1,
      1159, 1184, 1160, -1,
      1160, 1184, 1185, -1,
      1160, 1185, 1161, -1,
      1161, 1185, 1186, -1,
      1161, 1186, 1162, -1,
      1162, 1186, 1187, -1,
      1162, 1187, 1163, -1,
      1163, 1187, 1188, -1,
      1163, 1188, 1164, -1,
      1164, 1188, 1189, -1,
      1164, 1189, 1165, -1,
      1165, 1189, 1190, -1,
      1165, 1190, 1166, -1,
      1166, 1190, 1191, -1,
      1166, 1191, 1167, -1,
      1167, 1191, 1192, -1,
      1167, 1192, 1168, -1,
      1168, 1192, 1193, -1,
      1168, 1193, 1169, -1,
      1169, 1193, 1194, -1,
      1169, 1194, 1170, -1,
      1170, 1194, 1195, -1,
      1170, 1195, 1171, -1,
      1171, 1195, 1196, -1,
      1171, 1196, 1172, -1,
      1172, 1196, 1197, -1,
      1172, 1197, 1173, -1,
      1173, 1197, 1198, -1,
      1173, 1198, 1174, -1,
      1174, 1198, 1199, -1,
      1174, 1199, 1175, -1,
      1175, 1199, 1176, -1,
      1199, 1200, 1176, -1,
      1176, 1200, 1201, -1,
      1176, 1201, 1177, -1,
      1177, 1201, 1202, -1,
      1177, 1202, 1178, -1,
      1178, 1202, 1203, -1,
      1178, 1203, 1179, -1,
      1179, 1203, 1204, -1,
      1179, 1204, 1180, -1,
      1180, 1204, 1205, -1,
      1180, 1205, 1181, -1,
      1181, 1205, 1206, -1,
      1181, 1206, 1182, -1,
      1182, 1206, 1207, -1,
      1182, 1207, 1183, -1,
      1183, 1207, 1208, -1,
      1183, 1208, 1184, -1,
      1184, 1208, 1209, -1,
      1184, 1209, 1185, -1,
      1185, 1209, 1210, -1,
      1185, 1210, 1186, -1,
      1186, 1210, 1211, -1,
      1186, 1211, 1187, -1,
      1187, 1211, 1212, -1,
      1187, 1212, 1188, -1,
      1188, 1212, 1213, -1,
      1188, 1213, 1189, -1,
      1189, 1213, 1214, -1,
      1189, 1214, 1190, -1,
      1190, 1214, 1215, -1,
      1190, 1215, 1191, -1,
      1191, 1215, 1216, -1,
      1191, 1216, 1192, -1,
      1192, 1216, 1217, -1,
      1192, 1217, 1193, -1,
      1193, 1217, 1218, -1,
      1193, 1218, 1194, -1,
      1194, 1218, 1219, -1,
      1194, 1219, 1195, -1,
      1195, 1219, 1220, -1,
      1195, 1220, 1196, -1,
      1196, 1220, 1221, -1,
      1196, 1221, 1197, -1,
      1197, 1221, 1222, -1,
      1197, 1222, 1198, -1,
      1198, 1222, 1223, -1,
      1198, 1223, 1199, -1,
      1199, 1223, 1200, -1,
      1223, 896, 1200, -1,
      1200, 896, 895, -1,
      1200, 895, 1201, -1,
      1201, 895, 894, -1,
      1201, 894, 1202, -1,
      1202, 894, 893, -1,
      1202, 893, 1203, -1,
      1203, 893, 892, -1,
      1203, 892, 1204, -1,
      1204, 892, 891, -1,
      1204, 891, 1205, -1,
      1205, 891, 890, -1,
      1205, 890, 1206, -1,
      1206, 890, 889, -1,
      1206, 889, 1207, -1,
      1207, 889, 888, -1,
      1207, 888, 1208, -1,
      1208, 888, 887, -1,
      1208, 887, 1209, -1,
      1209, 887, 886, -1,
      1209, 886, 1210, -1,
      1210, 886, 909, -1,
      1210, 909, 1211, -1,
      1211, 909, 908, -1,
      1211, 908, 1212, -1,
      1212, 908, 907, -1,
      1212, 907, 1213, -1,
      1213, 907, 906, -1,
      1213, 906, 1214, -1,
      1214, 906, 905, -1,
      1214, 905, 1215, -1,
      1215, 905, 904, -1,
      1215, 904, 1216, -1,
      1216, 904, 903, -1,
      1216, 903, 1217, -1,
      1217, 903, 902, -1,
      1217, 902, 1218, -1,
      1218, 902, 901, -1,
      1218, 901, 1219, -1,
      1219, 901, 900, -1,
      1219, 900, 1220, -1,
      1220, 900, 899, -1,
      1220, 899, 1221, -1,
      1221, 899, 898, -1,
      1221, 898, 1222, -1,
      1222, 898, 897, -1,
      1222, 897, 1223, -1,
      1223, 897, 896, -1,
      12, 20, 836, -1,
      836, 20, 814, -1,
      845, 815, 31, -1,
      31, 815, 29, -1,
      31, 12, 845, -1,
      845, 12, 836, -1,
    ]
  }
}

Shape {
  appearance Appearance {
    material Material {
      diffuseColor 0.9490 0.7608 0.1804
      specularColor 0.7608 0.6078 0.1451
      ambientIntensity 0.2
      transparency 0.0000
      shininess 0.5
    }
  }
  geometry IndexedFaceSet {
    ccw TRUE
    solid FALSE
    coord DEF co Coordinate {
      point [
        -1.102362 0.729207 0.767717,
        -1.102362 -0.255044 0.767717,
        -0.866142 -0.255044 0.767717,
        -0.866142 0.729207 0.767717,
        -0.541339 0.729207 0.767717,
        -0.541339 -0.255044 0.767717,
        -0.442913 -0.255044 0.767717,
        -0.442913 0.729207 0.767717,
        -0.344488 0.729207 0.767717,
        -0.344488 -0.255044 0.767717,
        -0.246063 -0.255044 0.767717,
        -0.246063 0.729207 0.767717,
        -0.147638 0.729207 0.767717,
        -0.147638 -0.255044 0.767717,
        -0.049213 -0.255044 0.767717,
        -0.049213 0.729207 0.767717,
        0.049213 0.729207 0.767717,
        0.049213 -0.255044 0.767717,
        0.147638 -0.255044 0.767717,
        0.147638 0.729207 0.767717,
        0.246063 0.729207 0.767717,
        0.246063 -0.255044 0.767717,
        0.344488 -0.255044 0.767717,
        0.344488 0.729207 0.767717,
        0.442913 0.729207 0.767717,
        0.442913 -0.255044 0.767717,
        0.541339 -0.255044 0.767717,
        0.541339 0.729207 0.767717,
        1.102362 -0.255044 0.767717,
        0.866142 -0.255044 0.767717,
        0.866142 0.729207 0.767717,
        1.102362 0.729207 0.767717,
        -0.649606 -1.673228 0.078740,
        -0.728346 -1.673228 0.078740,
        -1.043307 -1.673228 0.078740,
        -1.043307 -1.850394 0.078740,
        -1.190945 -1.850394 0.078740,
        0.885827 -1.673228 0.078740,
        0.885827 -1.850394 0.078740,
        0.728346 -1.850394 0.078740,
        -0.531496 -1.673228 0.078740,
        -0.531496 -1.850394 0.078740,
        -0.649606 -1.850394 0.078740,
        -1.348425 -1.850394 0.078740,
        -1.348425 -1.673228 0.078740,
        -1.190945 -1.673228 0.078740,
        0.452756 -1.673228 0.078740,
        0.452756 -1.850394 0.078740,
        0.334646 -1.850394 0.078740,
        -0.728346 -1.850394 0.078740,
        -0.885827 -1.850394 0.078740,
        -0.885827 -1.673228 0.078740,
        -0.137795 -1.673228 0.078740,
        -0.137795 -1.850394 0.078740,
        -0.255906 -1.850394 0.078740,
        -0.334646 -1.850394 0.078740,
        -0.452756 -1.850394 0.078740,
        -0.334646 -1.673228 0.078740,
        -0.452756 -1.673228 0.078740,
        1.348425 -1.850394 0.078740,
        1.348425 -1.673228 0.078740,
        1.190945 -1.673228 0.078740,
        0.728346 -1.673228 0.078740,
        0.649606 -1.673228 0.078740,
        1.043307 -1.673228 0.078740,
        1.043307 -1.850394 0.078740,
        1.190945 -1.850394 0.078740,
        0.334646 -1.673228 0.078740,
        0.255906 -1.673228 0.078740,
        0.649606 -1.850394 0.078740,
        0.531496 -1.850394 0.078740,
        0.531496 -1.673228 0.078740,
        -0.255906 -1.673228 0.078740,
        0.255906 -1.850394 0.078740,
        0.137795 -1.850394 0.078740,
        0.137795 -1.673228 0.078740,
        0.059055 -1.673228 0.078740,
        -0.059055 -1.673228 0.078740,
        -0.059055 -1.850394 0.078740,
        0.059055 -1.850394 0.078740,
        0.866142 0.729207 0.531496,
        1.102362 0.729207 0.531496,
        1.102362 -0.255044 0.531496,
        0.866142 -0.255044 0.531496,
        0.442913 0.729207 0.531496,
        0.541339 0.729207 0.531496,
        0.541339 -0.255044 0.531496,
        0.442913 -0.255044 0.531496,
        0.246063 0.729207 0.531496,
        0.344488 0.729207 0.531496,
        0.344488 -0.255044 0.531496,
        0.246063 -0.255044 0.531496,
        0.049213 0.729207 0.531496,
        0.147638 0.729207 0.531496,
        0.147638 -0.255044 0.531496,
        0.049213 -0.255044 0.531496,
        -0.147638 0.729207 0.531496,
        -0.049213 0.729207 0.531496,
        -0.049213 -0.255044 0.531496,
        -0.147638 -0.255044 0.531496,
        -0.344488 0.729207 0.531496,
        -0.246063 0.729207 0.531496,
        -0.246063 -0.255044 0.531496,
        -0.344488 -0.255044 0.531496,
        -0.541339 0.729207 0.531496,
        -0.442913 0.729207 0.531496,
        -0.442913 -0.255044 0.531496,
        -0.541339 -0.255044 0.531496,
        -1.102362 -0.255044 0.531496,
        -0.866142 -0.255044 0.531496,
        -0.866142 0.729207 0.531496,
        -1.102362 0.729207 0.531496,
        1.190945 -2.086614 0.078740,
        1.348425 -2.086614 0.078740,
        1.190945 -2.086614 -0.000000,
        1.190945 -1.751969 -0.000000,
        1.190945 -1.731589 0.002683,
        1.190945 -1.683778 0.039370,
        1.190945 -1.675911 0.058361,
        1.190945 -1.696291 0.023063,
        1.190945 -1.712598 0.010549,
        1.348425 -2.086614 -0.000000,
        1.348425 -1.675911 0.058361,
        1.348425 -1.751969 -0.000000,
        1.348425 -1.731589 0.002683,
        1.348425 -1.712598 0.010549,
        1.348425 -1.696291 0.023063,
        1.348425 -1.683778 0.039370,
        0.885827 -2.086614 0.078740,
        1.043307 -2.086614 0.078740,
        1.043307 -2.086614 -0.000000,
        1.043307 -1.675911 0.058361,
        1.043307 -1.751969 -0.000000,
        1.043307 -1.731589 0.002683,
        1.043307 -1.712598 0.010549,
        1.043307 -1.696291 0.023063,
        1.043307 -1.683778 0.039370,
        0.885827 -2.086614 -0.000000,
        0.885827 -1.751969 -0.000000,
        0.885827 -1.731589 0.002683,
        0.885827 -1.683778 0.039370,
        0.885827 -1.675911 0.058361,
        0.885827 -1.696291 0.023063,
        0.885827 -1.712598 0.010549,
        0.059055 -2.086614 0.078740,
        0.137795 -2.086614 0.078740,
        0.137795 -2.086614 -0.000000,
        0.137795 -1.675911 0.058361,
        0.137795 -1.751969 -0.000000,
        0.137795 -1.731589 0.002683,
        0.137795 -1.712598 0.010549,
        0.137795 -1.696291 0.023063,
        0.137795 -1.683778 0.039370,
        0.059055 -2.086614 -0.000000,
        0.059055 -1.751969 -0.000000,
        0.059055 -1.731589 0.002683,
        0.059055 -1.683778 0.039370,
        0.059055 -1.675911 0.058361,
        0.059055 -1.696291 0.023063,
        0.059055 -1.712598 0.010549,
        0.255906 -2.086614 0.078740,
        0.334646 -2.086614 0.078740,
        0.334646 -2.086614 -0.000000,
        0.334646 -1.675911 0.058361,
        0.334646 -1.751969 -0.000000,
        0.334646 -1.731589 0.002683,
        0.334646 -1.712598 0.010549,
        0.334646 -1.696291 0.023063,
        0.334646 -1.683778 0.039370,
        0.255906 -2.086614 -0.000000,
        0.255906 -1.751969 -0.000000,
        0.255906 -1.731589 0.002683,
        0.255906 -1.683778 0.039370,
        0.255906 -1.675911 0.058361,
        0.255906 -1.696291 0.023063,
        0.255906 -1.712598 0.010549,
        0.452756 -2.086614 0.078740,
        0.531496 -2.086614 0.078740,
        0.531496 -2.086614 -0.000000,
        0.531496 -1.675911 0.058361,
        0.531496 -1.751969 -0.000000,
        0.531496 -1.731589 0.002683,
        0.531496 -1.712598 0.010549,
        0.531496 -1.696291 0.023063,
        0.531496 -1.683778 0.039370,
        0.452756 -2.086614 -0.000000,
        0.452756 -1.751969 -0.000000,
        0.452756 -1.731589 0.002683,
        0.452756 -1.683778 0.039370,
        0.452756 -1.675911 0.058361,
        0.452756 -1.696291 0.023063,
        0.452756 -1.712598 0.010549,
        0.649606 -2.086614 0.078740,
        0.728346 -2.086614 0.078740,
        0.728346 -2.086614 -0.000000,
        0.728346 -1.675911 0.058361,
        0.728346 -1.751969 -0.000000,
        0.728346 -1.731589 0.002683,
        0.728346 -1.712598 0.010549,
        0.728346 -1.696291 0.023063,
        0.728346 -1.683778 0.039370,
        0.649606 -2.086614 -0.000000,
        0.649606 -1.751969 -0.000000,
        0.649606 -1.731589 0.002683,
        0.649606 -1.683778 0.039370,
        0.649606 -1.675911 0.058361,
        0.649606 -1.696291 0.023063,
        0.649606 -1.712598 0.010549,
        -0.728346 -2.086614 0.078740,
        -0.649606 -2.086614 0.078740,
        -0.649606 -2.086614 -0.000000,
        -0.649606 -1.675202 0.061219,
        -0.649606 -1.681026 0.044576,
        -0.649606 -1.751969 -0.000000,
        -0.649606 -1.734447 0.001974,
        -0.649606 -1.717805 0.007798,
        -0.649606 -1.702875 0.017179,
        -0.649606 -1.690407 0.029646,
        -0.728346 -2.086614 -0.000000,
        -0.728346 -1.751969 -0.000000,
        -0.728346 -1.734447 0.001974,
        -0.728346 -1.675202 0.061219,
        -0.728346 -1.681026 0.044576,
        -0.728346 -1.690407 0.029646,
        -0.728346 -1.702875 0.017179,
        -0.728346 -1.717805 0.007798,
        -0.531496 -2.086614 0.078740,
        -0.452756 -2.086614 0.078740,
        -0.452756 -2.086614 -0.000000,
        -0.452756 -1.675911 0.058361,
        -0.452756 -1.751969 -0.000000,
        -0.452756 -1.731589 0.002683,
        -0.452756 -1.712598 0.010549,
        -0.452756 -1.696291 0.023063,
        -0.452756 -1.683778 0.039370,
        -0.531496 -2.086614 -0.000000,
        -0.531496 -1.751969 -0.000000,
        -0.531496 -1.731589 0.002683,
        -0.531496 -1.683778 0.039370,
        -0.531496 -1.675911 0.058361,
        -0.531496 -1.696291 0.023063,
        -0.531496 -1.712598 0.010549,
        -0.334646 -2.086614 0.078740,
        -0.255906 -2.086614 0.078740,
        -0.255906 -2.086614 -0.000000,
        -0.255906 -1.675911 0.058361,
        -0.255906 -1.751969 -0.000000,
        -0.255906 -1.731589 0.002683,
        -0.255906 -1.712598 0.010549,
        -0.255906 -1.696291 0.023063,
        -0.255906 -1.683778 0.039370,
        -0.334646 -2.086614 -0.000000,
        -0.334646 -1.751969 -0.000000,
        -0.334646 -1.731589 0.002683,
        -0.334646 -1.683778 0.039370,
        -0.334646 -1.675911 0.058361,
        -0.334646 -1.696291 0.023063,
        -0.334646 -1.712598 0.010549,
        -0.137795 -2.086614 0.078740,
        -0.059055 -2.086614 0.078740,
        -0.059055 -2.086614 -0.000000,
        -0.059055 -1.675911 0.058361,
        -0.059055 -1.751969 -0.000000,
        -0.059055 -1.731589 0.002683,
        -0.059055 -1.712598 0.010549,
        -0.059055 -1.696291 0.023063,
        -0.059055 -1.683778 0.039370,
        -0.137795 -2.086614 -0.000000,
        -0.137795 -1.751969 -0.000000,
        -0.137795 -1.731589 0.002683,
        -0.137795 -1.683778 0.039370,
        -0.137795 -1.675911 0.058361,
        -0.137795 -1.696291 0.023063,
        -0.137795 -1.712598 0.010549,
        -1.043307 -2.086614 0.078740,
        -0.885827 -2.086614 0.078740,
        -0.885827 -2.086614 -0.000000,
        -0.885827 -1.675911 0.058361,
        -0.885827 -1.751969 -0.000000,
        -0.885827 -1.731589 0.002683,
        -0.885827 -1.712598 0.010549,
        -0.885827 -1.696291 0.023063,
        -0.885827 -1.683778 0.039370,
        -1.043307 -2.086614 -0.000000,
        -1.043307 -1.751969 -0.000000,
        -1.043307 -1.731589 0.002683,
        -1.043307 -1.683778 0.039370,
        -1.043307 -1.675911 0.058361,
        -1.043307 -1.696291 0.023063,
        -1.043307 -1.712598 0.010549,
        -1.348425 -2.086614 0.078740,
        -1.190945 -2.086614 0.078740,
        -1.348425 -2.086614 -0.000000,
        -1.348425 -1.751969 -0.000000,
        -1.348425 -1.731589 0.002683,
        -1.348425 -1.683778 0.039370,
        -1.348425 -1.675911 0.058361,
        -1.348425 -1.696291 0.023063,
        -1.348425 -1.712598 0.010549,
        -1.190945 -2.086614 -0.000000,
        -1.190945 -1.675911 0.058361,
        -1.190945 -1.751969 -0.000000,
        -1.190945 -1.731589 0.002683,
        -1.190945 -1.712598 0.010549,
        -1.190945 -1.696291 0.023063,
        -1.190945 -1.683778 0.039370,
        -0.866142 0.729207 0.771654,
        -0.866142 -0.255044 0.771654,
        -1.102362 0.729207 0.771654,
        -1.102362 -0.255044 0.771654,
        -0.049213 0.729207 0.771654,
        -0.049213 -0.255044 0.771654,
        -0.147638 0.729207 0.771654,
        -0.147638 -0.255044 0.771654,
        0.541339 0.729207 0.771654,
        0.541339 -0.255044 0.771654,
        0.442913 0.729207 0.771654,
        0.442913 -0.255044 0.771654,
        -0.246063 0.729207 0.771654,
        -0.246063 -0.255044 0.771654,
        -0.344488 0.729207 0.771654,
        -0.344488 -0.255044 0.771654,
        -0.442913 0.729207 0.771654,
        -0.442913 -0.255044 0.771654,
        -0.541339 0.729207 0.771654,
        -0.541339 -0.255044 0.771654,
        0.344488 0.729207 0.771654,
        0.344488 -0.255044 0.771654,
        0.246063 0.729207 0.771654,
        0.246063 -0.255044 0.771654,
        0.147638 0.729207 0.771654,
        0.147638 -0.255044 0.771654,
        0.049213 0.729207 0.771654,
        0.049213 -0.255044 0.771654,
        1.102362 0.729207 0.771654,
        1.102362 -0.255044 0.771654,
        0.866142 0.729207 0.771654,
        0.866142 -0.255044 0.771654,
        -0.866142 -0.255044 0.527559,
        -0.866142 0.729207 0.527559,
        -1.102362 -0.255044 0.527559,
        -1.102362 0.729207 0.527559,
        -0.049213 -0.255044 0.527559,
        -0.049213 0.729207 0.527559,
        -0.147638 -0.255044 0.527559,
        -0.147638 0.729207 0.527559,
        0.541339 -0.255044 0.527559,
        0.541339 0.729207 0.527559,
        0.442913 -0.255044 0.527559,
        0.442913 0.729207 0.527559,
        -0.246063 -0.255044 0.527559,
        -0.246063 0.729207 0.527559,
        -0.344488 -0.255044 0.527559,
        -0.344488 0.729207 0.527559,
        -0.442913 -0.255044 0.527559,
        -0.442913 0.729207 0.527559,
        -0.541339 -0.255044 0.527559,
        -0.541339 0.729207 0.527559,
        0.344488 -0.255044 0.527559,
        0.344488 0.729207 0.527559,
        0.246063 -0.255044 0.527559,
        0.246063 0.729207 0.527559,
        0.147638 -0.255044 0.527559,
        0.147638 0.729207 0.527559,
        0.049213 -0.255044 0.527559,
        0.049213 0.729207 0.527559,
        1.102362 -0.255044 0.527559,
        1.102362 0.729207 0.527559,
        0.866142 -0.255044 0.527559,
        0.866142 0.729207 0.527559,
      ]
    }
    coordIndex [
      112, 113, 66, -1,
      66, 113, 59, -1,
      114, 112, 115, -1,
      115, 112, 66, -1,
      115, 66, 116, -1,
      117, 66, 118, -1,
      118, 66, 61, -1,
      117, 119, 66, -1,
      66, 119, 120, -1,
      66, 120, 116, -1,
      59, 113, 121, -1,
      122, 60, 59, -1,
      121, 123, 59, -1,
      59, 123, 124, -1,
      59, 124, 125, -1,
      125, 126, 59, -1,
      59, 126, 127, -1,
      59, 127, 122, -1,
      114, 121, 112, -1,
      112, 121, 113, -1,
      123, 121, 115, -1,
      115, 121, 114, -1,
      38, 128, 65, -1,
      65, 128, 129, -1,
      65, 129, 130, -1,
      131, 64, 65, -1,
      130, 132, 65, -1,
      65, 132, 133, -1,
      65, 133, 134, -1,
      134, 135, 65, -1,
      65, 135, 136, -1,
      65, 136, 131, -1,
      137, 130, 128, -1,
      128, 130, 129, -1,
      137, 128, 138, -1,
      138, 128, 38, -1,
      138, 38, 139, -1,
      140, 38, 141, -1,
      141, 38, 37, -1,
      140, 142, 38, -1,
      38, 142, 143, -1,
      38, 143, 139, -1,
      132, 130, 138, -1,
      138, 130, 137, -1,
      144, 145, 79, -1,
      79, 145, 74, -1,
      74, 145, 146, -1,
      147, 75, 74, -1,
      146, 148, 74, -1,
      74, 148, 149, -1,
      74, 149, 150, -1,
      150, 151, 74, -1,
      74, 151, 152, -1,
      74, 152, 147, -1,
      153, 146, 144, -1,
      144, 146, 145, -1,
      153, 144, 154, -1,
      154, 144, 79, -1,
      154, 79, 155, -1,
      156, 79, 157, -1,
      157, 79, 76, -1,
      156, 158, 79, -1,
      79, 158, 159, -1,
      79, 159, 155, -1,
      148, 146, 154, -1,
      154, 146, 153, -1,
      160, 161, 73, -1,
      73, 161, 48, -1,
      48, 161, 162, -1,
      163, 67, 48, -1,
      162, 164, 48, -1,
      48, 164, 165, -1,
      48, 165, 166, -1,
      166, 167, 48, -1,
      48, 167, 168, -1,
      48, 168, 163, -1,
      169, 162, 160, -1,
      160, 162, 161, -1,
      169, 160, 170, -1,
      170, 160, 73, -1,
      170, 73, 171, -1,
      172, 73, 173, -1,
      173, 73, 68, -1,
      172, 174, 73, -1,
      73, 174, 175, -1,
      73, 175, 171, -1,
      164, 162, 170, -1,
      170, 162, 169, -1,
      176, 177, 47, -1,
      47, 177, 70, -1,
      70, 177, 178, -1,
      179, 71, 70, -1,
      178, 180, 70, -1,
      70, 180, 181, -1,
      70, 181, 182, -1,
      182, 183, 70, -1,
      70, 183, 184, -1,
      70, 184, 179, -1,
      185, 178, 176, -1,
      176, 178, 177, -1,
      185, 176, 186, -1,
      186, 176, 47, -1,
      186, 47, 187, -1,
      188, 47, 189, -1,
      189, 47, 46, -1,
      188, 190, 47, -1,
      47, 190, 191, -1,
      47, 191, 187, -1,
      180, 178, 186, -1,
      186, 178, 185, -1,
      192, 193, 69, -1,
      69, 193, 39, -1,
      39, 193, 194, -1,
      195, 62, 39, -1,
      194, 196, 39, -1,
      39, 196, 197, -1,
      39, 197, 198, -1,
      198, 199, 39, -1,
      39, 199, 200, -1,
      39, 200, 195, -1,
      201, 194, 192, -1,
      192, 194, 193, -1,
      201, 192, 202, -1,
      202, 192, 69, -1,
      202, 69, 203, -1,
      204, 69, 205, -1,
      205, 69, 63, -1,
      204, 206, 69, -1,
      69, 206, 207, -1,
      69, 207, 203, -1,
      196, 194, 202, -1,
      202, 194, 201, -1,
      49, 208, 42, -1,
      42, 208, 209, -1,
      42, 209, 210, -1,
      211, 32, 42, -1,
      211, 42, 212, -1,
      210, 213, 42, -1,
      42, 213, 214, -1,
      42, 214, 215, -1,
      215, 216, 42, -1,
      42, 216, 217, -1,
      42, 217, 212, -1,
      218, 210, 208, -1,
      208, 210, 209, -1,
      218, 208, 219, -1,
      219, 208, 49, -1,
      219, 49, 220, -1,
      33, 221, 49, -1,
      49, 221, 222, -1,
      49, 222, 223, -1,
      223, 224, 49, -1,
      49, 224, 225, -1,
      49, 225, 220, -1,
      213, 210, 219, -1,
      219, 210, 218, -1,
      41, 226, 56, -1,
      56, 226, 227, -1,
      56, 227, 228, -1,
      229, 58, 56, -1,
      228, 230, 56, -1,
      56, 230, 231, -1,
      56, 231, 232, -1,
      232, 233, 56, -1,
      56, 233, 234, -1,
      56, 234, 229, -1,
      235, 228, 226, -1,
      226, 228, 227, -1,
      235, 226, 236, -1,
      236, 226, 41, -1,
      236, 41, 237, -1,
      238, 41, 239, -1,
      239, 41, 40, -1,
      238, 240, 41, -1,
      41, 240, 241, -1,
      41, 241, 237, -1,
      230, 228, 236, -1,
      236, 228, 235, -1,
      55, 242, 54, -1,
      54, 242, 243, -1,
      54, 243, 244, -1,
      245, 72, 54, -1,
      244, 246, 54, -1,
      54, 246, 247, -1,
      54, 247, 248, -1,
      248, 249, 54, -1,
      54, 249, 250, -1,
      54, 250, 245, -1,
      251, 244, 242, -1,
      242, 244, 243, -1,
      251, 242, 252, -1,
      252, 242, 55, -1,
      252, 55, 253, -1,
      254, 55, 255, -1,
      255, 55, 57, -1,
      254, 256, 55, -1,
      55, 256, 257, -1,
      55, 257, 253, -1,
      246, 244, 252, -1,
      252, 244, 251, -1,
      53, 258, 78, -1,
      78, 258, 259, -1,
      78, 259, 260, -1,
      261, 77, 78, -1,
      260, 262, 78, -1,
      78, 262, 263, -1,
      78, 263, 264, -1,
      264, 265, 78, -1,
      78, 265, 266, -1,
      78, 266, 261, -1,
      267, 260, 258, -1,
      258, 260, 259, -1,
      267, 258, 268, -1,
      268, 258, 53, -1,
      268, 53, 269, -1,
      270, 53, 271, -1,
      271, 53, 52, -1,
      270, 272, 53, -1,
      53, 272, 273, -1,
      53, 273, 269, -1,
      262, 260, 268, -1,
      268, 260, 267, -1,
      274, 275, 35, -1,
      35, 275, 50, -1,
      50, 275, 276, -1,
      277, 51, 50, -1,
      276, 278, 50, -1,
      50, 278, 279, -1,
      50, 279, 280, -1,
      280, 281, 50, -1,
      50, 281, 282, -1,
      50, 282, 277, -1,
      283, 276, 274, -1,
      274, 276, 275, -1,
      283, 274, 284, -1,
      284, 274, 35, -1,
      284, 35, 285, -1,
      286, 35, 287, -1,
      287, 35, 34, -1,
      286, 288, 35, -1,
      35, 288, 289, -1,
      35, 289, 285, -1,
      278, 276, 284, -1,
      284, 276, 283, -1,
      43, 290, 36, -1,
      36, 290, 291, -1,
      292, 290, 293, -1,
      293, 290, 43, -1,
      293, 43, 294, -1,
      295, 43, 296, -1,
      296, 43, 44, -1,
      295, 297, 43, -1,
      43, 297, 298, -1,
      43, 298, 294, -1,
      36, 291, 299, -1,
      300, 45, 36, -1,
      299, 301, 36, -1,
      36, 301, 302, -1,
      36, 302, 303, -1,
      303, 304, 36, -1,
      36, 304, 305, -1,
      36, 305, 300, -1,
      292, 299, 290, -1,
      290, 299, 291, -1,
      301, 299, 293, -1,
      293, 299, 292, -1,
      301, 293, 294, -1,
      301, 294, 302, -1,
      302, 294, 298, -1,
      302, 298, 303, -1,
      303, 298, 297, -1,
      303, 297, 304, -1,
      304, 297, 295, -1,
      304, 295, 305, -1,
      305, 295, 296, -1,
      305, 296, 300, -1,
      300, 296, 44, -1,
      300, 44, 45, -1,
      34, 51, 277, -1,
      34, 277, 287, -1,
      287, 277, 282, -1,
      287, 282, 286, -1,
      286, 282, 281, -1,
      286, 281, 288, -1,
      288, 281, 280, -1,
      288, 280, 289, -1,
      289, 280, 279, -1,
      289, 279, 285, -1,
      285, 279, 278, -1,
      285, 278, 284, -1,
      213, 219, 220, -1,
      213, 220, 214, -1,
      214, 220, 225, -1,
      214, 225, 215, -1,
      215, 225, 224, -1,
      215, 224, 216, -1,
      216, 224, 223, -1,
      216, 223, 217, -1,
      217, 223, 222, -1,
      217, 222, 212, -1,
      212, 222, 221, -1,
      212, 221, 211, -1,
      211, 221, 33, -1,
      211, 33, 32, -1,
      230, 236, 237, -1,
      230, 237, 231, -1,
      231, 237, 241, -1,
      231, 241, 232, -1,
      232, 241, 240, -1,
      232, 240, 233, -1,
      233, 240, 238, -1,
      233, 238, 234, -1,
      234, 238, 239, -1,
      234, 239, 229, -1,
      229, 239, 40, -1,
      229, 40, 58, -1,
      246, 252, 253, -1,
      246, 253, 247, -1,
      247, 253, 257, -1,
      247, 257, 248, -1,
      248, 257, 256, -1,
      248, 256, 249, -1,
      249, 256, 254, -1,
      249, 254, 250, -1,
      250, 254, 255, -1,
      250, 255, 245, -1,
      245, 255, 57, -1,
      245, 57, 72, -1,
      262, 268, 269, -1,
      262, 269, 263, -1,
      263, 269, 273, -1,
      263, 273, 264, -1,
      264, 273, 272, -1,
      264, 272, 265, -1,
      265, 272, 270, -1,
      265, 270, 266, -1,
      266, 270, 271, -1,
      266, 271, 261, -1,
      261, 271, 52, -1,
      261, 52, 77, -1,
      76, 75, 147, -1,
      76, 147, 157, -1,
      157, 147, 152, -1,
      157, 152, 156, -1,
      156, 152, 151, -1,
      156, 151, 158, -1,
      158, 151, 150, -1,
      158, 150, 159, -1,
      159, 150, 149, -1,
      159, 149, 155, -1,
      155, 149, 148, -1,
      155, 148, 154, -1,
      68, 67, 163, -1,
      68, 163, 173, -1,
      173, 163, 168, -1,
      173, 168, 172, -1,
      172, 168, 167, -1,
      172, 167, 174, -1,
      174, 167, 166, -1,
      174, 166, 175, -1,
      175, 166, 165, -1,
      175, 165, 171, -1,
      171, 165, 164, -1,
      171, 164, 170, -1,
      46, 71, 179, -1,
      46, 179, 189, -1,
      189, 179, 184, -1,
      189, 184, 188, -1,
      188, 184, 183, -1,
      188, 183, 190, -1,
      190, 183, 182, -1,
      190, 182, 191, -1,
      191, 182, 181, -1,
      191, 181, 187, -1,
      187, 181, 180, -1,
      187, 180, 186, -1,
      63, 62, 195, -1,
      63, 195, 205, -1,
      205, 195, 200, -1,
      205, 200, 204, -1,
      204, 200, 199, -1,
      204, 199, 206, -1,
      206, 199, 198, -1,
      206, 198, 207, -1,
      207, 198, 197, -1,
      207, 197, 203, -1,
      203, 197, 196, -1,
      203, 196, 202, -1,
      132, 138, 139, -1,
      132, 139, 133, -1,
      133, 139, 143, -1,
      133, 143, 134, -1,
      134, 143, 142, -1,
      134, 142, 135, -1,
      135, 142, 140, -1,
      135, 140, 136, -1,
      136, 140, 141, -1,
      136, 141, 131, -1,
      131, 141, 37, -1,
      131, 37, 64, -1,
      61, 60, 122, -1,
      61, 122, 118, -1,
      118, 122, 127, -1,
      118, 127, 117, -1,
      117, 127, 126, -1,
      117, 126, 119, -1,
      119, 126, 125, -1,
      119, 125, 120, -1,
      120, 125, 124, -1,
      120, 124, 116, -1,
      116, 124, 123, -1,
      116, 123, 115, -1,
      306, 307, 3, -1,
      3, 307, 2, -1,
      308, 306, 0, -1,
      0, 306, 3, -1,
      309, 308, 1, -1,
      1, 308, 0, -1,
      307, 309, 2, -1,
      2, 309, 1, -1,
      308, 309, 306, -1,
      306, 309, 307, -1,
      310, 311, 15, -1,
      15, 311, 14, -1,
      312, 310, 12, -1,
      12, 310, 15, -1,
      313, 312, 13, -1,
      13, 312, 12, -1,
      311, 313, 14, -1,
      14, 313, 13, -1,
      312, 313, 310, -1,
      310, 313, 311, -1,
      314, 315, 27, -1,
      27, 315, 26, -1,
      316, 314, 24, -1,
      24, 314, 27, -1,
      317, 316, 25, -1,
      25, 316, 24, -1,
      315, 317, 26, -1,
      26, 317, 25, -1,
      316, 317, 314, -1,
      314, 317, 315, -1,
      318, 319, 11, -1,
      11, 319, 10, -1,
      320, 318, 8, -1,
      8, 318, 11, -1,
      321, 320, 9, -1,
      9, 320, 8, -1,
      319, 321, 10, -1,
      10, 321, 9, -1,
      320, 321, 318, -1,
      318, 321, 319, -1,
      322, 323, 7, -1,
      7, 323, 6, -1,
      324, 322, 4, -1,
      4, 322, 7, -1,
      325, 324, 5, -1,
      5, 324, 4, -1,
      323, 325, 6, -1,
      6, 325, 5, -1,
      324, 325, 322, -1,
      322, 325, 323, -1,
      326, 327, 23, -1,
      23, 327, 22, -1,
      328, 326, 20, -1,
      20, 326, 23, -1,
      329, 328, 21, -1,
      21, 328, 20, -1,
      327, 329, 22, -1,
      22, 329, 21, -1,
      328, 329, 326, -1,
      326, 329, 327, -1,
      330, 331, 19, -1,
      19, 331, 18, -1,
      332, 330, 16, -1,
      16, 330, 19, -1,
      333, 332, 17, -1,
      17, 332, 16, -1,
      331, 333, 18, -1,
      18, 333, 17, -1,
      332, 333, 330, -1,
      330, 333, 331, -1,
      334, 335, 31, -1,
      31, 335, 28, -1,
      336, 334, 30, -1,
      30, 334, 31, -1,
      337, 336, 29, -1,
      29, 336, 30, -1,
      335, 337, 28, -1,
      28, 337, 29, -1,
      336, 337, 334, -1,
      334, 337, 335, -1,
      338, 339, 109, -1,
      109, 339, 110, -1,
      340, 338, 108, -1,
      108, 338, 109, -1,
      341, 340, 111, -1,
      111, 340, 108, -1,
      339, 341, 110, -1,
      110, 341, 111, -1,
      340, 341, 338, -1,
      338, 341, 339, -1,
      342, 343, 98, -1,
      98, 343, 97, -1,
      344, 342, 99, -1,
      99, 342, 98, -1,
      345, 344, 96, -1,
      96, 344, 99, -1,
      343, 345, 97, -1,
      97, 345, 96, -1,
      344, 345, 342, -1,
      342, 345, 343, -1,
      346, 347, 86, -1,
      86, 347, 85, -1,
      348, 346, 87, -1,
      87, 346, 86, -1,
      349, 348, 84, -1,
      84, 348, 87, -1,
      347, 349, 85, -1,
      85, 349, 84, -1,
      348, 349, 346, -1,
      346, 349, 347, -1,
      350, 351, 102, -1,
      102, 351, 101, -1,
      352, 350, 103, -1,
      103, 350, 102, -1,
      353, 352, 100, -1,
      100, 352, 103, -1,
      351, 353, 101, -1,
      101, 353, 100, -1,
      352, 353, 350, -1,
      350, 353, 351, -1,
      354, 355, 106, -1,
      106, 355, 105, -1,
      356, 354, 107, -1,
      107, 354, 106, -1,
      357, 356, 104, -1,
      104, 356, 107, -1,
      355, 357, 105, -1,
      105, 357, 104, -1,
      356, 357, 354, -1,
      354, 357, 355, -1,
      358, 359, 90, -1,
      90, 359, 89, -1,
      360, 358, 91, -1,
      91, 358, 90, -1,
      361, 360, 88, -1,
      88, 360, 91, -1,
      359, 361, 89, -1,
      89, 361, 88, -1,
      360, 361, 358, -1,
      358, 361, 359, -1,
      362, 363, 94, -1,
      94, 363, 93, -1,
      364, 362, 95, -1,
      95, 362, 94, -1,
      365, 364, 92, -1,
      92, 364, 95, -1,
      363, 365, 93, -1,
      93, 365, 92, -1,
      364, 365, 362, -1,
      362, 365, 363, -1,
      366, 367, 82, -1,
      82, 367, 81, -1,
      368, 366, 83, -1,
      83, 366, 82, -1,
      369, 368, 80, -1,
      80, 368, 83, -1,
      367, 369, 81, -1,
      81, 369, 80, -1,
      368, 369, 366, -1,
      366, 369, 367, -1,
    ]
  }
}

Shape {
  appearance Appearance {
    material Material {
      diffuseColor 0.2235 0.2235 0.2235
      specularColor 0.1137 0.1137 0.1137
      ambientIntensity 0.2
      transparency 0.0000
      shininess 0.5
    }
  }
  geometry IndexedFaceSet {
    ccw TRUE
    solid FALSE
    coord DEF co Coordinate {
      point [
        -0.141044 -0.209830 0.019685,
        -0.118285 -0.203654 0.019685,
        -0.079875 -0.209055 0.019685,
        -0.164384 -0.189850 0.019685,
        -0.121813 -0.042059 0.019685,
        -0.140458 -0.186742 0.019685,
        -0.118285 -0.044013 0.019685,
        -0.118285 -0.177247 0.019685,
        -0.147214 -0.210256 0.019685,
        0.020951 -0.209055 0.019685,
        0.020951 -0.187450 0.019685,
        0.025752 -0.033810 0.019685,
        -0.053468 -0.101028 0.019685,
        -0.053468 -0.033810 0.019685,
        0.016150 -0.101028 0.019685,
        0.016150 -0.122633 0.019685,
        -0.053468 -0.122633 0.019685,
        -0.053468 -0.187450 0.019685,
        -0.382352 -0.012205 0.019685,
        -0.183766 -0.187679 0.019685,
        -0.198423 -0.182381 0.019685,
        -0.212370 -0.173031 0.019685,
        -0.224203 -0.159843 0.019685,
        -0.232236 -0.144617 0.019685,
        -0.237444 -0.123304 0.019685,
        -0.238316 -0.108530 0.019685,
        -0.236326 -0.087235 0.019685,
        -0.230982 -0.070303 0.019685,
        -0.168810 -0.031410 0.019685,
        -0.213644 -0.046973 0.019685,
        -0.187078 -0.033447 0.019685,
        -0.201556 -0.038768 0.019685,
        -0.222798 -0.056630 0.019685,
        -0.142680 -0.034310 0.019685,
        -0.254318 -0.157290 0.019685,
        -0.242570 -0.175930 0.019685,
        -0.355946 -0.209055 0.019685,
        -0.225391 -0.192449 0.019685,
        -0.206991 -0.203176 0.019685,
        0.025752 -0.012205 0.019685,
        -0.079875 -0.012205 0.019685,
        -0.185396 -0.209661 0.019685,
        -0.178511 -0.210256 0.019685,
        -0.382352 -0.209055 0.019685,
        -0.355946 -0.033810 0.019685,
        -0.264722 -0.106917 0.019685,
        -0.261894 -0.134865 0.019685,
        -0.215785 -0.018868 0.019685,
        -0.231768 -0.029120 0.019685,
        -0.281527 -0.012205 0.019685,
        -0.246176 -0.044300 0.019685,
        -0.281527 -0.033810 0.019685,
        -0.256687 -0.062826 0.019685,
        -0.262788 -0.083947 0.019685,
        -0.118285 -0.022407 0.019685,
        -0.139268 -0.013792 0.019685,
        -0.167066 -0.009896 0.019685,
        -0.172449 -0.009804 0.019685,
        -0.196670 -0.012315 0.019685,
        -0.164609 -0.211456 0.019685,
        0.385844 -0.012205 0.019685,
        0.365927 -0.067419 0.019685,
        0.284606 -0.067419 0.019685,
        0.117688 -0.012205 0.019685,
        0.064162 -0.012205 0.019685,
        0.311425 -0.209055 0.019685,
        0.171196 -0.197929 0.019685,
        0.190696 -0.185239 0.019685,
        0.237006 -0.012205 0.019685,
        0.165290 -0.021333 0.019685,
        0.142629 -0.014439 0.019685,
        0.337832 -0.209055 0.019685,
        0.265813 -0.012205 0.019685,
        0.212801 -0.066250 0.019685,
        0.201758 -0.048888 0.019685,
        0.185669 -0.033333 0.019685,
        0.064162 -0.209055 0.019685,
        0.119713 -0.209055 0.019685,
        0.148153 -0.206015 0.019685,
        0.414652 -0.012205 0.019685,
        0.198341 -0.178152 0.019685,
        0.210144 -0.162737 0.019685,
        0.218434 -0.143630 0.019685,
        0.222227 -0.122834 0.019685,
        0.222602 -0.113106 0.019685,
        0.219845 -0.086765 0.019685,
        0.337832 -0.209055 0.023622,
        0.414652 -0.012205 0.023622,
        0.385844 -0.012205 0.023622,
        0.365927 -0.067419 0.023622,
        0.284606 -0.067419 0.023622,
        0.265813 -0.012205 0.023622,
        0.237006 -0.012205 0.023622,
        0.311425 -0.209055 0.023622,
        0.291245 -0.089024 0.023622,
        0.357074 -0.089024 0.023622,
        0.320615 -0.171246 0.023622,
        0.322477 -0.178081 0.023622,
        0.323766 -0.185049 0.023622,
        0.324404 -0.185049 0.023622,
        0.325688 -0.178094 0.023622,
        0.327442 -0.171246 0.023622,
        0.291245 -0.089024 0.019685,
        0.357074 -0.089024 0.019685,
        0.320615 -0.171246 0.019685,
        0.322477 -0.178081 0.019685,
        0.323766 -0.185049 0.019685,
        0.324404 -0.185049 0.019685,
        0.325688 -0.178094 0.019685,
        0.327442 -0.171246 0.019685,
        0.117688 -0.012205 0.023622,
        0.064162 -0.012205 0.023622,
        0.064162 -0.209055 0.023622,
        0.119713 -0.209055 0.023622,
        0.222602 -0.113106 0.023622,
        0.222227 -0.122834 0.023622,
        0.218434 -0.143630 0.023622,
        0.210144 -0.162737 0.023622,
        0.198341 -0.178152 0.023622,
        0.190696 -0.185239 0.023622,
        0.171196 -0.197929 0.023622,
        0.148153 -0.206015 0.023622,
        0.142629 -0.014439 0.023622,
        0.165290 -0.021333 0.023622,
        0.185669 -0.033333 0.023622,
        0.201758 -0.048888 0.023622,
        0.212801 -0.066250 0.023622,
        0.219845 -0.086765 0.023622,
        0.196196 -0.112543 0.023622,
        0.194524 -0.132137 0.023622,
        0.189920 -0.147689 0.023622,
        0.183181 -0.159775 0.023622,
        0.173630 -0.169945 0.023622,
        0.159290 -0.179217 0.023622,
        0.143035 -0.184942 0.023622,
        0.119601 -0.187450 0.023622,
        0.090569 -0.187450 0.023622,
        0.090569 -0.033810 0.023622,
        0.118513 -0.033810 0.023622,
        0.139310 -0.035748 0.023622,
        0.155872 -0.040911 0.023622,
        0.169180 -0.048816 0.023622,
        0.180303 -0.059769 0.023622,
        0.188546 -0.073210 0.023622,
        0.193766 -0.088865 0.023622,
        0.119601 -0.187450 0.019685,
        0.090569 -0.187450 0.019685,
        0.143035 -0.184942 0.019685,
        0.159290 -0.179217 0.019685,
        0.173630 -0.169945 0.019685,
        0.183181 -0.159775 0.019685,
        0.189920 -0.147689 0.019685,
        0.194524 -0.132137 0.019685,
        0.196196 -0.112543 0.019685,
        0.193766 -0.088865 0.019685,
        0.188546 -0.073210 0.019685,
        0.180303 -0.059769 0.019685,
        0.169180 -0.048816 0.019685,
        0.155872 -0.040911 0.019685,
        0.139310 -0.035748 0.019685,
        0.118513 -0.033810 0.019685,
        0.090569 -0.033810 0.019685,
        0.025752 -0.033810 0.023622,
        0.025752 -0.012205 0.023622,
        -0.079875 -0.012205 0.023622,
        -0.079875 -0.209055 0.023622,
        0.020951 -0.209055 0.023622,
        0.020951 -0.187450 0.023622,
        -0.053468 -0.187450 0.023622,
        -0.053468 -0.122633 0.023622,
        0.016150 -0.122633 0.023622,
        0.016150 -0.101028 0.023622,
        -0.053468 -0.101028 0.023622,
        -0.053468 -0.033810 0.023622,
        -0.118285 -0.044013 0.023622,
        -0.118285 -0.022407 0.023622,
        -0.172449 -0.009804 0.023622,
        -0.167066 -0.009896 0.023622,
        -0.139268 -0.013792 0.023622,
        -0.264722 -0.106917 0.023622,
        -0.262788 -0.083947 0.023622,
        -0.256687 -0.062826 0.023622,
        -0.246176 -0.044300 0.023622,
        -0.231768 -0.029120 0.023622,
        -0.215785 -0.018868 0.023622,
        -0.196670 -0.012315 0.023622,
        -0.164609 -0.211456 0.023622,
        -0.185396 -0.209661 0.023622,
        -0.206991 -0.203176 0.023622,
        -0.225391 -0.192449 0.023622,
        -0.242570 -0.175930 0.023622,
        -0.254318 -0.157290 0.023622,
        -0.261894 -0.134865 0.023622,
        -0.141044 -0.209830 0.023622,
        -0.118285 -0.203654 0.023622,
        -0.118285 -0.177247 0.023622,
        -0.164384 -0.189850 0.023622,
        -0.140458 -0.186742 0.023622,
        -0.238316 -0.108530 0.023622,
        -0.237444 -0.123304 0.023622,
        -0.232236 -0.144617 0.023622,
        -0.224203 -0.159843 0.023622,
        -0.212370 -0.173031 0.023622,
        -0.198423 -0.182381 0.023622,
        -0.183766 -0.187679 0.023622,
        -0.168810 -0.031410 0.023622,
        -0.187078 -0.033447 0.023622,
        -0.201556 -0.038768 0.023622,
        -0.213644 -0.046973 0.023622,
        -0.222798 -0.056630 0.023622,
        -0.230982 -0.070303 0.023622,
        -0.236326 -0.087235 0.023622,
        -0.121813 -0.042059 0.023622,
        -0.142680 -0.034310 0.023622,
        -0.281527 -0.033810 0.023622,
        -0.281527 -0.012205 0.023622,
        -0.382352 -0.012205 0.023622,
        -0.382352 -0.209055 0.023622,
        -0.355946 -0.209055 0.023622,
        -0.355946 -0.033810 0.023622,
      ]
    }
    coordIndex [
      86, 87, 71, -1,
      71, 87, 79, -1,
      87, 88, 79, -1,
      79, 88, 60, -1,
      88, 89, 60, -1,
      60, 89, 61, -1,
      89, 90, 61, -1,
      61, 90, 62, -1,
      90, 91, 62, -1,
      62, 91, 72, -1,
      91, 92, 72, -1,
      72, 92, 68, -1,
      92, 93, 68, -1,
      68, 93, 65, -1,
      93, 86, 65, -1,
      65, 86, 71, -1,
      94, 90, 95, -1,
      95, 90, 89, -1,
      96, 93, 94, -1,
      94, 93, 92, -1,
      94, 92, 90, -1,
      90, 92, 91, -1,
      96, 97, 93, -1,
      93, 97, 98, -1,
      93, 98, 86, -1,
      86, 98, 99, -1,
      86, 99, 100, -1,
      100, 101, 86, -1,
      86, 101, 95, -1,
      86, 95, 87, -1,
      87, 95, 89, -1,
      87, 89, 88, -1,
      94, 95, 102, -1,
      102, 95, 103, -1,
      96, 94, 104, -1,
      104, 94, 102, -1,
      96, 104, 105, -1,
      96, 105, 97, -1,
      97, 105, 106, -1,
      97, 106, 98, -1,
      99, 98, 107, -1,
      107, 98, 106, -1,
      99, 107, 108, -1,
      99, 108, 100, -1,
      100, 108, 109, -1,
      100, 109, 101, -1,
      95, 101, 103, -1,
      103, 101, 109, -1,
      110, 111, 63, -1,
      63, 111, 64, -1,
      111, 112, 64, -1,
      64, 112, 76, -1,
      112, 113, 76, -1,
      76, 113, 77, -1,
      114, 84, 83, -1,
      114, 83, 115, -1,
      115, 83, 82, -1,
      115, 82, 116, -1,
      116, 82, 81, -1,
      116, 81, 117, -1,
      117, 81, 80, -1,
      117, 80, 118, -1,
      118, 80, 67, -1,
      118, 67, 119, -1,
      119, 67, 66, -1,
      119, 66, 120, -1,
      120, 66, 78, -1,
      120, 78, 121, -1,
      121, 78, 77, -1,
      121, 77, 113, -1,
      110, 63, 70, -1,
      110, 70, 122, -1,
      122, 70, 69, -1,
      122, 69, 123, -1,
      123, 69, 75, -1,
      123, 75, 124, -1,
      124, 75, 74, -1,
      124, 74, 125, -1,
      125, 74, 73, -1,
      125, 73, 126, -1,
      126, 73, 85, -1,
      126, 85, 127, -1,
      127, 85, 84, -1,
      127, 84, 114, -1,
      127, 114, 128, -1,
      128, 114, 115, -1,
      128, 115, 129, -1,
      129, 115, 116, -1,
      129, 116, 130, -1,
      130, 116, 117, -1,
      130, 117, 131, -1,
      131, 117, 118, -1,
      131, 118, 132, -1,
      132, 118, 119, -1,
      132, 119, 133, -1,
      133, 119, 120, -1,
      133, 120, 134, -1,
      134, 120, 121, -1,
      134, 121, 135, -1,
      135, 121, 113, -1,
      135, 113, 136, -1,
      136, 113, 112, -1,
      136, 112, 137, -1,
      137, 112, 111, -1,
      137, 111, 138, -1,
      138, 111, 110, -1,
      138, 110, 139, -1,
      139, 110, 122, -1,
      139, 122, 140, -1,
      140, 122, 123, -1,
      140, 123, 141, -1,
      141, 123, 124, -1,
      141, 124, 142, -1,
      142, 124, 125, -1,
      142, 125, 143, -1,
      143, 125, 126, -1,
      143, 126, 144, -1,
      144, 126, 127, -1,
      144, 127, 128, -1,
      135, 136, 145, -1,
      145, 136, 146, -1,
      135, 145, 147, -1,
      135, 147, 134, -1,
      134, 147, 148, -1,
      134, 148, 133, -1,
      133, 148, 149, -1,
      133, 149, 132, -1,
      132, 149, 150, -1,
      132, 150, 131, -1,
      131, 150, 151, -1,
      131, 151, 130, -1,
      130, 151, 152, -1,
      130, 152, 129, -1,
      129, 152, 153, -1,
      129, 153, 128, -1,
      128, 153, 154, -1,
      128, 154, 144, -1,
      144, 154, 155, -1,
      144, 155, 143, -1,
      143, 155, 156, -1,
      143, 156, 142, -1,
      142, 156, 157, -1,
      142, 157, 141, -1,
      141, 157, 158, -1,
      141, 158, 140, -1,
      140, 158, 159, -1,
      140, 159, 139, -1,
      139, 159, 160, -1,
      139, 160, 138, -1,
      137, 138, 161, -1,
      161, 138, 160, -1,
      136, 137, 146, -1,
      146, 137, 161, -1,
      162, 163, 11, -1,
      11, 163, 39, -1,
      163, 164, 39, -1,
      39, 164, 40, -1,
      164, 165, 40, -1,
      40, 165, 2, -1,
      165, 166, 2, -1,
      2, 166, 9, -1,
      166, 167, 9, -1,
      9, 167, 10, -1,
      167, 168, 10, -1,
      10, 168, 17, -1,
      168, 169, 17, -1,
      17, 169, 16, -1,
      169, 170, 16, -1,
      16, 170, 15, -1,
      170, 171, 15, -1,
      15, 171, 14, -1,
      171, 172, 14, -1,
      14, 172, 12, -1,
      172, 173, 12, -1,
      12, 173, 13, -1,
      173, 162, 13, -1,
      13, 162, 11, -1,
      164, 163, 162, -1,
      162, 173, 164, -1,
      164, 173, 172, -1,
      164, 172, 165, -1,
      167, 166, 168, -1,
      168, 166, 165, -1,
      168, 165, 169, -1,
      169, 165, 172, -1,
      169, 172, 170, -1,
      170, 172, 171, -1,
      174, 175, 6, -1,
      6, 175, 54, -1,
      176, 57, 56, -1,
      176, 56, 177, -1,
      177, 56, 55, -1,
      177, 55, 178, -1,
      178, 55, 54, -1,
      178, 54, 175, -1,
      179, 45, 53, -1,
      179, 53, 180, -1,
      180, 53, 52, -1,
      180, 52, 181, -1,
      181, 52, 50, -1,
      181, 50, 182, -1,
      182, 50, 48, -1,
      182, 48, 183, -1,
      183, 48, 47, -1,
      183, 47, 184, -1,
      184, 47, 58, -1,
      184, 58, 185, -1,
      185, 58, 57, -1,
      185, 57, 176, -1,
      186, 59, 187, -1,
      187, 59, 42, -1,
      42, 41, 187, -1,
      187, 41, 38, -1,
      187, 38, 188, -1,
      188, 38, 37, -1,
      188, 37, 189, -1,
      189, 37, 35, -1,
      189, 35, 190, -1,
      190, 35, 34, -1,
      190, 34, 191, -1,
      191, 34, 46, -1,
      191, 46, 192, -1,
      192, 46, 45, -1,
      192, 45, 179, -1,
      59, 186, 8, -1,
      8, 186, 193, -1,
      8, 193, 0, -1,
      0, 193, 194, -1,
      0, 194, 1, -1,
      194, 195, 1, -1,
      1, 195, 7, -1,
      196, 3, 5, -1,
      196, 5, 197, -1,
      197, 5, 7, -1,
      197, 7, 195, -1,
      198, 25, 24, -1,
      198, 24, 199, -1,
      199, 24, 23, -1,
      199, 23, 200, -1,
      200, 23, 22, -1,
      200, 22, 201, -1,
      201, 22, 21, -1,
      201, 21, 202, -1,
      202, 21, 20, -1,
      202, 20, 203, -1,
      203, 20, 19, -1,
      203, 19, 204, -1,
      204, 19, 3, -1,
      204, 3, 196, -1,
      205, 28, 30, -1,
      205, 30, 206, -1,
      206, 30, 31, -1,
      206, 31, 207, -1,
      207, 31, 29, -1,
      207, 29, 208, -1,
      208, 29, 32, -1,
      208, 32, 209, -1,
      209, 32, 27, -1,
      209, 27, 210, -1,
      210, 27, 26, -1,
      210, 26, 211, -1,
      211, 26, 25, -1,
      211, 25, 198, -1,
      174, 6, 4, -1,
      174, 4, 212, -1,
      212, 4, 33, -1,
      212, 33, 213, -1,
      213, 33, 28, -1,
      213, 28, 205, -1,
      206, 176, 205, -1,
      205, 176, 177, -1,
      205, 177, 213, -1,
      213, 177, 178, -1,
      213, 178, 212, -1,
      212, 178, 175, -1,
      212, 175, 174, -1,
      195, 194, 197, -1,
      197, 194, 193, -1,
      197, 193, 196, -1,
      196, 193, 186, -1,
      196, 186, 204, -1,
      204, 186, 187, -1,
      204, 187, 203, -1,
      203, 187, 188, -1,
      203, 188, 202, -1,
      202, 188, 189, -1,
      202, 189, 201, -1,
      201, 189, 190, -1,
      201, 190, 200, -1,
      200, 190, 191, -1,
      200, 191, 199, -1,
      199, 191, 192, -1,
      199, 192, 198, -1,
      198, 192, 179, -1,
      198, 179, 211, -1,
      211, 179, 180, -1,
      211, 180, 210, -1,
      210, 180, 181, -1,
      210, 181, 209, -1,
      209, 181, 182, -1,
      209, 182, 208, -1,
      208, 182, 183, -1,
      208, 183, 207, -1,
      207, 183, 184, -1,
      207, 184, 206, -1,
      206, 184, 185, -1,
      206, 185, 176, -1,
      214, 215, 51, -1,
      51, 215, 49, -1,
      215, 216, 49, -1,
      49, 216, 18, -1,
      216, 217, 18, -1,
      18, 217, 43, -1,
      217, 218, 43, -1,
      43, 218, 36, -1,
      218, 219, 36, -1,
      36, 219, 44, -1,
      219, 214, 44, -1,
      44, 214, 51, -1,
      218, 217, 219, -1,
      219, 217, 216, -1,
      219, 216, 214, -1,
      214, 216, 215, -1,
    ]
  }
}

Shape {
  appearance Appearance {
    material Material {
      diffuseColor 0.8510 0.8510 0.8510
      specularColor 0.6824 0.6824 0.6824
      ambientIntensity 0.2
      transparency 0.0000
      shininess 0.5
    }
  }
  geometry IndexedFaceSet {
    ccw TRUE
    solid FALSE
    coord DEF co Coordinate {
      point [
        0.291245 -0.089024 0.019685,
        0.357074 -0.089024 0.019685,
        0.320615 -0.171246 0.019685,
        0.322477 -0.178081 0.019685,
        0.323766 -0.185049 0.019685,
        0.324404 -0.185049 0.019685,
        0.325688 -0.178094 0.019685,
        0.327442 -0.171246 0.019685,
        0.119601 -0.187450 0.019685,
        0.090569 -0.187450 0.019685,
        0.143035 -0.184942 0.019685,
        0.159290 -0.179217 0.019685,
        0.173630 -0.169945 0.019685,
        0.183181 -0.159775 0.019685,
        0.189920 -0.147689 0.019685,
        0.194524 -0.132137 0.019685,
        0.196196 -0.112543 0.019685,
        0.193766 -0.088865 0.019685,
        0.188546 -0.073210 0.019685,
        0.180303 -0.059769 0.019685,
        0.169180 -0.048816 0.019685,
        0.155872 -0.040911 0.019685,
        0.139310 -0.035748 0.019685,
        0.118513 -0.033810 0.019685,
        0.090569 -0.033810 0.019685,
      ]
    }
    coordIndex [
      0, 1, 2, -1,
      2, 1, 7, -1,
      2, 7, 3, -1,
      3, 7, 6, -1,
      3, 6, 4, -1,
      4, 6, 5, -1,
      9, 24, 8, -1,
      8, 24, 23, -1,
      17, 16, 8, -1,
      16, 15, 8, -1,
      8, 15, 14, -1,
      8, 14, 10, -1,
      23, 22, 8, -1,
      8, 22, 21, -1,
      8, 21, 20, -1,
      13, 12, 14, -1,
      14, 12, 11, -1,
      14, 11, 10, -1,
      20, 19, 8, -1,
      8, 19, 18, -1,
      8, 18, 17, -1,
    ]
  }
}

Shape {
  appearance Appearance {
    material Material {
      diffuseColor 0.0000 0.0000 0.0000
      specularColor 0.0000 0.0000 0.0000
      ambientIntensity 0.2
      transparency 0.0000
      shininess 0.5
    }
  }
  geometry IndexedFaceSet {
    ccw TRUE
    solid FALSE
    coord DEF co Coordinate {
      point [
        -0.118922 0.436291 1.279921,
        -0.118922 0.449984 1.279921,
        -0.118922 0.436291 1.279528,
        -0.118922 0.449984 1.279528,
        -0.071090 0.436291 1.279921,
        -0.071090 0.436291 1.279528,
        -0.071090 0.329880 1.279921,
        -0.071090 0.329880 1.279528,
        -0.055585 0.329880 1.279921,
        -0.055585 0.329880 1.279528,
        -0.055585 0.449984 1.279921,
        -0.055585 0.449984 1.279528,
        -0.180510 0.452011 1.279921,
        -0.180510 0.452011 1.279528,
        -0.187842 0.451759 1.279528,
        -0.187842 0.451759 1.279921,
        -0.194650 0.451012 1.279528,
        -0.194650 0.451012 1.279921,
        -0.200795 0.449813 1.279528,
        -0.200795 0.449813 1.279921,
        -0.206333 0.448203 1.279528,
        -0.206333 0.448203 1.279921,
        -0.211320 0.446213 1.279528,
        -0.211320 0.446213 1.279921,
        -0.213759 0.445011 1.279528,
        -0.213759 0.445011 1.279921,
        -0.213759 0.430151 1.279921,
        -0.213759 0.430151 1.279528,
        -0.209237 0.432603 1.279528,
        -0.209237 0.432603 1.279921,
        -0.204454 0.434612 1.279528,
        -0.204454 0.434612 1.279921,
        -0.199395 0.436182 1.279528,
        -0.199395 0.436182 1.279921,
        -0.194036 0.437310 1.279528,
        -0.194036 0.437310 1.279921,
        -0.188346 0.437987 1.279528,
        -0.188346 0.437987 1.279921,
        -0.182751 0.438195 1.279528,
        -0.182751 0.438195 1.279921,
        -0.177524 0.437943 1.279528,
        -0.177524 0.437943 1.279921,
        -0.172609 0.437192 1.279528,
        -0.172609 0.437192 1.279921,
        -0.168078 0.435977 1.279528,
        -0.168078 0.435977 1.279921,
        -0.163891 0.434319 1.279528,
        -0.163891 0.434319 1.279921,
        -0.160010 0.432229 1.279528,
        -0.160010 0.432229 1.279921,
        -0.156403 0.429704 1.279528,
        -0.156403 0.429704 1.279921,
        -0.153044 0.426728 1.279528,
        -0.153044 0.426728 1.279921,
        -0.151896 0.425546 1.279528,
        -0.151896 0.425546 1.279921,
        -0.148989 0.422036 1.279528,
        -0.148989 0.422036 1.279921,
        -0.146494 0.418220 1.279528,
        -0.146494 0.418220 1.279921,
        -0.144408 0.414094 1.279528,
        -0.144408 0.414094 1.279921,
        -0.142724 0.409630 1.279528,
        -0.142724 0.409630 1.279921,
        -0.141443 0.404791 1.279528,
        -0.141443 0.404791 1.279921,
        -0.140577 0.399537 1.279528,
        -0.140577 0.399537 1.279921,
        -0.140148 0.393823 1.279528,
        -0.140148 0.393823 1.279921,
        -0.140107 0.391283 1.279528,
        -0.140107 0.391283 1.279921,
        -0.140358 0.385066 1.279528,
        -0.140358 0.385066 1.279921,
        -0.141108 0.379246 1.279528,
        -0.141108 0.379246 1.279921,
        -0.142317 0.373930 1.279528,
        -0.142317 0.373930 1.279921,
        -0.143954 0.369069 1.279528,
        -0.143954 0.369069 1.279921,
        -0.145998 0.364619 1.279528,
        -0.145998 0.364619 1.279921,
        -0.148441 0.360539 1.279528,
        -0.148441 0.360539 1.279921,
        -0.151280 0.356796 1.279528,
        -0.151280 0.356796 1.279921,
        -0.152725 0.355178 1.279528,
        -0.152725 0.355178 1.279921,
        -0.156192 0.351890 1.279528,
        -0.156192 0.351890 1.279921,
        -0.159906 0.349076 1.279528,
        -0.159906 0.349076 1.279921,
        -0.163830 0.346748 1.279528,
        -0.163830 0.346748 1.279921,
        -0.167985 0.344881 1.279528,
        -0.167985 0.344881 1.279921,
        -0.172397 0.343458 1.279528,
        -0.172397 0.343458 1.279921,
        -0.177100 0.342477 1.279528,
        -0.177100 0.342477 1.279921,
        -0.182130 0.341947 1.279528,
        -0.182130 0.341947 1.279921,
        -0.185453 0.341854 1.279528,
        -0.185453 0.341854 1.279921,
        -0.191223 0.342107 1.279528,
        -0.191223 0.342107 1.279921,
        -0.196787 0.342867 1.279528,
        -0.196787 0.342867 1.279921,
        -0.202080 0.344114 1.279528,
        -0.202080 0.344114 1.279921,
        -0.207139 0.345836 1.279528,
        -0.207139 0.345836 1.279921,
        -0.211995 0.348033 1.279528,
        -0.211995 0.348033 1.279921,
        -0.213759 0.348976 1.279528,
        -0.213759 0.348976 1.279921,
        -0.213759 0.332766 1.279921,
        -0.213759 0.332766 1.279528,
        -0.209126 0.331037 1.279528,
        -0.209126 0.331037 1.279921,
        -0.204004 0.329673 1.279528,
        -0.204004 0.329673 1.279921,
        -0.198245 0.328662 1.279528,
        -0.198245 0.328662 1.279921,
        -0.191786 0.328042 1.279528,
        -0.191786 0.328042 1.279921,
        -0.185299 0.327854 1.279528,
        -0.185299 0.327854 1.279921,
        -0.179033 0.328107 1.279528,
        -0.179033 0.328107 1.279921,
        -0.173058 0.328862 1.279528,
        -0.173058 0.328862 1.279921,
        -0.167452 0.330091 1.279528,
        -0.167452 0.330091 1.279921,
        -0.162179 0.331777 1.279528,
        -0.162179 0.331777 1.279921,
        -0.157208 0.333906 1.279528,
        -0.157208 0.333906 1.279921,
        -0.152511 0.336478 1.279528,
        -0.152511 0.336478 1.279921,
        -0.148062 0.339498 1.279528,
        -0.148062 0.339498 1.279921,
        -0.143842 0.342981 1.279528,
        -0.143842 0.342981 1.279921,
        -0.141181 0.345538 1.279528,
        -0.141181 0.345538 1.279921,
        -0.137509 0.349642 1.279528,
        -0.137509 0.349642 1.279921,
        -0.134278 0.354022 1.279528,
        -0.134278 0.354022 1.279921,
        -0.131496 0.358659 1.279528,
        -0.131496 0.358659 1.279921,
        -0.129146 0.363572 1.279528,
        -0.129146 0.363572 1.279921,
        -0.127219 0.368787 1.279528,
        -0.127219 0.368787 1.279921,
        -0.125714 0.374331 1.279528,
        -0.125714 0.374331 1.279921,
        -0.124638 0.380238 1.279528,
        -0.124638 0.380238 1.279921,
        -0.124006 0.386543 1.279528,
        -0.124006 0.386543 1.279921,
        -0.123835 0.392204 1.279528,
        -0.123835 0.392204 1.279921,
        -0.124087 0.398944 1.279528,
        -0.124087 0.398944 1.279921,
        -0.124840 0.405309 1.279528,
        -0.124840 0.405309 1.279921,
        -0.126058 0.411195 1.279528,
        -0.126058 0.411195 1.279921,
        -0.127714 0.416643 1.279528,
        -0.127714 0.416643 1.279921,
        -0.129789 0.421690 1.279528,
        -0.129789 0.421690 1.279921,
        -0.132272 0.426373 1.279528,
        -0.132272 0.426373 1.279921,
        -0.135161 0.430722 1.279528,
        -0.135161 0.430722 1.279921,
        -0.138282 0.434563 1.279528,
        -0.138282 0.434563 1.279921,
        -0.139247 0.435616 1.279528,
        -0.139247 0.435616 1.279921,
        -0.142976 0.439207 1.279528,
        -0.142976 0.439207 1.279921,
        -0.146977 0.442348 1.279528,
        -0.146977 0.442348 1.279921,
        -0.151225 0.445030 1.279528,
        -0.151225 0.445030 1.279921,
        -0.155737 0.447271 1.279528,
        -0.155737 0.447271 1.279921,
        -0.160537 0.449084 1.279528,
        -0.160537 0.449084 1.279921,
        -0.165655 0.450471 1.279528,
        -0.165655 0.450471 1.279921,
        -0.171122 0.451426 1.279528,
        -0.171122 0.451426 1.279921,
        -0.176976 0.451931 1.279528,
        -0.176976 0.451931 1.279921,
        -0.302395 0.436291 1.279921,
        -0.302395 0.449984 1.279921,
        -0.302395 0.436291 1.279528,
        -0.302395 0.449984 1.279528,
        -0.253303 0.436291 1.279921,
        -0.253303 0.436291 1.279528,
        -0.253303 0.395888 1.279921,
        -0.253303 0.395888 1.279528,
        -0.296254 0.395888 1.279921,
        -0.296254 0.395888 1.279528,
        -0.296254 0.382134 1.279921,
        -0.296254 0.382134 1.279528,
        -0.253303 0.382134 1.279921,
        -0.253303 0.382134 1.279528,
        -0.253303 0.343696 1.279921,
        -0.253303 0.343696 1.279528,
        -0.299662 0.343696 1.279921,
        -0.299662 0.343696 1.279528,
        -0.299662 0.329880 1.279921,
        -0.299662 0.329880 1.279528,
        -0.237799 0.329880 1.279921,
        -0.237799 0.329880 1.279528,
        -0.237799 0.449984 1.279921,
        -0.237799 0.449984 1.279528,
        -0.380340 0.432431 1.279921,
        -0.388646 0.443915 1.279921,
        -0.384696 0.430396 1.279921,
        -0.393636 0.441363 1.279921,
        -0.388642 0.427976 1.279921,
        -0.398319 0.438385 1.279921,
        -0.392216 0.425173 1.279921,
        -0.402719 0.434974 1.279921,
        -0.393732 0.423765 1.279921,
        -0.404754 0.433160 1.279921,
        -0.396765 0.420472 1.279921,
        -0.408589 0.429237 1.279921,
        -0.399386 0.416861 1.279921,
        -0.411962 0.425045 1.279921,
        -0.401599 0.412933 1.279921,
        -0.414858 0.420617 1.279921,
        -0.403414 0.408659 1.279921,
        -0.405557 0.377243 1.279921,
        -0.420618 0.370927 1.279921,
        -0.404351 0.372261 1.279921,
        -0.418934 0.365866 1.279921,
        -0.402731 0.367803 1.279921,
        -0.416813 0.361143 1.279921,
        -0.400723 0.363812 1.279921,
        -0.414261 0.356724 1.279921,
        -0.398341 0.360241 1.279921,
        -0.411269 0.352583 1.279921,
        -0.407824 0.348696 1.279921,
        -0.395586 0.357050 1.279921,
        -0.404754 0.345783 1.279921,
        -0.393394 0.354994 1.279921,
        -0.400307 0.342211 1.279921,
        -0.389678 0.352138 1.279921,
        -0.395604 0.339098 1.279921,
        -0.385656 0.349699 1.279921,
        -0.390664 0.336449 1.279921,
        -0.381316 0.347671 1.279921,
        -0.385466 0.334249 1.279921,
        -0.376628 0.346048 1.279921,
        -0.379987 0.332491 1.279921,
        -0.371555 0.344835 1.279921,
        -0.374198 0.331174 1.279921,
        -0.366056 0.344046 1.279921,
        -0.368069 0.330307 1.279921,
        -0.360238 0.343709 1.279921,
        -0.361567 0.329906 1.279921,
        -0.358732 0.343696 1.279921,
        -0.359346 0.329880 1.279921,
        -0.340587 0.343696 1.279921,
        -0.325083 0.329880 1.279921,
        -0.340587 0.436291 1.279921,
        -0.325083 0.449984 1.279921,
        -0.358026 0.436291 1.279921,
        -0.358118 0.449984 1.279921,
        -0.364340 0.436037 1.279921,
        -0.364996 0.449729 1.279921,
        -0.370213 0.435281 1.279921,
        -0.371531 0.448967 1.279921,
        -0.375529 0.434068 1.279921,
        -0.377627 0.447729 1.279921,
        -0.383320 0.446040 1.279921,
        -0.417299 0.415936 1.279921,
        -0.419300 0.410981 1.279921,
        -0.404833 0.404004 1.279921,
        -0.420864 0.405727 1.279921,
        -0.405844 0.398928 1.279921,
        -0.421989 0.400143 1.279921,
        -0.406427 0.393384 1.279921,
        -0.422663 0.394195 1.279921,
        -0.406565 0.388827 1.279921,
        -0.422867 0.388397 1.279921,
        -0.406311 0.382804 1.279921,
        -0.422613 0.382215 1.279921,
        -0.421852 0.376364 1.279921,
        -0.389678 0.352138 1.279528,
        -0.400307 0.342211 1.279528,
        -0.393394 0.354994 1.279528,
        -0.404754 0.345783 1.279528,
        -0.395586 0.357050 1.279528,
        -0.407824 0.348696 1.279528,
        -0.398341 0.360241 1.279528,
        -0.411269 0.352583 1.279528,
        -0.400723 0.363812 1.279528,
        -0.414261 0.356724 1.279528,
        -0.402731 0.367803 1.279528,
        -0.416813 0.361143 1.279528,
        -0.404351 0.372261 1.279528,
        -0.404833 0.404004 1.279528,
        -0.419300 0.410981 1.279528,
        -0.403414 0.408659 1.279528,
        -0.417299 0.415936 1.279528,
        -0.401599 0.412933 1.279528,
        -0.414858 0.420617 1.279528,
        -0.399386 0.416861 1.279528,
        -0.411962 0.425045 1.279528,
        -0.396765 0.420472 1.279528,
        -0.408589 0.429237 1.279528,
        -0.393732 0.423765 1.279528,
        -0.404754 0.433160 1.279528,
        -0.392216 0.425173 1.279528,
        -0.402719 0.434974 1.279528,
        -0.388642 0.427976 1.279528,
        -0.398319 0.438385 1.279528,
        -0.384696 0.430396 1.279528,
        -0.418934 0.365866 1.279528,
        -0.420618 0.370927 1.279528,
        -0.405557 0.377243 1.279528,
        -0.421852 0.376364 1.279528,
        -0.406311 0.382804 1.279528,
        -0.422613 0.382215 1.279528,
        -0.406565 0.388827 1.279528,
        -0.422867 0.388397 1.279528,
        -0.406427 0.393384 1.279528,
        -0.422663 0.394195 1.279528,
        -0.405844 0.398928 1.279528,
        -0.421989 0.400143 1.279528,
        -0.420864 0.405727 1.279528,
        -0.393636 0.441363 1.279528,
        -0.388646 0.443915 1.279528,
        -0.380340 0.432431 1.279528,
        -0.383320 0.446040 1.279528,
        -0.375529 0.434068 1.279528,
        -0.377627 0.447729 1.279528,
        -0.370213 0.435281 1.279528,
        -0.371531 0.448967 1.279528,
        -0.364340 0.436037 1.279528,
        -0.364996 0.449729 1.279528,
        -0.358026 0.436291 1.279528,
        -0.358118 0.449984 1.279528,
        -0.340587 0.436291 1.279528,
        -0.325083 0.449984 1.279528,
        -0.340587 0.343696 1.279528,
        -0.325083 0.329880 1.279528,
        -0.358732 0.343696 1.279528,
        -0.359346 0.329880 1.279528,
        -0.360238 0.343709 1.279528,
        -0.361567 0.329906 1.279528,
        -0.366056 0.344046 1.279528,
        -0.368069 0.330307 1.279528,
        -0.371555 0.344835 1.279528,
        -0.374198 0.331174 1.279528,
        -0.376628 0.346048 1.279528,
        -0.379987 0.332491 1.279528,
        -0.381316 0.347671 1.279528,
        -0.385466 0.334249 1.279528,
        -0.385656 0.349699 1.279528,
        -0.390664 0.336449 1.279528,
        -0.395604 0.339098 1.279528,
        -0.463117 0.403563 1.279921,
        -0.458205 0.417133 1.279921,
        -0.503428 0.403563 1.279921,
        -0.508218 0.417133 1.279921,
        -0.481078 0.353643 1.279921,
        -0.475275 0.329880 1.279921,
        -0.429530 0.449984 1.279921,
        -0.446661 0.449984 1.279921,
        -0.482118 0.350059 1.279921,
        -0.483043 0.345231 1.279921,
        -0.491854 0.329880 1.279921,
        -0.483411 0.345231 1.279921,
        -0.484382 0.350312 1.279921,
        -0.485284 0.353643 1.279921,
        -0.537599 0.449984 1.279921,
        -0.520468 0.449984 1.279921,
        -0.458205 0.417133 1.279528,
        -0.463117 0.403563 1.279528,
        -0.508218 0.417133 1.279528,
        -0.503428 0.403563 1.279528,
        -0.485284 0.353643 1.279528,
        -0.491854 0.329880 1.279528,
        -0.537599 0.449984 1.279528,
        -0.520468 0.449984 1.279528,
        -0.484382 0.350312 1.279528,
        -0.483411 0.345231 1.279528,
        -0.475275 0.329880 1.279528,
        -0.483043 0.345231 1.279528,
        -0.482118 0.350059 1.279528,
        -0.481078 0.353643 1.279528,
        -0.429530 0.449984 1.279528,
        -0.446661 0.449984 1.279528,
        -0.120181 0.626825 1.279921,
        -0.120181 0.640518 1.279921,
        -0.120181 0.626825 1.279528,
        -0.120181 0.640518 1.279528,
        -0.071090 0.626825 1.279921,
        -0.071090 0.626825 1.279528,
        -0.071090 0.586422 1.279921,
        -0.071090 0.586422 1.279528,
        -0.114041 0.586422 1.279921,
        -0.114041 0.586422 1.279528,
        -0.114041 0.572667 1.279921,
        -0.114041 0.572667 1.279528,
        -0.071090 0.572667 1.279921,
        -0.071090 0.572667 1.279528,
        -0.071090 0.534229 1.279921,
        -0.071090 0.534229 1.279528,
        -0.117449 0.534229 1.279921,
        -0.117449 0.534229 1.279528,
        -0.117449 0.520413 1.279921,
        -0.117449 0.520413 1.279528,
        -0.055585 0.520413 1.279921,
        -0.055585 0.520413 1.279528,
        -0.055585 0.640518 1.279921,
        -0.055585 0.640518 1.279528,
        -0.176952 0.565721 1.279921,
        -0.179328 0.566582 1.279921,
        -0.185533 0.554623 1.279921,
        -0.144183 0.596401 1.279921,
        -0.141823 0.598409 1.279921,
        -0.153830 0.605457 1.279921,
        -0.152433 0.607084 1.279921,
        -0.146953 0.594581 1.279921,
        -0.155546 0.604106 1.279921,
        -0.150183 0.592962 1.279921,
        -0.188518 0.555790 1.279921,
        -0.181363 0.567730 1.279921,
        -0.191197 0.557220 1.279921,
        -0.183106 0.569152 1.279921,
        -0.193600 0.558917 1.279921,
        -0.141320 0.598912 1.279921,
        -0.139420 0.601141 1.279921,
        -0.151335 0.608946 1.279921,
        -0.137842 0.603578 1.279921,
        -0.150534 0.611050 1.279921,
        -0.153929 0.591561 1.279921,
        -0.157610 0.602978 1.279921,
        -0.158248 0.590407 1.279921,
        -0.160281 0.601940 1.279921,
        -0.163041 0.589553 1.279921,
        -0.152665 0.624747 1.279921,
        -0.151456 0.622976 1.279921,
        -0.138913 0.632393 1.279921,
        -0.150024 0.618771 1.279921,
        -0.135317 0.624357 1.279921,
        -0.150573 0.621000 1.279921,
        -0.136204 0.627307 1.279921,
        -0.137406 0.629975 1.279921,
        -0.188452 0.606491 1.279921,
        -0.188211 0.609734 1.279921,
        -0.203505 0.585317 1.279921,
        -0.195749 0.560893 1.279921,
        -0.184599 0.570863 1.279921,
        -0.197650 0.563166 1.279921,
        -0.185851 0.572874 1.279921,
        -0.199318 0.565780 1.279921,
        -0.136576 0.606230 1.279921,
        -0.135614 0.609119 1.279921,
        -0.150030 0.613431 1.279921,
        -0.134958 0.612278 1.279921,
        -0.149839 0.616325 1.279921,
        -0.134622 0.615740 1.279921,
        -0.134580 0.617553 1.279921,
        -0.134766 0.621085 1.279921,
        -0.188461 0.640518 1.279921,
        -0.203505 0.640518 1.279921,
        -0.188461 0.627255 1.279921,
        -0.187633 0.612824 1.279921,
        -0.200741 0.568770 1.279921,
        -0.186876 0.575228 1.279921,
        -0.201900 0.572182 1.279921,
        -0.187667 0.577978 1.279921,
        -0.202772 0.576067 1.279921,
        -0.188461 0.597474 1.279921,
        -0.188461 0.585992 1.279921,
        -0.168383 0.600176 1.279921,
        -0.163689 0.601014 1.279921,
        -0.154198 0.626334 1.279921,
        -0.146843 0.639234 1.279921,
        -0.156029 0.627717 1.279921,
        -0.149636 0.640503 1.279921,
        -0.158083 0.628795 1.279921,
        -0.152687 0.641474 1.279921,
        -0.160374 0.629573 1.279921,
        -0.140730 0.634591 1.279921,
        -0.141949 0.635790 1.279921,
        -0.144282 0.637664 1.279921,
        -0.203320 0.580481 1.279921,
        -0.188202 0.581181 1.279921,
        -0.188450 0.584907 1.279921,
        -0.188461 0.605702 1.279921,
        -0.182209 0.553725 1.279921,
        -0.178502 0.553111 1.279921,
        -0.174181 0.565176 1.279921,
        -0.174370 0.552804 1.279921,
        -0.171084 0.564992 1.279921,
        -0.172497 0.552773 1.279921,
        -0.169544 0.565019 1.279921,
        -0.167441 0.552960 1.279921,
        -0.165534 0.565343 1.279921,
        -0.162592 0.553519 1.279921,
        -0.161617 0.566035 1.279921,
        -0.158009 0.554432 1.279921,
        -0.157777 0.567100 1.279921,
        -0.153670 0.555686 1.279921,
        -0.153998 0.568550 1.279921,
        -0.149554 0.557272 1.279921,
        -0.150265 0.570403 1.279921,
        -0.145640 0.559187 1.279921,
        -0.146569 0.572683 1.279921,
        -0.142962 0.560756 1.279921,
        -0.142962 0.575369 1.279921,
        -0.186728 0.615695 1.279921,
        -0.185497 0.618374 1.279921,
        -0.188062 0.627255 1.279921,
        -0.183924 0.620881 1.279921,
        -0.187302 0.628511 1.279921,
        -0.168818 0.630016 1.279921,
        -0.172252 0.640904 1.279921,
        -0.171758 0.629462 1.279921,
        -0.175241 0.639678 1.279921,
        -0.174457 0.628564 1.279921,
        -0.178003 0.638135 1.279921,
        -0.176944 0.627334 1.279921,
        -0.180581 0.636261 1.279921,
        -0.182983 0.634048 1.279921,
        -0.179246 0.625772 1.279921,
        -0.185222 0.631474 1.279921,
        -0.181383 0.623866 1.279921,
        -0.182014 0.623202 1.279921,
        -0.156026 0.642143 1.279921,
        -0.159688 0.642494 1.279921,
        -0.162939 0.630048 1.279921,
        -0.161782 0.642544 1.279921,
        -0.165681 0.630202 1.279921,
        -0.165511 0.642358 1.279921,
        -0.169019 0.641803 1.279921,
        -0.146569 0.572683 1.279528,
        -0.142962 0.575369 1.279528,
        -0.142962 0.560756 1.279528,
        -0.181363 0.567730 1.279528,
        -0.191197 0.557220 1.279528,
        -0.183106 0.569152 1.279528,
        -0.193600 0.558917 1.279528,
        -0.184599 0.570863 1.279528,
        -0.187633 0.612824 1.279528,
        -0.188211 0.609734 1.279528,
        -0.203505 0.585317 1.279528,
        -0.152665 0.624747 1.279528,
        -0.138913 0.632393 1.279528,
        -0.151456 0.622976 1.279528,
        -0.137406 0.629975 1.279528,
        -0.150573 0.621000 1.279528,
        -0.195749 0.560893 1.279528,
        -0.197650 0.563166 1.279528,
        -0.185851 0.572874 1.279528,
        -0.199318 0.565780 1.279528,
        -0.186876 0.575228 1.279528,
        -0.174181 0.565176 1.279528,
        -0.178502 0.553111 1.279528,
        -0.176952 0.565721 1.279528,
        -0.182209 0.553725 1.279528,
        -0.179328 0.566582 1.279528,
        -0.185533 0.554623 1.279528,
        -0.188518 0.555790 1.279528,
        -0.186728 0.615695 1.279528,
        -0.188461 0.627255 1.279528,
        -0.188461 0.640518 1.279528,
        -0.203505 0.640518 1.279528,
        -0.188461 0.597474 1.279528,
        -0.203320 0.580481 1.279528,
        -0.188461 0.605702 1.279528,
        -0.188452 0.606491 1.279528,
        -0.153830 0.605457 1.279528,
        -0.146953 0.594581 1.279528,
        -0.155546 0.604106 1.279528,
        -0.150183 0.592962 1.279528,
        -0.157610 0.602978 1.279528,
        -0.153929 0.591561 1.279528,
        -0.160281 0.601940 1.279528,
        -0.158248 0.590407 1.279528,
        -0.163689 0.601014 1.279528,
        -0.163041 0.589553 1.279528,
        -0.152433 0.607084 1.279528,
        -0.141823 0.598409 1.279528,
        -0.144183 0.596401 1.279528,
        -0.154198 0.626334 1.279528,
        -0.141949 0.635790 1.279528,
        -0.140730 0.634591 1.279528,
        -0.156029 0.627717 1.279528,
        -0.146843 0.639234 1.279528,
        -0.144282 0.637664 1.279528,
        -0.151335 0.608946 1.279528,
        -0.139420 0.601141 1.279528,
        -0.141320 0.598912 1.279528,
        -0.200741 0.568770 1.279528,
        -0.201900 0.572182 1.279528,
        -0.187667 0.577978 1.279528,
        -0.202772 0.576067 1.279528,
        -0.188202 0.581181 1.279528,
        -0.188450 0.584907 1.279528,
        -0.136204 0.627307 1.279528,
        -0.135317 0.624357 1.279528,
        -0.150024 0.618771 1.279528,
        -0.188461 0.585992 1.279528,
        -0.168383 0.600176 1.279528,
        -0.150265 0.570403 1.279528,
        -0.145640 0.559187 1.279528,
        -0.153998 0.568550 1.279528,
        -0.149554 0.557272 1.279528,
        -0.157777 0.567100 1.279528,
        -0.153670 0.555686 1.279528,
        -0.161617 0.566035 1.279528,
        -0.158009 0.554432 1.279528,
        -0.165534 0.565343 1.279528,
        -0.162592 0.553519 1.279528,
        -0.169544 0.565019 1.279528,
        -0.167441 0.552960 1.279528,
        -0.171084 0.564992 1.279528,
        -0.172497 0.552773 1.279528,
        -0.174370 0.552804 1.279528,
        -0.150030 0.613431 1.279528,
        -0.135614 0.609119 1.279528,
        -0.150534 0.611050 1.279528,
        -0.136576 0.606230 1.279528,
        -0.137842 0.603578 1.279528,
        -0.134766 0.621085 1.279528,
        -0.134580 0.617553 1.279528,
        -0.149839 0.616325 1.279528,
        -0.134622 0.615740 1.279528,
        -0.134958 0.612278 1.279528,
        -0.187302 0.628511 1.279528,
        -0.185222 0.631474 1.279528,
        -0.179246 0.625772 1.279528,
        -0.182983 0.634048 1.279528,
        -0.176944 0.627334 1.279528,
        -0.180581 0.636261 1.279528,
        -0.174457 0.628564 1.279528,
        -0.178003 0.638135 1.279528,
        -0.171758 0.629462 1.279528,
        -0.162939 0.630048 1.279528,
        -0.159688 0.642494 1.279528,
        -0.160374 0.629573 1.279528,
        -0.156026 0.642143 1.279528,
        -0.158083 0.628795 1.279528,
        -0.152687 0.641474 1.279528,
        -0.149636 0.640503 1.279528,
        -0.175241 0.639678 1.279528,
        -0.172252 0.640904 1.279528,
        -0.168818 0.630016 1.279528,
        -0.169019 0.641803 1.279528,
        -0.165681 0.630202 1.279528,
        -0.165511 0.642358 1.279528,
        -0.161782 0.642544 1.279528,
        -0.181383 0.623866 1.279528,
        -0.182014 0.623202 1.279528,
        -0.188062 0.627255 1.279528,
        -0.183924 0.620881 1.279528,
        -0.185497 0.618374 1.279528,
        -0.248637 0.630263 1.279921,
        -0.248637 0.630263 1.279528,
        -0.244794 0.630086 1.279528,
        -0.244794 0.630086 1.279921,
        -0.241035 0.629555 1.279528,
        -0.241035 0.629555 1.279921,
        -0.237373 0.628675 1.279528,
        -0.237373 0.628675 1.279921,
        -0.233789 0.627447 1.279528,
        -0.233789 0.627447 1.279921,
        -0.230264 0.625863 1.279528,
        -0.230264 0.625863 1.279921,
        -0.226783 0.623909 1.279528,
        -0.226783 0.623909 1.279921,
        -0.223891 0.621974 1.279528,
        -0.223891 0.621974 1.279921,
        -0.223891 0.637509 1.279921,
        -0.223891 0.637509 1.279528,
        -0.227493 0.639110 1.279528,
        -0.227493 0.639110 1.279921,
        -0.231303 0.640411 1.279528,
        -0.231303 0.640411 1.279921,
        -0.235339 0.641410 1.279528,
        -0.235339 0.641410 1.279921,
        -0.239622 0.642103 1.279528,
        -0.239622 0.642103 1.279921,
        -0.244174 0.642478 1.279528,
        -0.244174 0.642478 1.279921,
        -0.247163 0.642544 1.279528,
        -0.247163 0.642544 1.279921,
        -0.251938 0.642369 1.279528,
        -0.251938 0.642369 1.279921,
        -0.256398 0.641846 1.279528,
        -0.256398 0.641846 1.279921,
        -0.260456 0.641007 1.279528,
        -0.260456 0.641007 1.279921,
        -0.264146 0.639873 1.279528,
        -0.264146 0.639873 1.279921,
        -0.267499 0.638465 1.279528,
        -0.267499 0.638465 1.279921,
        -0.270545 0.636795 1.279528,
        -0.270545 0.636795 1.279921,
        -0.272154 0.635728 1.279528,
        -0.272154 0.635728 1.279921,
        -0.274575 0.633831 1.279528,
        -0.274575 0.633831 1.279921,
        -0.276638 0.631760 1.279528,
        -0.276638 0.631760 1.279921,
        -0.278323 0.629558 1.279528,
        -0.278323 0.629558 1.279921,
        -0.279661 0.627219 1.279528,
        -0.279661 0.627219 1.279921,
        -0.280673 0.624727 1.279528,
        -0.280673 0.624727 1.279921,
        -0.281370 0.622064 1.279528,
        -0.281370 0.622064 1.279921,
        -0.281751 0.619205 1.279528,
        -0.281751 0.619205 1.279921,
        -0.281825 0.617185 1.279528,
        -0.281825 0.617185 1.279921,
        -0.281650 0.614126 1.279528,
        -0.281650 0.614126 1.279921,
        -0.281128 0.611274 1.279528,
        -0.281128 0.611274 1.279921,
        -0.280286 0.608670 1.279528,
        -0.280286 0.608670 1.279921,
        -0.279136 0.606283 1.279528,
        -0.279136 0.606283 1.279921,
        -0.277680 0.604087 1.279528,
        -0.277680 0.604087 1.279921,
        -0.276790 0.603000 1.279528,
        -0.276790 0.603000 1.279921,
        -0.274902 0.601152 1.279528,
        -0.274902 0.601152 1.279921,
        -0.272496 0.599294 1.279528,
        -0.272496 0.599294 1.279921,
        -0.269398 0.597343 1.279528,
        -0.269398 0.597343 1.279921,
        -0.265502 0.595300 1.279528,
        -0.265502 0.595300 1.279921,
        -0.260692 0.593174 1.279528,
        -0.260692 0.593174 1.279921,
        -0.257386 0.591887 1.279528,
        -0.257386 0.591887 1.279921,
        -0.250865 0.589163 1.279528,
        -0.250865 0.589163 1.279921,
        -0.246807 0.587172 1.279528,
        -0.246807 0.587172 1.279921,
        -0.244170 0.585591 1.279528,
        -0.244170 0.585591 1.279921,
        -0.242772 0.584518 1.279528,
        -0.242772 0.584518 1.279921,
        -0.241514 0.583186 1.279528,
        -0.241514 0.583186 1.279921,
        -0.240561 0.581653 1.279528,
        -0.240561 0.581653 1.279921,
        -0.239912 0.579928 1.279528,
        -0.239912 0.579928 1.279921,
        -0.239556 0.577970 1.279528,
        -0.239556 0.577970 1.279921,
        -0.239487 0.576536 1.279528,
        -0.239487 0.576536 1.279921,
        -0.239662 0.574595 1.279528,
        -0.239662 0.574595 1.279921,
        -0.240182 0.572810 1.279528,
        -0.240182 0.572810 1.279921,
        -0.241026 0.571204 1.279528,
        -0.241026 0.571204 1.279921,
        -0.242193 0.569753 1.279528,
        -0.242193 0.569753 1.279921,
        -0.243665 0.568468 1.279528,
        -0.243665 0.568468 1.279921,
        -0.244062 0.568185 1.279528,
        -0.244062 0.568185 1.279921,
        -0.246041 0.567005 1.279528,
        -0.246041 0.567005 1.279921,
        -0.248256 0.566097 1.279528,
        -0.248256 0.566097 1.279921,
        -0.250759 0.565450 1.279528,
        -0.250759 0.565450 1.279921,
        -0.253595 0.565077 1.279528,
        -0.253595 0.565077 1.279921,
        -0.255913 0.564992 1.279528,
        -0.255913 0.564992 1.279921,
        -0.259939 0.565169 1.279528,
        -0.259939 0.565169 1.279921,
        -0.263804 0.565695 1.279528,
        -0.263804 0.565695 1.279921,
        -0.267479 0.566557 1.279528,
        -0.267479 0.566557 1.279921,
        -0.270986 0.567746 1.279528,
        -0.270986 0.567746 1.279921,
        -0.274346 0.569261 1.279528,
        -0.274346 0.569261 1.279921,
        -0.277711 0.571194 1.279528,
        -0.277711 0.571194 1.279921,
        -0.277711 0.556580 1.279921,
        -0.277711 0.556580 1.279528,
        -0.273820 0.555170 1.279528,
        -0.273820 0.555170 1.279921,
        -0.269801 0.554091 1.279528,
        -0.269801 0.554091 1.279921,
        -0.265612 0.553330 1.279528,
        -0.265612 0.553330 1.279921,
        -0.261226 0.552890 1.279528,
        -0.261226 0.552890 1.279921,
        -0.257386 0.552773 1.279528,
        -0.257386 0.552773 1.279921,
        -0.252973 0.552949 1.279528,
        -0.252973 0.552949 1.279921,
        -0.248807 0.553473 1.279528,
        -0.248807 0.553473 1.279921,
        -0.244954 0.554322 1.279528,
        -0.244954 0.554322 1.279921,
        -0.241386 0.555478 1.279528,
        -0.241386 0.555478 1.279921,
        -0.238075 0.556928 1.279528,
        -0.238075 0.556928 1.279921,
        -0.234998 0.558669 1.279528,
        -0.234998 0.558669 1.279921,
        -0.233623 0.559589 1.279528,
        -0.233623 0.559589 1.279921,
        -0.231147 0.561581 1.279528,
        -0.231147 0.561581 1.279921,
        -0.229048 0.563731 1.279528,
        -0.229048 0.563731 1.279921,
        -0.227352 0.565986 1.279528,
        -0.227352 0.565986 1.279921,
        -0.226024 0.568354 1.279528,
        -0.226024 0.568354 1.279921,
        -0.225034 0.570851 1.279528,
        -0.225034 0.570851 1.279921,
        -0.224371 0.573496 1.279528,
        -0.224371 0.573496 1.279921,
        -0.224030 0.576318 1.279528,
        -0.224030 0.576318 1.279921,
        -0.223983 0.577887 1.279528,
        -0.223983 0.577887 1.279921,
        -0.224159 0.581017 1.279528,
        -0.224159 0.581017 1.279921,
        -0.224682 0.583944 1.279528,
        -0.224682 0.583944 1.279921,
        -0.225528 0.586617 1.279528,
        -0.225528 0.586617 1.279921,
        -0.226681 0.589063 1.279528,
        -0.226681 0.589063 1.279921,
        -0.228050 0.591188 1.279528,
        -0.228050 0.591188 1.279921,
        -0.228251 0.591457 1.279528,
        -0.228251 0.591457 1.279921,
        -0.229781 0.593177 1.279528,
        -0.229781 0.593177 1.279921,
        -0.231813 0.594929 1.279528,
        -0.231813 0.594929 1.279921,
        -0.234529 0.596815 1.279528,
        -0.234529 0.596815 1.279921,
        -0.238055 0.598844 1.279528,
        -0.238055 0.598844 1.279921,
        -0.242531 0.601020 1.279528,
        -0.242531 0.601020 1.279921,
        -0.246764 0.602817 1.279528,
        -0.246764 0.602817 1.279921,
        -0.253358 0.605448 1.279528,
        -0.253358 0.605448 1.279921,
        -0.257700 0.607483 1.279528,
        -0.257700 0.607483 1.279921,
        -0.260675 0.609170 1.279528,
        -0.260675 0.609170 1.279921,
        -0.262513 0.610492 1.279528,
        -0.262513 0.610492 1.279921,
        -0.264000 0.611957 1.279528,
        -0.264000 0.611957 1.279921,
        -0.265120 0.613566 1.279528,
        -0.265120 0.613566 1.279921,
        -0.265869 0.615279 1.279528,
        -0.265869 0.615279 1.279921,
        -0.266284 0.617123 1.279528,
        -0.266284 0.617123 1.279921,
        -0.266382 0.618658 1.279528,
        -0.266382 0.618658 1.279921,
        -0.266209 0.620837 1.279528,
        -0.266209 0.620837 1.279921,
        -0.265695 0.622774 1.279528,
        -0.265695 0.622774 1.279921,
        -0.264880 0.624426 1.279528,
        -0.264880 0.624426 1.279921,
        -0.263778 0.625844 1.279528,
        -0.263778 0.625844 1.279921,
        -0.262378 0.627062 1.279528,
        -0.262378 0.627062 1.279921,
        -0.260598 0.628124 1.279528,
        -0.260598 0.628124 1.279921,
        -0.258471 0.628981 1.279528,
        -0.258471 0.628981 1.279921,
        -0.255887 0.629644 1.279528,
        -0.255887 0.629644 1.279921,
        -0.252771 0.630084 1.279528,
        -0.252771 0.630084 1.279921,
        -0.356399 0.554738 1.279921,
        -0.371995 0.554738 1.279921,
        -0.356399 0.554738 1.279528,
        -0.371995 0.554738 1.279528,
        -0.332974 0.619334 1.279921,
        -0.332974 0.619334 1.279528,
        -0.331822 0.623333 1.279528,
        -0.331822 0.623333 1.279921,
        -0.331131 0.626272 1.279528,
        -0.331131 0.626272 1.279921,
        -0.330732 0.626272 1.279921,
        -0.330732 0.626272 1.279528,
        -0.328890 0.619211 1.279921,
        -0.328890 0.619211 1.279528,
        -0.306478 0.554738 1.279921,
        -0.306478 0.554738 1.279528,
        -0.289654 0.554738 1.279921,
        -0.289654 0.554738 1.279528,
        -0.323302 0.640333 1.279921,
        -0.323302 0.640333 1.279528,
        -0.316702 0.655930 1.279921,
        -0.316702 0.655930 1.279528,
        -0.314937 0.659498 1.279528,
        -0.314937 0.659498 1.279921,
        -0.313148 0.662145 1.279528,
        -0.313148 0.662145 1.279921,
        -0.311026 0.664409 1.279528,
        -0.311026 0.664409 1.279921,
        -0.308832 0.666027 1.279528,
        -0.308832 0.666027 1.279921,
        -0.306441 0.667165 1.279528,
        -0.306441 0.667165 1.279921,
        -0.303877 0.667825 1.279528,
        -0.303877 0.667825 1.279921,
        -0.301289 0.668026 1.279528,
        -0.301289 0.668026 1.279921,
        -0.298044 0.667774 1.279528,
        -0.298044 0.667774 1.279921,
        -0.294729 0.667003 1.279528,
        -0.294729 0.667003 1.279921,
        -0.292754 0.666307 1.279528,
        -0.292754 0.666307 1.279921,
        -0.292754 0.679693 1.279921,
        -0.292754 0.679693 1.279528,
        -0.296301 0.680480 1.279528,
        -0.296301 0.680480 1.279921,
        -0.300438 0.680878 1.279528,
        -0.300438 0.680878 1.279921,
        -0.302456 0.680921 1.279528,
        -0.302456 0.680921 1.279921,
        -0.306137 0.680672 1.279528,
        -0.306137 0.680672 1.279921,
        -0.309643 0.679930 1.279528,
        -0.309643 0.679930 1.279921,
        -0.312948 0.678711 1.279528,
        -0.312948 0.678711 1.279921,
        -0.316090 0.677017 1.279528,
        -0.316090 0.677017 1.279921,
        -0.319099 0.674823 1.279528,
        -0.319099 0.674823 1.279921,
        -0.322055 0.672032 1.279528,
        -0.322055 0.672032 1.279921,
        -0.324856 0.668696 1.279528,
        -0.324856 0.668696 1.279921,
        -0.327569 0.664695 1.279528,
        -0.327569 0.664695 1.279921,
        -0.330189 0.659950 1.279528,
        -0.330189 0.659950 1.279921,
        -0.332683 0.654426 1.279528,
        -0.332683 0.654426 1.279921,
        -0.333066 0.653474 1.279528,
        -0.333066 0.653474 1.279921,
        -0.452802 0.626825 1.279921,
        -0.452802 0.640518 1.279921,
        -0.452802 0.626825 1.279528,
        -0.452802 0.640518 1.279528,
        -0.403710 0.626825 1.279921,
        -0.403710 0.626825 1.279528,
        -0.403710 0.586422 1.279921,
        -0.403710 0.586422 1.279528,
        -0.446661 0.586422 1.279921,
        -0.446661 0.586422 1.279528,
        -0.446661 0.572667 1.279921,
        -0.446661 0.572667 1.279528,
        -0.403710 0.572667 1.279921,
        -0.403710 0.572667 1.279528,
        -0.403710 0.534229 1.279921,
        -0.403710 0.534229 1.279528,
        -0.450069 0.534229 1.279921,
        -0.450069 0.534229 1.279528,
        -0.450069 0.520413 1.279921,
        -0.450069 0.520413 1.279528,
        -0.388206 0.520413 1.279921,
        -0.388206 0.520413 1.279528,
        -0.388206 0.640518 1.279921,
        -0.388206 0.640518 1.279528,
        -0.530746 0.622964 1.279921,
        -0.539053 0.634448 1.279921,
        -0.535102 0.620929 1.279921,
        -0.544043 0.631897 1.279921,
        -0.539048 0.618509 1.279921,
        -0.548726 0.628919 1.279921,
        -0.542622 0.615707 1.279921,
        -0.553125 0.625507 1.279921,
        -0.544139 0.614299 1.279921,
        -0.555160 0.623693 1.279921,
        -0.547171 0.611005 1.279921,
        -0.558996 0.619770 1.279921,
        -0.549793 0.607394 1.279921,
        -0.562369 0.615579 1.279921,
        -0.552006 0.603466 1.279921,
        -0.565265 0.611151 1.279921,
        -0.553821 0.599192 1.279921,
        -0.555964 0.567776 1.279921,
        -0.571024 0.561461 1.279921,
        -0.554758 0.562795 1.279921,
        -0.569341 0.556399 1.279921,
        -0.553137 0.558336 1.279921,
        -0.567220 0.551676 1.279921,
        -0.551130 0.554346 1.279921,
        -0.564667 0.547258 1.279921,
        -0.548748 0.550775 1.279921,
        -0.561676 0.543117 1.279921,
        -0.558231 0.539230 1.279921,
        -0.545993 0.547584 1.279921,
        -0.555160 0.536317 1.279921,
        -0.543801 0.545527 1.279921,
        -0.550713 0.532745 1.279921,
        -0.540084 0.542671 1.279921,
        -0.546011 0.529631 1.279921,
        -0.536063 0.540233 1.279921,
        -0.541071 0.526983 1.279921,
        -0.531723 0.538204 1.279921,
        -0.535873 0.524783 1.279921,
        -0.527034 0.536581 1.279921,
        -0.530393 0.523024 1.279921,
        -0.521961 0.535369 1.279921,
        -0.524605 0.521708 1.279921,
        -0.516463 0.534580 1.279921,
        -0.518476 0.520841 1.279921,
        -0.510645 0.534243 1.279921,
        -0.511973 0.520440 1.279921,
        -0.509139 0.534229 1.279921,
        -0.509753 0.520413 1.279921,
        -0.490994 0.534229 1.279921,
        -0.475490 0.520413 1.279921,
        -0.490994 0.626825 1.279921,
        -0.475490 0.640518 1.279921,
        -0.508433 0.626825 1.279921,
        -0.508525 0.640518 1.279921,
        -0.514747 0.626571 1.279921,
        -0.515402 0.640263 1.279921,
        -0.520620 0.625815 1.279921,
        -0.521937 0.639500 1.279921,
        -0.525935 0.624601 1.279921,
        -0.528033 0.638263 1.279921,
        -0.533727 0.636573 1.279921,
        -0.567706 0.606470 1.279921,
        -0.569706 0.601515 1.279921,
        -0.555240 0.594538 1.279921,
        -0.571271 0.596261 1.279921,
        -0.556251 0.589461 1.279921,
        -0.572396 0.590677 1.279921,
        -0.556834 0.583918 1.279921,
        -0.573070 0.584729 1.279921,
        -0.556972 0.579360 1.279921,
        -0.573274 0.578931 1.279921,
        -0.556718 0.573338 1.279921,
        -0.573019 0.572749 1.279921,
        -0.572259 0.566897 1.279921,
        -0.540084 0.542671 1.279528,
        -0.550713 0.532745 1.279528,
        -0.543801 0.545527 1.279528,
        -0.555160 0.536317 1.279528,
        -0.545993 0.547584 1.279528,
        -0.558231 0.539230 1.279528,
        -0.548748 0.550775 1.279528,
        -0.561676 0.543117 1.279528,
        -0.551130 0.554346 1.279528,
        -0.564667 0.547258 1.279528,
        -0.553137 0.558336 1.279528,
        -0.567220 0.551676 1.279528,
        -0.554758 0.562795 1.279528,
        -0.555240 0.594538 1.279528,
        -0.569706 0.601515 1.279528,
        -0.553821 0.599192 1.279528,
        -0.567706 0.606470 1.279528,
        -0.552006 0.603466 1.279528,
        -0.565265 0.611151 1.279528,
        -0.549793 0.607394 1.279528,
        -0.562369 0.615579 1.279528,
        -0.547171 0.611005 1.279528,
        -0.558996 0.619770 1.279528,
        -0.544139 0.614299 1.279528,
        -0.555160 0.623693 1.279528,
        -0.542622 0.615707 1.279528,
        -0.553125 0.625507 1.279528,
        -0.539048 0.618509 1.279528,
        -0.548726 0.628919 1.279528,
        -0.535102 0.620929 1.279528,
        -0.569341 0.556399 1.279528,
        -0.571024 0.561461 1.279528,
        -0.555964 0.567776 1.279528,
        -0.572259 0.566897 1.279528,
        -0.556718 0.573338 1.279528,
        -0.573019 0.572749 1.279528,
        -0.556972 0.579360 1.279528,
        -0.573274 0.578931 1.279528,
        -0.556834 0.583918 1.279528,
        -0.573070 0.584729 1.279528,
        -0.556251 0.589461 1.279528,
        -0.572396 0.590677 1.279528,
        -0.571271 0.596261 1.279528,
        -0.544043 0.631897 1.279528,
        -0.539053 0.634448 1.279528,
        -0.530746 0.622964 1.279528,
        -0.533727 0.636573 1.279528,
        -0.525935 0.624601 1.279528,
        -0.528033 0.638263 1.279528,
        -0.520620 0.625815 1.279528,
        -0.521937 0.639500 1.279528,
        -0.514747 0.626571 1.279528,
        -0.515402 0.640263 1.279528,
        -0.508433 0.626825 1.279528,
        -0.508525 0.640518 1.279528,
        -0.490994 0.626825 1.279528,
        -0.475490 0.640518 1.279528,
        -0.490994 0.534229 1.279528,
        -0.475490 0.520413 1.279528,
        -0.509139 0.534229 1.279528,
        -0.509753 0.520413 1.279528,
        -0.510645 0.534243 1.279528,
        -0.511973 0.520440 1.279528,
        -0.516463 0.534580 1.279528,
        -0.518476 0.520841 1.279528,
        -0.521961 0.535369 1.279528,
        -0.524605 0.521708 1.279528,
        -0.527034 0.536581 1.279528,
        -0.530393 0.523024 1.279528,
        -0.531723 0.538204 1.279528,
        -0.535873 0.524783 1.279528,
        -0.536063 0.540233 1.279528,
        -0.541071 0.526983 1.279528,
        -0.546011 0.529631 1.279528,
        -0.613524 0.594097 1.279921,
        -0.608612 0.607667 1.279921,
        -0.653835 0.594097 1.279921,
        -0.658624 0.607667 1.279921,
        -0.631484 0.544176 1.279921,
        -0.625681 0.520413 1.279921,
        -0.579937 0.640518 1.279921,
        -0.597068 0.640518 1.279921,
        -0.632524 0.540592 1.279921,
        -0.633449 0.535764 1.279921,
        -0.642261 0.520413 1.279921,
        -0.633818 0.535764 1.279921,
        -0.634789 0.540845 1.279921,
        -0.635691 0.544176 1.279921,
        -0.688006 0.640518 1.279921,
        -0.670874 0.640518 1.279921,
        -0.608612 0.607667 1.279528,
        -0.613524 0.594097 1.279528,
        -0.658624 0.607667 1.279528,
        -0.653835 0.594097 1.279528,
        -0.635691 0.544176 1.279528,
        -0.642261 0.520413 1.279528,
        -0.688006 0.640518 1.279528,
        -0.670874 0.640518 1.279528,
        -0.634789 0.540845 1.279528,
        -0.633818 0.535764 1.279528,
        -0.625681 0.520413 1.279528,
        -0.633449 0.535764 1.279528,
        -0.632524 0.540592 1.279528,
        -0.631484 0.544176 1.279528,
        -0.579937 0.640518 1.279528,
        -0.597068 0.640518 1.279528,
        0.409293 0.427504 1.279921,
        0.403136 0.430868 1.279921,
        0.429608 0.368531 1.279921,
        0.410785 0.645162 1.279921,
        0.418662 0.642194 1.279921,
        0.483406 0.639226 1.279921,
        0.425445 0.637455 1.279921,
        0.353264 0.367358 1.279921,
        0.338724 0.359537 1.279921,
        0.365333 0.315074 1.279921,
        0.183426 0.411234 1.279921,
        0.176377 0.426290 1.279921,
        0.127317 0.409520 1.279921,
        0.171492 0.442153 1.279921,
        0.169159 0.455632 1.279921,
        0.136763 0.584051 1.279921,
        0.148598 0.587656 1.279921,
        0.135972 0.638432 1.279921,
        0.473047 0.421709 1.279921,
        0.483997 0.371263 1.279921,
        0.500641 0.376755 1.279921,
        0.197339 0.540171 1.279921,
        0.223811 0.494913 1.279921,
        0.316889 0.603361 1.279921,
        0.338237 0.554687 1.279921,
        0.316889 0.611901 1.279921,
        0.363095 0.687710 1.279921,
        0.317593 0.622847 1.279921,
        0.351519 0.680455 1.279921,
        0.341973 0.672209 1.279921,
        0.397355 0.579960 1.279921,
        0.389306 0.582478 1.279921,
        0.371454 0.531321 1.279921,
        0.486070 0.426875 1.279921,
        0.516550 0.384374 1.279921,
        0.498072 0.434104 1.279921,
        0.531485 0.394036 1.279921,
        0.508703 0.443143 1.279921,
        0.430851 0.631223 1.279921,
        0.434444 0.624153 1.279921,
        0.493062 0.636381 1.279921,
        0.436260 0.616244 1.279921,
        0.509390 0.629793 1.279921,
        0.524605 0.621264 1.279921,
        0.372512 0.599632 1.279921,
        0.370258 0.607400 1.279921,
        0.369962 0.615675 1.279921,
        0.371776 0.623928 1.279921,
        0.375565 0.631394 1.279921,
        0.152081 0.640934 1.279921,
        0.157204 0.588845 1.279921,
        0.202463 0.640934 1.279921,
        0.195631 0.588845 1.279921,
        0.206721 0.640297 1.279921,
        0.347202 0.307502 1.279921,
        0.323194 0.353789 1.279921,
        0.328503 0.302062 1.279921,
        0.482552 0.582013 1.279921,
        0.494872 0.575149 1.279921,
        0.538740 0.610746 1.279921,
        0.505922 0.566457 1.279921,
        0.551720 0.598238 1.279921,
        0.515520 0.556056 1.279921,
        0.466837 0.367943 1.279921,
        0.459340 0.418762 1.279921,
        0.449248 0.366823 1.279921,
        0.448394 0.418059 1.279921,
        0.439428 0.367357 1.279921,
        0.435092 0.419166 1.279921,
        0.422102 0.422311 1.279921,
        0.332935 0.661579 1.279921,
        0.325705 0.649577 1.279921,
        0.320539 0.636554 1.279921,
        0.394967 0.645054 1.279921,
        0.403136 0.646058 1.279921,
        0.402282 0.697294 1.279921,
        0.098530 0.503080 1.279921,
        0.053297 0.475085 1.279921,
        0.103193 0.491611 1.279921,
        0.060996 0.460824 1.279921,
        0.109884 0.481227 1.279921,
        0.070761 0.447441 1.279921,
        0.118333 0.472275 1.279921,
        0.082274 0.435467 1.279921,
        0.128080 0.465132 1.279921,
        0.532392 0.518811 1.279921,
        0.583146 0.539814 1.279921,
        0.528714 0.532347 1.279921,
        0.577643 0.556572 1.279921,
        0.522829 0.545131 1.279921,
        0.570007 0.572624 1.279921,
        0.560354 0.587645 1.279921,
        0.359025 0.537310 1.279921,
        0.382233 0.586856 1.279921,
        0.347886 0.545159 1.279921,
        0.120524 0.633794 1.279921,
        0.105790 0.627053 1.279921,
        0.125879 0.578333 1.279921,
        0.091971 0.618271 1.279921,
        0.116286 0.570722 1.279921,
        0.079278 0.607533 1.279921,
        0.112393 0.566665 1.279921,
        0.074373 0.602507 1.279921,
        0.105247 0.556887 1.279921,
        0.382802 0.324765 1.279921,
        0.392035 0.330958 1.279921,
        0.366524 0.377063 1.279921,
        0.405590 0.341872 1.279921,
        0.378355 0.388517 1.279921,
        0.417961 0.354394 1.279921,
        0.388489 0.401440 1.279921,
        0.396769 0.415580 1.279921,
        0.134793 0.392385 1.279921,
        0.144264 0.376115 1.279921,
        0.192486 0.397277 1.279921,
        0.155854 0.360496 1.279921,
        0.203336 0.384713 1.279921,
        0.436093 0.607913 1.279921,
        0.433830 0.599794 1.279921,
        0.478741 0.573240 1.279921,
        0.429622 0.592574 1.279921,
        0.403136 0.579452 1.279921,
        0.415874 0.526759 1.279921,
        0.411177 0.580443 1.279921,
        0.428834 0.529963 1.279921,
        0.418656 0.583312 1.279921,
        0.384840 0.527411 1.279921,
        0.397845 0.525765 1.279921,
        0.402282 0.525654 1.279921,
        0.380999 0.637619 1.279921,
        0.387534 0.642188 1.279921,
        0.375539 0.692979 1.279921,
        0.388583 0.696188 1.279921,
        0.096825 0.534500 1.279921,
        0.043009 0.528844 1.279921,
        0.095721 0.522238 1.279921,
        0.042778 0.521384 1.279921,
        0.096085 0.515258 1.279921,
        0.044156 0.505448 1.279921,
        0.047667 0.490044 1.279921,
        0.064178 0.589815 1.279921,
        0.055879 0.575972 1.279921,
        0.100021 0.546059 1.279921,
        0.049489 0.561024 1.279921,
        0.045158 0.545218 1.279921,
        0.524203 0.464265 1.279921,
        0.576554 0.450963 1.279921,
        0.529472 0.476708 1.279921,
        0.582406 0.467595 1.279921,
        0.532681 0.489752 1.279921,
        0.586106 0.484935 1.279921,
        0.533787 0.503452 1.279921,
        0.587539 0.501572 1.279921,
        0.533752 0.505906 1.279921,
        0.587585 0.505159 1.279921,
        0.586463 0.522654 1.279921,
        0.376501 0.592769 1.279921,
        0.478176 0.651717 1.279921,
        0.471063 0.663070 1.279921,
        0.462106 0.673256 1.279921,
        0.452771 0.681069 1.279921,
        0.440869 0.688263 1.279921,
        0.199783 0.588071 1.279921,
        0.220574 0.631831 1.279921,
        0.218022 0.634391 1.279921,
        0.289563 0.297655 1.279921,
        0.288709 0.348891 1.279921,
        0.283608 0.297760 1.279921,
        0.272432 0.350000 1.279921,
        0.441245 0.535230 1.279921,
        0.451703 0.541665 1.279921,
        0.425372 0.587989 1.279921,
        0.462296 0.550621 1.279921,
        0.471420 0.561245 1.279921,
        0.427857 0.693465 1.279921,
        0.414072 0.696500 1.279921,
        0.162328 0.455632 1.279921,
        0.150224 0.456734 1.279921,
        0.124076 0.410594 1.279921,
        0.138814 0.459919 1.279921,
        0.109783 0.416619 1.279921,
        0.095378 0.425102 1.279921,
        0.227226 0.614463 1.279921,
        0.226460 0.620649 1.279921,
        0.224254 0.626449 1.279921,
        0.197221 0.588649 1.279921,
        0.212395 0.638210 1.279921,
        0.309315 0.298770 1.279921,
        0.306904 0.350220 1.279921,
        0.291216 0.348915 1.279921,
        0.544462 0.404908 1.279921,
        0.547450 0.407812 1.279921,
        0.516948 0.452689 1.279921,
        0.558976 0.420922 1.279921,
        0.568690 0.435327 1.279921,
        0.207128 0.588777 1.279921,
        0.213006 0.591034 1.279921,
        0.227102 0.611904 1.279921,
        0.218286 0.594700 1.279921,
        0.222474 0.599411 1.279921,
        0.225591 0.605355 1.279921,
        0.200755 0.587991 1.279921,
        0.169478 0.345785 1.279921,
        0.173429 0.342059 1.279921,
        0.213819 0.375279 1.279921,
        0.189674 0.329440 1.279921,
        0.227234 0.365946 1.279921,
        0.207065 0.318773 1.279921,
        0.241635 0.358570 1.279921,
        0.225411 0.310172 1.279921,
        0.256773 0.353237 1.279921,
        0.244443 0.303761 1.279921,
        0.263917 0.299611 1.279921,
        0.223811 0.494913 1.279528,
        0.197339 0.540171 1.279528,
        0.338237 0.554687 1.279528,
        0.316889 0.603361 1.279528,
        0.515520 0.556056 1.279528,
        0.505922 0.566457 1.279528,
        0.483406 0.639226 1.279528,
        0.522829 0.545131 1.279528,
        0.375565 0.631394 1.279528,
        0.371776 0.623928 1.279528,
        0.363095 0.687710 1.279528,
        0.369962 0.615675 1.279528,
        0.371454 0.531321 1.279528,
        0.359025 0.537310 1.279528,
        0.341973 0.672209 1.279528,
        0.351519 0.680455 1.279528,
        0.317593 0.622847 1.279528,
        0.316889 0.611901 1.279528,
        0.452771 0.681069 1.279528,
        0.462106 0.673256 1.279528,
        0.482552 0.582013 1.279528,
        0.471063 0.663070 1.279528,
        0.396769 0.415580 1.279528,
        0.403136 0.430868 1.279528,
        0.429608 0.368531 1.279528,
        0.409293 0.427504 1.279528,
        0.486070 0.426875 1.279528,
        0.500641 0.376755 1.279528,
        0.473047 0.421709 1.279528,
        0.483997 0.371263 1.279528,
        0.459340 0.418762 1.279528,
        0.466837 0.367943 1.279528,
        0.448394 0.418059 1.279528,
        0.338724 0.359537 1.279528,
        0.353264 0.367358 1.279528,
        0.382802 0.324765 1.279528,
        0.370258 0.607400 1.279528,
        0.372512 0.599632 1.279528,
        0.376501 0.592769 1.279528,
        0.347886 0.545159 1.279528,
        0.403136 0.646058 1.279528,
        0.394967 0.645054 1.279528,
        0.388583 0.696188 1.279528,
        0.478176 0.651717 1.279528,
        0.494872 0.575149 1.279528,
        0.422102 0.422311 1.279528,
        0.435092 0.419166 1.279528,
        0.439428 0.367357 1.279528,
        0.449248 0.366823 1.279528,
        0.192486 0.397277 1.279528,
        0.144264 0.376115 1.279528,
        0.183426 0.411234 1.279528,
        0.134793 0.392385 1.279528,
        0.176377 0.426290 1.279528,
        0.127317 0.409520 1.279528,
        0.171492 0.442153 1.279528,
        0.392035 0.330958 1.279528,
        0.366524 0.377063 1.279528,
        0.405590 0.341872 1.279528,
        0.138814 0.459919 1.279528,
        0.150224 0.456734 1.279528,
        0.382233 0.586856 1.279528,
        0.389306 0.582478 1.279528,
        0.384840 0.527411 1.279528,
        0.397355 0.579960 1.279528,
        0.397845 0.525765 1.279528,
        0.403136 0.579452 1.279528,
        0.402282 0.525654 1.279528,
        0.415874 0.526759 1.279528,
        0.411177 0.580443 1.279528,
        0.428834 0.529963 1.279528,
        0.441245 0.535230 1.279528,
        0.418656 0.583312 1.279528,
        0.451703 0.541665 1.279528,
        0.425372 0.587989 1.279528,
        0.462296 0.550621 1.279528,
        0.471420 0.561245 1.279528,
        0.429622 0.592574 1.279528,
        0.478741 0.573240 1.279528,
        0.433830 0.599794 1.279528,
        0.320539 0.636554 1.279528,
        0.325705 0.649577 1.279528,
        0.332935 0.661579 1.279528,
        0.417961 0.354394 1.279528,
        0.378355 0.388517 1.279528,
        0.388489 0.401440 1.279528,
        0.100021 0.546059 1.279528,
        0.055879 0.575972 1.279528,
        0.105247 0.556887 1.279528,
        0.064178 0.589815 1.279528,
        0.112393 0.566665 1.279528,
        0.074373 0.602507 1.279528,
        0.116286 0.570722 1.279528,
        0.079278 0.607533 1.279528,
        0.125879 0.578333 1.279528,
        0.103193 0.491611 1.279528,
        0.053297 0.475085 1.279528,
        0.098530 0.503080 1.279528,
        0.047667 0.490044 1.279528,
        0.096085 0.515258 1.279528,
        0.044156 0.505448 1.279528,
        0.095721 0.522238 1.279528,
        0.162328 0.455632 1.279528,
        0.169159 0.455632 1.279528,
        0.436093 0.607913 1.279528,
        0.436260 0.616244 1.279528,
        0.434444 0.624153 1.279528,
        0.529472 0.476708 1.279528,
        0.576554 0.450963 1.279528,
        0.524203 0.464265 1.279528,
        0.568690 0.435327 1.279528,
        0.516948 0.452689 1.279528,
        0.528714 0.532347 1.279528,
        0.583146 0.539814 1.279528,
        0.532392 0.518811 1.279528,
        0.586463 0.522654 1.279528,
        0.533752 0.505906 1.279528,
        0.587585 0.505159 1.279528,
        0.533787 0.503452 1.279528,
        0.587539 0.501572 1.279528,
        0.532681 0.489752 1.279528,
        0.586106 0.484935 1.279528,
        0.582406 0.467595 1.279528,
        0.551720 0.598238 1.279528,
        0.560354 0.587645 1.279528,
        0.375539 0.692979 1.279528,
        0.387534 0.642188 1.279528,
        0.380999 0.637619 1.279528,
        0.558976 0.420922 1.279528,
        0.547450 0.407812 1.279528,
        0.508703 0.443143 1.279528,
        0.544462 0.404908 1.279528,
        0.498072 0.434104 1.279528,
        0.531485 0.394036 1.279528,
        0.516550 0.384374 1.279528,
        0.570007 0.572624 1.279528,
        0.577643 0.556572 1.279528,
        0.218022 0.634391 1.279528,
        0.220574 0.631831 1.279528,
        0.199783 0.588071 1.279528,
        0.224254 0.626449 1.279528,
        0.042778 0.521384 1.279528,
        0.043009 0.528844 1.279528,
        0.096825 0.534500 1.279528,
        0.045158 0.545218 1.279528,
        0.049489 0.561024 1.279528,
        0.124076 0.410594 1.279528,
        0.109783 0.416619 1.279528,
        0.128080 0.465132 1.279528,
        0.095378 0.425102 1.279528,
        0.118333 0.472275 1.279528,
        0.082274 0.435467 1.279528,
        0.109884 0.481227 1.279528,
        0.070761 0.447441 1.279528,
        0.060996 0.460824 1.279528,
        0.430851 0.631223 1.279528,
        0.425445 0.637455 1.279528,
        0.440869 0.688263 1.279528,
        0.418662 0.642194 1.279528,
        0.427857 0.693465 1.279528,
        0.410785 0.645162 1.279528,
        0.414072 0.696500 1.279528,
        0.402282 0.697294 1.279528,
        0.091971 0.618271 1.279528,
        0.105790 0.627053 1.279528,
        0.136763 0.584051 1.279528,
        0.120524 0.633794 1.279528,
        0.148598 0.587656 1.279528,
        0.135972 0.638432 1.279528,
        0.157204 0.588845 1.279528,
        0.152081 0.640934 1.279528,
        0.195631 0.588845 1.279528,
        0.202463 0.640934 1.279528,
        0.197221 0.588649 1.279528,
        0.206721 0.640297 1.279528,
        0.212395 0.638210 1.279528,
        0.226460 0.620649 1.279528,
        0.227226 0.614463 1.279528,
        0.227102 0.611904 1.279528,
        0.493062 0.636381 1.279528,
        0.509390 0.629793 1.279528,
        0.225591 0.605355 1.279528,
        0.222474 0.599411 1.279528,
        0.218286 0.594700 1.279528,
        0.213006 0.591034 1.279528,
        0.524605 0.621264 1.279528,
        0.538740 0.610746 1.279528,
        0.213819 0.375279 1.279528,
        0.173429 0.342059 1.279528,
        0.203336 0.384713 1.279528,
        0.169478 0.345785 1.279528,
        0.155854 0.360496 1.279528,
        0.365333 0.315074 1.279528,
        0.347202 0.307502 1.279528,
        0.323194 0.353789 1.279528,
        0.328503 0.302062 1.279528,
        0.306904 0.350220 1.279528,
        0.309315 0.298770 1.279528,
        0.291216 0.348915 1.279528,
        0.289563 0.297655 1.279528,
        0.288709 0.348891 1.279528,
        0.283608 0.297760 1.279528,
        0.272432 0.350000 1.279528,
        0.263917 0.299611 1.279528,
        0.256773 0.353237 1.279528,
        0.244443 0.303761 1.279528,
        0.241635 0.358570 1.279528,
        0.225411 0.310172 1.279528,
        0.227234 0.365946 1.279528,
        0.207065 0.318773 1.279528,
        0.189674 0.329440 1.279528,
        0.207128 0.588777 1.279528,
        0.200755 0.587991 1.279528,
      ]
    }
    coordIndex [
      0, 1, 2, -1,
      2, 1, 3, -1,
      4, 0, 5, -1,
      5, 0, 2, -1,
      6, 4, 7, -1,
      7, 4, 5, -1,
      8, 6, 9, -1,
      9, 6, 7, -1,
      10, 8, 11, -1,
      11, 8, 9, -1,
      1, 10, 3, -1,
      3, 10, 11, -1,
      6, 8, 4, -1,
      4, 8, 10, -1,
      4, 10, 0, -1,
      0, 10, 1, -1,
      2, 3, 5, -1,
      5, 3, 11, -1,
      5, 11, 7, -1,
      7, 11, 9, -1,
      12, 13, 14, -1,
      12, 14, 15, -1,
      15, 14, 16, -1,
      15, 16, 17, -1,
      17, 16, 18, -1,
      17, 18, 19, -1,
      19, 18, 20, -1,
      19, 20, 21, -1,
      21, 20, 22, -1,
      21, 22, 23, -1,
      23, 22, 24, -1,
      23, 24, 25, -1,
      26, 25, 27, -1,
      27, 25, 24, -1,
      26, 27, 28, -1,
      26, 28, 29, -1,
      29, 28, 30, -1,
      29, 30, 31, -1,
      31, 30, 32, -1,
      31, 32, 33, -1,
      33, 32, 34, -1,
      33, 34, 35, -1,
      35, 34, 36, -1,
      35, 36, 37, -1,
      37, 36, 38, -1,
      37, 38, 39, -1,
      39, 38, 40, -1,
      39, 40, 41, -1,
      41, 40, 42, -1,
      41, 42, 43, -1,
      43, 42, 44, -1,
      43, 44, 45, -1,
      45, 44, 46, -1,
      45, 46, 47, -1,
      47, 46, 48, -1,
      47, 48, 49, -1,
      49, 48, 50, -1,
      49, 50, 51, -1,
      51, 50, 52, -1,
      51, 52, 53, -1,
      53, 52, 54, -1,
      53, 54, 55, -1,
      55, 54, 56, -1,
      55, 56, 57, -1,
      57, 56, 58, -1,
      57, 58, 59, -1,
      59, 58, 60, -1,
      59, 60, 61, -1,
      61, 60, 62, -1,
      61, 62, 63, -1,
      63, 62, 64, -1,
      63, 64, 65, -1,
      65, 64, 66, -1,
      65, 66, 67, -1,
      67, 66, 68, -1,
      67, 68, 69, -1,
      69, 68, 70, -1,
      69, 70, 71, -1,
      71, 70, 72, -1,
      71, 72, 73, -1,
      73, 72, 74, -1,
      73, 74, 75, -1,
      75, 74, 76, -1,
      75, 76, 77, -1,
      77, 76, 78, -1,
      77, 78, 79, -1,
      79, 78, 80, -1,
      79, 80, 81, -1,
      81, 80, 82, -1,
      81, 82, 83, -1,
      83, 82, 84, -1,
      83, 84, 85, -1,
      85, 84, 86, -1,
      85, 86, 87, -1,
      87, 86, 88, -1,
      87, 88, 89, -1,
      89, 88, 90, -1,
      89, 90, 91, -1,
      91, 90, 92, -1,
      91, 92, 93, -1,
      93, 92, 94, -1,
      93, 94, 95, -1,
      95, 94, 96, -1,
      95, 96, 97, -1,
      97, 96, 98, -1,
      97, 98, 99, -1,
      99, 98, 100, -1,
      99, 100, 101, -1,
      101, 100, 102, -1,
      101, 102, 103, -1,
      103, 102, 104, -1,
      103, 104, 105, -1,
      105, 104, 106, -1,
      105, 106, 107, -1,
      107, 106, 108, -1,
      107, 108, 109, -1,
      109, 108, 110, -1,
      109, 110, 111, -1,
      111, 110, 112, -1,
      111, 112, 113, -1,
      113, 112, 114, -1,
      113, 114, 115, -1,
      116, 115, 117, -1,
      117, 115, 114, -1,
      116, 117, 118, -1,
      116, 118, 119, -1,
      119, 118, 120, -1,
      119, 120, 121, -1,
      121, 120, 122, -1,
      121, 122, 123, -1,
      123, 122, 124, -1,
      123, 124, 125, -1,
      125, 124, 126, -1,
      125, 126, 127, -1,
      127, 126, 128, -1,
      127, 128, 129, -1,
      129, 128, 130, -1,
      129, 130, 131, -1,
      131, 130, 132, -1,
      131, 132, 133, -1,
      133, 132, 134, -1,
      133, 134, 135, -1,
      135, 134, 136, -1,
      135, 136, 137, -1,
      137, 136, 138, -1,
      137, 138, 139, -1,
      139, 138, 140, -1,
      139, 140, 141, -1,
      141, 140, 142, -1,
      141, 142, 143, -1,
      143, 142, 144, -1,
      143, 144, 145, -1,
      145, 144, 146, -1,
      145, 146, 147, -1,
      147, 146, 148, -1,
      147, 148, 149, -1,
      149, 148, 150, -1,
      149, 150, 151, -1,
      151, 150, 152, -1,
      151, 152, 153, -1,
      153, 152, 154, -1,
      153, 154, 155, -1,
      155, 154, 156, -1,
      155, 156, 157, -1,
      157, 156, 158, -1,
      157, 158, 159, -1,
      159, 158, 160, -1,
      159, 160, 161, -1,
      161, 160, 162, -1,
      161, 162, 163, -1,
      163, 162, 164, -1,
      163, 164, 165, -1,
      165, 164, 166, -1,
      165, 166, 167, -1,
      167, 166, 168, -1,
      167, 168, 169, -1,
      169, 168, 170, -1,
      169, 170, 171, -1,
      171, 170, 172, -1,
      171, 172, 173, -1,
      173, 172, 174, -1,
      173, 174, 175, -1,
      175, 174, 176, -1,
      175, 176, 177, -1,
      177, 176, 178, -1,
      177, 178, 179, -1,
      179, 178, 180, -1,
      179, 180, 181, -1,
      181, 180, 182, -1,
      181, 182, 183, -1,
      183, 182, 184, -1,
      183, 184, 185, -1,
      185, 184, 186, -1,
      185, 186, 187, -1,
      187, 186, 188, -1,
      187, 188, 189, -1,
      189, 188, 190, -1,
      189, 190, 191, -1,
      191, 190, 192, -1,
      191, 192, 193, -1,
      193, 192, 194, -1,
      193, 194, 195, -1,
      195, 194, 196, -1,
      195, 196, 197, -1,
      197, 196, 13, -1,
      197, 13, 12, -1,
      113, 115, 116, -1,
      57, 177, 179, -1,
      57, 179, 55, -1,
      55, 179, 181, -1,
      55, 181, 53, -1,
      53, 181, 183, -1,
      53, 183, 51, -1,
      51, 183, 185, -1,
      51, 185, 49, -1,
      49, 185, 187, -1,
      49, 187, 47, -1,
      33, 21, 31, -1,
      31, 21, 23, -1,
      31, 23, 29, -1,
      29, 23, 25, -1,
      29, 25, 26, -1,
      187, 189, 47, -1,
      47, 189, 191, -1,
      47, 191, 45, -1,
      45, 191, 193, -1,
      45, 193, 43, -1,
      43, 193, 195, -1,
      43, 195, 41, -1,
      41, 195, 197, -1,
      41, 197, 39, -1,
      39, 197, 12, -1,
      39, 12, 37, -1,
      37, 12, 15, -1,
      37, 15, 35, -1,
      35, 15, 17, -1,
      35, 17, 33, -1,
      33, 17, 19, -1,
      33, 19, 21, -1,
      89, 143, 87, -1,
      87, 143, 145, -1,
      87, 145, 85, -1,
      85, 145, 147, -1,
      85, 147, 83, -1,
      83, 147, 149, -1,
      83, 149, 81, -1,
      81, 149, 151, -1,
      81, 151, 79, -1,
      79, 151, 153, -1,
      79, 153, 77, -1,
      77, 153, 155, -1,
      77, 155, 75, -1,
      113, 116, 111, -1,
      111, 116, 119, -1,
      111, 119, 109, -1,
      109, 119, 121, -1,
      109, 121, 107, -1,
      107, 121, 123, -1,
      107, 123, 105, -1,
      105, 123, 125, -1,
      105, 125, 103, -1,
      103, 125, 127, -1,
      103, 127, 101, -1,
      101, 127, 129, -1,
      101, 129, 99, -1,
      99, 129, 131, -1,
      99, 131, 97, -1,
      97, 131, 133, -1,
      97, 133, 95, -1,
      95, 133, 135, -1,
      95, 135, 93, -1,
      93, 135, 137, -1,
      93, 137, 91, -1,
      91, 137, 139, -1,
      91, 139, 89, -1,
      89, 139, 141, -1,
      89, 141, 143, -1,
      177, 57, 175, -1,
      175, 57, 59, -1,
      175, 59, 173, -1,
      173, 59, 61, -1,
      173, 61, 171, -1,
      171, 61, 63, -1,
      171, 63, 169, -1,
      169, 63, 65, -1,
      169, 65, 167, -1,
      167, 65, 165, -1,
      165, 65, 67, -1,
      165, 67, 163, -1,
      155, 157, 75, -1,
      75, 157, 159, -1,
      75, 159, 73, -1,
      73, 159, 161, -1,
      73, 161, 71, -1,
      71, 161, 163, -1,
      71, 163, 69, -1,
      69, 163, 67, -1,
      28, 27, 24, -1,
      28, 24, 30, -1,
      44, 190, 46, -1,
      46, 190, 188, -1,
      46, 188, 48, -1,
      48, 188, 186, -1,
      48, 186, 50, -1,
      50, 186, 184, -1,
      50, 184, 52, -1,
      52, 184, 182, -1,
      52, 182, 54, -1,
      114, 112, 117, -1,
      117, 112, 110, -1,
      117, 110, 118, -1,
      118, 110, 108, -1,
      182, 180, 54, -1,
      54, 180, 178, -1,
      54, 178, 56, -1,
      56, 178, 176, -1,
      56, 176, 58, -1,
      58, 176, 174, -1,
      58, 174, 60, -1,
      60, 174, 172, -1,
      60, 172, 62, -1,
      24, 22, 30, -1,
      30, 22, 20, -1,
      30, 20, 32, -1,
      32, 20, 18, -1,
      32, 18, 34, -1,
      34, 18, 16, -1,
      34, 16, 36, -1,
      36, 16, 14, -1,
      36, 14, 38, -1,
      38, 14, 13, -1,
      38, 13, 40, -1,
      40, 13, 196, -1,
      40, 196, 42, -1,
      42, 196, 194, -1,
      42, 194, 44, -1,
      44, 194, 192, -1,
      44, 192, 190, -1,
      82, 146, 84, -1,
      84, 146, 144, -1,
      84, 144, 86, -1,
      86, 144, 142, -1,
      86, 142, 88, -1,
      88, 142, 140, -1,
      88, 140, 90, -1,
      90, 140, 138, -1,
      90, 138, 92, -1,
      92, 138, 136, -1,
      92, 136, 94, -1,
      94, 136, 134, -1,
      94, 134, 96, -1,
      96, 134, 132, -1,
      96, 132, 98, -1,
      98, 132, 130, -1,
      98, 130, 100, -1,
      100, 130, 128, -1,
      100, 128, 102, -1,
      102, 128, 126, -1,
      102, 126, 104, -1,
      104, 126, 124, -1,
      104, 124, 106, -1,
      106, 124, 122, -1,
      106, 122, 108, -1,
      108, 122, 120, -1,
      108, 120, 118, -1,
      162, 160, 72, -1,
      72, 160, 158, -1,
      72, 158, 74, -1,
      74, 158, 156, -1,
      74, 156, 76, -1,
      76, 156, 154, -1,
      76, 154, 78, -1,
      78, 154, 152, -1,
      78, 152, 80, -1,
      80, 152, 150, -1,
      80, 150, 82, -1,
      82, 150, 148, -1,
      82, 148, 146, -1,
      172, 170, 62, -1,
      62, 170, 168, -1,
      62, 168, 64, -1,
      64, 168, 166, -1,
      64, 166, 66, -1,
      66, 166, 164, -1,
      66, 164, 68, -1,
      68, 164, 162, -1,
      68, 162, 70, -1,
      70, 162, 72, -1,
      198, 199, 200, -1,
      200, 199, 201, -1,
      202, 198, 203, -1,
      203, 198, 200, -1,
      204, 202, 205, -1,
      205, 202, 203, -1,
      206, 204, 207, -1,
      207, 204, 205, -1,
      208, 206, 209, -1,
      209, 206, 207, -1,
      210, 208, 211, -1,
      211, 208, 209, -1,
      212, 210, 213, -1,
      213, 210, 211, -1,
      214, 212, 215, -1,
      215, 212, 213, -1,
      216, 214, 217, -1,
      217, 214, 215, -1,
      218, 216, 219, -1,
      219, 216, 217, -1,
      220, 218, 221, -1,
      221, 218, 219, -1,
      199, 220, 201, -1,
      201, 220, 221, -1,
      199, 198, 220, -1,
      220, 198, 202, -1,
      206, 208, 204, -1,
      204, 208, 210, -1,
      214, 216, 212, -1,
      212, 216, 218, -1,
      212, 218, 210, -1,
      210, 218, 220, -1,
      210, 220, 204, -1,
      204, 220, 202, -1,
      219, 217, 215, -1,
      215, 213, 219, -1,
      219, 213, 211, -1,
      219, 211, 221, -1,
      200, 201, 203, -1,
      203, 201, 221, -1,
      203, 221, 205, -1,
      205, 221, 211, -1,
      205, 211, 207, -1,
      207, 211, 209, -1,
      222, 223, 224, -1,
      224, 223, 225, -1,
      224, 225, 226, -1,
      226, 225, 227, -1,
      226, 227, 228, -1,
      228, 227, 229, -1,
      228, 229, 230, -1,
      230, 229, 231, -1,
      230, 231, 232, -1,
      232, 231, 233, -1,
      232, 233, 234, -1,
      234, 233, 235, -1,
      234, 235, 236, -1,
      236, 235, 237, -1,
      236, 237, 238, -1,
      239, 240, 241, -1,
      241, 240, 242, -1,
      241, 242, 243, -1,
      243, 242, 244, -1,
      243, 244, 245, -1,
      245, 244, 246, -1,
      245, 246, 247, -1,
      246, 248, 247, -1,
      247, 248, 249, -1,
      247, 249, 250, -1,
      250, 249, 251, -1,
      250, 251, 252, -1,
      252, 251, 253, -1,
      252, 253, 254, -1,
      254, 253, 255, -1,
      254, 255, 256, -1,
      256, 255, 257, -1,
      256, 257, 258, -1,
      258, 257, 259, -1,
      258, 259, 260, -1,
      260, 259, 261, -1,
      260, 261, 262, -1,
      262, 261, 263, -1,
      262, 263, 264, -1,
      264, 263, 265, -1,
      264, 265, 266, -1,
      266, 265, 267, -1,
      266, 267, 268, -1,
      268, 267, 269, -1,
      268, 269, 270, -1,
      270, 269, 271, -1,
      270, 271, 272, -1,
      272, 271, 273, -1,
      272, 273, 274, -1,
      274, 273, 275, -1,
      274, 275, 276, -1,
      276, 275, 277, -1,
      276, 277, 278, -1,
      278, 277, 279, -1,
      278, 279, 280, -1,
      280, 279, 281, -1,
      280, 281, 222, -1,
      222, 281, 282, -1,
      222, 282, 223, -1,
      237, 283, 238, -1,
      238, 283, 284, -1,
      238, 284, 285, -1,
      285, 284, 286, -1,
      285, 286, 287, -1,
      287, 286, 288, -1,
      287, 288, 289, -1,
      289, 288, 290, -1,
      289, 290, 291, -1,
      291, 290, 292, -1,
      291, 292, 293, -1,
      293, 292, 294, -1,
      293, 294, 239, -1,
      239, 294, 295, -1,
      239, 295, 240, -1,
      296, 297, 298, -1,
      298, 297, 299, -1,
      298, 299, 300, -1,
      300, 299, 301, -1,
      300, 301, 302, -1,
      302, 301, 303, -1,
      302, 303, 304, -1,
      304, 303, 305, -1,
      304, 305, 306, -1,
      306, 305, 307, -1,
      306, 307, 308, -1,
      309, 310, 311, -1,
      311, 310, 312, -1,
      311, 312, 313, -1,
      313, 312, 314, -1,
      313, 314, 315, -1,
      315, 314, 316, -1,
      315, 316, 317, -1,
      317, 316, 318, -1,
      317, 318, 319, -1,
      319, 318, 320, -1,
      319, 320, 321, -1,
      321, 320, 322, -1,
      321, 322, 323, -1,
      323, 322, 324, -1,
      323, 324, 325, -1,
      307, 326, 308, -1,
      308, 326, 327, -1,
      308, 327, 328, -1,
      328, 327, 329, -1,
      328, 329, 330, -1,
      330, 329, 331, -1,
      330, 331, 332, -1,
      332, 331, 333, -1,
      332, 333, 334, -1,
      334, 333, 335, -1,
      334, 335, 336, -1,
      336, 335, 337, -1,
      336, 337, 309, -1,
      309, 337, 338, -1,
      309, 338, 310, -1,
      324, 339, 325, -1,
      325, 339, 340, -1,
      325, 340, 341, -1,
      341, 340, 342, -1,
      341, 342, 343, -1,
      343, 342, 344, -1,
      343, 344, 345, -1,
      345, 344, 346, -1,
      345, 346, 347, -1,
      347, 346, 348, -1,
      347, 348, 349, -1,
      349, 348, 350, -1,
      349, 350, 351, -1,
      351, 350, 352, -1,
      351, 352, 353, -1,
      353, 352, 354, -1,
      353, 354, 355, -1,
      355, 354, 356, -1,
      355, 356, 357, -1,
      357, 356, 358, -1,
      357, 358, 359, -1,
      359, 358, 360, -1,
      359, 360, 361, -1,
      361, 360, 362, -1,
      361, 362, 363, -1,
      363, 362, 364, -1,
      363, 364, 365, -1,
      365, 364, 366, -1,
      365, 366, 367, -1,
      367, 366, 368, -1,
      367, 368, 296, -1,
      296, 368, 369, -1,
      296, 369, 297, -1,
      275, 273, 350, -1,
      350, 273, 352, -1,
      275, 350, 348, -1,
      275, 348, 277, -1,
      277, 348, 346, -1,
      277, 346, 279, -1,
      279, 346, 344, -1,
      279, 344, 281, -1,
      281, 344, 342, -1,
      281, 342, 282, -1,
      282, 342, 340, -1,
      282, 340, 223, -1,
      223, 340, 339, -1,
      223, 339, 225, -1,
      225, 339, 324, -1,
      225, 324, 227, -1,
      227, 324, 322, -1,
      227, 322, 229, -1,
      229, 322, 320, -1,
      229, 320, 231, -1,
      231, 320, 318, -1,
      231, 318, 233, -1,
      233, 318, 316, -1,
      233, 316, 235, -1,
      235, 316, 314, -1,
      235, 314, 237, -1,
      237, 314, 312, -1,
      237, 312, 283, -1,
      283, 312, 310, -1,
      283, 310, 284, -1,
      284, 310, 338, -1,
      284, 338, 286, -1,
      286, 338, 337, -1,
      286, 337, 288, -1,
      288, 337, 335, -1,
      288, 335, 290, -1,
      290, 335, 333, -1,
      290, 333, 292, -1,
      292, 333, 331, -1,
      292, 331, 294, -1,
      294, 331, 329, -1,
      294, 329, 295, -1,
      295, 329, 327, -1,
      295, 327, 240, -1,
      240, 327, 326, -1,
      240, 326, 242, -1,
      242, 326, 307, -1,
      242, 307, 244, -1,
      244, 307, 305, -1,
      244, 305, 246, -1,
      246, 305, 303, -1,
      246, 303, 248, -1,
      248, 303, 301, -1,
      248, 301, 249, -1,
      249, 301, 299, -1,
      249, 299, 251, -1,
      251, 299, 297, -1,
      251, 297, 253, -1,
      253, 297, 369, -1,
      253, 369, 255, -1,
      255, 369, 368, -1,
      255, 368, 257, -1,
      257, 368, 366, -1,
      257, 366, 259, -1,
      259, 366, 364, -1,
      259, 364, 261, -1,
      261, 364, 362, -1,
      261, 362, 263, -1,
      263, 362, 360, -1,
      263, 360, 265, -1,
      265, 360, 358, -1,
      265, 358, 267, -1,
      267, 358, 356, -1,
      267, 356, 269, -1,
      271, 269, 354, -1,
      354, 269, 356, -1,
      273, 271, 352, -1,
      352, 271, 354, -1,
      268, 270, 355, -1,
      355, 270, 353, -1,
      270, 272, 353, -1,
      353, 272, 351, -1,
      272, 274, 351, -1,
      351, 274, 349, -1,
      230, 319, 321, -1,
      230, 321, 228, -1,
      228, 321, 323, -1,
      228, 323, 226, -1,
      226, 323, 325, -1,
      226, 325, 224, -1,
      224, 325, 341, -1,
      224, 341, 222, -1,
      222, 341, 343, -1,
      222, 343, 280, -1,
      280, 343, 345, -1,
      280, 345, 278, -1,
      278, 345, 347, -1,
      278, 347, 276, -1,
      276, 347, 349, -1,
      276, 349, 274, -1,
      291, 332, 334, -1,
      291, 334, 289, -1,
      289, 334, 336, -1,
      289, 336, 287, -1,
      287, 336, 309, -1,
      287, 309, 285, -1,
      285, 309, 311, -1,
      285, 311, 238, -1,
      238, 311, 313, -1,
      238, 313, 236, -1,
      236, 313, 315, -1,
      236, 315, 234, -1,
      234, 315, 317, -1,
      234, 317, 232, -1,
      232, 317, 319, -1,
      232, 319, 230, -1,
      252, 298, 300, -1,
      252, 300, 250, -1,
      250, 300, 302, -1,
      250, 302, 247, -1,
      247, 302, 304, -1,
      247, 304, 245, -1,
      245, 304, 306, -1,
      245, 306, 243, -1,
      243, 306, 308, -1,
      243, 308, 241, -1,
      241, 308, 328, -1,
      241, 328, 239, -1,
      239, 328, 330, -1,
      239, 330, 293, -1,
      293, 330, 332, -1,
      293, 332, 291, -1,
      268, 355, 357, -1,
      268, 357, 266, -1,
      266, 357, 359, -1,
      266, 359, 264, -1,
      264, 359, 361, -1,
      264, 361, 262, -1,
      262, 361, 363, -1,
      262, 363, 260, -1,
      260, 363, 365, -1,
      260, 365, 258, -1,
      258, 365, 367, -1,
      258, 367, 256, -1,
      256, 367, 296, -1,
      256, 296, 254, -1,
      254, 296, 298, -1,
      254, 298, 252, -1,
      370, 371, 372, -1,
      372, 371, 373, -1,
      374, 375, 370, -1,
      370, 375, 376, -1,
      370, 376, 371, -1,
      371, 376, 377, -1,
      374, 378, 375, -1,
      375, 378, 379, -1,
      375, 379, 380, -1,
      380, 379, 381, -1,
      380, 381, 382, -1,
      382, 383, 380, -1,
      380, 383, 372, -1,
      380, 372, 384, -1,
      384, 372, 373, -1,
      384, 373, 385, -1,
      386, 387, 388, -1,
      388, 387, 389, -1,
      390, 391, 389, -1,
      389, 391, 392, -1,
      389, 392, 388, -1,
      388, 392, 393, -1,
      390, 394, 391, -1,
      391, 394, 395, -1,
      391, 395, 396, -1,
      396, 395, 397, -1,
      396, 397, 398, -1,
      398, 399, 396, -1,
      396, 399, 387, -1,
      396, 387, 400, -1,
      400, 387, 386, -1,
      400, 386, 401, -1,
      380, 384, 391, -1,
      391, 384, 392, -1,
      375, 380, 396, -1,
      396, 380, 391, -1,
      376, 375, 400, -1,
      400, 375, 396, -1,
      377, 376, 401, -1,
      401, 376, 400, -1,
      371, 377, 386, -1,
      386, 377, 401, -1,
      373, 371, 388, -1,
      388, 371, 386, -1,
      385, 373, 393, -1,
      393, 373, 388, -1,
      384, 385, 392, -1,
      392, 385, 393, -1,
      370, 372, 387, -1,
      387, 372, 389, -1,
      372, 383, 389, -1,
      389, 383, 390, -1,
      381, 395, 394, -1,
      381, 394, 382, -1,
      382, 394, 390, -1,
      382, 390, 383, -1,
      381, 379, 395, -1,
      395, 379, 397, -1,
      374, 399, 398, -1,
      374, 398, 378, -1,
      378, 398, 397, -1,
      378, 397, 379, -1,
      374, 370, 399, -1,
      399, 370, 387, -1,
      402, 403, 404, -1,
      404, 403, 405, -1,
      406, 402, 407, -1,
      407, 402, 404, -1,
      408, 406, 409, -1,
      409, 406, 407, -1,
      410, 408, 411, -1,
      411, 408, 409, -1,
      412, 410, 413, -1,
      413, 410, 411, -1,
      414, 412, 415, -1,
      415, 412, 413, -1,
      416, 414, 417, -1,
      417, 414, 415, -1,
      418, 416, 419, -1,
      419, 416, 417, -1,
      420, 418, 421, -1,
      421, 418, 419, -1,
      422, 420, 423, -1,
      423, 420, 421, -1,
      424, 422, 425, -1,
      425, 422, 423, -1,
      403, 424, 405, -1,
      405, 424, 425, -1,
      418, 420, 416, -1,
      416, 420, 422, -1,
      416, 422, 414, -1,
      403, 402, 424, -1,
      424, 402, 406, -1,
      424, 406, 408, -1,
      410, 412, 408, -1,
      408, 412, 414, -1,
      408, 414, 424, -1,
      424, 414, 422, -1,
      423, 421, 419, -1,
      419, 417, 423, -1,
      423, 417, 415, -1,
      423, 415, 425, -1,
      404, 405, 407, -1,
      407, 405, 425, -1,
      407, 425, 409, -1,
      409, 425, 415, -1,
      409, 415, 411, -1,
      411, 415, 413, -1,
      426, 427, 428, -1,
      429, 430, 431, -1,
      431, 430, 432, -1,
      429, 431, 433, -1,
      433, 431, 434, -1,
      433, 434, 435, -1,
      428, 427, 436, -1,
      436, 427, 437, -1,
      436, 437, 438, -1,
      438, 437, 439, -1,
      438, 439, 440, -1,
      430, 441, 432, -1,
      432, 441, 442, -1,
      432, 442, 443, -1,
      443, 442, 444, -1,
      443, 444, 445, -1,
      435, 434, 446, -1,
      446, 434, 447, -1,
      446, 447, 448, -1,
      448, 447, 449, -1,
      448, 449, 450, -1,
      451, 452, 453, -1,
      454, 455, 456, -1,
      456, 455, 457, -1,
      456, 457, 452, -1,
      452, 457, 458, -1,
      452, 458, 453, -1,
      459, 460, 461, -1,
      440, 439, 462, -1,
      462, 439, 463, -1,
      462, 463, 464, -1,
      464, 463, 465, -1,
      464, 465, 466, -1,
      444, 467, 445, -1,
      445, 467, 468, -1,
      445, 468, 469, -1,
      469, 468, 470, -1,
      469, 470, 471, -1,
      470, 472, 471, -1,
      471, 472, 473, -1,
      471, 473, 454, -1,
      454, 473, 474, -1,
      454, 474, 455, -1,
      475, 476, 477, -1,
      477, 476, 461, -1,
      477, 461, 478, -1,
      478, 461, 460, -1,
      466, 465, 479, -1,
      479, 465, 480, -1,
      479, 480, 481, -1,
      481, 480, 482, -1,
      481, 482, 483, -1,
      484, 485, 486, -1,
      486, 485, 450, -1,
      486, 450, 487, -1,
      487, 450, 449, -1,
      488, 489, 490, -1,
      490, 489, 491, -1,
      490, 491, 492, -1,
      492, 491, 493, -1,
      492, 493, 494, -1,
      453, 495, 451, -1,
      451, 495, 496, -1,
      451, 496, 488, -1,
      488, 496, 497, -1,
      488, 497, 489, -1,
      483, 482, 498, -1,
      498, 482, 499, -1,
      498, 499, 500, -1,
      500, 485, 498, -1,
      498, 485, 484, -1,
      498, 484, 461, -1,
      461, 484, 501, -1,
      461, 501, 459, -1,
      428, 502, 426, -1,
      426, 502, 503, -1,
      426, 503, 504, -1,
      504, 503, 505, -1,
      504, 505, 506, -1,
      506, 505, 507, -1,
      506, 507, 508, -1,
      508, 507, 509, -1,
      508, 509, 510, -1,
      510, 509, 511, -1,
      510, 511, 512, -1,
      512, 511, 513, -1,
      512, 513, 514, -1,
      514, 513, 515, -1,
      514, 515, 516, -1,
      516, 515, 517, -1,
      516, 517, 518, -1,
      518, 517, 519, -1,
      518, 519, 520, -1,
      520, 519, 521, -1,
      520, 521, 522, -1,
      478, 523, 477, -1,
      477, 523, 524, -1,
      477, 524, 525, -1,
      525, 524, 526, -1,
      525, 526, 527, -1,
      528, 529, 530, -1,
      530, 529, 531, -1,
      530, 531, 532, -1,
      532, 531, 533, -1,
      532, 533, 534, -1,
      533, 535, 534, -1,
      534, 535, 536, -1,
      534, 536, 537, -1,
      537, 536, 538, -1,
      537, 538, 539, -1,
      539, 538, 527, -1,
      539, 527, 540, -1,
      540, 527, 526, -1,
      493, 541, 494, -1,
      494, 541, 542, -1,
      494, 542, 543, -1,
      543, 542, 544, -1,
      543, 544, 545, -1,
      545, 544, 546, -1,
      545, 546, 528, -1,
      528, 546, 547, -1,
      528, 547, 529, -1,
      548, 549, 550, -1,
      551, 552, 553, -1,
      553, 552, 554, -1,
      553, 554, 555, -1,
      556, 557, 558, -1,
      559, 560, 561, -1,
      561, 560, 562, -1,
      561, 562, 563, -1,
      554, 564, 555, -1,
      555, 564, 565, -1,
      555, 565, 566, -1,
      566, 565, 567, -1,
      566, 567, 568, -1,
      569, 570, 571, -1,
      571, 570, 572, -1,
      571, 572, 573, -1,
      573, 572, 574, -1,
      573, 574, 551, -1,
      551, 574, 575, -1,
      551, 575, 552, -1,
      576, 556, 577, -1,
      577, 556, 558, -1,
      577, 558, 578, -1,
      578, 558, 579, -1,
      580, 581, 582, -1,
      582, 581, 558, -1,
      582, 558, 583, -1,
      583, 558, 557, -1,
      584, 585, 586, -1,
      586, 585, 587, -1,
      586, 587, 588, -1,
      588, 587, 589, -1,
      588, 589, 590, -1,
      590, 589, 591, -1,
      590, 591, 592, -1,
      592, 591, 593, -1,
      594, 595, 584, -1,
      584, 595, 596, -1,
      584, 596, 585, -1,
      597, 598, 559, -1,
      559, 598, 599, -1,
      559, 599, 560, -1,
      600, 601, 597, -1,
      597, 601, 602, -1,
      597, 602, 598, -1,
      603, 604, 594, -1,
      594, 604, 605, -1,
      594, 605, 595, -1,
      567, 606, 568, -1,
      568, 606, 607, -1,
      568, 607, 608, -1,
      608, 607, 609, -1,
      608, 609, 610, -1,
      610, 609, 581, -1,
      610, 581, 611, -1,
      562, 612, 563, -1,
      563, 612, 613, -1,
      563, 613, 614, -1,
      611, 581, 615, -1,
      615, 581, 580, -1,
      615, 580, 593, -1,
      593, 580, 616, -1,
      593, 616, 592, -1,
      548, 550, 617, -1,
      617, 550, 618, -1,
      617, 618, 619, -1,
      619, 618, 620, -1,
      619, 620, 621, -1,
      621, 620, 622, -1,
      621, 622, 623, -1,
      623, 622, 624, -1,
      623, 624, 625, -1,
      625, 624, 626, -1,
      625, 626, 627, -1,
      627, 626, 628, -1,
      627, 628, 629, -1,
      629, 628, 630, -1,
      629, 630, 569, -1,
      569, 630, 631, -1,
      569, 631, 570, -1,
      632, 633, 634, -1,
      634, 633, 635, -1,
      634, 635, 603, -1,
      603, 635, 636, -1,
      603, 636, 604, -1,
      613, 637, 614, -1,
      614, 637, 638, -1,
      614, 638, 639, -1,
      639, 638, 640, -1,
      639, 640, 632, -1,
      632, 640, 641, -1,
      632, 641, 633, -1,
      642, 643, 644, -1,
      644, 643, 645, -1,
      644, 645, 646, -1,
      646, 645, 647, -1,
      646, 647, 648, -1,
      648, 647, 649, -1,
      648, 649, 650, -1,
      651, 652, 653, -1,
      653, 652, 654, -1,
      653, 654, 655, -1,
      655, 654, 656, -1,
      655, 656, 600, -1,
      600, 656, 657, -1,
      600, 657, 601, -1,
      649, 658, 650, -1,
      650, 658, 659, -1,
      650, 659, 660, -1,
      660, 659, 661, -1,
      660, 661, 662, -1,
      662, 661, 663, -1,
      662, 663, 651, -1,
      651, 663, 664, -1,
      651, 664, 652, -1,
      644, 665, 642, -1,
      642, 665, 666, -1,
      642, 666, 667, -1,
      667, 666, 668, -1,
      667, 668, 577, -1,
      577, 668, 669, -1,
      577, 669, 576, -1,
      507, 630, 628, -1,
      507, 628, 509, -1,
      509, 628, 626, -1,
      509, 626, 511, -1,
      511, 626, 624, -1,
      511, 624, 513, -1,
      513, 624, 622, -1,
      513, 622, 515, -1,
      515, 622, 620, -1,
      515, 620, 517, -1,
      517, 620, 618, -1,
      517, 618, 519, -1,
      519, 618, 550, -1,
      519, 550, 521, -1,
      522, 521, 549, -1,
      549, 521, 550, -1,
      522, 549, 548, -1,
      522, 548, 520, -1,
      520, 548, 617, -1,
      520, 617, 518, -1,
      518, 617, 619, -1,
      518, 619, 516, -1,
      516, 619, 621, -1,
      516, 621, 514, -1,
      514, 621, 623, -1,
      514, 623, 512, -1,
      512, 623, 625, -1,
      512, 625, 510, -1,
      510, 625, 627, -1,
      510, 627, 508, -1,
      508, 627, 629, -1,
      508, 629, 506, -1,
      506, 629, 569, -1,
      506, 569, 504, -1,
      504, 569, 571, -1,
      504, 571, 426, -1,
      426, 571, 573, -1,
      426, 573, 427, -1,
      427, 573, 551, -1,
      427, 551, 437, -1,
      437, 551, 553, -1,
      437, 553, 439, -1,
      439, 553, 555, -1,
      439, 555, 463, -1,
      463, 555, 566, -1,
      463, 566, 465, -1,
      465, 566, 568, -1,
      465, 568, 480, -1,
      480, 568, 608, -1,
      480, 608, 482, -1,
      482, 608, 610, -1,
      482, 610, 499, -1,
      499, 610, 611, -1,
      499, 611, 500, -1,
      500, 611, 615, -1,
      500, 615, 485, -1,
      450, 485, 593, -1,
      593, 485, 615, -1,
      450, 593, 591, -1,
      450, 591, 448, -1,
      448, 591, 589, -1,
      448, 589, 446, -1,
      446, 589, 587, -1,
      446, 587, 435, -1,
      435, 587, 585, -1,
      435, 585, 433, -1,
      433, 585, 596, -1,
      433, 596, 429, -1,
      429, 596, 595, -1,
      429, 595, 430, -1,
      430, 595, 605, -1,
      430, 605, 441, -1,
      441, 605, 604, -1,
      441, 604, 442, -1,
      442, 604, 636, -1,
      442, 636, 444, -1,
      444, 636, 635, -1,
      444, 635, 467, -1,
      467, 635, 633, -1,
      467, 633, 468, -1,
      468, 633, 641, -1,
      468, 641, 470, -1,
      470, 641, 640, -1,
      470, 640, 472, -1,
      472, 640, 638, -1,
      472, 638, 473, -1,
      473, 638, 637, -1,
      473, 637, 474, -1,
      474, 637, 613, -1,
      474, 613, 455, -1,
      455, 613, 612, -1,
      455, 612, 457, -1,
      457, 612, 562, -1,
      457, 562, 458, -1,
      458, 562, 560, -1,
      458, 560, 453, -1,
      453, 560, 599, -1,
      453, 599, 495, -1,
      495, 599, 598, -1,
      495, 598, 496, -1,
      496, 598, 602, -1,
      496, 602, 497, -1,
      497, 602, 601, -1,
      497, 601, 489, -1,
      489, 601, 657, -1,
      489, 657, 491, -1,
      491, 657, 656, -1,
      491, 656, 493, -1,
      493, 656, 654, -1,
      493, 654, 541, -1,
      541, 654, 652, -1,
      541, 652, 542, -1,
      542, 652, 664, -1,
      542, 664, 544, -1,
      544, 664, 663, -1,
      544, 663, 546, -1,
      546, 663, 661, -1,
      546, 661, 547, -1,
      547, 661, 659, -1,
      547, 659, 529, -1,
      529, 659, 658, -1,
      529, 658, 531, -1,
      531, 658, 649, -1,
      531, 649, 533, -1,
      533, 649, 647, -1,
      533, 647, 535, -1,
      535, 647, 645, -1,
      535, 645, 536, -1,
      536, 645, 643, -1,
      536, 643, 538, -1,
      538, 643, 642, -1,
      538, 642, 527, -1,
      527, 642, 667, -1,
      527, 667, 525, -1,
      477, 525, 577, -1,
      577, 525, 667, -1,
      475, 477, 578, -1,
      578, 477, 577, -1,
      476, 475, 579, -1,
      579, 475, 578, -1,
      461, 476, 558, -1,
      558, 476, 579, -1,
      461, 558, 581, -1,
      461, 581, 498, -1,
      498, 581, 609, -1,
      498, 609, 483, -1,
      483, 609, 607, -1,
      483, 607, 481, -1,
      481, 607, 606, -1,
      481, 606, 479, -1,
      479, 606, 567, -1,
      479, 567, 466, -1,
      466, 567, 565, -1,
      466, 565, 464, -1,
      464, 565, 564, -1,
      464, 564, 462, -1,
      462, 564, 554, -1,
      462, 554, 440, -1,
      440, 554, 552, -1,
      440, 552, 438, -1,
      438, 552, 575, -1,
      438, 575, 436, -1,
      436, 575, 574, -1,
      436, 574, 428, -1,
      428, 574, 572, -1,
      428, 572, 502, -1,
      502, 572, 570, -1,
      502, 570, 503, -1,
      503, 570, 631, -1,
      503, 631, 505, -1,
      505, 631, 630, -1,
      505, 630, 507, -1,
      431, 584, 586, -1,
      431, 586, 434, -1,
      434, 586, 588, -1,
      434, 588, 447, -1,
      447, 588, 590, -1,
      447, 590, 449, -1,
      449, 590, 592, -1,
      449, 592, 487, -1,
      487, 592, 616, -1,
      487, 616, 486, -1,
      471, 639, 632, -1,
      471, 632, 469, -1,
      469, 632, 634, -1,
      469, 634, 445, -1,
      445, 634, 603, -1,
      445, 603, 443, -1,
      443, 603, 594, -1,
      443, 594, 432, -1,
      432, 594, 584, -1,
      432, 584, 431, -1,
      488, 597, 559, -1,
      488, 559, 451, -1,
      451, 559, 561, -1,
      451, 561, 452, -1,
      452, 561, 563, -1,
      452, 563, 456, -1,
      456, 563, 614, -1,
      456, 614, 454, -1,
      454, 614, 639, -1,
      454, 639, 471, -1,
      545, 662, 651, -1,
      545, 651, 543, -1,
      543, 651, 653, -1,
      543, 653, 494, -1,
      494, 653, 655, -1,
      494, 655, 492, -1,
      492, 655, 600, -1,
      492, 600, 490, -1,
      490, 600, 597, -1,
      490, 597, 488, -1,
      540, 666, 665, -1,
      540, 665, 539, -1,
      539, 665, 644, -1,
      539, 644, 537, -1,
      537, 644, 646, -1,
      537, 646, 534, -1,
      534, 646, 648, -1,
      534, 648, 532, -1,
      532, 648, 650, -1,
      532, 650, 530, -1,
      530, 650, 660, -1,
      530, 660, 528, -1,
      528, 660, 662, -1,
      528, 662, 545, -1,
      501, 582, 583, -1,
      501, 583, 459, -1,
      459, 583, 557, -1,
      459, 557, 460, -1,
      460, 557, 556, -1,
      460, 556, 478, -1,
      478, 556, 576, -1,
      478, 576, 523, -1,
      523, 576, 669, -1,
      523, 669, 524, -1,
      524, 669, 668, -1,
      524, 668, 526, -1,
      526, 668, 666, -1,
      526, 666, 540, -1,
      501, 484, 582, -1,
      582, 484, 580, -1,
      484, 486, 580, -1,
      580, 486, 616, -1,
      670, 671, 672, -1,
      670, 672, 673, -1,
      673, 672, 674, -1,
      673, 674, 675, -1,
      675, 674, 676, -1,
      675, 676, 677, -1,
      677, 676, 678, -1,
      677, 678, 679, -1,
      679, 678, 680, -1,
      679, 680, 681, -1,
      681, 680, 682, -1,
      681, 682, 683, -1,
      683, 682, 684, -1,
      683, 684, 685, -1,
      686, 685, 687, -1,
      687, 685, 684, -1,
      686, 687, 688, -1,
      686, 688, 689, -1,
      689, 688, 690, -1,
      689, 690, 691, -1,
      691, 690, 692, -1,
      691, 692, 693, -1,
      693, 692, 694, -1,
      693, 694, 695, -1,
      695, 694, 696, -1,
      695, 696, 697, -1,
      697, 696, 698, -1,
      697, 698, 699, -1,
      699, 698, 700, -1,
      699, 700, 701, -1,
      701, 700, 702, -1,
      701, 702, 703, -1,
      703, 702, 704, -1,
      703, 704, 705, -1,
      705, 704, 706, -1,
      705, 706, 707, -1,
      707, 706, 708, -1,
      707, 708, 709, -1,
      709, 708, 710, -1,
      709, 710, 711, -1,
      711, 710, 712, -1,
      711, 712, 713, -1,
      713, 712, 714, -1,
      713, 714, 715, -1,
      715, 714, 716, -1,
      715, 716, 717, -1,
      717, 716, 718, -1,
      717, 718, 719, -1,
      719, 718, 720, -1,
      719, 720, 721, -1,
      721, 720, 722, -1,
      721, 722, 723, -1,
      723, 722, 724, -1,
      723, 724, 725, -1,
      725, 724, 726, -1,
      725, 726, 727, -1,
      727, 726, 728, -1,
      727, 728, 729, -1,
      729, 728, 730, -1,
      729, 730, 731, -1,
      731, 730, 732, -1,
      731, 732, 733, -1,
      733, 732, 734, -1,
      733, 734, 735, -1,
      735, 734, 736, -1,
      735, 736, 737, -1,
      737, 736, 738, -1,
      737, 738, 739, -1,
      739, 738, 740, -1,
      739, 740, 741, -1,
      741, 740, 742, -1,
      741, 742, 743, -1,
      743, 742, 744, -1,
      743, 744, 745, -1,
      745, 744, 746, -1,
      745, 746, 747, -1,
      747, 746, 748, -1,
      747, 748, 749, -1,
      749, 748, 750, -1,
      749, 750, 751, -1,
      751, 750, 752, -1,
      751, 752, 753, -1,
      753, 752, 754, -1,
      753, 754, 755, -1,
      755, 754, 756, -1,
      755, 756, 757, -1,
      757, 756, 758, -1,
      757, 758, 759, -1,
      759, 758, 760, -1,
      759, 760, 761, -1,
      761, 760, 762, -1,
      761, 762, 763, -1,
      763, 762, 764, -1,
      763, 764, 765, -1,
      765, 764, 766, -1,
      765, 766, 767, -1,
      767, 766, 768, -1,
      767, 768, 769, -1,
      769, 768, 770, -1,
      769, 770, 771, -1,
      771, 770, 772, -1,
      771, 772, 773, -1,
      773, 772, 774, -1,
      773, 774, 775, -1,
      775, 774, 776, -1,
      775, 776, 777, -1,
      777, 776, 778, -1,
      777, 778, 779, -1,
      779, 778, 780, -1,
      779, 780, 781, -1,
      781, 780, 782, -1,
      781, 782, 783, -1,
      783, 782, 784, -1,
      783, 784, 785, -1,
      785, 784, 786, -1,
      785, 786, 787, -1,
      787, 786, 788, -1,
      787, 788, 789, -1,
      789, 788, 790, -1,
      789, 790, 791, -1,
      791, 790, 792, -1,
      791, 792, 793, -1,
      793, 792, 794, -1,
      793, 794, 795, -1,
      795, 794, 796, -1,
      795, 796, 797, -1,
      797, 796, 798, -1,
      797, 798, 799, -1,
      799, 798, 800, -1,
      799, 800, 801, -1,
      801, 800, 802, -1,
      801, 802, 803, -1,
      803, 802, 804, -1,
      803, 804, 805, -1,
      806, 805, 807, -1,
      807, 805, 804, -1,
      806, 807, 808, -1,
      806, 808, 809, -1,
      809, 808, 810, -1,
      809, 810, 811, -1,
      811, 810, 812, -1,
      811, 812, 813, -1,
      813, 812, 814, -1,
      813, 814, 815, -1,
      815, 814, 816, -1,
      815, 816, 817, -1,
      817, 816, 818, -1,
      817, 818, 819, -1,
      819, 818, 820, -1,
      819, 820, 821, -1,
      821, 820, 822, -1,
      821, 822, 823, -1,
      823, 822, 824, -1,
      823, 824, 825, -1,
      825, 824, 826, -1,
      825, 826, 827, -1,
      827, 826, 828, -1,
      827, 828, 829, -1,
      829, 828, 830, -1,
      829, 830, 831, -1,
      831, 830, 832, -1,
      831, 832, 833, -1,
      833, 832, 834, -1,
      833, 834, 835, -1,
      835, 834, 836, -1,
      835, 836, 837, -1,
      837, 836, 838, -1,
      837, 838, 839, -1,
      839, 838, 840, -1,
      839, 840, 841, -1,
      841, 840, 842, -1,
      841, 842, 843, -1,
      843, 842, 844, -1,
      843, 844, 845, -1,
      845, 844, 846, -1,
      845, 846, 847, -1,
      847, 846, 848, -1,
      847, 848, 849, -1,
      849, 848, 850, -1,
      849, 850, 851, -1,
      851, 850, 852, -1,
      851, 852, 853, -1,
      853, 852, 854, -1,
      853, 854, 855, -1,
      855, 854, 856, -1,
      855, 856, 857, -1,
      857, 856, 858, -1,
      857, 858, 859, -1,
      859, 858, 860, -1,
      859, 860, 861, -1,
      861, 860, 862, -1,
      861, 862, 863, -1,
      863, 862, 864, -1,
      863, 864, 865, -1,
      865, 864, 866, -1,
      865, 866, 867, -1,
      867, 866, 868, -1,
      867, 868, 869, -1,
      869, 868, 870, -1,
      869, 870, 871, -1,
      871, 870, 872, -1,
      871, 872, 873, -1,
      873, 872, 874, -1,
      873, 874, 875, -1,
      875, 874, 876, -1,
      875, 876, 877, -1,
      877, 876, 878, -1,
      877, 878, 879, -1,
      879, 878, 880, -1,
      879, 880, 881, -1,
      881, 880, 882, -1,
      881, 882, 883, -1,
      883, 882, 884, -1,
      883, 884, 885, -1,
      885, 884, 886, -1,
      885, 886, 887, -1,
      887, 886, 888, -1,
      887, 888, 889, -1,
      889, 888, 890, -1,
      889, 890, 891, -1,
      891, 890, 892, -1,
      891, 892, 893, -1,
      893, 892, 894, -1,
      893, 894, 895, -1,
      895, 894, 896, -1,
      895, 896, 897, -1,
      897, 896, 898, -1,
      897, 898, 899, -1,
      899, 898, 900, -1,
      899, 900, 901, -1,
      901, 900, 902, -1,
      901, 902, 903, -1,
      903, 902, 904, -1,
      903, 904, 905, -1,
      905, 904, 906, -1,
      905, 906, 907, -1,
      907, 906, 671, -1,
      907, 671, 670, -1,
      683, 685, 686, -1,
      803, 805, 806, -1,
      713, 715, 897, -1,
      897, 715, 895, -1,
      777, 837, 775, -1,
      775, 837, 839, -1,
      775, 839, 773, -1,
      715, 717, 895, -1,
      895, 717, 719, -1,
      895, 719, 893, -1,
      779, 833, 777, -1,
      777, 833, 835, -1,
      777, 835, 837, -1,
      713, 897, 711, -1,
      711, 897, 899, -1,
      711, 899, 709, -1,
      709, 899, 901, -1,
      709, 901, 707, -1,
      707, 901, 903, -1,
      707, 903, 705, -1,
      855, 765, 853, -1,
      853, 765, 767, -1,
      737, 883, 735, -1,
      735, 883, 885, -1,
      839, 841, 773, -1,
      773, 841, 843, -1,
      773, 843, 771, -1,
      843, 845, 771, -1,
      771, 845, 847, -1,
      771, 847, 769, -1,
      769, 847, 849, -1,
      769, 849, 767, -1,
      767, 849, 851, -1,
      767, 851, 853, -1,
      855, 857, 765, -1,
      765, 857, 859, -1,
      765, 859, 763, -1,
      763, 859, 861, -1,
      763, 861, 761, -1,
      761, 861, 863, -1,
      761, 863, 759, -1,
      759, 863, 865, -1,
      759, 865, 757, -1,
      889, 729, 887, -1,
      887, 729, 731, -1,
      887, 731, 885, -1,
      885, 731, 733, -1,
      885, 733, 735, -1,
      719, 721, 893, -1,
      893, 721, 723, -1,
      893, 723, 891, -1,
      891, 723, 725, -1,
      891, 725, 889, -1,
      889, 725, 727, -1,
      889, 727, 729, -1,
      737, 739, 883, -1,
      883, 739, 741, -1,
      883, 741, 881, -1,
      881, 741, 743, -1,
      881, 743, 879, -1,
      879, 743, 745, -1,
      879, 745, 877, -1,
      877, 745, 747, -1,
      877, 747, 875, -1,
      705, 903, 703, -1,
      703, 903, 905, -1,
      703, 905, 701, -1,
      701, 905, 907, -1,
      701, 907, 699, -1,
      699, 907, 670, -1,
      699, 670, 697, -1,
      697, 670, 673, -1,
      697, 673, 695, -1,
      695, 673, 675, -1,
      695, 675, 693, -1,
      693, 675, 677, -1,
      693, 677, 691, -1,
      691, 677, 679, -1,
      691, 679, 689, -1,
      689, 679, 686, -1,
      686, 679, 681, -1,
      686, 681, 683, -1,
      747, 749, 875, -1,
      875, 749, 751, -1,
      875, 751, 873, -1,
      873, 751, 753, -1,
      873, 753, 871, -1,
      871, 753, 755, -1,
      871, 755, 869, -1,
      869, 755, 757, -1,
      869, 757, 867, -1,
      867, 757, 865, -1,
      803, 806, 801, -1,
      801, 806, 809, -1,
      801, 809, 799, -1,
      799, 809, 811, -1,
      799, 811, 797, -1,
      797, 811, 813, -1,
      797, 813, 795, -1,
      795, 813, 815, -1,
      795, 815, 793, -1,
      793, 815, 817, -1,
      793, 817, 791, -1,
      791, 817, 819, -1,
      791, 819, 789, -1,
      789, 819, 821, -1,
      789, 821, 787, -1,
      787, 821, 823, -1,
      787, 823, 785, -1,
      785, 823, 825, -1,
      785, 825, 783, -1,
      783, 825, 827, -1,
      783, 827, 781, -1,
      781, 827, 829, -1,
      781, 829, 779, -1,
      779, 829, 831, -1,
      779, 831, 833, -1,
      894, 714, 896, -1,
      896, 714, 712, -1,
      896, 712, 898, -1,
      898, 712, 710, -1,
      898, 710, 900, -1,
      776, 774, 836, -1,
      856, 764, 858, -1,
      858, 764, 762, -1,
      892, 718, 894, -1,
      894, 718, 716, -1,
      894, 716, 714, -1,
      886, 884, 732, -1,
      732, 884, 734, -1,
      734, 884, 882, -1,
      734, 882, 736, -1,
      856, 854, 764, -1,
      764, 854, 852, -1,
      764, 852, 766, -1,
      766, 852, 850, -1,
      766, 850, 768, -1,
      880, 740, 882, -1,
      882, 740, 738, -1,
      882, 738, 736, -1,
      770, 842, 772, -1,
      772, 842, 840, -1,
      772, 840, 774, -1,
      774, 840, 838, -1,
      774, 838, 836, -1,
      890, 722, 892, -1,
      892, 722, 720, -1,
      892, 720, 718, -1,
      850, 848, 768, -1,
      768, 848, 846, -1,
      768, 846, 770, -1,
      770, 846, 844, -1,
      770, 844, 842, -1,
      710, 708, 900, -1,
      900, 708, 706, -1,
      900, 706, 902, -1,
      902, 706, 704, -1,
      902, 704, 904, -1,
      904, 704, 702, -1,
      904, 702, 906, -1,
      906, 702, 700, -1,
      906, 700, 671, -1,
      671, 700, 698, -1,
      671, 698, 672, -1,
      672, 698, 696, -1,
      672, 696, 674, -1,
      674, 696, 694, -1,
      674, 694, 676, -1,
      732, 730, 886, -1,
      886, 730, 728, -1,
      886, 728, 888, -1,
      888, 728, 726, -1,
      888, 726, 890, -1,
      890, 726, 724, -1,
      890, 724, 722, -1,
      694, 692, 676, -1,
      676, 692, 690, -1,
      676, 690, 678, -1,
      678, 690, 688, -1,
      678, 688, 680, -1,
      680, 688, 687, -1,
      680, 687, 682, -1,
      682, 687, 684, -1,
      872, 870, 754, -1,
      754, 870, 868, -1,
      754, 868, 756, -1,
      756, 868, 866, -1,
      756, 866, 758, -1,
      758, 866, 864, -1,
      758, 864, 760, -1,
      760, 864, 862, -1,
      760, 862, 762, -1,
      762, 862, 860, -1,
      762, 860, 858, -1,
      836, 834, 776, -1,
      776, 834, 832, -1,
      776, 832, 778, -1,
      778, 832, 830, -1,
      778, 830, 780, -1,
      780, 830, 828, -1,
      780, 828, 782, -1,
      782, 828, 826, -1,
      782, 826, 784, -1,
      784, 826, 824, -1,
      784, 824, 786, -1,
      786, 824, 822, -1,
      786, 822, 788, -1,
      788, 822, 820, -1,
      788, 820, 790, -1,
      790, 820, 818, -1,
      790, 818, 792, -1,
      792, 818, 816, -1,
      792, 816, 794, -1,
      794, 816, 814, -1,
      794, 814, 796, -1,
      796, 814, 812, -1,
      796, 812, 798, -1,
      798, 812, 810, -1,
      798, 810, 800, -1,
      800, 810, 808, -1,
      800, 808, 802, -1,
      802, 808, 807, -1,
      802, 807, 804, -1,
      754, 752, 872, -1,
      872, 752, 750, -1,
      872, 750, 874, -1,
      874, 750, 748, -1,
      874, 748, 876, -1,
      876, 748, 746, -1,
      876, 746, 878, -1,
      878, 746, 744, -1,
      878, 744, 880, -1,
      880, 744, 742, -1,
      880, 742, 740, -1,
      908, 909, 910, -1,
      910, 909, 911, -1,
      912, 908, 913, -1,
      913, 908, 910, -1,
      912, 913, 914, -1,
      912, 914, 915, -1,
      915, 914, 916, -1,
      915, 916, 917, -1,
      918, 917, 919, -1,
      919, 917, 916, -1,
      920, 918, 921, -1,
      921, 918, 919, -1,
      922, 920, 923, -1,
      923, 920, 921, -1,
      924, 922, 925, -1,
      925, 922, 923, -1,
      926, 924, 927, -1,
      927, 924, 925, -1,
      928, 926, 929, -1,
      929, 926, 927, -1,
      928, 929, 930, -1,
      928, 930, 931, -1,
      931, 930, 932, -1,
      931, 932, 933, -1,
      933, 932, 934, -1,
      933, 934, 935, -1,
      935, 934, 936, -1,
      935, 936, 937, -1,
      937, 936, 938, -1,
      937, 938, 939, -1,
      939, 938, 940, -1,
      939, 940, 941, -1,
      941, 940, 942, -1,
      941, 942, 943, -1,
      943, 942, 944, -1,
      943, 944, 945, -1,
      945, 944, 946, -1,
      945, 946, 947, -1,
      947, 946, 948, -1,
      947, 948, 949, -1,
      950, 949, 951, -1,
      951, 949, 948, -1,
      950, 951, 952, -1,
      950, 952, 953, -1,
      953, 952, 954, -1,
      953, 954, 955, -1,
      955, 954, 956, -1,
      955, 956, 957, -1,
      957, 956, 958, -1,
      957, 958, 959, -1,
      959, 958, 960, -1,
      959, 960, 961, -1,
      961, 960, 962, -1,
      961, 962, 963, -1,
      963, 962, 964, -1,
      963, 964, 965, -1,
      965, 964, 966, -1,
      965, 966, 967, -1,
      967, 966, 968, -1,
      967, 968, 969, -1,
      969, 968, 970, -1,
      969, 970, 971, -1,
      971, 970, 972, -1,
      971, 972, 973, -1,
      973, 972, 974, -1,
      973, 974, 975, -1,
      975, 974, 976, -1,
      975, 976, 977, -1,
      977, 976, 978, -1,
      977, 978, 979, -1,
      909, 979, 911, -1,
      911, 979, 978, -1,
      915, 917, 979, -1,
      909, 908, 979, -1,
      979, 908, 912, -1,
      979, 912, 915, -1,
      922, 924, 920, -1,
      920, 924, 926, -1,
      920, 926, 918, -1,
      933, 935, 967, -1,
      967, 935, 965, -1,
      965, 935, 937, -1,
      965, 937, 963, -1,
      963, 937, 939, -1,
      963, 939, 961, -1,
      961, 939, 959, -1,
      959, 939, 941, -1,
      959, 941, 957, -1,
      957, 941, 943, -1,
      957, 943, 955, -1,
      967, 969, 933, -1,
      933, 969, 971, -1,
      933, 971, 931, -1,
      931, 971, 973, -1,
      931, 973, 928, -1,
      955, 943, 953, -1,
      953, 943, 945, -1,
      953, 945, 950, -1,
      950, 945, 947, -1,
      950, 947, 949, -1,
      973, 975, 928, -1,
      928, 975, 977, -1,
      928, 977, 926, -1,
      926, 977, 979, -1,
      926, 979, 918, -1,
      918, 979, 917, -1,
      940, 938, 960, -1,
      927, 925, 923, -1,
      910, 911, 913, -1,
      913, 911, 978, -1,
      960, 938, 962, -1,
      962, 938, 936, -1,
      962, 936, 964, -1,
      960, 958, 940, -1,
      940, 958, 956, -1,
      940, 956, 942, -1,
      942, 956, 954, -1,
      942, 954, 944, -1,
      944, 954, 952, -1,
      944, 952, 946, -1,
      946, 952, 951, -1,
      946, 951, 948, -1,
      964, 936, 966, -1,
      966, 936, 934, -1,
      966, 934, 968, -1,
      968, 934, 932, -1,
      968, 932, 970, -1,
      970, 932, 930, -1,
      970, 930, 972, -1,
      972, 930, 974, -1,
      974, 930, 929, -1,
      974, 929, 976, -1,
      919, 916, 978, -1,
      978, 916, 914, -1,
      978, 914, 913, -1,
      923, 921, 927, -1,
      927, 921, 919, -1,
      927, 919, 929, -1,
      929, 919, 978, -1,
      929, 978, 976, -1,
      980, 981, 982, -1,
      982, 981, 983, -1,
      984, 980, 985, -1,
      985, 980, 982, -1,
      986, 984, 987, -1,
      987, 984, 985, -1,
      988, 986, 989, -1,
      989, 986, 987, -1,
      990, 988, 991, -1,
      991, 988, 989, -1,
      992, 990, 993, -1,
      993, 990, 991, -1,
      994, 992, 995, -1,
      995, 992, 993, -1,
      996, 994, 997, -1,
      997, 994, 995, -1,
      998, 996, 999, -1,
      999, 996, 997, -1,
      1000, 998, 1001, -1,
      1001, 998, 999, -1,
      1002, 1000, 1003, -1,
      1003, 1000, 1001, -1,
      981, 1002, 983, -1,
      983, 1002, 1003, -1,
      1002, 981, 980, -1,
      980, 984, 1002, -1,
      1002, 984, 986, -1,
      1002, 986, 1000, -1,
      996, 998, 994, -1,
      994, 998, 1000, -1,
      994, 1000, 992, -1,
      992, 1000, 986, -1,
      992, 986, 990, -1,
      990, 986, 988, -1,
      982, 983, 985, -1,
      985, 983, 1003, -1,
      985, 1003, 987, -1,
      999, 997, 1001, -1,
      1001, 997, 995, -1,
      1001, 995, 993, -1,
      991, 989, 993, -1,
      993, 989, 987, -1,
      993, 987, 1001, -1,
      1001, 987, 1003, -1,
      1004, 1005, 1006, -1,
      1006, 1005, 1007, -1,
      1006, 1007, 1008, -1,
      1008, 1007, 1009, -1,
      1008, 1009, 1010, -1,
      1010, 1009, 1011, -1,
      1010, 1011, 1012, -1,
      1012, 1011, 1013, -1,
      1012, 1013, 1014, -1,
      1014, 1013, 1015, -1,
      1014, 1015, 1016, -1,
      1016, 1015, 1017, -1,
      1016, 1017, 1018, -1,
      1018, 1017, 1019, -1,
      1018, 1019, 1020, -1,
      1021, 1022, 1023, -1,
      1023, 1022, 1024, -1,
      1023, 1024, 1025, -1,
      1025, 1024, 1026, -1,
      1025, 1026, 1027, -1,
      1027, 1026, 1028, -1,
      1027, 1028, 1029, -1,
      1028, 1030, 1029, -1,
      1029, 1030, 1031, -1,
      1029, 1031, 1032, -1,
      1032, 1031, 1033, -1,
      1032, 1033, 1034, -1,
      1034, 1033, 1035, -1,
      1034, 1035, 1036, -1,
      1036, 1035, 1037, -1,
      1036, 1037, 1038, -1,
      1038, 1037, 1039, -1,
      1038, 1039, 1040, -1,
      1040, 1039, 1041, -1,
      1040, 1041, 1042, -1,
      1042, 1041, 1043, -1,
      1042, 1043, 1044, -1,
      1044, 1043, 1045, -1,
      1044, 1045, 1046, -1,
      1046, 1045, 1047, -1,
      1046, 1047, 1048, -1,
      1048, 1047, 1049, -1,
      1048, 1049, 1050, -1,
      1050, 1049, 1051, -1,
      1050, 1051, 1052, -1,
      1052, 1051, 1053, -1,
      1052, 1053, 1054, -1,
      1054, 1053, 1055, -1,
      1054, 1055, 1056, -1,
      1056, 1055, 1057, -1,
      1056, 1057, 1058, -1,
      1058, 1057, 1059, -1,
      1058, 1059, 1060, -1,
      1060, 1059, 1061, -1,
      1060, 1061, 1062, -1,
      1062, 1061, 1063, -1,
      1062, 1063, 1004, -1,
      1004, 1063, 1064, -1,
      1004, 1064, 1005, -1,
      1019, 1065, 1020, -1,
      1020, 1065, 1066, -1,
      1020, 1066, 1067, -1,
      1067, 1066, 1068, -1,
      1067, 1068, 1069, -1,
      1069, 1068, 1070, -1,
      1069, 1070, 1071, -1,
      1071, 1070, 1072, -1,
      1071, 1072, 1073, -1,
      1073, 1072, 1074, -1,
      1073, 1074, 1075, -1,
      1075, 1074, 1076, -1,
      1075, 1076, 1021, -1,
      1021, 1076, 1077, -1,
      1021, 1077, 1022, -1,
      1078, 1079, 1080, -1,
      1080, 1079, 1081, -1,
      1080, 1081, 1082, -1,
      1082, 1081, 1083, -1,
      1082, 1083, 1084, -1,
      1084, 1083, 1085, -1,
      1084, 1085, 1086, -1,
      1086, 1085, 1087, -1,
      1086, 1087, 1088, -1,
      1088, 1087, 1089, -1,
      1088, 1089, 1090, -1,
      1091, 1092, 1093, -1,
      1093, 1092, 1094, -1,
      1093, 1094, 1095, -1,
      1095, 1094, 1096, -1,
      1095, 1096, 1097, -1,
      1097, 1096, 1098, -1,
      1097, 1098, 1099, -1,
      1099, 1098, 1100, -1,
      1099, 1100, 1101, -1,
      1101, 1100, 1102, -1,
      1101, 1102, 1103, -1,
      1103, 1102, 1104, -1,
      1103, 1104, 1105, -1,
      1105, 1104, 1106, -1,
      1105, 1106, 1107, -1,
      1089, 1108, 1090, -1,
      1090, 1108, 1109, -1,
      1090, 1109, 1110, -1,
      1110, 1109, 1111, -1,
      1110, 1111, 1112, -1,
      1112, 1111, 1113, -1,
      1112, 1113, 1114, -1,
      1114, 1113, 1115, -1,
      1114, 1115, 1116, -1,
      1116, 1115, 1117, -1,
      1116, 1117, 1118, -1,
      1118, 1117, 1119, -1,
      1118, 1119, 1091, -1,
      1091, 1119, 1120, -1,
      1091, 1120, 1092, -1,
      1106, 1121, 1107, -1,
      1107, 1121, 1122, -1,
      1107, 1122, 1123, -1,
      1123, 1122, 1124, -1,
      1123, 1124, 1125, -1,
      1125, 1124, 1126, -1,
      1125, 1126, 1127, -1,
      1127, 1126, 1128, -1,
      1127, 1128, 1129, -1,
      1129, 1128, 1130, -1,
      1129, 1130, 1131, -1,
      1131, 1130, 1132, -1,
      1131, 1132, 1133, -1,
      1133, 1132, 1134, -1,
      1133, 1134, 1135, -1,
      1135, 1134, 1136, -1,
      1135, 1136, 1137, -1,
      1137, 1136, 1138, -1,
      1137, 1138, 1139, -1,
      1139, 1138, 1140, -1,
      1139, 1140, 1141, -1,
      1141, 1140, 1142, -1,
      1141, 1142, 1143, -1,
      1143, 1142, 1144, -1,
      1143, 1144, 1145, -1,
      1145, 1144, 1146, -1,
      1145, 1146, 1147, -1,
      1147, 1146, 1148, -1,
      1147, 1148, 1149, -1,
      1149, 1148, 1150, -1,
      1149, 1150, 1078, -1,
      1078, 1150, 1151, -1,
      1078, 1151, 1079, -1,
      1057, 1055, 1132, -1,
      1132, 1055, 1134, -1,
      1057, 1132, 1130, -1,
      1057, 1130, 1059, -1,
      1059, 1130, 1128, -1,
      1059, 1128, 1061, -1,
      1061, 1128, 1126, -1,
      1061, 1126, 1063, -1,
      1063, 1126, 1124, -1,
      1063, 1124, 1064, -1,
      1064, 1124, 1122, -1,
      1064, 1122, 1005, -1,
      1005, 1122, 1121, -1,
      1005, 1121, 1007, -1,
      1007, 1121, 1106, -1,
      1007, 1106, 1009, -1,
      1009, 1106, 1104, -1,
      1009, 1104, 1011, -1,
      1011, 1104, 1102, -1,
      1011, 1102, 1013, -1,
      1013, 1102, 1100, -1,
      1013, 1100, 1015, -1,
      1015, 1100, 1098, -1,
      1015, 1098, 1017, -1,
      1017, 1098, 1096, -1,
      1017, 1096, 1019, -1,
      1019, 1096, 1094, -1,
      1019, 1094, 1065, -1,
      1065, 1094, 1092, -1,
      1065, 1092, 1066, -1,
      1066, 1092, 1120, -1,
      1066, 1120, 1068, -1,
      1068, 1120, 1119, -1,
      1068, 1119, 1070, -1,
      1070, 1119, 1117, -1,
      1070, 1117, 1072, -1,
      1072, 1117, 1115, -1,
      1072, 1115, 1074, -1,
      1074, 1115, 1113, -1,
      1074, 1113, 1076, -1,
      1076, 1113, 1111, -1,
      1076, 1111, 1077, -1,
      1077, 1111, 1109, -1,
      1077, 1109, 1022, -1,
      1022, 1109, 1108, -1,
      1022, 1108, 1024, -1,
      1024, 1108, 1089, -1,
      1024, 1089, 1026, -1,
      1026, 1089, 1087, -1,
      1026, 1087, 1028, -1,
      1028, 1087, 1085, -1,
      1028, 1085, 1030, -1,
      1030, 1085, 1083, -1,
      1030, 1083, 1031, -1,
      1031, 1083, 1081, -1,
      1031, 1081, 1033, -1,
      1033, 1081, 1079, -1,
      1033, 1079, 1035, -1,
      1035, 1079, 1151, -1,
      1035, 1151, 1037, -1,
      1037, 1151, 1150, -1,
      1037, 1150, 1039, -1,
      1039, 1150, 1148, -1,
      1039, 1148, 1041, -1,
      1041, 1148, 1146, -1,
      1041, 1146, 1043, -1,
      1043, 1146, 1144, -1,
      1043, 1144, 1045, -1,
      1045, 1144, 1142, -1,
      1045, 1142, 1047, -1,
      1047, 1142, 1140, -1,
      1047, 1140, 1049, -1,
      1049, 1140, 1138, -1,
      1049, 1138, 1051, -1,
      1053, 1051, 1136, -1,
      1136, 1051, 1138, -1,
      1055, 1053, 1134, -1,
      1134, 1053, 1136, -1,
      1050, 1052, 1137, -1,
      1137, 1052, 1135, -1,
      1052, 1054, 1135, -1,
      1135, 1054, 1133, -1,
      1054, 1056, 1133, -1,
      1133, 1056, 1131, -1,
      1012, 1101, 1103, -1,
      1012, 1103, 1010, -1,
      1010, 1103, 1105, -1,
      1010, 1105, 1008, -1,
      1008, 1105, 1107, -1,
      1008, 1107, 1006, -1,
      1006, 1107, 1123, -1,
      1006, 1123, 1004, -1,
      1004, 1123, 1125, -1,
      1004, 1125, 1062, -1,
      1062, 1125, 1127, -1,
      1062, 1127, 1060, -1,
      1060, 1127, 1129, -1,
      1060, 1129, 1058, -1,
      1058, 1129, 1131, -1,
      1058, 1131, 1056, -1,
      1073, 1114, 1116, -1,
      1073, 1116, 1071, -1,
      1071, 1116, 1118, -1,
      1071, 1118, 1069, -1,
      1069, 1118, 1091, -1,
      1069, 1091, 1067, -1,
      1067, 1091, 1093, -1,
      1067, 1093, 1020, -1,
      1020, 1093, 1095, -1,
      1020, 1095, 1018, -1,
      1018, 1095, 1097, -1,
      1018, 1097, 1016, -1,
      1016, 1097, 1099, -1,
      1016, 1099, 1014, -1,
      1014, 1099, 1101, -1,
      1014, 1101, 1012, -1,
      1034, 1080, 1082, -1,
      1034, 1082, 1032, -1,
      1032, 1082, 1084, -1,
      1032, 1084, 1029, -1,
      1029, 1084, 1086, -1,
      1029, 1086, 1027, -1,
      1027, 1086, 1088, -1,
      1027, 1088, 1025, -1,
      1025, 1088, 1090, -1,
      1025, 1090, 1023, -1,
      1023, 1090, 1110, -1,
      1023, 1110, 1021, -1,
      1021, 1110, 1112, -1,
      1021, 1112, 1075, -1,
      1075, 1112, 1114, -1,
      1075, 1114, 1073, -1,
      1050, 1137, 1139, -1,
      1050, 1139, 1048, -1,
      1048, 1139, 1141, -1,
      1048, 1141, 1046, -1,
      1046, 1141, 1143, -1,
      1046, 1143, 1044, -1,
      1044, 1143, 1145, -1,
      1044, 1145, 1042, -1,
      1042, 1145, 1147, -1,
      1042, 1147, 1040, -1,
      1040, 1147, 1149, -1,
      1040, 1149, 1038, -1,
      1038, 1149, 1078, -1,
      1038, 1078, 1036, -1,
      1036, 1078, 1080, -1,
      1036, 1080, 1034, -1,
      1152, 1153, 1154, -1,
      1154, 1153, 1155, -1,
      1156, 1157, 1152, -1,
      1152, 1157, 1158, -1,
      1152, 1158, 1153, -1,
      1153, 1158, 1159, -1,
      1156, 1160, 1157, -1,
      1157, 1160, 1161, -1,
      1157, 1161, 1162, -1,
      1162, 1161, 1163, -1,
      1162, 1163, 1164, -1,
      1164, 1165, 1162, -1,
      1162, 1165, 1154, -1,
      1162, 1154, 1166, -1,
      1166, 1154, 1155, -1,
      1166, 1155, 1167, -1,
      1168, 1169, 1170, -1,
      1170, 1169, 1171, -1,
      1172, 1173, 1171, -1,
      1171, 1173, 1174, -1,
      1171, 1174, 1170, -1,
      1170, 1174, 1175, -1,
      1172, 1176, 1173, -1,
      1173, 1176, 1177, -1,
      1173, 1177, 1178, -1,
      1178, 1177, 1179, -1,
      1178, 1179, 1180, -1,
      1180, 1181, 1178, -1,
      1178, 1181, 1169, -1,
      1178, 1169, 1182, -1,
      1182, 1169, 1168, -1,
      1182, 1168, 1183, -1,
      1162, 1166, 1173, -1,
      1173, 1166, 1174, -1,
      1157, 1162, 1178, -1,
      1178, 1162, 1173, -1,
      1158, 1157, 1182, -1,
      1182, 1157, 1178, -1,
      1159, 1158, 1183, -1,
      1183, 1158, 1182, -1,
      1153, 1159, 1168, -1,
      1168, 1159, 1183, -1,
      1155, 1153, 1170, -1,
      1170, 1153, 1168, -1,
      1167, 1155, 1175, -1,
      1175, 1155, 1170, -1,
      1166, 1167, 1174, -1,
      1174, 1167, 1175, -1,
      1152, 1154, 1169, -1,
      1169, 1154, 1171, -1,
      1154, 1165, 1171, -1,
      1171, 1165, 1172, -1,
      1163, 1177, 1176, -1,
      1163, 1176, 1164, -1,
      1164, 1176, 1172, -1,
      1164, 1172, 1165, -1,
      1163, 1161, 1177, -1,
      1177, 1161, 1179, -1,
      1156, 1181, 1180, -1,
      1156, 1180, 1160, -1,
      1160, 1180, 1179, -1,
      1160, 1179, 1161, -1,
      1156, 1152, 1181, -1,
      1181, 1152, 1169, -1,
      1184, 1185, 1186, -1,
      1187, 1188, 1189, -1,
      1189, 1188, 1190, -1,
      1191, 1192, 1193, -1,
      1194, 1195, 1196, -1,
      1196, 1195, 1197, -1,
      1196, 1197, 1198, -1,
      1199, 1200, 1201, -1,
      1202, 1203, 1204, -1,
      1205, 1206, 1207, -1,
      1207, 1206, 1208, -1,
      1207, 1208, 1209, -1,
      1209, 1208, 1210, -1,
      1209, 1210, 1211, -1,
      1211, 1210, 1212, -1,
      1211, 1212, 1213, -1,
      1214, 1215, 1216, -1,
      1202, 1204, 1217, -1,
      1217, 1204, 1218, -1,
      1217, 1218, 1219, -1,
      1219, 1218, 1220, -1,
      1219, 1220, 1221, -1,
      1190, 1222, 1189, -1,
      1189, 1222, 1223, -1,
      1189, 1223, 1224, -1,
      1224, 1223, 1225, -1,
      1224, 1225, 1226, -1,
      1226, 1225, 1227, -1,
      1228, 1229, 1208, -1,
      1208, 1229, 1230, -1,
      1208, 1230, 1210, -1,
      1210, 1230, 1231, -1,
      1210, 1231, 1232, -1,
      1201, 1200, 1233, -1,
      1233, 1200, 1234, -1,
      1233, 1234, 1235, -1,
      1235, 1234, 1236, -1,
      1235, 1236, 1237, -1,
      1193, 1192, 1238, -1,
      1238, 1192, 1239, -1,
      1238, 1239, 1240, -1,
      1225, 1241, 1227, -1,
      1227, 1241, 1242, -1,
      1227, 1242, 1243, -1,
      1243, 1242, 1244, -1,
      1243, 1244, 1245, -1,
      1245, 1244, 1246, -1,
      1203, 1202, 1247, -1,
      1247, 1202, 1248, -1,
      1247, 1248, 1249, -1,
      1249, 1248, 1250, -1,
      1249, 1250, 1251, -1,
      1251, 1250, 1252, -1,
      1251, 1252, 1186, -1,
      1186, 1252, 1253, -1,
      1186, 1253, 1184, -1,
      1213, 1254, 1211, -1,
      1211, 1254, 1255, -1,
      1211, 1255, 1256, -1,
      1257, 1258, 1259, -1,
      1260, 1261, 1262, -1,
      1262, 1261, 1263, -1,
      1262, 1263, 1264, -1,
      1264, 1263, 1265, -1,
      1264, 1265, 1266, -1,
      1266, 1265, 1267, -1,
      1266, 1267, 1268, -1,
      1269, 1270, 1271, -1,
      1271, 1270, 1272, -1,
      1271, 1272, 1273, -1,
      1273, 1272, 1274, -1,
      1273, 1274, 1246, -1,
      1246, 1274, 1275, -1,
      1246, 1275, 1245, -1,
      1216, 1215, 1276, -1,
      1276, 1215, 1277, -1,
      1276, 1277, 1278, -1,
      1201, 1279, 1199, -1,
      1199, 1279, 1280, -1,
      1199, 1280, 1281, -1,
      1281, 1280, 1282, -1,
      1281, 1282, 1283, -1,
      1283, 1282, 1284, -1,
      1283, 1284, 1285, -1,
      1285, 1284, 1286, -1,
      1285, 1286, 1287, -1,
      1193, 1288, 1191, -1,
      1191, 1288, 1289, -1,
      1191, 1289, 1290, -1,
      1290, 1289, 1291, -1,
      1290, 1291, 1292, -1,
      1292, 1291, 1293, -1,
      1292, 1293, 1294, -1,
      1294, 1293, 1186, -1,
      1294, 1186, 1295, -1,
      1295, 1186, 1185, -1,
      1196, 1296, 1194, -1,
      1194, 1296, 1297, -1,
      1194, 1297, 1298, -1,
      1298, 1297, 1299, -1,
      1298, 1299, 1300, -1,
      1225, 1301, 1241, -1,
      1241, 1301, 1302, -1,
      1241, 1302, 1303, -1,
      1303, 1302, 1304, -1,
      1305, 1306, 1307, -1,
      1307, 1306, 1308, -1,
      1307, 1308, 1309, -1,
      1216, 1310, 1214, -1,
      1214, 1310, 1311, -1,
      1214, 1311, 1305, -1,
      1305, 1311, 1312, -1,
      1305, 1312, 1306, -1,
      1232, 1313, 1210, -1,
      1210, 1313, 1314, -1,
      1210, 1314, 1315, -1,
      1315, 1314, 1257, -1,
      1315, 1257, 1316, -1,
      1316, 1257, 1259, -1,
      1317, 1318, 1319, -1,
      1319, 1318, 1320, -1,
      1319, 1320, 1321, -1,
      1321, 1320, 1322, -1,
      1321, 1322, 1260, -1,
      1260, 1322, 1323, -1,
      1260, 1323, 1261, -1,
      1286, 1324, 1287, -1,
      1287, 1324, 1325, -1,
      1287, 1325, 1326, -1,
      1326, 1325, 1327, -1,
      1326, 1327, 1317, -1,
      1317, 1327, 1328, -1,
      1317, 1328, 1318, -1,
      1329, 1330, 1331, -1,
      1331, 1330, 1332, -1,
      1331, 1332, 1333, -1,
      1333, 1332, 1334, -1,
      1333, 1334, 1335, -1,
      1335, 1334, 1336, -1,
      1335, 1336, 1337, -1,
      1337, 1336, 1338, -1,
      1337, 1338, 1269, -1,
      1269, 1338, 1339, -1,
      1269, 1339, 1270, -1,
      1278, 1277, 1208, -1,
      1208, 1277, 1340, -1,
      1208, 1340, 1228, -1,
      1187, 1189, 1258, -1,
      1258, 1189, 1341, -1,
      1258, 1341, 1342, -1,
      1342, 1343, 1258, -1,
      1258, 1343, 1344, -1,
      1258, 1344, 1345, -1,
      1346, 1347, 1348, -1,
      1349, 1350, 1351, -1,
      1351, 1350, 1352, -1,
      1308, 1353, 1309, -1,
      1309, 1353, 1354, -1,
      1309, 1354, 1355, -1,
      1355, 1354, 1356, -1,
      1355, 1356, 1304, -1,
      1304, 1356, 1357, -1,
      1304, 1357, 1303, -1,
      1345, 1358, 1258, -1,
      1258, 1358, 1359, -1,
      1258, 1359, 1259, -1,
      1198, 1360, 1196, -1,
      1196, 1360, 1361, -1,
      1196, 1361, 1362, -1,
      1362, 1361, 1363, -1,
      1362, 1363, 1364, -1,
      1364, 1363, 1268, -1,
      1364, 1268, 1365, -1,
      1365, 1268, 1267, -1,
      1366, 1367, 1346, -1,
      1346, 1367, 1368, -1,
      1346, 1368, 1347, -1,
      1236, 1369, 1237, -1,
      1237, 1369, 1346, -1,
      1237, 1346, 1370, -1,
      1370, 1346, 1348, -1,
      1240, 1239, 1371, -1,
      1371, 1239, 1372, -1,
      1371, 1372, 1349, -1,
      1349, 1372, 1373, -1,
      1349, 1373, 1350, -1,
      1220, 1374, 1221, -1,
      1221, 1374, 1375, -1,
      1221, 1375, 1376, -1,
      1376, 1375, 1377, -1,
      1376, 1377, 1329, -1,
      1329, 1377, 1378, -1,
      1329, 1378, 1330, -1,
      1379, 1380, 1381, -1,
      1380, 1382, 1381, -1,
      1381, 1382, 1383, -1,
      1381, 1383, 1384, -1,
      1366, 1346, 1381, -1,
      1381, 1346, 1385, -1,
      1381, 1385, 1379, -1,
      1299, 1386, 1300, -1,
      1300, 1386, 1387, -1,
      1300, 1387, 1388, -1,
      1388, 1387, 1389, -1,
      1388, 1389, 1390, -1,
      1390, 1389, 1391, -1,
      1390, 1391, 1392, -1,
      1392, 1391, 1393, -1,
      1392, 1393, 1394, -1,
      1394, 1393, 1395, -1,
      1394, 1395, 1352, -1,
      1352, 1395, 1396, -1,
      1352, 1396, 1351, -1,
      1397, 1398, 1399, -1,
      1399, 1398, 1400, -1,
      1401, 1402, 1403, -1,
      1401, 1403, 1404, -1,
      1405, 1406, 1407, -1,
      1407, 1406, 1408, -1,
      1408, 1409, 1410, -1,
      1411, 1412, 1413, -1,
      1413, 1412, 1407, -1,
      1413, 1407, 1414, -1,
      1415, 1416, 1417, -1,
      1417, 1416, 1418, -1,
      1419, 1420, 1421, -1,
      1421, 1420, 1422, -1,
      1423, 1424, 1425, -1,
      1425, 1424, 1426, -1,
      1425, 1426, 1427, -1,
      1427, 1426, 1428, -1,
      1427, 1428, 1429, -1,
      1430, 1431, 1432, -1,
      1408, 1433, 1409, -1,
      1409, 1433, 1434, -1,
      1409, 1434, 1435, -1,
      1410, 1436, 1408, -1,
      1408, 1436, 1399, -1,
      1408, 1399, 1407, -1,
      1407, 1399, 1400, -1,
      1407, 1400, 1414, -1,
      1437, 1438, 1439, -1,
      1418, 1440, 1417, -1,
      1417, 1440, 1403, -1,
      1417, 1403, 1441, -1,
      1441, 1403, 1402, -1,
      1422, 1442, 1421, -1,
      1421, 1442, 1443, -1,
      1421, 1443, 1444, -1,
      1444, 1443, 1429, -1,
      1444, 1429, 1445, -1,
      1445, 1429, 1428, -1,
      1446, 1447, 1448, -1,
      1448, 1447, 1449, -1,
      1448, 1449, 1450, -1,
      1450, 1449, 1451, -1,
      1450, 1451, 1452, -1,
      1432, 1431, 1453, -1,
      1453, 1431, 1454, -1,
      1453, 1454, 1455, -1,
      1456, 1457, 1451, -1,
      1435, 1458, 1409, -1,
      1409, 1458, 1459, -1,
      1409, 1459, 1460, -1,
      1460, 1459, 1461, -1,
      1460, 1461, 1462, -1,
      1462, 1461, 1463, -1,
      1462, 1463, 1464, -1,
      1464, 1463, 1465, -1,
      1465, 1463, 1466, -1,
      1465, 1466, 1467, -1,
      1467, 1466, 1468, -1,
      1468, 1466, 1469, -1,
      1468, 1469, 1470, -1,
      1470, 1469, 1471, -1,
      1470, 1471, 1472, -1,
      1472, 1471, 1473, -1,
      1473, 1471, 1474, -1,
      1473, 1474, 1475, -1,
      1475, 1474, 1476, -1,
      1475, 1476, 1417, -1,
      1477, 1478, 1413, -1,
      1413, 1478, 1479, -1,
      1413, 1479, 1411, -1,
      1455, 1454, 1480, -1,
      1480, 1454, 1481, -1,
      1480, 1481, 1421, -1,
      1421, 1481, 1482, -1,
      1421, 1482, 1419, -1,
      1483, 1484, 1485, -1,
      1485, 1484, 1486, -1,
      1485, 1486, 1487, -1,
      1487, 1486, 1488, -1,
      1487, 1488, 1489, -1,
      1489, 1488, 1490, -1,
      1489, 1490, 1491, -1,
      1492, 1493, 1494, -1,
      1494, 1493, 1495, -1,
      1494, 1495, 1496, -1,
      1496, 1495, 1497, -1,
      1496, 1497, 1498, -1,
      1457, 1499, 1451, -1,
      1451, 1499, 1500, -1,
      1451, 1500, 1452, -1,
      1476, 1501, 1417, -1,
      1417, 1501, 1502, -1,
      1417, 1502, 1415, -1,
      1415, 1502, 1503, -1,
      1504, 1505, 1506, -1,
      1506, 1505, 1507, -1,
      1506, 1507, 1508, -1,
      1509, 1510, 1511, -1,
      1511, 1510, 1512, -1,
      1511, 1512, 1513, -1,
      1513, 1512, 1514, -1,
      1513, 1514, 1515, -1,
      1515, 1514, 1516, -1,
      1515, 1516, 1517, -1,
      1517, 1516, 1518, -1,
      1517, 1518, 1504, -1,
      1504, 1518, 1519, -1,
      1504, 1519, 1505, -1,
      1520, 1521, 1509, -1,
      1439, 1438, 1522, -1,
      1522, 1438, 1523, -1,
      1522, 1523, 1407, -1,
      1407, 1523, 1524, -1,
      1407, 1524, 1405, -1,
      1507, 1525, 1508, -1,
      1508, 1525, 1526, -1,
      1508, 1526, 1527, -1,
      1527, 1526, 1528, -1,
      1527, 1528, 1529, -1,
      1529, 1528, 1530, -1,
      1529, 1530, 1423, -1,
      1423, 1530, 1531, -1,
      1423, 1531, 1424, -1,
      1521, 1532, 1509, -1,
      1509, 1532, 1533, -1,
      1509, 1533, 1510, -1,
      1534, 1535, 1536, -1,
      1536, 1535, 1537, -1,
      1497, 1538, 1498, -1,
      1498, 1538, 1539, -1,
      1498, 1539, 1540, -1,
      1540, 1539, 1541, -1,
      1540, 1541, 1483, -1,
      1483, 1541, 1542, -1,
      1483, 1542, 1484, -1,
      1451, 1543, 1456, -1,
      1456, 1543, 1544, -1,
      1456, 1544, 1545, -1,
      1545, 1544, 1546, -1,
      1545, 1546, 1547, -1,
      1547, 1546, 1548, -1,
      1547, 1548, 1549, -1,
      1549, 1548, 1550, -1,
      1549, 1550, 1492, -1,
      1492, 1550, 1551, -1,
      1492, 1551, 1493, -1,
      1503, 1552, 1415, -1,
      1415, 1552, 1553, -1,
      1415, 1553, 1554, -1,
      1554, 1553, 1555, -1,
      1554, 1555, 1556, -1,
      1556, 1555, 1557, -1,
      1556, 1557, 1558, -1,
      1558, 1557, 1437, -1,
      1558, 1437, 1559, -1,
      1559, 1437, 1439, -1,
      1490, 1560, 1491, -1,
      1491, 1560, 1561, -1,
      1491, 1561, 1562, -1,
      1562, 1561, 1563, -1,
      1562, 1563, 1564, -1,
      1564, 1563, 1565, -1,
      1564, 1565, 1566, -1,
      1566, 1565, 1567, -1,
      1566, 1567, 1568, -1,
      1568, 1567, 1569, -1,
      1568, 1569, 1570, -1,
      1570, 1569, 1571, -1,
      1570, 1571, 1536, -1,
      1536, 1571, 1572, -1,
      1536, 1572, 1534, -1,
      1537, 1573, 1536, -1,
      1536, 1573, 1574, -1,
      1536, 1574, 1575, -1,
      1404, 1403, 1509, -1,
      1509, 1403, 1576, -1,
      1509, 1576, 1577, -1,
      1578, 1579, 1575, -1,
      1575, 1579, 1580, -1,
      1575, 1580, 1581, -1,
      1577, 1582, 1509, -1,
      1509, 1582, 1583, -1,
      1509, 1583, 1520, -1,
      1584, 1585, 1586, -1,
      1586, 1585, 1587, -1,
      1586, 1587, 1446, -1,
      1446, 1587, 1588, -1,
      1446, 1588, 1447, -1,
      1432, 1589, 1430, -1,
      1430, 1589, 1590, -1,
      1430, 1590, 1591, -1,
      1591, 1590, 1592, -1,
      1591, 1592, 1593, -1,
      1593, 1592, 1594, -1,
      1593, 1594, 1595, -1,
      1595, 1594, 1596, -1,
      1595, 1596, 1597, -1,
      1597, 1596, 1598, -1,
      1597, 1598, 1599, -1,
      1599, 1598, 1600, -1,
      1599, 1600, 1601, -1,
      1601, 1600, 1602, -1,
      1601, 1602, 1603, -1,
      1603, 1602, 1604, -1,
      1603, 1604, 1605, -1,
      1605, 1604, 1606, -1,
      1605, 1606, 1584, -1,
      1584, 1606, 1607, -1,
      1584, 1607, 1585, -1,
      1581, 1608, 1575, -1,
      1575, 1608, 1609, -1,
      1575, 1609, 1536, -1,
      1320, 1538, 1497, -1,
      1320, 1497, 1322, -1,
      1322, 1497, 1495, -1,
      1322, 1495, 1323, -1,
      1323, 1495, 1493, -1,
      1323, 1493, 1261, -1,
      1261, 1493, 1551, -1,
      1261, 1551, 1263, -1,
      1263, 1551, 1550, -1,
      1263, 1550, 1265, -1,
      1265, 1550, 1548, -1,
      1265, 1548, 1267, -1,
      1267, 1548, 1546, -1,
      1267, 1546, 1365, -1,
      1365, 1546, 1544, -1,
      1365, 1544, 1364, -1,
      1364, 1544, 1543, -1,
      1364, 1543, 1362, -1,
      1362, 1543, 1451, -1,
      1362, 1451, 1196, -1,
      1196, 1451, 1449, -1,
      1196, 1449, 1296, -1,
      1296, 1449, 1447, -1,
      1296, 1447, 1297, -1,
      1297, 1447, 1588, -1,
      1297, 1588, 1299, -1,
      1299, 1588, 1587, -1,
      1299, 1587, 1386, -1,
      1386, 1587, 1585, -1,
      1386, 1585, 1387, -1,
      1387, 1585, 1607, -1,
      1387, 1607, 1389, -1,
      1389, 1607, 1606, -1,
      1389, 1606, 1391, -1,
      1391, 1606, 1604, -1,
      1391, 1604, 1393, -1,
      1393, 1604, 1602, -1,
      1393, 1602, 1395, -1,
      1395, 1602, 1600, -1,
      1395, 1600, 1396, -1,
      1396, 1600, 1598, -1,
      1396, 1598, 1351, -1,
      1351, 1598, 1596, -1,
      1351, 1596, 1349, -1,
      1349, 1596, 1594, -1,
      1349, 1594, 1371, -1,
      1371, 1594, 1592, -1,
      1371, 1592, 1240, -1,
      1240, 1592, 1590, -1,
      1240, 1590, 1238, -1,
      1238, 1590, 1589, -1,
      1238, 1589, 1193, -1,
      1193, 1589, 1432, -1,
      1193, 1432, 1288, -1,
      1288, 1432, 1453, -1,
      1288, 1453, 1289, -1,
      1289, 1453, 1455, -1,
      1289, 1455, 1291, -1,
      1291, 1455, 1480, -1,
      1291, 1480, 1293, -1,
      1293, 1480, 1421, -1,
      1293, 1421, 1186, -1,
      1186, 1421, 1444, -1,
      1186, 1444, 1251, -1,
      1251, 1444, 1445, -1,
      1251, 1445, 1249, -1,
      1249, 1445, 1428, -1,
      1249, 1428, 1247, -1,
      1247, 1428, 1426, -1,
      1247, 1426, 1203, -1,
      1203, 1426, 1424, -1,
      1203, 1424, 1204, -1,
      1204, 1424, 1531, -1,
      1204, 1531, 1218, -1,
      1218, 1531, 1530, -1,
      1218, 1530, 1220, -1,
      1220, 1530, 1528, -1,
      1220, 1528, 1374, -1,
      1374, 1528, 1526, -1,
      1374, 1526, 1375, -1,
      1375, 1526, 1525, -1,
      1375, 1525, 1377, -1,
      1377, 1525, 1507, -1,
      1377, 1507, 1378, -1,
      1378, 1507, 1505, -1,
      1378, 1505, 1330, -1,
      1330, 1505, 1519, -1,
      1330, 1519, 1332, -1,
      1332, 1519, 1518, -1,
      1332, 1518, 1334, -1,
      1334, 1518, 1516, -1,
      1334, 1516, 1336, -1,
      1336, 1516, 1514, -1,
      1336, 1514, 1338, -1,
      1338, 1514, 1512, -1,
      1338, 1512, 1339, -1,
      1339, 1512, 1510, -1,
      1339, 1510, 1270, -1,
      1270, 1510, 1533, -1,
      1270, 1533, 1272, -1,
      1272, 1533, 1532, -1,
      1272, 1532, 1274, -1,
      1274, 1532, 1521, -1,
      1274, 1521, 1275, -1,
      1275, 1521, 1520, -1,
      1275, 1520, 1245, -1,
      1245, 1520, 1583, -1,
      1245, 1583, 1243, -1,
      1243, 1583, 1582, -1,
      1243, 1582, 1227, -1,
      1227, 1582, 1577, -1,
      1227, 1577, 1226, -1,
      1226, 1577, 1576, -1,
      1226, 1576, 1224, -1,
      1224, 1576, 1403, -1,
      1224, 1403, 1189, -1,
      1189, 1403, 1440, -1,
      1189, 1440, 1341, -1,
      1341, 1440, 1418, -1,
      1341, 1418, 1342, -1,
      1342, 1418, 1416, -1,
      1342, 1416, 1343, -1,
      1343, 1416, 1415, -1,
      1343, 1415, 1344, -1,
      1344, 1415, 1554, -1,
      1344, 1554, 1345, -1,
      1345, 1554, 1556, -1,
      1345, 1556, 1358, -1,
      1358, 1556, 1558, -1,
      1358, 1558, 1359, -1,
      1359, 1558, 1559, -1,
      1359, 1559, 1259, -1,
      1259, 1559, 1439, -1,
      1259, 1439, 1316, -1,
      1316, 1439, 1522, -1,
      1316, 1522, 1315, -1,
      1315, 1522, 1407, -1,
      1315, 1407, 1210, -1,
      1210, 1407, 1412, -1,
      1210, 1412, 1212, -1,
      1212, 1412, 1411, -1,
      1212, 1411, 1213, -1,
      1213, 1411, 1479, -1,
      1213, 1479, 1254, -1,
      1254, 1479, 1478, -1,
      1254, 1478, 1255, -1,
      1255, 1478, 1477, -1,
      1255, 1477, 1256, -1,
      1256, 1477, 1413, -1,
      1256, 1413, 1211, -1,
      1211, 1413, 1414, -1,
      1211, 1414, 1209, -1,
      1207, 1209, 1400, -1,
      1400, 1209, 1414, -1,
      1205, 1207, 1398, -1,
      1398, 1207, 1400, -1,
      1206, 1205, 1397, -1,
      1397, 1205, 1398, -1,
      1208, 1206, 1399, -1,
      1399, 1206, 1397, -1,
      1208, 1399, 1436, -1,
      1208, 1436, 1278, -1,
      1278, 1436, 1410, -1,
      1278, 1410, 1276, -1,
      1276, 1410, 1409, -1,
      1276, 1409, 1216, -1,
      1216, 1409, 1460, -1,
      1216, 1460, 1310, -1,
      1310, 1460, 1462, -1,
      1310, 1462, 1311, -1,
      1311, 1462, 1464, -1,
      1311, 1464, 1312, -1,
      1312, 1464, 1465, -1,
      1312, 1465, 1306, -1,
      1306, 1465, 1467, -1,
      1306, 1467, 1308, -1,
      1308, 1467, 1468, -1,
      1308, 1468, 1353, -1,
      1353, 1468, 1470, -1,
      1353, 1470, 1354, -1,
      1354, 1470, 1472, -1,
      1354, 1472, 1356, -1,
      1356, 1472, 1473, -1,
      1356, 1473, 1357, -1,
      1357, 1473, 1475, -1,
      1357, 1475, 1303, -1,
      1303, 1475, 1417, -1,
      1303, 1417, 1241, -1,
      1241, 1417, 1441, -1,
      1241, 1441, 1242, -1,
      1242, 1441, 1402, -1,
      1242, 1402, 1244, -1,
      1244, 1402, 1401, -1,
      1244, 1401, 1246, -1,
      1246, 1401, 1404, -1,
      1246, 1404, 1273, -1,
      1273, 1404, 1509, -1,
      1273, 1509, 1271, -1,
      1271, 1509, 1511, -1,
      1271, 1511, 1269, -1,
      1269, 1511, 1513, -1,
      1269, 1513, 1337, -1,
      1337, 1513, 1515, -1,
      1337, 1515, 1335, -1,
      1335, 1515, 1517, -1,
      1335, 1517, 1333, -1,
      1333, 1517, 1504, -1,
      1333, 1504, 1331, -1,
      1331, 1504, 1506, -1,
      1331, 1506, 1329, -1,
      1329, 1506, 1508, -1,
      1329, 1508, 1376, -1,
      1376, 1508, 1527, -1,
      1376, 1527, 1221, -1,
      1221, 1527, 1529, -1,
      1221, 1529, 1219, -1,
      1219, 1529, 1423, -1,
      1219, 1423, 1217, -1,
      1217, 1423, 1425, -1,
      1217, 1425, 1202, -1,
      1202, 1425, 1427, -1,
      1202, 1427, 1248, -1,
      1248, 1427, 1429, -1,
      1248, 1429, 1250, -1,
      1250, 1429, 1443, -1,
      1250, 1443, 1252, -1,
      1252, 1443, 1442, -1,
      1252, 1442, 1253, -1,
      1253, 1442, 1422, -1,
      1253, 1422, 1184, -1,
      1184, 1422, 1420, -1,
      1184, 1420, 1185, -1,
      1185, 1420, 1419, -1,
      1185, 1419, 1295, -1,
      1295, 1419, 1482, -1,
      1295, 1482, 1294, -1,
      1294, 1482, 1481, -1,
      1294, 1481, 1292, -1,
      1292, 1481, 1454, -1,
      1292, 1454, 1290, -1,
      1290, 1454, 1431, -1,
      1290, 1431, 1191, -1,
      1191, 1431, 1430, -1,
      1191, 1430, 1192, -1,
      1192, 1430, 1591, -1,
      1192, 1591, 1239, -1,
      1239, 1591, 1593, -1,
      1239, 1593, 1372, -1,
      1372, 1593, 1595, -1,
      1372, 1595, 1373, -1,
      1373, 1595, 1597, -1,
      1373, 1597, 1350, -1,
      1350, 1597, 1599, -1,
      1350, 1599, 1352, -1,
      1352, 1599, 1601, -1,
      1352, 1601, 1394, -1,
      1394, 1601, 1603, -1,
      1394, 1603, 1392, -1,
      1392, 1603, 1605, -1,
      1392, 1605, 1390, -1,
      1390, 1605, 1584, -1,
      1390, 1584, 1388, -1,
      1388, 1584, 1586, -1,
      1388, 1586, 1300, -1,
      1300, 1586, 1446, -1,
      1300, 1446, 1298, -1,
      1298, 1446, 1448, -1,
      1298, 1448, 1194, -1,
      1194, 1448, 1450, -1,
      1194, 1450, 1195, -1,
      1195, 1450, 1452, -1,
      1195, 1452, 1197, -1,
      1197, 1452, 1500, -1,
      1197, 1500, 1198, -1,
      1360, 1198, 1499, -1,
      1499, 1198, 1500, -1,
      1360, 1499, 1457, -1,
      1360, 1457, 1361, -1,
      1361, 1457, 1456, -1,
      1361, 1456, 1363, -1,
      1363, 1456, 1545, -1,
      1363, 1545, 1268, -1,
      1268, 1545, 1547, -1,
      1268, 1547, 1266, -1,
      1266, 1547, 1549, -1,
      1266, 1549, 1264, -1,
      1264, 1549, 1492, -1,
      1264, 1492, 1262, -1,
      1262, 1492, 1494, -1,
      1262, 1494, 1260, -1,
      1260, 1494, 1496, -1,
      1260, 1496, 1321, -1,
      1321, 1496, 1498, -1,
      1321, 1498, 1319, -1,
      1319, 1498, 1540, -1,
      1319, 1540, 1317, -1,
      1317, 1540, 1483, -1,
      1317, 1483, 1326, -1,
      1326, 1483, 1485, -1,
      1326, 1485, 1287, -1,
      1287, 1485, 1487, -1,
      1287, 1487, 1285, -1,
      1285, 1487, 1489, -1,
      1285, 1489, 1283, -1,
      1283, 1489, 1491, -1,
      1283, 1491, 1281, -1,
      1281, 1491, 1562, -1,
      1281, 1562, 1199, -1,
      1199, 1562, 1564, -1,
      1199, 1564, 1200, -1,
      1200, 1564, 1566, -1,
      1200, 1566, 1234, -1,
      1236, 1234, 1568, -1,
      1568, 1234, 1566, -1,
      1236, 1568, 1570, -1,
      1236, 1570, 1369, -1,
      1369, 1570, 1536, -1,
      1369, 1536, 1346, -1,
      1346, 1536, 1609, -1,
      1346, 1609, 1385, -1,
      1385, 1609, 1608, -1,
      1385, 1608, 1379, -1,
      1379, 1608, 1581, -1,
      1379, 1581, 1380, -1,
      1380, 1581, 1580, -1,
      1380, 1580, 1382, -1,
      1382, 1580, 1579, -1,
      1382, 1579, 1383, -1,
      1383, 1579, 1578, -1,
      1383, 1578, 1384, -1,
      1384, 1578, 1575, -1,
      1384, 1575, 1381, -1,
      1381, 1575, 1574, -1,
      1381, 1574, 1366, -1,
      1366, 1574, 1573, -1,
      1366, 1573, 1367, -1,
      1367, 1573, 1537, -1,
      1367, 1537, 1368, -1,
      1368, 1537, 1535, -1,
      1368, 1535, 1347, -1,
      1347, 1535, 1534, -1,
      1347, 1534, 1348, -1,
      1348, 1534, 1572, -1,
      1348, 1572, 1370, -1,
      1370, 1572, 1571, -1,
      1370, 1571, 1237, -1,
      1237, 1571, 1569, -1,
      1237, 1569, 1235, -1,
      1233, 1235, 1567, -1,
      1567, 1235, 1569, -1,
      1233, 1567, 1565, -1,
      1233, 1565, 1201, -1,
      1201, 1565, 1563, -1,
      1201, 1563, 1279, -1,
      1279, 1563, 1561, -1,
      1279, 1561, 1280, -1,
      1280, 1561, 1560, -1,
      1280, 1560, 1282, -1,
      1282, 1560, 1490, -1,
      1282, 1490, 1284, -1,
      1284, 1490, 1488, -1,
      1284, 1488, 1286, -1,
      1286, 1488, 1486, -1,
      1286, 1486, 1324, -1,
      1324, 1486, 1484, -1,
      1324, 1484, 1325, -1,
      1325, 1484, 1542, -1,
      1325, 1542, 1327, -1,
      1327, 1542, 1541, -1,
      1327, 1541, 1328, -1,
      1328, 1541, 1539, -1,
      1328, 1539, 1318, -1,
      1318, 1539, 1538, -1,
      1318, 1538, 1320, -1,
      1305, 1463, 1461, -1,
      1305, 1461, 1214, -1,
      1214, 1461, 1459, -1,
      1214, 1459, 1215, -1,
      1215, 1459, 1458, -1,
      1215, 1458, 1277, -1,
      1277, 1458, 1435, -1,
      1277, 1435, 1340, -1,
      1340, 1435, 1434, -1,
      1340, 1434, 1228, -1,
      1228, 1434, 1433, -1,
      1228, 1433, 1229, -1,
      1229, 1433, 1408, -1,
      1229, 1408, 1230, -1,
      1230, 1408, 1406, -1,
      1230, 1406, 1231, -1,
      1231, 1406, 1405, -1,
      1231, 1405, 1232, -1,
      1232, 1405, 1524, -1,
      1232, 1524, 1313, -1,
      1313, 1524, 1523, -1,
      1313, 1523, 1314, -1,
      1314, 1523, 1438, -1,
      1314, 1438, 1257, -1,
      1257, 1438, 1437, -1,
      1257, 1437, 1258, -1,
      1258, 1437, 1557, -1,
      1258, 1557, 1187, -1,
      1187, 1557, 1555, -1,
      1187, 1555, 1188, -1,
      1188, 1555, 1553, -1,
      1188, 1553, 1190, -1,
      1190, 1553, 1552, -1,
      1190, 1552, 1222, -1,
      1222, 1552, 1503, -1,
      1222, 1503, 1223, -1,
      1223, 1503, 1502, -1,
      1223, 1502, 1225, -1,
      1225, 1502, 1501, -1,
      1225, 1501, 1301, -1,
      1301, 1501, 1476, -1,
      1301, 1476, 1302, -1,
      1302, 1476, 1474, -1,
      1302, 1474, 1304, -1,
      1304, 1474, 1471, -1,
      1304, 1471, 1355, -1,
      1355, 1471, 1469, -1,
      1355, 1469, 1309, -1,
      1309, 1469, 1466, -1,
      1309, 1466, 1307, -1,
      1307, 1466, 1463, -1,
      1307, 1463, 1305, -1,
    ]
  }
}
