#VRML V2.0 utf8

Shape {
  appearance Appearance {
    material Material {
      diffuseColor 0.8510 0.8510 0.8510
      specularColor 0.4235 0.4235 0.4235
      ambientIntensity 0.2
      transparency 0.0000
      shininess 0.5
    }
  }
  geometry IndexedFaceSet {
    ccw TRUE
    solid FALSE
    coord DEF co Coordinate {
      point [
        0.085344 -0.046178 0.275591,
        0.083564 -0.046393 0.275591,
        0.093620 -0.046393 0.275591,
        0.549213 -0.383858 0.275591,
        0.549213 -0.062252 0.275591,
        0.521654 -0.411417 0.275591,
        0.054296 0.057448 0.275591,
        0.057391 0.057829 0.275591,
        0.041443 0.057829 0.275591,
        0.064645 0.017364 0.275591,
        0.062076 0.017119 0.275591,
        0.075322 0.017119 0.275591,
        -0.033467 0.025783 0.275591,
        -0.025905 0.019107 0.275591,
        0.000508 0.057829 0.275591,
        0.000508 0.017119 0.275591,
        -0.072131 0.061966 0.275591,
        -0.065976 0.057829 0.275591,
        -0.059436 0.053431 0.275591,
        -0.050112 0.042674 0.275591,
        -0.044065 0.030944 0.275591,
        -0.041861 0.030177 0.275591,
        -0.125389 0.061419 0.275591,
        -0.112266 0.066489 0.275591,
        -0.373350 0.411417 0.275591,
        0.000508 0.411417 0.275591,
        -0.098148 0.068233 0.275591,
        -0.086415 0.067000 0.275591,
        -0.131180 0.057829 0.275591,
        -0.373350 0.057829 0.275591,
        -0.132305 0.057131 0.275591,
        -0.373350 0.017119 0.275591,
        -0.193445 0.017119 0.275591,
        -0.190996 0.022670 0.275591,
        -0.184110 0.031513 0.275591,
        -0.162638 0.043779 0.275591,
        -0.151376 0.045176 0.275591,
        -0.138994 0.051403 0.275591,
        -0.148102 0.044998 0.275591,
        -0.144829 0.044607 0.275591,
        -0.182226 0.033298 0.275591,
        -0.173179 0.039673 0.275591,
        -0.166409 -0.044531 0.275591,
        -0.176690 -0.039510 0.275591,
        -0.373350 -0.046393 0.275591,
        -0.185533 -0.031962 0.275591,
        -0.191987 -0.022768 0.275591,
        -0.196088 -0.012176 0.275591,
        -0.373350 0.005380 0.275591,
        -0.197488 -0.000936 0.275591,
        -0.197413 0.001712 0.275591,
        -0.196764 0.005380 0.275591,
        -0.195520 0.012412 0.275591,
        -0.162761 -0.045625 0.275591,
        -0.162403 -0.046393 0.275591,
        -0.159918 -0.051715 0.275591,
        -0.155689 -0.056941 0.275591,
        0.000508 -0.411417 0.275591,
        -0.128848 -0.064136 0.275591,
        -0.135720 -0.064980 0.275591,
        -0.373350 -0.411417 0.275591,
        -0.136839 -0.064959 0.275591,
        -0.143559 -0.063906 0.275591,
        -0.373350 -0.062252 0.275591,
        -0.147489 -0.062252 0.275591,
        -0.150124 -0.061142 0.275591,
        -0.109041 -0.046393 0.275591,
        -0.109055 -0.046449 0.275591,
        0.000508 -0.062252 0.275591,
        -0.112410 -0.052802 0.275591,
        -0.116826 -0.057760 0.275591,
        -0.122498 -0.061702 0.275591,
        -0.123932 -0.062252 0.275591,
        -0.114372 -0.017445 0.275591,
        -0.076230 0.002480 0.275591,
        -0.119333 -0.012925 0.275591,
        -0.125370 -0.009685 0.275591,
        -0.070154 -0.046063 0.275591,
        -0.072060 -0.045460 0.275591,
        -0.073996 -0.044269 0.275591,
        -0.075238 -0.043059 0.275591,
        -0.033667 -0.004185 0.275591,
        -0.034992 0.001285 0.275591,
        -0.037187 0.005380 0.275591,
        -0.178850 0.005380 0.275591,
        -0.074272 -0.030681 0.275591,
        -0.072495 -0.029492 0.275591,
        -0.067406 -0.012606 0.275591,
        -0.070526 -0.028774 0.275591,
        -0.021237 -0.026349 0.275591,
        -0.026417 -0.033385 0.275591,
        0.000508 -0.046393 0.275591,
        -0.027452 -0.034467 0.275591,
        -0.034969 -0.040453 0.275591,
        -0.177198 -0.011665 0.275591,
        -0.173771 -0.017506 0.275591,
        -0.159317 -0.020415 0.275591,
        -0.168665 -0.022745 0.275591,
        -0.162477 -0.026554 0.275591,
        -0.148784 -0.010999 0.275591,
        -0.154607 -0.015038 0.275591,
        -0.179556 -0.000367 0.275591,
        -0.179225 -0.004692 0.275591,
        -0.016983 0.002148 0.275591,
        -0.015886 -0.006344 0.275591,
        0.000508 0.005380 0.275591,
        -0.015926 -0.008139 0.275591,
        -0.017452 -0.017450 0.275591,
        -0.043732 -0.044484 0.275591,
        -0.052320 -0.046194 0.275591,
        -0.069114 -0.046194 0.275591,
        -0.077369 -0.037370 0.275591,
        -0.077323 -0.036479 0.275591,
        -0.107256 -0.033670 0.275591,
        -0.076810 -0.034298 0.275591,
        -0.075761 -0.032319 0.275591,
        -0.142495 -0.008599 0.275591,
        -0.135720 -0.007767 0.275591,
        -0.132240 -0.007975 0.275591,
        -0.076435 -0.041253 0.275591,
        -0.077142 -0.039314 0.275591,
        -0.107404 -0.039419 0.275591,
        -0.107256 -0.036516 0.275591,
        -0.068545 -0.028546 0.275591,
        -0.068268 -0.028566 0.275591,
        -0.067414 -0.028755 0.275591,
        -0.039302 -0.021674 0.275591,
        -0.036173 -0.017233 0.275591,
        -0.034214 -0.012159 0.275591,
        -0.033533 -0.006629 0.275591,
        -0.066837 -0.028831 0.275591,
        -0.054028 -0.028831 0.275591,
        -0.048957 -0.027864 0.275591,
        -0.043930 -0.025546 0.275591,
        -0.039715 -0.022117 0.275591,
        -0.058013 0.015574 0.275591,
        -0.176277 0.012856 0.275591,
        -0.178711 0.006506 0.275591,
        -0.055736 0.015574 0.275591,
        -0.037629 0.006204 0.275591,
        -0.040952 0.009920 0.275591,
        -0.045368 0.013000 0.275591,
        -0.050337 0.014909 0.275591,
        -0.173315 0.017119 0.275591,
        -0.136005 0.023828 0.275591,
        -0.138113 0.024977 0.275591,
        -0.062528 0.029933 0.275591,
        -0.068357 0.038115 0.275591,
        -0.072079 0.041683 0.275591,
        -0.080192 0.047012 0.275591,
        -0.089191 0.050200 0.275591,
        -0.144498 0.027291 0.275591,
        -0.151091 0.028098 0.275591,
        -0.153994 0.027950 0.275591,
        -0.058288 0.017119 0.275591,
        -0.058877 0.020432 0.275591,
        -0.097863 0.051154 0.275591,
        -0.099584 0.051119 0.275591,
        -0.132249 0.031887 0.275591,
        -0.109047 0.049611 0.275591,
        -0.126091 0.039675 0.275591,
        -0.118279 0.045669 0.275591,
        -0.161024 0.026299 0.275591,
        -0.167377 0.022944 0.275591,
        -0.172335 0.018528 0.275591,
        -0.024541 0.017119 0.275591,
        -0.020268 0.010890 0.275591,
        -0.018197 0.005380 0.275591,
        0.167780 0.028406 0.275591,
        0.153089 0.028406 0.275591,
        0.171863 0.017456 0.275591,
        0.153089 0.017119 0.275591,
        0.177573 0.017456 0.275591,
        0.162325 0.057491 0.275591,
        0.549213 0.017119 0.275591,
        0.549213 0.057829 0.275591,
        0.151109 0.028406 0.275591,
        0.147261 0.017456 0.275591,
        0.140440 0.017119 0.275591,
        0.141550 0.017456 0.275591,
        0.140440 0.057829 0.275591,
        0.153089 0.047751 0.275591,
        0.153089 0.057829 0.275591,
        0.156798 0.057491 0.275591,
        0.093620 0.035488 0.275591,
        0.082808 0.035488 0.275591,
        0.093620 0.022020 0.275591,
        0.082808 0.022020 0.275591,
        0.102953 0.057829 0.275591,
        0.093620 0.057829 0.275591,
        0.098261 0.057491 0.275591,
        0.093620 0.057491 0.275591,
        0.098261 0.052885 0.275591,
        0.099172 0.022020 0.275591,
        0.102953 0.017119 0.275591,
        0.099172 0.017456 0.275591,
        0.093620 0.017119 0.275591,
        0.097125 0.035488 0.275591,
        0.097125 0.040073 0.275591,
        0.093620 0.040073 0.275591,
        0.093620 0.052885 0.275591,
        0.082808 0.052885 0.275591,
        0.082808 0.040073 0.275591,
        0.077640 0.057491 0.275591,
        0.075322 0.057829 0.275591,
        0.077640 0.017456 0.275591,
        0.065463 0.057740 0.275591,
        0.069627 0.056529 0.275591,
        0.093620 0.017456 0.275591,
        0.069627 0.051125 0.275591,
        0.068944 0.018774 0.275591,
        0.061181 0.021457 0.275591,
        0.065706 0.022304 0.275591,
        0.069627 0.024067 0.275591,
        0.069627 0.019114 0.275591,
        0.047055 0.028311 0.275591,
        0.049006 0.025602 0.275591,
        0.049780 0.024836 0.275591,
        0.052392 0.022983 0.275591,
        0.055241 0.021877 0.275591,
        0.059291 0.021386 0.275591,
        0.065120 0.052911 0.275591,
        0.048778 0.048493 0.275591,
        0.069181 0.051366 0.275591,
        0.046905 0.045649 0.275591,
        0.045628 0.042091 0.275591,
        0.060191 0.053500 0.275591,
        0.058646 0.053438 0.275591,
        0.049282 0.049058 0.275591,
        0.055162 0.052768 0.275591,
        0.052013 0.051312 0.275591,
        0.045076 0.037023 0.275591,
        0.045119 0.035544 0.275591,
        0.045761 0.031538 0.275591,
        0.041443 0.411417 0.275591,
        0.060140 0.058166 0.275591,
        0.075322 0.411417 0.275591,
        0.060238 0.058166 0.275591,
        0.064379 0.057829 0.275591,
        0.042530 0.048477 0.275591,
        0.045434 0.052272 0.275591,
        0.046380 0.053177 0.275591,
        0.050121 0.055814 0.275591,
        0.041443 0.027581 0.275591,
        0.040306 0.030740 0.275591,
        0.039043 0.017119 0.275591,
        0.039652 0.036716 0.275591,
        0.039722 0.038802 0.275591,
        0.039043 0.057829 0.275591,
        0.040629 0.044029 0.275591,
        0.041443 0.045933 0.275591,
        0.048014 0.019567 0.275591,
        0.044789 0.022246 0.275591,
        0.041443 0.017119 0.275591,
        0.044158 0.022952 0.275591,
        0.041852 0.026444 0.275591,
        0.058543 0.016781 0.275591,
        0.056133 0.016894 0.275591,
        0.041443 0.005380 0.275591,
        0.055043 0.017119 0.275591,
        0.051793 0.017787 0.275591,
        0.521654 0.411417 0.275591,
        0.549213 0.383858 0.275591,
        0.528786 0.410478 0.275591,
        0.548274 0.390991 0.275591,
        0.545520 0.397638 0.275591,
        0.541141 0.403345 0.275591,
        0.535433 0.407725 0.275591,
        0.153089 -0.411417 0.275591,
        0.541141 -0.403345 0.275591,
        0.545520 -0.397638 0.275591,
        0.548274 -0.390991 0.275591,
        0.535433 -0.407725 0.275591,
        0.528786 -0.410478 0.275591,
        -0.541141 -0.403345 0.275591,
        -0.535433 -0.407725 0.275591,
        -0.545520 -0.397638 0.275591,
        -0.528786 -0.410478 0.275591,
        -0.521654 -0.411417 0.275591,
        -0.548274 0.390991 0.275591,
        -0.549213 0.383858 0.275591,
        -0.521654 0.411417 0.275591,
        -0.535433 0.407725 0.275591,
        -0.541141 0.403345 0.275591,
        -0.545520 0.397638 0.275591,
        -0.528786 0.410478 0.275591,
        0.138243 0.030761 0.275591,
        0.136275 0.026618 0.275591,
        0.125074 0.057829 0.275591,
        0.125074 0.056521 0.275591,
        0.129097 0.055052 0.275591,
        0.125074 0.018482 0.275591,
        0.125074 0.017119 0.275591,
        0.129171 0.020099 0.275591,
        0.133291 0.023064 0.275591,
        0.133291 0.052190 0.275591,
        0.134666 0.050849 0.275591,
        0.137154 0.047370 0.275591,
        0.138646 0.043563 0.275591,
        0.139330 0.037985 0.275591,
        0.139211 0.035450 0.275591,
        0.118156 0.057491 0.275591,
        0.124265 0.056817 0.275591,
        0.124622 0.018304 0.275591,
        0.117746 0.017456 0.275591,
        0.106735 0.017456 0.275591,
        0.106735 0.057491 0.275591,
        0.056753 -0.045791 0.275591,
        0.054972 -0.046393 0.275591,
        0.061194 -0.046055 0.275591,
        0.045252 -0.032432 0.275591,
        0.046028 -0.024339 0.275591,
        0.044252 -0.033869 0.275591,
        0.043565 -0.035639 0.275591,
        0.058596 -0.044613 0.275591,
        0.050746 -0.017435 0.275591,
        0.047024 -0.018889 0.275591,
        0.046028 -0.019468 0.275591,
        0.049160 -0.046345 0.275591,
        0.047263 -0.045596 0.275591,
        0.041443 -0.046393 0.275591,
        0.045690 -0.044479 0.275591,
        0.046787 -0.031099 0.275591,
        0.048920 -0.030004 0.275591,
        0.049510 -0.022154 0.275591,
        0.052720 -0.029067 0.275591,
        0.057134 -0.021066 0.275591,
        0.055402 -0.020880 0.275591,
        0.052652 -0.021142 0.275591,
        0.044990 -0.043750 0.275591,
        0.044075 -0.042346 0.275591,
        0.043474 -0.040643 0.275591,
        0.061194 -0.041634 0.275591,
        0.061061 -0.041634 0.275591,
        0.060193 -0.042939 0.275591,
        0.075278 -0.030559 0.275591,
        0.073004 -0.039874 0.275591,
        0.075322 -0.030589 0.275591,
        0.074806 -0.041003 0.275591,
        0.075322 -0.041204 0.275591,
        0.073795 -0.021838 0.275591,
        0.063985 -0.019921 0.275591,
        0.073217 -0.023454 0.275591,
        0.065015 -0.021531 0.275591,
        0.065807 -0.023794 0.275591,
        0.055872 -0.016807 0.275591,
        0.058843 -0.017070 0.275591,
        0.060969 -0.017705 0.275591,
        0.061194 -0.027880 0.275591,
        0.061028 -0.025710 0.275591,
        0.060513 -0.023905 0.275591,
        0.059928 -0.022866 0.275591,
        0.043234 -0.038400 0.275591,
        0.043247 -0.037805 0.275591,
        0.075322 0.005380 0.275591,
        0.074707 -0.020479 0.275591,
        0.062642 -0.018650 0.275591,
        0.059174 -0.022054 0.275591,
        0.058289 -0.021476 0.275591,
        0.074457 -0.029702 0.275591,
        0.073843 -0.028734 0.275591,
        0.066209 -0.027655 0.275591,
        0.073273 -0.027219 0.275591,
        0.073035 -0.025178 0.275591,
        0.054685 -0.046490 0.275591,
        0.075322 -0.062252 0.275591,
        0.041443 -0.062252 0.275591,
        0.052301 -0.046731 0.275591,
        0.051519 -0.046710 0.275591,
        0.049468 -0.046393 0.275591,
        0.073004 -0.045052 0.275591,
        0.066209 -0.046055 0.275591,
        0.075322 -0.045868 0.275591,
        0.075322 -0.046393 0.275591,
        0.076509 -0.046286 0.275591,
        0.077530 -0.046393 0.275591,
        0.080761 -0.046731 0.275591,
        0.090944 -0.018076 0.275591,
        0.090944 -0.022947 0.275591,
        0.091508 -0.041793 0.275591,
        0.090598 -0.043123 0.275591,
        0.075322 -0.019920 0.275591,
        0.076248 -0.019079 0.275591,
        0.077453 -0.018336 0.275591,
        0.092100 -0.040198 0.275591,
        0.080134 -0.017294 0.275591,
        0.084169 -0.016807 0.275591,
        0.093620 0.005380 0.275591,
        0.087687 -0.017119 0.275591,
        0.089091 -0.044459 0.275591,
        0.087968 -0.045153 0.275591,
        0.090637 -0.033549 0.275591,
        0.091521 -0.034831 0.275591,
        0.092079 -0.036290 0.275591,
        0.092315 -0.038278 0.275591,
        0.083678 -0.020880 0.275591,
        0.082193 -0.020991 0.275591,
        0.078203 -0.024728 0.275591,
        0.080852 -0.021346 0.275591,
        0.079728 -0.021944 0.275591,
        0.078248 -0.025395 0.275591,
        0.078447 -0.026174 0.275591,
        0.078809 -0.026850 0.275591,
        0.079298 -0.027389 0.275591,
        0.081066 -0.028494 0.275591,
        0.087189 -0.021308 0.275591,
        0.084169 -0.029845 0.275591,
        0.090025 -0.022409 0.275591,
        0.086111 -0.030630 0.275591,
        0.089441 -0.032483 0.275591,
        0.078971 -0.022613 0.275591,
        0.078541 -0.023251 0.275591,
        0.078293 -0.023928 0.275591,
        0.077943 -0.042229 0.275591,
        0.080628 -0.033488 0.275591,
        0.077639 -0.032118 0.275591,
        0.081252 -0.042637 0.275591,
        0.081474 -0.042636 0.275591,
        0.083921 -0.034867 0.275591,
        0.084044 -0.042348 0.275591,
        0.087168 -0.038769 0.275591,
        0.087119 -0.038145 0.275591,
        0.085339 -0.041874 0.275591,
        0.085796 -0.041596 0.275591,
        0.086371 -0.041086 0.275591,
        0.086809 -0.040439 0.275591,
        0.087064 -0.039725 0.275591,
        0.086891 -0.037362 0.275591,
        0.086503 -0.036697 0.275591,
        0.085878 -0.036046 0.275591,
        0.117173 -0.017462 0.275591,
        0.122372 -0.017462 0.275591,
        0.125074 0.005380 0.275591,
        0.108004 -0.038953 0.275591,
        0.108618 -0.041307 0.275591,
        0.108751 -0.041307 0.275591,
        0.102953 0.005380 0.275591,
        0.102953 -0.024424 0.275591,
        0.109365 -0.038994 0.275591,
        0.108981 -0.040327 0.275591,
        0.102953 -0.046393 0.275591,
        0.102953 -0.037885 0.275591,
        0.094925 -0.017462 0.275591,
        0.100533 -0.017462 0.275591,
        0.106141 -0.045994 0.275591,
        0.105972 -0.046393 0.275591,
        0.103941 -0.051193 0.275591,
        0.093620 -0.062252 0.275591,
        0.095958 -0.059113 0.275591,
        0.095958 -0.054652 0.275591,
        0.096984 -0.054988 0.275591,
        0.098804 -0.055225 0.275591,
        0.099182 -0.055212 0.275591,
        0.100326 -0.055003 0.275591,
        0.101392 -0.054513 0.275591,
        0.101939 -0.054114 0.275591,
        0.102874 -0.053110 0.275591,
        0.102953 -0.052968 0.275591,
        0.102953 -0.058627 0.275591,
        0.101235 -0.059286 0.275591,
        0.102953 -0.062252 0.275591,
        0.099192 -0.059523 0.275591,
        0.098004 -0.059477 0.275591,
        0.109395 -0.050374 0.275591,
        0.107084 -0.054856 0.275591,
        0.125074 -0.062252 0.275591,
        0.110965 -0.046393 0.275591,
        0.105247 -0.057040 0.275591,
        0.104963 -0.057299 0.275591,
        0.103213 -0.058528 0.275591,
        0.140440 -0.028023 0.275591,
        0.132943 -0.028023 0.275591,
        0.140440 -0.041491 0.275591,
        0.132943 -0.041491 0.275591,
        0.148396 -0.006020 0.275591,
        0.148396 -0.010626 0.275591,
        0.153089 0.005380 0.275591,
        0.149307 -0.041491 0.275591,
        0.153089 -0.046393 0.275591,
        0.149307 -0.046055 0.275591,
        0.140440 -0.046393 0.275591,
        0.147261 -0.028023 0.275591,
        0.147261 -0.023438 0.275591,
        0.140440 -0.023438 0.275591,
        0.140440 -0.010626 0.275591,
        0.132943 -0.010626 0.275591,
        0.132943 -0.023438 0.275591,
        0.140440 -0.046055 0.275591,
        0.127775 -0.046055 0.275591,
        0.125074 -0.046393 0.275591,
        0.127775 -0.006020 0.275591,
        0.140440 -0.006020 0.275591,
        0.140440 0.005380 0.275591,
        0.153089 0.411417 0.275591,
        0.140440 0.411417 0.275591,
        0.125074 0.411417 0.275591,
        0.102953 0.411417 0.275591,
        0.093620 0.411417 0.275591,
        0.039043 0.411417 0.275591,
        0.038015 0.022020 0.275591,
        0.038015 0.017456 0.275591,
        0.016902 0.017456 0.275591,
        0.016902 0.057491 0.275591,
        0.022070 0.057491 0.275591,
        0.022070 0.022020 0.275591,
        0.039043 0.005380 0.275591,
        0.197396 -0.046055 0.275591,
        0.191686 -0.046055 0.275591,
        0.221998 -0.046055 0.275591,
        0.217915 -0.035105 0.275591,
        0.201244 -0.035105 0.275591,
        0.227709 -0.046055 0.275591,
        0.549213 -0.046393 0.275591,
        0.549213 0.005380 0.275591,
        0.212460 -0.006020 0.275591,
        0.188379 -0.032750 0.275591,
        0.189346 -0.028061 0.275591,
        0.206934 -0.006020 0.275591,
        0.189465 -0.025526 0.275591,
        0.188782 -0.019948 0.275591,
        0.186411 -0.036893 0.275591,
        0.183427 -0.040447 0.275591,
        0.179307 -0.043412 0.275591,
        0.156870 -0.006020 0.275591,
        0.156870 -0.046055 0.275591,
        0.167882 -0.046055 0.275591,
        0.174757 -0.045207 0.275591,
        0.183427 -0.011322 0.275591,
        0.184802 -0.012662 0.275591,
        0.187290 -0.016141 0.275591,
        0.168291 -0.006020 0.275591,
        0.174400 -0.006694 0.275591,
        0.179233 -0.008459 0.275591,
        0.039043 -0.046393 0.275591,
        0.016902 -0.046055 0.275591,
        0.038434 -0.046055 0.275591,
        0.038434 -0.041491 0.275591,
        0.037523 -0.010626 0.275591,
        0.016902 -0.006020 0.275591,
        0.037523 -0.006020 0.275591,
        0.022070 -0.028023 0.275591,
        0.022070 -0.041491 0.275591,
        0.036387 -0.028023 0.275591,
        0.036387 -0.023438 0.275591,
        0.022070 -0.023438 0.275591,
        0.022070 -0.010626 0.275591,
        0.140440 -0.062252 0.275591,
        0.153089 -0.062252 0.275591,
        0.039043 -0.062252 0.275591,
        -0.549213 0.057829 0.275591,
        -0.549213 0.017119 0.275591,
        -0.549213 0.005380 0.275591,
        -0.549213 -0.046393 0.275591,
        -0.549213 -0.062252 0.275591,
        -0.549213 -0.383858 0.275591,
        -0.548274 -0.390991 0.275591,
        0.140440 -0.411417 0.275591,
        0.125074 -0.411417 0.275591,
        0.102953 -0.411417 0.275591,
        0.093620 -0.411417 0.275591,
        0.075322 -0.411417 0.275591,
        0.041443 -0.411417 0.275591,
        0.039043 -0.411417 0.275591,
      ]
    }
    coordIndex [
      0, 1, 2, -1,
      3, 4, 5, -1,
      6, 7, 8, -1,
      9, 10, 11, -1,
      12, 13, 14, -1,
      14, 13, 15, -1,
      16, 17, 14, -1,
      14, 17, 18, -1,
      14, 18, 19, -1,
      19, 20, 14, -1,
      14, 20, 21, -1,
      14, 21, 12, -1,
      22, 23, 24, -1,
      24, 23, 25, -1,
      25, 23, 26, -1,
      25, 26, 27, -1,
      22, 24, 28, -1,
      28, 24, 29, -1,
      28, 29, 30, -1,
      31, 32, 29, -1,
      29, 32, 33, -1,
      29, 33, 34, -1,
      29, 35, 30, -1,
      30, 35, 36, -1,
      30, 36, 37, -1,
      37, 36, 38, -1,
      37, 38, 39, -1,
      34, 40, 29, -1,
      29, 40, 41, -1,
      29, 41, 35, -1,
      42, 43, 44, -1,
      44, 43, 45, -1,
      45, 46, 44, -1,
      44, 46, 47, -1,
      44, 47, 48, -1,
      48, 47, 49, -1,
      49, 50, 48, -1,
      48, 50, 51, -1,
      48, 51, 31, -1,
      31, 51, 52, -1,
      31, 52, 32, -1,
      53, 42, 54, -1,
      54, 42, 44, -1,
      54, 44, 55, -1,
      55, 44, 56, -1,
      57, 58, 59, -1,
      57, 59, 60, -1,
      59, 61, 60, -1,
      60, 61, 62, -1,
      60, 62, 63, -1,
      63, 62, 64, -1,
      63, 64, 44, -1,
      44, 64, 65, -1,
      44, 65, 56, -1,
      66, 67, 68, -1,
      68, 67, 69, -1,
      69, 70, 68, -1,
      68, 70, 71, -1,
      68, 71, 72, -1,
      73, 74, 75, -1,
      75, 74, 76, -1,
      77, 78, 66, -1,
      66, 78, 79, -1,
      66, 79, 80, -1,
      81, 82, 74, -1,
      74, 82, 83, -1,
      74, 83, 84, -1,
      85, 86, 87, -1,
      87, 86, 88, -1,
      89, 90, 91, -1,
      91, 90, 92, -1,
      91, 92, 93, -1,
      94, 95, 96, -1,
      96, 95, 97, -1,
      96, 97, 98, -1,
      99, 84, 100, -1,
      100, 84, 101, -1,
      100, 101, 96, -1,
      96, 101, 102, -1,
      96, 102, 94, -1,
      103, 104, 105, -1,
      105, 104, 106, -1,
      105, 106, 91, -1,
      91, 106, 107, -1,
      91, 107, 89, -1,
      93, 108, 91, -1,
      91, 108, 109, -1,
      91, 109, 66, -1,
      66, 109, 110, -1,
      66, 110, 77, -1,
      111, 112, 113, -1,
      113, 112, 114, -1,
      113, 114, 87, -1,
      87, 114, 115, -1,
      87, 115, 85, -1,
      99, 116, 84, -1,
      84, 116, 117, -1,
      84, 117, 74, -1,
      74, 117, 118, -1,
      74, 118, 76, -1,
      80, 119, 66, -1,
      66, 119, 120, -1,
      66, 120, 121, -1,
      121, 120, 111, -1,
      121, 111, 122, -1,
      122, 111, 113, -1,
      88, 123, 87, -1,
      87, 123, 124, -1,
      87, 124, 125, -1,
      126, 127, 87, -1,
      87, 127, 128, -1,
      87, 128, 74, -1,
      74, 128, 129, -1,
      74, 129, 81, -1,
      125, 130, 87, -1,
      87, 130, 131, -1,
      87, 131, 132, -1,
      132, 133, 87, -1,
      87, 133, 134, -1,
      87, 134, 126, -1,
      135, 136, 137, -1,
      137, 84, 135, -1,
      135, 84, 83, -1,
      135, 83, 138, -1,
      138, 83, 139, -1,
      139, 140, 138, -1,
      138, 140, 141, -1,
      138, 141, 142, -1,
      143, 144, 145, -1,
      146, 147, 144, -1,
      147, 148, 144, -1,
      144, 148, 149, -1,
      144, 149, 150, -1,
      145, 151, 143, -1,
      143, 151, 152, -1,
      143, 152, 153, -1,
      136, 135, 143, -1,
      143, 135, 154, -1,
      143, 154, 144, -1,
      144, 154, 155, -1,
      144, 155, 146, -1,
      150, 156, 144, -1,
      144, 156, 157, -1,
      144, 157, 158, -1,
      158, 157, 159, -1,
      158, 159, 160, -1,
      160, 159, 161, -1,
      162, 163, 153, -1,
      153, 163, 164, -1,
      153, 164, 143, -1,
      13, 165, 15, -1,
      15, 165, 166, -1,
      15, 166, 105, -1,
      105, 166, 167, -1,
      105, 167, 103, -1,
      168, 169, 170, -1,
      170, 169, 171, -1,
      170, 171, 172, -1,
      173, 174, 175, -1,
      169, 176, 171, -1,
      171, 176, 177, -1,
      171, 177, 178, -1,
      178, 177, 179, -1,
      178, 179, 180, -1,
      180, 179, 181, -1,
      180, 181, 182, -1,
      182, 181, 183, -1,
      184, 185, 186, -1,
      186, 185, 187, -1,
      188, 189, 190, -1,
      190, 189, 191, -1,
      190, 192, 188, -1,
      188, 192, 193, -1,
      188, 193, 194, -1,
      194, 193, 195, -1,
      194, 195, 196, -1,
      184, 186, 197, -1,
      197, 186, 193, -1,
      197, 193, 198, -1,
      198, 193, 192, -1,
      198, 192, 199, -1,
      192, 200, 199, -1,
      199, 200, 201, -1,
      199, 201, 202, -1,
      191, 189, 203, -1,
      203, 189, 204, -1,
      203, 204, 205, -1,
      206, 207, 204, -1,
      195, 208, 196, -1,
      196, 208, 205, -1,
      196, 205, 11, -1,
      11, 205, 204, -1,
      11, 204, 209, -1,
      209, 204, 207, -1,
      9, 11, 210, -1,
      211, 212, 209, -1,
      209, 212, 213, -1,
      209, 213, 11, -1,
      11, 213, 214, -1,
      11, 214, 210, -1,
      215, 216, 209, -1,
      209, 216, 217, -1,
      209, 217, 218, -1,
      218, 219, 209, -1,
      209, 219, 220, -1,
      209, 220, 211, -1,
      221, 222, 223, -1,
      223, 222, 224, -1,
      223, 224, 225, -1,
      221, 226, 222, -1,
      222, 226, 227, -1,
      222, 227, 228, -1,
      228, 227, 229, -1,
      228, 229, 230, -1,
      225, 231, 223, -1,
      223, 231, 232, -1,
      223, 232, 209, -1,
      209, 232, 233, -1,
      209, 233, 215, -1,
      234, 235, 236, -1,
      236, 235, 237, -1,
      236, 237, 238, -1,
      8, 239, 240, -1,
      240, 241, 8, -1,
      8, 241, 242, -1,
      8, 242, 6, -1,
      243, 244, 245, -1,
      245, 244, 246, -1,
      246, 247, 248, -1,
      248, 247, 249, -1,
      248, 249, 8, -1,
      8, 249, 250, -1,
      8, 250, 239, -1,
      251, 252, 253, -1,
      253, 252, 254, -1,
      253, 254, 255, -1,
      256, 257, 258, -1,
      258, 257, 259, -1,
      258, 259, 253, -1,
      253, 259, 260, -1,
      253, 260, 251, -1,
      183, 173, 182, -1,
      182, 173, 175, -1,
      182, 175, 261, -1,
      261, 175, 262, -1,
      261, 262, 263, -1,
      264, 265, 266, -1,
      264, 266, 262, -1,
      262, 266, 267, -1,
      262, 267, 263, -1,
      5, 4, 268, -1,
      269, 270, 271, -1,
      269, 271, 272, -1,
      3, 5, 271, -1,
      271, 5, 273, -1,
      271, 273, 272, -1,
      274, 275, 276, -1,
      276, 275, 277, -1,
      276, 277, 278, -1,
      279, 280, 281, -1,
      281, 280, 24, -1,
      282, 283, 284, -1,
      279, 281, 284, -1,
      284, 281, 285, -1,
      284, 285, 282, -1,
      286, 287, 178, -1,
      288, 289, 180, -1,
      180, 289, 290, -1,
      291, 292, 293, -1,
      293, 292, 178, -1,
      293, 178, 294, -1,
      294, 178, 287, -1,
      290, 295, 180, -1,
      180, 295, 296, -1,
      180, 296, 297, -1,
      297, 298, 180, -1,
      180, 298, 299, -1,
      180, 299, 178, -1,
      178, 299, 300, -1,
      178, 300, 286, -1,
      188, 301, 288, -1,
      288, 301, 302, -1,
      288, 302, 289, -1,
      291, 303, 292, -1,
      292, 303, 304, -1,
      292, 304, 194, -1,
      194, 304, 305, -1,
      194, 305, 188, -1,
      188, 305, 306, -1,
      188, 306, 301, -1,
      307, 308, 309, -1,
      310, 311, 312, -1,
      312, 311, 313, -1,
      307, 309, 314, -1,
      315, 258, 316, -1,
      316, 258, 317, -1,
      318, 319, 320, -1,
      320, 319, 321, -1,
      310, 322, 311, -1,
      311, 322, 323, -1,
      311, 323, 324, -1,
      324, 323, 325, -1,
      326, 327, 325, -1,
      325, 327, 328, -1,
      325, 328, 324, -1,
      321, 329, 320, -1,
      320, 329, 330, -1,
      320, 330, 331, -1,
      332, 333, 309, -1,
      309, 333, 334, -1,
      309, 334, 314, -1,
      335, 336, 337, -1,
      337, 336, 338, -1,
      337, 338, 339, -1,
      340, 341, 342, -1,
      342, 341, 343, -1,
      342, 343, 344, -1,
      315, 345, 258, -1,
      258, 345, 346, -1,
      258, 346, 347, -1,
      348, 349, 325, -1,
      325, 349, 350, -1,
      325, 350, 351, -1,
      331, 352, 320, -1,
      320, 352, 353, -1,
      320, 353, 258, -1,
      258, 353, 313, -1,
      258, 313, 317, -1,
      317, 313, 311, -1,
      10, 256, 354, -1,
      354, 256, 258, -1,
      354, 258, 355, -1,
      355, 258, 347, -1,
      355, 347, 340, -1,
      340, 347, 356, -1,
      340, 356, 341, -1,
      351, 357, 325, -1,
      325, 357, 358, -1,
      325, 358, 326, -1,
      359, 360, 361, -1,
      361, 360, 362, -1,
      361, 362, 344, -1,
      344, 362, 363, -1,
      344, 363, 342, -1,
      308, 364, 365, -1,
      365, 364, 366, -1,
      364, 367, 366, -1,
      366, 367, 368, -1,
      366, 368, 369, -1,
      335, 359, 336, -1,
      336, 359, 361, -1,
      336, 361, 370, -1,
      370, 361, 371, -1,
      370, 371, 372, -1,
      372, 371, 373, -1,
      372, 373, 374, -1,
      374, 373, 375, -1,
      376, 375, 365, -1,
      365, 375, 373, -1,
      365, 373, 308, -1,
      308, 373, 371, -1,
      308, 371, 309, -1,
      377, 378, 2, -1,
      379, 380, 2, -1,
      355, 381, 354, -1,
      354, 381, 382, -1,
      354, 382, 383, -1,
      379, 2, 384, -1,
      383, 385, 354, -1,
      354, 385, 386, -1,
      354, 386, 387, -1,
      387, 386, 388, -1,
      387, 388, 377, -1,
      380, 389, 2, -1,
      2, 389, 390, -1,
      2, 390, 0, -1,
      391, 392, 378, -1,
      378, 392, 393, -1,
      378, 393, 2, -1,
      2, 393, 394, -1,
      2, 394, 384, -1,
      395, 396, 397, -1,
      397, 396, 398, -1,
      397, 398, 399, -1,
      397, 400, 395, -1,
      395, 400, 401, -1,
      395, 401, 402, -1,
      402, 403, 395, -1,
      395, 403, 404, -1,
      395, 404, 405, -1,
      405, 404, 406, -1,
      405, 406, 407, -1,
      407, 406, 408, -1,
      407, 408, 378, -1,
      378, 408, 409, -1,
      378, 409, 391, -1,
      410, 411, 399, -1,
      399, 411, 412, -1,
      399, 412, 397, -1,
      413, 414, 339, -1,
      339, 414, 415, -1,
      339, 415, 337, -1,
      413, 416, 414, -1,
      414, 416, 417, -1,
      414, 417, 418, -1,
      418, 417, 419, -1,
      418, 420, 421, -1,
      419, 422, 418, -1,
      418, 422, 423, -1,
      418, 423, 424, -1,
      424, 425, 418, -1,
      418, 425, 426, -1,
      418, 426, 420, -1,
      421, 427, 418, -1,
      418, 427, 428, -1,
      418, 428, 429, -1,
      430, 431, 432, -1,
      433, 434, 435, -1,
      432, 436, 430, -1,
      430, 436, 437, -1,
      430, 437, 438, -1,
      438, 437, 433, -1,
      438, 433, 439, -1,
      439, 433, 435, -1,
      440, 441, 2, -1,
      2, 441, 442, -1,
      377, 2, 387, -1,
      387, 2, 442, -1,
      387, 442, 436, -1,
      436, 442, 443, -1,
      436, 443, 437, -1,
      444, 441, 445, -1,
      445, 441, 440, -1,
      445, 440, 446, -1,
      447, 448, 449, -1,
      450, 451, 2, -1,
      376, 365, 1, -1,
      1, 365, 447, -1,
      1, 447, 2, -1,
      2, 447, 449, -1,
      2, 449, 450, -1,
      451, 452, 2, -1,
      2, 452, 453, -1,
      2, 453, 454, -1,
      454, 455, 2, -1,
      2, 455, 456, -1,
      2, 456, 440, -1,
      440, 456, 457, -1,
      440, 457, 446, -1,
      458, 459, 460, -1,
      460, 459, 461, -1,
      460, 461, 447, -1,
      447, 461, 462, -1,
      447, 462, 448, -1,
      463, 464, 465, -1,
      463, 465, 466, -1,
      464, 467, 465, -1,
      465, 467, 468, -1,
      465, 468, 460, -1,
      460, 468, 469, -1,
      460, 469, 458, -1,
      470, 471, 472, -1,
      472, 471, 473, -1,
      474, 475, 476, -1,
      476, 475, 477, -1,
      476, 477, 478, -1,
      478, 477, 479, -1,
      478, 479, 480, -1,
      470, 472, 481, -1,
      481, 472, 477, -1,
      481, 477, 482, -1,
      482, 477, 475, -1,
      482, 475, 483, -1,
      475, 484, 483, -1,
      483, 484, 485, -1,
      483, 485, 486, -1,
      479, 487, 480, -1,
      480, 487, 488, -1,
      480, 488, 489, -1,
      489, 488, 490, -1,
      474, 476, 491, -1,
      491, 476, 492, -1,
      491, 492, 490, -1,
      490, 492, 432, -1,
      490, 432, 489, -1,
      489, 432, 431, -1,
      489, 431, 466, -1,
      261, 493, 182, -1,
      182, 493, 494, -1,
      182, 494, 180, -1,
      180, 494, 495, -1,
      180, 495, 288, -1,
      288, 495, 496, -1,
      288, 496, 188, -1,
      188, 496, 497, -1,
      188, 497, 189, -1,
      189, 497, 236, -1,
      189, 236, 204, -1,
      204, 236, 238, -1,
      204, 238, 206, -1,
      25, 248, 498, -1,
      498, 248, 8, -1,
      498, 8, 234, -1,
      234, 8, 7, -1,
      234, 7, 235, -1,
      246, 248, 245, -1,
      245, 248, 499, -1,
      245, 499, 500, -1,
      15, 501, 14, -1,
      14, 501, 502, -1,
      14, 502, 503, -1,
      504, 499, 503, -1,
      503, 499, 248, -1,
      503, 248, 14, -1,
      14, 248, 25, -1,
      14, 25, 16, -1,
      16, 25, 27, -1,
      10, 354, 11, -1,
      11, 354, 387, -1,
      11, 387, 196, -1,
      196, 387, 436, -1,
      196, 436, 194, -1,
      194, 436, 432, -1,
      194, 432, 292, -1,
      292, 432, 492, -1,
      292, 492, 178, -1,
      178, 492, 476, -1,
      178, 476, 171, -1,
      500, 501, 245, -1,
      245, 501, 15, -1,
      245, 15, 505, -1,
      505, 15, 105, -1,
      506, 507, 478, -1,
      508, 509, 510, -1,
      510, 506, 508, -1,
      508, 506, 478, -1,
      508, 478, 511, -1,
      512, 513, 514, -1,
      515, 507, 516, -1,
      516, 507, 517, -1,
      516, 517, 518, -1,
      518, 517, 519, -1,
      515, 520, 507, -1,
      507, 520, 521, -1,
      507, 521, 522, -1,
      523, 476, 524, -1,
      524, 476, 478, -1,
      524, 478, 525, -1,
      525, 478, 507, -1,
      525, 507, 526, -1,
      526, 507, 522, -1,
      173, 172, 174, -1,
      174, 172, 171, -1,
      174, 171, 513, -1,
      513, 171, 476, -1,
      513, 476, 514, -1,
      514, 476, 517, -1,
      527, 528, 517, -1,
      517, 528, 529, -1,
      517, 529, 519, -1,
      523, 530, 476, -1,
      476, 530, 531, -1,
      476, 531, 517, -1,
      517, 531, 532, -1,
      517, 532, 527, -1,
      255, 243, 253, -1,
      253, 243, 245, -1,
      253, 245, 258, -1,
      258, 245, 505, -1,
      258, 505, 320, -1,
      320, 505, 533, -1,
      91, 533, 534, -1,
      534, 533, 535, -1,
      535, 533, 536, -1,
      536, 533, 505, -1,
      536, 505, 537, -1,
      91, 534, 105, -1,
      105, 534, 538, -1,
      105, 538, 505, -1,
      505, 538, 539, -1,
      505, 539, 537, -1,
      540, 541, 542, -1,
      542, 541, 536, -1,
      542, 536, 543, -1,
      543, 536, 537, -1,
      543, 537, 544, -1,
      544, 537, 545, -1,
      466, 465, 489, -1,
      489, 465, 546, -1,
      489, 546, 480, -1,
      480, 546, 547, -1,
      480, 547, 478, -1,
      66, 68, 91, -1,
      91, 68, 548, -1,
      91, 548, 533, -1,
      533, 548, 366, -1,
      533, 366, 320, -1,
      320, 366, 369, -1,
      320, 369, 318, -1,
      24, 280, 29, -1,
      29, 280, 549, -1,
      29, 549, 31, -1,
      31, 549, 550, -1,
      31, 550, 48, -1,
      48, 550, 551, -1,
      48, 551, 44, -1,
      44, 551, 552, -1,
      44, 552, 63, -1,
      63, 552, 553, -1,
      63, 553, 60, -1,
      60, 553, 554, -1,
      60, 554, 278, -1,
      278, 554, 555, -1,
      278, 555, 276, -1,
      514, 511, 512, -1,
      512, 511, 478, -1,
      512, 478, 4, -1,
      4, 478, 547, -1,
      4, 547, 268, -1,
      268, 547, 546, -1,
      268, 546, 556, -1,
      556, 546, 465, -1,
      556, 465, 557, -1,
      557, 465, 460, -1,
      557, 460, 558, -1,
      558, 460, 447, -1,
      558, 447, 559, -1,
      559, 447, 365, -1,
      559, 365, 560, -1,
      560, 365, 366, -1,
      560, 366, 561, -1,
      561, 366, 548, -1,
      561, 548, 562, -1,
      562, 548, 68, -1,
      562, 68, 57, -1,
      57, 68, 72, -1,
      57, 72, 58, -1,
    ]
  }
}

Shape {
  appearance Appearance {
    material Material {
      diffuseColor 0.5098 0.4863 0.5882
      specularColor 0.2549 0.2431 0.2941
      ambientIntensity 0.2
      transparency 0.0000
      shininess 0.5
    }
  }
  geometry IndexedFaceSet {
    ccw TRUE
    solid FALSE
    coord DEF co Coordinate {
      point [
        0.573961 -0.459817 0.161417,
        0.582463 -0.448272 0.161417,
        0.569267 -0.458557 0.161417,
        0.567505 -0.475402 0.161417,
        -0.565303 -0.492126 0.161417,
        -0.538309 -0.470861 0.161417,
        -0.567505 -0.475402 0.161417,
        -0.554372 -0.466177 0.161417,
        -0.573961 -0.459817 0.161417,
        -0.569267 -0.458557 0.161417,
        -0.582463 -0.448272 0.161417,
        0.554372 -0.466177 0.161417,
        0.538309 -0.470861 0.161417,
        0.565303 -0.492126 0.161417,
        0.521654 -0.472441 0.161417,
        -0.521654 -0.472441 0.161417,
        -0.597612 -0.436165 0.161417,
        -0.586067 -0.444667 0.161417,
        -0.596352 -0.431471 0.161417,
        -0.629921 0.427508 0.161417,
        -0.608656 0.400514 0.161417,
        -0.613197 0.429710 0.161417,
        -0.603972 0.416576 0.161417,
        -0.597612 0.436165 0.161417,
        -0.596352 0.431471 0.161417,
        -0.586067 0.444667 0.161417,
        -0.613197 -0.429710 0.161417,
        -0.603972 -0.416576 0.161417,
        -0.608656 -0.400514 0.161417,
        -0.629921 -0.427508 0.161417,
        -0.610236 -0.383858 0.161417,
        -0.610236 0.383858 0.161417,
        -0.573961 0.459817 0.161417,
        -0.582463 0.448272 0.161417,
        -0.569267 0.458557 0.161417,
        0.565303 0.492126 0.161417,
        0.538309 0.470861 0.161417,
        0.567505 0.475402 0.161417,
        0.554372 0.466177 0.161417,
        0.573961 0.459817 0.161417,
        0.569267 0.458557 0.161417,
        0.582463 0.448272 0.161417,
        -0.567505 0.475402 0.161417,
        -0.554372 0.466177 0.161417,
        -0.538309 0.470861 0.161417,
        -0.565303 0.492126 0.161417,
        -0.521654 0.472441 0.161417,
        0.521654 0.472441 0.161417,
        -0.516654 0.480659 0.003937,
        -0.552369 0.480659 0.003937,
        -0.551526 0.492126 0.003937,
        -0.629921 -0.413730 0.003937,
        -0.629921 0.413730 0.003937,
        -0.618455 0.378858 0.003937,
        -0.618455 0.414573 0.003937,
        0.629921 0.413730 0.003937,
        0.629921 -0.413730 0.003937,
        0.618455 -0.378858 0.003937,
        0.618455 -0.414573 0.003937,
        0.552369 -0.480659 0.003937,
        0.551526 -0.492126 0.003937,
        0.516654 -0.480659 0.003937,
        -0.551526 -0.492126 0.003937,
        -0.516654 -0.480659 0.003937,
        -0.552369 -0.480659 0.003937,
        0.551526 0.492126 0.003937,
        0.552369 0.480659 0.003937,
        0.516654 0.480659 0.003937,
        0.235876 0.453100 0.003937,
        0.522972 0.453100 0.003937,
        -0.522972 -0.453100 0.003937,
        -0.235876 -0.453100 0.003937,
        -0.618455 -0.414573 0.003937,
        -0.618455 -0.378858 0.003937,
        -0.590896 0.137451 0.003937,
        -0.590896 0.385177 0.003937,
        0.235876 -0.453100 0.003937,
        0.522972 -0.453100 0.003937,
        -0.522972 0.453100 0.003937,
        -0.235876 0.453100 0.003937,
        -0.235876 0.137451 0.003937,
        0.235876 0.137451 0.003937,
        0.618455 0.414573 0.003937,
        0.618455 0.378858 0.003937,
        0.590896 -0.137451 0.003937,
        0.590896 -0.385177 0.003937,
        -0.590896 -0.385177 0.003937,
        -0.590896 -0.137451 0.003937,
        -0.395168 -0.137451 0.003937,
        -0.235876 -0.295528 0.003937,
        0.590896 0.385177 0.003937,
        0.590896 0.137451 0.003937,
        0.235876 -0.137451 0.003937,
        0.561530 0.490648 0.118110,
        0.563845 0.474421 0.118110,
        0.570679 0.457922 0.118110,
        0.581550 0.443755 0.118110,
        0.628444 0.423735 0.118110,
        0.584230 0.446434 0.161417,
        0.586067 0.444667 0.161417,
        0.595718 0.432884 0.118110,
        0.597612 0.436165 0.161417,
        0.612216 0.426050 0.118110,
        0.613197 0.429710 0.161417,
        0.629921 0.427508 0.161417,
        0.628444 -0.423735 0.118110,
        0.629921 -0.427508 0.161417,
        0.612216 -0.426050 0.118110,
        0.613197 -0.429710 0.161417,
        0.595718 -0.432884 0.118110,
        0.597612 -0.436165 0.161417,
        0.581550 -0.443755 0.118110,
        0.586067 -0.444667 0.161417,
        0.561530 -0.490648 0.118110,
        0.584230 -0.446434 0.161417,
        0.570679 -0.457922 0.118110,
        0.563845 -0.474421 0.118110,
        -0.561530 -0.490648 0.118110,
        -0.563845 -0.474421 0.118110,
        -0.570679 -0.457922 0.118110,
        -0.581550 -0.443755 0.118110,
        -0.628444 -0.423735 0.118110,
        -0.584230 -0.446434 0.161417,
        -0.595718 -0.432884 0.118110,
        -0.612216 -0.426050 0.118110,
        -0.561530 0.490648 0.118110,
        -0.628444 0.423735 0.118110,
        -0.612216 0.426050 0.118110,
        -0.595718 0.432884 0.118110,
        -0.581550 0.443755 0.118110,
        -0.584230 0.446434 0.161417,
        -0.570679 0.457922 0.118110,
        -0.563845 0.474421 0.118110,
        0.596352 0.431471 0.161417,
        0.603972 0.416576 0.161417,
        0.608656 0.400514 0.161417,
        0.610236 0.383858 0.161417,
        0.610236 -0.383858 0.161417,
        0.608656 -0.400514 0.161417,
        0.603972 -0.416576 0.161417,
        0.596352 -0.431471 0.161417,
      ]
    }
    coordIndex [
      0, 1, 2, -1,
      0, 2, 3, -1,
      4, 5, 6, -1,
      6, 5, 7, -1,
      6, 7, 8, -1,
      8, 7, 9, -1,
      8, 9, 10, -1,
      2, 11, 3, -1,
      3, 11, 12, -1,
      3, 12, 13, -1,
      13, 12, 14, -1,
      13, 14, 4, -1,
      4, 14, 15, -1,
      4, 15, 5, -1,
      16, 17, 18, -1,
      19, 20, 21, -1,
      21, 20, 22, -1,
      21, 22, 23, -1,
      23, 22, 24, -1,
      23, 24, 25, -1,
      16, 18, 26, -1,
      18, 27, 26, -1,
      26, 27, 28, -1,
      26, 28, 29, -1,
      29, 28, 30, -1,
      29, 30, 19, -1,
      19, 30, 31, -1,
      19, 31, 20, -1,
      32, 33, 34, -1,
      35, 36, 37, -1,
      37, 36, 38, -1,
      37, 38, 39, -1,
      39, 38, 40, -1,
      39, 40, 41, -1,
      32, 34, 42, -1,
      34, 43, 42, -1,
      42, 43, 44, -1,
      42, 44, 45, -1,
      45, 44, 46, -1,
      45, 46, 35, -1,
      35, 46, 47, -1,
      35, 47, 36, -1,
      48, 49, 50, -1,
      51, 52, 53, -1,
      53, 52, 54, -1,
      55, 56, 57, -1,
      57, 56, 58, -1,
      59, 60, 61, -1,
      61, 60, 62, -1,
      61, 62, 63, -1,
      63, 62, 64, -1,
      65, 66, 67, -1,
      50, 65, 48, -1,
      48, 65, 67, -1,
      48, 67, 68, -1,
      68, 67, 69, -1,
      63, 70, 71, -1,
      72, 51, 73, -1,
      73, 51, 53, -1,
      73, 53, 74, -1,
      74, 53, 75, -1,
      63, 71, 61, -1,
      61, 71, 76, -1,
      61, 76, 77, -1,
      78, 48, 79, -1,
      79, 48, 68, -1,
      79, 68, 80, -1,
      80, 68, 81, -1,
      82, 55, 83, -1,
      83, 55, 57, -1,
      83, 57, 84, -1,
      84, 57, 85, -1,
      86, 73, 87, -1,
      87, 73, 74, -1,
      87, 74, 88, -1,
      88, 74, 80, -1,
      88, 80, 89, -1,
      90, 83, 91, -1,
      91, 83, 84, -1,
      91, 84, 81, -1,
      81, 84, 92, -1,
      81, 92, 80, -1,
      80, 92, 76, -1,
      80, 76, 89, -1,
      89, 76, 71, -1,
      66, 65, 93, -1,
      93, 65, 35, -1,
      93, 35, 94, -1,
      94, 35, 37, -1,
      94, 37, 95, -1,
      95, 37, 39, -1,
      95, 39, 96, -1,
      96, 39, 41, -1,
      55, 82, 97, -1,
      41, 98, 96, -1,
      96, 98, 99, -1,
      96, 99, 100, -1,
      100, 99, 101, -1,
      100, 101, 102, -1,
      102, 101, 103, -1,
      102, 103, 97, -1,
      97, 103, 104, -1,
      97, 104, 55, -1,
      58, 56, 105, -1,
      105, 56, 106, -1,
      105, 106, 107, -1,
      107, 106, 108, -1,
      107, 108, 109, -1,
      109, 108, 110, -1,
      109, 110, 111, -1,
      111, 110, 112, -1,
      60, 59, 113, -1,
      112, 114, 111, -1,
      111, 114, 1, -1,
      111, 1, 115, -1,
      115, 1, 0, -1,
      115, 0, 116, -1,
      116, 0, 3, -1,
      116, 3, 113, -1,
      113, 3, 13, -1,
      113, 13, 60, -1,
      64, 62, 117, -1,
      117, 62, 4, -1,
      117, 4, 118, -1,
      118, 4, 6, -1,
      118, 6, 119, -1,
      119, 6, 8, -1,
      119, 8, 120, -1,
      120, 8, 10, -1,
      51, 72, 121, -1,
      10, 122, 120, -1,
      120, 122, 17, -1,
      120, 17, 123, -1,
      123, 17, 16, -1,
      123, 16, 124, -1,
      124, 16, 26, -1,
      124, 26, 121, -1,
      121, 26, 29, -1,
      121, 29, 51, -1,
      50, 49, 125, -1,
      54, 52, 126, -1,
      126, 52, 19, -1,
      126, 19, 127, -1,
      127, 19, 21, -1,
      127, 21, 128, -1,
      128, 21, 23, -1,
      128, 23, 129, -1,
      129, 23, 25, -1,
      25, 130, 129, -1,
      129, 130, 33, -1,
      129, 33, 131, -1,
      131, 33, 32, -1,
      131, 32, 132, -1,
      132, 32, 42, -1,
      132, 42, 125, -1,
      125, 42, 45, -1,
      125, 45, 50, -1,
      106, 56, 104, -1,
      104, 56, 55, -1,
      50, 45, 65, -1,
      65, 45, 35, -1,
      19, 52, 29, -1,
      29, 52, 51, -1,
      4, 62, 13, -1,
      13, 62, 60, -1,
      101, 99, 133, -1,
      101, 133, 103, -1,
      133, 134, 103, -1,
      103, 134, 135, -1,
      103, 135, 104, -1,
      104, 135, 136, -1,
      104, 136, 106, -1,
      136, 137, 106, -1,
      106, 137, 138, -1,
      106, 138, 108, -1,
      108, 138, 139, -1,
      108, 139, 110, -1,
      110, 139, 140, -1,
      110, 140, 112, -1,
    ]
  }
}

Shape {
  appearance Appearance {
    material Material {
      diffuseColor 0.9686 0.8784 0.6000
      specularColor 0.6784 0.6157 0.4196
      ambientIntensity 0.2
      transparency 0.0000
      shininess 0.5
    }
  }
  geometry IndexedFaceSet {
    ccw TRUE
    solid FALSE
    coord DEF co Coordinate {
      point [
        0.582463 -0.448272 0.161417,
        0.569267 -0.458557 0.161417,
        -0.538309 -0.470861 0.161417,
        -0.554372 -0.466177 0.161417,
        -0.569267 -0.458557 0.161417,
        -0.582463 -0.448272 0.161417,
        0.554372 -0.466177 0.161417,
        0.538309 -0.470861 0.161417,
        0.521654 -0.472441 0.161417,
        -0.521654 -0.472441 0.161417,
        -0.586067 -0.444667 0.161417,
        -0.596352 -0.431471 0.161417,
        -0.608656 0.400514 0.161417,
        -0.603972 0.416576 0.161417,
        -0.596352 0.431471 0.161417,
        -0.586067 0.444667 0.161417,
        -0.603972 -0.416576 0.161417,
        -0.608656 -0.400514 0.161417,
        -0.610236 -0.383858 0.161417,
        -0.610236 0.383858 0.161417,
        -0.582463 0.448272 0.161417,
        -0.569267 0.458557 0.161417,
        0.538309 0.470861 0.161417,
        0.554372 0.466177 0.161417,
        0.569267 0.458557 0.161417,
        0.582463 0.448272 0.161417,
        -0.554372 0.466177 0.161417,
        -0.538309 0.470861 0.161417,
        -0.521654 0.472441 0.161417,
        0.521654 0.472441 0.161417,
        -0.516654 0.480659 0.003937,
        -0.552369 0.480659 0.003937,
        -0.618455 0.378858 0.003937,
        -0.618455 0.414573 0.003937,
        0.618455 -0.378858 0.003937,
        0.618455 -0.414573 0.003937,
        0.552369 -0.480659 0.003937,
        0.516654 -0.480659 0.003937,
        -0.516654 -0.480659 0.003937,
        -0.552369 -0.480659 0.003937,
        0.552369 0.480659 0.003937,
        0.516654 0.480659 0.003937,
        0.235876 0.453100 0.003937,
        0.522972 0.453100 0.003937,
        -0.522972 -0.453100 0.003937,
        -0.235876 -0.453100 0.003937,
        -0.618455 -0.414573 0.003937,
        -0.618455 -0.378858 0.003937,
        -0.590896 0.137451 0.003937,
        -0.590896 0.385177 0.003937,
        0.235876 -0.453100 0.003937,
        0.522972 -0.453100 0.003937,
        -0.522972 0.453100 0.003937,
        -0.235876 0.453100 0.003937,
        -0.235876 0.137451 0.003937,
        0.235876 0.137451 0.003937,
        0.618455 0.414573 0.003937,
        0.618455 0.378858 0.003937,
        0.590896 -0.137451 0.003937,
        0.590896 -0.385177 0.003937,
        -0.590896 -0.385177 0.003937,
        -0.590896 -0.137451 0.003937,
        -0.395168 -0.137451 0.003937,
        -0.235876 -0.295528 0.003937,
        0.590896 0.385177 0.003937,
        0.590896 0.137451 0.003937,
        0.235876 -0.137451 0.003937,
        0.561530 0.490648 0.118110,
        0.563845 0.474421 0.118110,
        0.570679 0.457922 0.118110,
        0.581550 0.443755 0.118110,
        0.628444 0.423735 0.118110,
        0.586067 0.444667 0.161417,
        0.595718 0.432884 0.118110,
        0.612216 0.426050 0.118110,
        0.628444 -0.423735 0.118110,
        0.612216 -0.426050 0.118110,
        0.595718 -0.432884 0.118110,
        0.581550 -0.443755 0.118110,
        0.586067 -0.444667 0.161417,
        0.561530 -0.490648 0.118110,
        0.570679 -0.457922 0.118110,
        0.563845 -0.474421 0.118110,
        -0.561530 -0.490648 0.118110,
        -0.563845 -0.474421 0.118110,
        -0.570679 -0.457922 0.118110,
        -0.581550 -0.443755 0.118110,
        -0.628444 -0.423735 0.118110,
        -0.595718 -0.432884 0.118110,
        -0.612216 -0.426050 0.118110,
        -0.561530 0.490648 0.118110,
        -0.628444 0.423735 0.118110,
        -0.612216 0.426050 0.118110,
        -0.595718 0.432884 0.118110,
        -0.581550 0.443755 0.118110,
        -0.570679 0.457922 0.118110,
        -0.563845 0.474421 0.118110,
        0.596352 0.431471 0.161417,
        0.603972 0.416576 0.161417,
        0.608656 0.400514 0.161417,
        0.610236 0.383858 0.161417,
        0.610236 -0.383858 0.161417,
        0.608656 -0.400514 0.161417,
        0.603972 -0.416576 0.161417,
        0.596352 -0.431471 0.161417,
        -0.590551 0.385670 0.000000,
        -0.618110 0.379240 0.000000,
        -0.590551 0.137795 0.000000,
        -0.236220 0.137795 0.000000,
        -0.236220 0.452756 0.000000,
        -0.523466 0.452756 0.000000,
        -0.517035 0.480315 0.000000,
        -0.628444 0.428018 0.118110,
        -0.618110 0.418610 0.000000,
        -0.556405 0.480315 0.000000,
        -0.565813 0.490648 0.118110,
        -0.612751 0.430342 0.118110,
        -0.597602 0.436741 0.118110,
        -0.584578 0.446782 0.118110,
        -0.574536 0.459806 0.118110,
        -0.568137 0.474956 0.118110,
        -0.558181 0.472189 0.000000,
        -0.565611 0.454598 0.000000,
        -0.577271 0.439476 0.000000,
        -0.592394 0.427816 0.000000,
        -0.609984 0.420386 0.000000,
        -0.523466 -0.452756 0.000000,
        -0.517035 -0.480315 0.000000,
        -0.236220 -0.452756 0.000000,
        -0.236220 -0.295872 -0.000000,
        -0.395512 -0.137795 -0.000000,
        -0.590551 -0.137795 0.000000,
        -0.590551 -0.385670 0.000000,
        -0.618110 -0.379240 0.000000,
        -0.618110 -0.418610 0.000000,
        -0.628444 -0.428018 0.118110,
        -0.565813 -0.490648 0.118110,
        -0.556405 -0.480315 0.000000,
        -0.568137 -0.474956 0.118110,
        -0.574536 -0.459806 0.118110,
        -0.584578 -0.446782 0.118110,
        -0.597602 -0.436741 0.118110,
        -0.612751 -0.430342 0.118110,
        -0.609984 -0.420386 0.000000,
        -0.592394 -0.427816 0.000000,
        -0.577271 -0.439476 0.000000,
        -0.565611 -0.454598 0.000000,
        -0.558181 -0.472189 0.000000,
        0.590551 -0.385670 0.000000,
        0.618110 -0.379240 0.000000,
        0.590551 -0.137795 0.000000,
        0.236220 -0.137795 0.000000,
        0.236220 -0.452756 0.000000,
        0.523466 -0.452756 0.000000,
        0.517035 -0.480315 0.000000,
        0.556405 -0.480315 0.000000,
        0.565813 -0.490648 0.118110,
        0.628444 -0.428018 0.118110,
        0.618110 -0.418610 0.000000,
        0.612751 -0.430342 0.118110,
        0.597602 -0.436741 0.118110,
        0.584578 -0.446782 0.118110,
        0.574536 -0.459806 0.118110,
        0.568137 -0.474956 0.118110,
        0.558181 -0.472189 0.000000,
        0.565611 -0.454598 0.000000,
        0.577271 -0.439476 0.000000,
        0.592394 -0.427816 0.000000,
        0.609984 -0.420386 0.000000,
        0.523466 0.452756 0.000000,
        0.517035 0.480315 0.000000,
        0.236220 0.452756 0.000000,
        0.236220 0.137795 0.000000,
        0.590551 0.137795 0.000000,
        0.590551 0.385670 0.000000,
        0.618110 0.379240 0.000000,
        0.618110 0.418610 0.000000,
        0.628444 0.428018 0.118110,
        0.565813 0.490648 0.118110,
        0.556405 0.480315 0.000000,
        0.568137 0.474956 0.118110,
        0.574536 0.459806 0.118110,
        0.584578 0.446782 0.118110,
        0.597602 0.436741 0.118110,
        0.612751 0.430342 0.118110,
        0.609984 0.420386 0.000000,
        0.592394 0.427816 0.000000,
        0.577271 0.439476 0.000000,
        0.565611 0.454598 0.000000,
        0.558181 0.472189 0.000000,
        0.580709 0.383858 0.190945,
        0.579655 0.394962 0.190945,
        0.580709 0.383858 0.236220,
        0.578696 0.399143 0.236220,
        0.572630 0.413300 0.190945,
        0.572797 0.413386 0.236220,
        0.576533 0.405670 0.190945,
        0.578457 0.399073 0.190945,
        0.563412 0.425617 0.190945,
        0.563412 0.425617 0.236220,
        0.564596 0.424398 0.190945,
        0.571453 0.415600 0.190945,
        0.562193 0.426801 0.190945,
        0.553395 0.433657 0.190945,
        0.551181 0.435002 0.236220,
        0.551096 0.434834 0.190945,
        0.543465 0.438738 0.190945,
        0.536938 0.440901 0.236220,
        0.521654 0.442913 0.190945,
        0.521654 0.442913 0.236220,
        0.532757 0.441860 0.190945,
        0.536868 0.440661 0.190945,
        -0.521654 0.442913 0.190945,
        -0.521654 0.442913 0.236220,
        -0.532757 0.441860 0.190945,
        -0.536938 0.440901 0.236220,
        -0.551096 0.434834 0.190945,
        -0.551181 0.435002 0.236220,
        -0.543465 0.438738 0.190945,
        -0.536868 0.440661 0.190945,
        -0.563412 0.425617 0.190945,
        -0.563412 0.425617 0.236220,
        -0.562193 0.426801 0.190945,
        -0.553395 0.433657 0.190945,
        -0.564596 0.424398 0.190945,
        -0.571453 0.415600 0.190945,
        -0.572797 0.413386 0.236220,
        -0.572630 0.413300 0.190945,
        -0.576533 0.405670 0.190945,
        -0.578696 0.399143 0.236220,
        -0.580709 0.383858 0.190945,
        -0.580709 0.383858 0.236220,
        -0.579655 0.394962 0.190945,
        -0.578457 0.399073 0.190945,
        -0.580709 -0.383858 0.190945,
        -0.580709 -0.383858 0.236220,
        -0.579655 -0.394962 0.190945,
        -0.578696 -0.399143 0.236220,
        -0.572630 -0.413300 0.190945,
        -0.572797 -0.413386 0.236220,
        -0.576533 -0.405670 0.190945,
        -0.578457 -0.399073 0.190945,
        -0.563412 -0.425617 0.190945,
        -0.563412 -0.425617 0.236220,
        -0.564596 -0.424398 0.190945,
        -0.571453 -0.415600 0.190945,
        -0.562193 -0.426801 0.190945,
        -0.553395 -0.433657 0.190945,
        -0.551181 -0.435002 0.236220,
        -0.551096 -0.434834 0.190945,
        -0.543465 -0.438738 0.190945,
        -0.536938 -0.440901 0.236220,
        -0.521654 -0.442913 0.190945,
        -0.521654 -0.442913 0.236220,
        -0.532757 -0.441860 0.190945,
        -0.536868 -0.440661 0.190945,
        0.521654 -0.442913 0.190945,
        0.521654 -0.442913 0.236220,
        0.532757 -0.441860 0.190945,
        0.536938 -0.440901 0.236220,
        0.551096 -0.434834 0.190945,
        0.551181 -0.435002 0.236220,
        0.543465 -0.438738 0.190945,
        0.536868 -0.440661 0.190945,
        0.563412 -0.425617 0.190945,
        0.563412 -0.425617 0.236220,
        0.562193 -0.426801 0.190945,
        0.553395 -0.433657 0.190945,
        0.564596 -0.424398 0.190945,
        0.571453 -0.415600 0.190945,
        0.572797 -0.413386 0.236220,
        0.572630 -0.413300 0.190945,
        0.576533 -0.405670 0.190945,
        0.578696 -0.399143 0.236220,
        0.580709 -0.383858 0.190945,
        0.580709 -0.383858 0.236220,
        0.579655 -0.394962 0.190945,
        0.578457 -0.399073 0.190945,
        0.555060 0.417265 0.236220,
        0.545276 0.424773 0.236220,
        0.533881 0.429493 0.236220,
        0.521654 0.431102 0.236220,
        -0.521654 0.431102 0.236220,
        -0.533881 0.429493 0.236220,
        -0.545276 0.424773 0.236220,
        -0.555060 0.417265 0.236220,
        -0.562568 0.407480 0.236220,
        -0.567288 0.396086 0.236220,
        -0.568898 0.383858 0.236220,
        -0.568898 -0.383858 0.236220,
        -0.567288 -0.396086 0.236220,
        -0.562568 -0.407480 0.236220,
        -0.555060 -0.417265 0.236220,
        -0.545276 -0.424773 0.236220,
        -0.533881 -0.429493 0.236220,
        -0.521654 -0.431102 0.236220,
        0.521654 -0.431102 0.236220,
        0.533881 -0.429493 0.236220,
        0.545276 -0.424773 0.236220,
        0.555060 -0.417265 0.236220,
        0.562568 -0.407480 0.236220,
        0.567288 -0.396086 0.236220,
        0.568898 -0.383858 0.236220,
        0.568898 0.383858 0.236220,
        0.567288 0.396086 0.236220,
        0.562568 0.407480 0.236220,
        -0.521654 0.443920 0.183303,
        -0.532947 0.442848 0.183303,
        -0.553936 0.434506 0.183303,
        -0.543837 0.439672 0.183303,
        -0.562883 0.427532 0.183303,
        -0.555522 0.436993 0.176181,
        -0.564909 0.429678 0.176181,
        -0.558044 0.440950 0.170066,
        -0.568130 0.433090 0.170066,
        -0.561331 0.446107 0.165373,
        -0.572328 0.437537 0.165373,
        -0.565159 0.452113 0.162424,
        -0.577217 0.442715 0.162424,
        -0.544927 0.442414 0.176181,
        -0.546660 0.446774 0.170066,
        -0.548919 0.452457 0.165373,
        -0.551549 0.459076 0.162424,
        -0.533502 0.445745 0.176181,
        -0.534384 0.450354 0.170066,
        -0.535533 0.456361 0.165373,
        -0.536873 0.463355 0.162424,
        -0.521654 0.446869 0.176181,
        -0.521654 0.451562 0.170066,
        -0.521654 0.457677 0.165373,
        -0.521654 0.464799 0.162424,
        -0.584229 0.446435 0.161417,
        -0.578837 0.441043 0.162442,
        -0.580510 0.439421 0.162424,
        -0.573815 0.436021 0.165402,
        -0.575332 0.434532 0.165373,
        -0.569505 0.431711 0.170096,
        -0.570885 0.430335 0.170066,
        -0.566198 0.428404 0.176206,
        -0.567473 0.427113 0.176181,
        -0.564120 0.426326 0.183317,
        -0.565328 0.425088 0.183303,
        -0.563411 0.425617 0.190945,
        0.521654 0.464799 0.162424,
        0.521654 0.457677 0.165373,
        0.521654 0.451562 0.170066,
        0.521654 0.446869 0.176181,
        0.521654 0.443920 0.183303,
        -0.572301 0.416141 0.183303,
        -0.580644 0.395152 0.183303,
        -0.577468 0.406042 0.183303,
        -0.581715 0.383858 0.183303,
        -0.583541 0.395706 0.176181,
        -0.584665 0.383858 0.176181,
        -0.588150 0.396589 0.170066,
        -0.589357 0.383858 0.170066,
        -0.594156 0.397738 0.165373,
        -0.595472 0.383858 0.165373,
        -0.601150 0.399078 0.162424,
        -0.602594 0.383858 0.162424,
        -0.580209 0.407131 0.176181,
        -0.584570 0.408865 0.170066,
        -0.590253 0.411123 0.165373,
        -0.596871 0.413754 0.162424,
        -0.574789 0.417726 0.176181,
        -0.578746 0.420249 0.170066,
        -0.583902 0.423535 0.165373,
        -0.589908 0.427363 0.162424,
        0.562883 0.427532 0.183303,
        0.553936 0.434506 0.183303,
        0.532947 0.442848 0.183303,
        0.543837 0.439672 0.183303,
        0.533502 0.445745 0.176181,
        0.534384 0.450354 0.170066,
        0.535533 0.456361 0.165373,
        0.536873 0.463355 0.162424,
        0.544927 0.442414 0.176181,
        0.546660 0.446774 0.170066,
        0.548919 0.452457 0.165373,
        0.551549 0.459076 0.162424,
        0.555522 0.436993 0.176181,
        0.558044 0.440950 0.170066,
        0.561331 0.446107 0.165373,
        0.565159 0.452113 0.162424,
        0.564909 0.429678 0.176181,
        0.568130 0.433090 0.170066,
        0.572328 0.437537 0.165373,
        0.577217 0.442715 0.162424,
        -0.602594 -0.383858 0.162424,
        -0.595472 -0.383858 0.165373,
        -0.589357 -0.383858 0.170066,
        -0.584665 -0.383858 0.176181,
        -0.581715 -0.383858 0.183303,
        0.584230 0.446433 0.161417,
        0.578838 0.441042 0.162442,
        0.573817 0.436020 0.165402,
        0.569506 0.431710 0.170096,
        0.566199 0.428403 0.176206,
        0.564121 0.426325 0.183317,
        0.563412 0.425616 0.190945,
        0.580510 0.439421 0.162424,
        0.575332 0.434532 0.165373,
        0.570885 0.430335 0.170066,
        0.567473 0.427113 0.176181,
        0.565328 0.425088 0.183303,
        -0.580644 -0.395152 0.183303,
        -0.572301 -0.416141 0.183303,
        -0.577468 -0.406042 0.183303,
        -0.565328 -0.425088 0.183303,
        -0.574789 -0.417726 0.176181,
        -0.567473 -0.427113 0.176181,
        -0.578746 -0.420249 0.170066,
        -0.570885 -0.430335 0.170066,
        -0.583902 -0.423535 0.165373,
        -0.575332 -0.434532 0.165373,
        -0.589908 -0.427363 0.162424,
        -0.580510 -0.439421 0.162424,
        -0.580209 -0.407131 0.176181,
        -0.584570 -0.408865 0.170066,
        -0.590253 -0.411123 0.165373,
        -0.596871 -0.413754 0.162424,
        -0.583541 -0.395706 0.176181,
        -0.588150 -0.396589 0.170066,
        -0.594156 -0.397738 0.165373,
        -0.601150 -0.399078 0.162424,
        0.581715 0.383858 0.183303,
        0.580644 0.395152 0.183303,
        0.572301 0.416141 0.183303,
        0.577468 0.406042 0.183303,
        0.574789 0.417726 0.176181,
        0.578746 0.420249 0.170066,
        0.583902 0.423535 0.165373,
        0.589908 0.427363 0.162424,
        0.580209 0.407131 0.176181,
        0.584570 0.408865 0.170066,
        0.590253 0.411123 0.165373,
        0.596871 0.413754 0.162424,
        0.583541 0.395706 0.176181,
        0.588150 0.396589 0.170066,
        0.594156 0.397738 0.165373,
        0.601150 0.399078 0.162424,
        0.584665 0.383858 0.176181,
        0.589357 0.383858 0.170066,
        0.595472 0.383858 0.165373,
        0.602594 0.383858 0.162424,
        -0.584230 -0.446433 0.161417,
        -0.578838 -0.441042 0.162442,
        -0.577217 -0.442715 0.162424,
        -0.573817 -0.436020 0.165402,
        -0.572328 -0.437537 0.165373,
        -0.569506 -0.431710 0.170096,
        -0.568130 -0.433090 0.170066,
        -0.566199 -0.428403 0.176206,
        -0.564909 -0.429678 0.176181,
        -0.564121 -0.426325 0.183317,
        -0.562883 -0.427532 0.183303,
        -0.563412 -0.425616 0.190945,
        0.602594 -0.383858 0.162424,
        0.595472 -0.383858 0.165373,
        0.589357 -0.383858 0.170066,
        0.584665 -0.383858 0.176181,
        0.581715 -0.383858 0.183303,
        -0.553936 -0.434506 0.183303,
        -0.532947 -0.442848 0.183303,
        -0.543837 -0.439672 0.183303,
        -0.521654 -0.443920 0.183303,
        -0.533502 -0.445745 0.176181,
        -0.521654 -0.446869 0.176181,
        -0.534384 -0.450354 0.170066,
        -0.521654 -0.451562 0.170066,
        -0.535533 -0.456361 0.165373,
        -0.521654 -0.457677 0.165373,
        -0.536873 -0.463355 0.162424,
        -0.521654 -0.464799 0.162424,
        -0.544927 -0.442414 0.176181,
        -0.546660 -0.446774 0.170066,
        -0.548919 -0.452457 0.165373,
        -0.551549 -0.459076 0.162424,
        -0.555522 -0.436993 0.176181,
        -0.558044 -0.440950 0.170066,
        -0.561331 -0.446107 0.165373,
        -0.565159 -0.452113 0.162424,
        0.565328 -0.425088 0.183303,
        0.572301 -0.416141 0.183303,
        0.580644 -0.395152 0.183303,
        0.577468 -0.406042 0.183303,
        0.583541 -0.395706 0.176181,
        0.588150 -0.396589 0.170066,
        0.594156 -0.397738 0.165373,
        0.601150 -0.399078 0.162424,
        0.580209 -0.407131 0.176181,
        0.584570 -0.408865 0.170066,
        0.590253 -0.411123 0.165373,
        0.596871 -0.413754 0.162424,
        0.574789 -0.417726 0.176181,
        0.578746 -0.420249 0.170066,
        0.583902 -0.423535 0.165373,
        0.589908 -0.427363 0.162424,
        0.567473 -0.427113 0.176181,
        0.570885 -0.430335 0.170066,
        0.575332 -0.434532 0.165373,
        0.580510 -0.439421 0.162424,
        0.521654 -0.464799 0.162424,
        0.521654 -0.457677 0.165373,
        0.521654 -0.451562 0.170066,
        0.521654 -0.446869 0.176181,
        0.521654 -0.443920 0.183303,
        0.584229 -0.446435 0.161417,
        0.578837 -0.441043 0.162442,
        0.573815 -0.436021 0.165402,
        0.569505 -0.431711 0.170096,
        0.566198 -0.428404 0.176206,
        0.564120 -0.426326 0.183317,
        0.563411 -0.425617 0.190945,
        0.577217 -0.442715 0.162424,
        0.572328 -0.437537 0.165373,
        0.568130 -0.433090 0.170066,
        0.564909 -0.429678 0.176181,
        0.562883 -0.427532 0.183303,
        0.532947 -0.442848 0.183303,
        0.553936 -0.434506 0.183303,
        0.543837 -0.439672 0.183303,
        0.555522 -0.436993 0.176181,
        0.558044 -0.440950 0.170066,
        0.561331 -0.446107 0.165373,
        0.565159 -0.452113 0.162424,
        0.544927 -0.442414 0.176181,
        0.546660 -0.446774 0.170066,
        0.548919 -0.452457 0.165373,
        0.551549 -0.459076 0.162424,
        0.533502 -0.445745 0.176181,
        0.534384 -0.450354 0.170066,
        0.535533 -0.456361 0.165373,
        0.536873 -0.463355 0.162424,
      ]
    }
    coordIndex [
      105, 49, 106, -1,
      106, 49, 32, -1,
      49, 105, 48, -1,
      48, 105, 107, -1,
      48, 107, 54, -1,
      54, 107, 108, -1,
      54, 108, 53, -1,
      53, 108, 109, -1,
      53, 109, 52, -1,
      52, 109, 110, -1,
      111, 30, 110, -1,
      110, 30, 52, -1,
      91, 112, 33, -1,
      33, 112, 113, -1,
      33, 113, 32, -1,
      32, 113, 106, -1,
      30, 111, 31, -1,
      31, 111, 114, -1,
      31, 114, 90, -1,
      90, 114, 115, -1,
      112, 91, 116, -1,
      116, 91, 92, -1,
      116, 92, 117, -1,
      117, 92, 93, -1,
      117, 93, 118, -1,
      118, 93, 94, -1,
      118, 94, 119, -1,
      119, 94, 95, -1,
      119, 95, 120, -1,
      120, 95, 96, -1,
      120, 96, 115, -1,
      115, 96, 90, -1,
      115, 114, 120, -1,
      120, 114, 121, -1,
      120, 121, 119, -1,
      119, 121, 122, -1,
      119, 122, 118, -1,
      118, 122, 123, -1,
      118, 123, 117, -1,
      117, 123, 124, -1,
      117, 124, 116, -1,
      116, 124, 125, -1,
      116, 125, 112, -1,
      112, 125, 113, -1,
      105, 106, 110, -1,
      107, 105, 108, -1,
      108, 105, 110, -1,
      108, 110, 109, -1,
      113, 125, 106, -1,
      106, 125, 124, -1,
      106, 124, 110, -1,
      110, 124, 123, -1,
      114, 111, 121, -1,
      121, 111, 110, -1,
      121, 110, 122, -1,
      122, 110, 123, -1,
      126, 44, 127, -1,
      127, 44, 38, -1,
      44, 126, 45, -1,
      45, 126, 128, -1,
      63, 45, 129, -1,
      129, 45, 128, -1,
      130, 131, 62, -1,
      62, 131, 61, -1,
      61, 131, 60, -1,
      60, 131, 132, -1,
      133, 47, 132, -1,
      132, 47, 60, -1,
      47, 133, 46, -1,
      46, 133, 134, -1,
      46, 134, 87, -1,
      87, 134, 135, -1,
      83, 136, 39, -1,
      39, 136, 137, -1,
      39, 137, 38, -1,
      38, 137, 127, -1,
      136, 83, 138, -1,
      138, 83, 84, -1,
      138, 84, 139, -1,
      139, 84, 85, -1,
      139, 85, 140, -1,
      140, 85, 86, -1,
      140, 86, 141, -1,
      141, 86, 88, -1,
      141, 88, 142, -1,
      142, 88, 89, -1,
      142, 89, 135, -1,
      135, 89, 87, -1,
      135, 134, 142, -1,
      142, 134, 143, -1,
      142, 143, 141, -1,
      141, 143, 144, -1,
      141, 144, 140, -1,
      140, 144, 145, -1,
      140, 145, 139, -1,
      139, 145, 146, -1,
      139, 146, 138, -1,
      138, 146, 147, -1,
      138, 147, 136, -1,
      136, 147, 137, -1,
      126, 127, 132, -1,
      129, 128, 130, -1,
      130, 128, 126, -1,
      130, 126, 131, -1,
      131, 126, 132, -1,
      137, 147, 127, -1,
      127, 147, 146, -1,
      127, 146, 132, -1,
      132, 146, 145, -1,
      134, 133, 143, -1,
      143, 133, 132, -1,
      143, 132, 144, -1,
      144, 132, 145, -1,
      148, 59, 149, -1,
      149, 59, 34, -1,
      59, 148, 58, -1,
      58, 148, 150, -1,
      58, 150, 66, -1,
      66, 150, 151, -1,
      66, 151, 50, -1,
      50, 151, 152, -1,
      50, 152, 51, -1,
      51, 152, 153, -1,
      154, 37, 153, -1,
      153, 37, 51, -1,
      37, 154, 36, -1,
      36, 154, 155, -1,
      36, 155, 80, -1,
      80, 155, 156, -1,
      75, 157, 35, -1,
      35, 157, 158, -1,
      35, 158, 34, -1,
      34, 158, 149, -1,
      157, 75, 159, -1,
      159, 75, 76, -1,
      159, 76, 160, -1,
      160, 76, 77, -1,
      160, 77, 161, -1,
      161, 77, 78, -1,
      161, 78, 162, -1,
      162, 78, 81, -1,
      162, 81, 163, -1,
      163, 81, 82, -1,
      163, 82, 156, -1,
      156, 82, 80, -1,
      156, 155, 163, -1,
      163, 155, 164, -1,
      163, 164, 162, -1,
      162, 164, 165, -1,
      162, 165, 161, -1,
      161, 165, 166, -1,
      161, 166, 160, -1,
      160, 166, 167, -1,
      160, 167, 159, -1,
      159, 167, 168, -1,
      159, 168, 157, -1,
      157, 168, 158, -1,
      148, 149, 153, -1,
      150, 148, 151, -1,
      151, 148, 153, -1,
      151, 153, 152, -1,
      158, 168, 149, -1,
      149, 168, 167, -1,
      149, 167, 153, -1,
      153, 167, 166, -1,
      155, 154, 164, -1,
      164, 154, 153, -1,
      164, 153, 165, -1,
      165, 153, 166, -1,
      169, 43, 170, -1,
      170, 43, 41, -1,
      43, 169, 42, -1,
      42, 169, 171, -1,
      42, 171, 55, -1,
      55, 171, 172, -1,
      55, 172, 65, -1,
      65, 172, 173, -1,
      65, 173, 64, -1,
      64, 173, 174, -1,
      175, 57, 174, -1,
      174, 57, 64, -1,
      57, 175, 56, -1,
      56, 175, 176, -1,
      56, 176, 71, -1,
      71, 176, 177, -1,
      67, 178, 40, -1,
      40, 178, 179, -1,
      40, 179, 41, -1,
      41, 179, 170, -1,
      178, 67, 180, -1,
      180, 67, 68, -1,
      180, 68, 181, -1,
      181, 68, 69, -1,
      181, 69, 182, -1,
      182, 69, 70, -1,
      182, 70, 183, -1,
      183, 70, 73, -1,
      183, 73, 184, -1,
      184, 73, 74, -1,
      184, 74, 177, -1,
      177, 74, 71, -1,
      177, 176, 184, -1,
      184, 176, 185, -1,
      184, 185, 183, -1,
      183, 185, 186, -1,
      183, 186, 182, -1,
      182, 186, 187, -1,
      182, 187, 181, -1,
      181, 187, 188, -1,
      181, 188, 180, -1,
      180, 188, 189, -1,
      180, 189, 178, -1,
      178, 189, 179, -1,
      188, 187, 174, -1,
      174, 173, 172, -1,
      170, 179, 189, -1,
      189, 188, 170, -1,
      170, 188, 174, -1,
      170, 174, 169, -1,
      169, 174, 172, -1,
      169, 172, 171, -1,
      176, 175, 185, -1,
      185, 175, 174, -1,
      185, 174, 186, -1,
      186, 174, 187, -1,
      129, 130, 63, -1,
      63, 130, 62, -1,
      190, 191, 192, -1,
      192, 191, 193, -1,
      194, 195, 196, -1,
      196, 195, 193, -1,
      196, 193, 197, -1,
      197, 193, 191, -1,
      198, 199, 200, -1,
      200, 199, 195, -1,
      200, 195, 201, -1,
      201, 195, 194, -1,
      198, 202, 199, -1,
      199, 202, 203, -1,
      199, 203, 204, -1,
      203, 205, 204, -1,
      204, 205, 206, -1,
      204, 206, 207, -1,
      208, 209, 210, -1,
      210, 209, 207, -1,
      210, 207, 211, -1,
      211, 207, 206, -1,
      212, 213, 208, -1,
      208, 213, 209, -1,
      212, 214, 213, -1,
      213, 214, 215, -1,
      216, 217, 218, -1,
      218, 217, 215, -1,
      218, 215, 219, -1,
      219, 215, 214, -1,
      220, 221, 222, -1,
      222, 221, 217, -1,
      222, 217, 223, -1,
      223, 217, 216, -1,
      220, 224, 221, -1,
      221, 224, 225, -1,
      221, 225, 226, -1,
      225, 227, 226, -1,
      226, 227, 228, -1,
      226, 228, 229, -1,
      230, 231, 232, -1,
      232, 231, 229, -1,
      232, 229, 233, -1,
      233, 229, 228, -1,
      234, 235, 230, -1,
      230, 235, 231, -1,
      234, 236, 235, -1,
      235, 236, 237, -1,
      238, 239, 240, -1,
      240, 239, 237, -1,
      240, 237, 241, -1,
      241, 237, 236, -1,
      242, 243, 244, -1,
      244, 243, 239, -1,
      244, 239, 245, -1,
      245, 239, 238, -1,
      242, 246, 243, -1,
      243, 246, 247, -1,
      243, 247, 248, -1,
      247, 249, 248, -1,
      248, 249, 250, -1,
      248, 250, 251, -1,
      252, 253, 254, -1,
      254, 253, 251, -1,
      254, 251, 255, -1,
      255, 251, 250, -1,
      256, 257, 252, -1,
      252, 257, 253, -1,
      256, 258, 257, -1,
      257, 258, 259, -1,
      260, 261, 262, -1,
      262, 261, 259, -1,
      262, 259, 263, -1,
      263, 259, 258, -1,
      264, 265, 266, -1,
      266, 265, 261, -1,
      266, 261, 267, -1,
      267, 261, 260, -1,
      264, 268, 265, -1,
      265, 268, 269, -1,
      265, 269, 270, -1,
      269, 271, 270, -1,
      270, 271, 272, -1,
      270, 272, 273, -1,
      274, 275, 276, -1,
      276, 275, 273, -1,
      276, 273, 277, -1,
      277, 273, 272, -1,
      190, 192, 274, -1,
      274, 192, 275, -1,
      278, 199, 279, -1,
      279, 199, 204, -1,
      279, 204, 280, -1,
      280, 204, 207, -1,
      280, 207, 281, -1,
      281, 207, 209, -1,
      281, 209, 282, -1,
      282, 209, 213, -1,
      282, 213, 283, -1,
      283, 213, 215, -1,
      283, 215, 284, -1,
      284, 215, 217, -1,
      284, 217, 285, -1,
      285, 217, 221, -1,
      285, 221, 286, -1,
      286, 221, 226, -1,
      286, 226, 287, -1,
      287, 226, 229, -1,
      287, 229, 288, -1,
      288, 229, 231, -1,
      288, 231, 289, -1,
      289, 231, 235, -1,
      289, 235, 290, -1,
      290, 235, 237, -1,
      290, 237, 291, -1,
      291, 237, 239, -1,
      291, 239, 292, -1,
      292, 239, 243, -1,
      292, 243, 293, -1,
      293, 243, 248, -1,
      293, 248, 294, -1,
      294, 248, 251, -1,
      294, 251, 295, -1,
      295, 251, 253, -1,
      295, 253, 296, -1,
      296, 253, 257, -1,
      296, 257, 297, -1,
      297, 257, 259, -1,
      297, 259, 298, -1,
      298, 259, 261, -1,
      298, 261, 299, -1,
      299, 261, 265, -1,
      299, 265, 300, -1,
      300, 265, 270, -1,
      300, 270, 301, -1,
      301, 270, 273, -1,
      301, 273, 302, -1,
      302, 273, 275, -1,
      302, 275, 303, -1,
      303, 275, 192, -1,
      303, 192, 304, -1,
      304, 192, 193, -1,
      304, 193, 305, -1,
      305, 193, 195, -1,
      305, 195, 278, -1,
      278, 195, 199, -1,
      214, 212, 306, -1,
      219, 214, 307, -1,
      222, 223, 308, -1,
      308, 223, 216, -1,
      216, 218, 309, -1,
      309, 218, 219, -1,
      222, 308, 310, -1,
      310, 308, 311, -1,
      310, 311, 312, -1,
      312, 311, 313, -1,
      312, 313, 314, -1,
      314, 313, 315, -1,
      314, 315, 316, -1,
      316, 315, 317, -1,
      316, 317, 318, -1,
      318, 317, 21, -1,
      318, 21, 20, -1,
      216, 309, 308, -1,
      308, 309, 319, -1,
      308, 319, 311, -1,
      311, 319, 320, -1,
      311, 320, 313, -1,
      313, 320, 321, -1,
      313, 321, 315, -1,
      315, 321, 322, -1,
      315, 322, 317, -1,
      317, 322, 26, -1,
      317, 26, 21, -1,
      219, 307, 309, -1,
      309, 307, 323, -1,
      309, 323, 319, -1,
      319, 323, 324, -1,
      319, 324, 320, -1,
      320, 324, 325, -1,
      320, 325, 321, -1,
      321, 325, 326, -1,
      321, 326, 322, -1,
      322, 326, 27, -1,
      322, 27, 26, -1,
      214, 306, 307, -1,
      307, 306, 327, -1,
      307, 327, 323, -1,
      323, 327, 328, -1,
      323, 328, 324, -1,
      324, 328, 329, -1,
      324, 329, 325, -1,
      325, 329, 330, -1,
      325, 330, 326, -1,
      326, 330, 28, -1,
      326, 28, 27, -1,
      331, 15, 332, -1,
      332, 15, 333, -1,
      332, 333, 334, -1,
      334, 333, 335, -1,
      334, 335, 336, -1,
      336, 335, 337, -1,
      336, 337, 338, -1,
      338, 337, 339, -1,
      338, 339, 340, -1,
      340, 339, 341, -1,
      340, 341, 342, -1,
      342, 341, 224, -1,
      20, 331, 318, -1,
      318, 331, 332, -1,
      318, 332, 316, -1,
      316, 332, 334, -1,
      316, 334, 314, -1,
      314, 334, 336, -1,
      314, 336, 312, -1,
      312, 336, 338, -1,
      312, 338, 310, -1,
      310, 338, 340, -1,
      310, 340, 222, -1,
      222, 340, 342, -1,
      29, 28, 343, -1,
      343, 28, 330, -1,
      343, 330, 344, -1,
      344, 330, 329, -1,
      344, 329, 345, -1,
      345, 329, 328, -1,
      345, 328, 346, -1,
      346, 328, 327, -1,
      346, 327, 347, -1,
      347, 327, 306, -1,
      347, 306, 208, -1,
      208, 306, 212, -1,
      225, 224, 341, -1,
      227, 225, 348, -1,
      230, 232, 349, -1,
      349, 232, 233, -1,
      233, 228, 350, -1,
      350, 228, 227, -1,
      230, 349, 351, -1,
      351, 349, 352, -1,
      351, 352, 353, -1,
      353, 352, 354, -1,
      353, 354, 355, -1,
      355, 354, 356, -1,
      355, 356, 357, -1,
      357, 356, 358, -1,
      357, 358, 359, -1,
      359, 358, 12, -1,
      359, 12, 19, -1,
      233, 350, 349, -1,
      349, 350, 360, -1,
      349, 360, 352, -1,
      352, 360, 361, -1,
      352, 361, 354, -1,
      354, 361, 362, -1,
      354, 362, 356, -1,
      356, 362, 363, -1,
      356, 363, 358, -1,
      358, 363, 13, -1,
      358, 13, 12, -1,
      227, 348, 350, -1,
      350, 348, 364, -1,
      350, 364, 360, -1,
      360, 364, 365, -1,
      360, 365, 361, -1,
      361, 365, 366, -1,
      361, 366, 362, -1,
      362, 366, 367, -1,
      362, 367, 363, -1,
      363, 367, 14, -1,
      363, 14, 13, -1,
      225, 341, 348, -1,
      348, 341, 339, -1,
      348, 339, 364, -1,
      364, 339, 337, -1,
      364, 337, 365, -1,
      365, 337, 335, -1,
      365, 335, 366, -1,
      366, 335, 333, -1,
      366, 333, 367, -1,
      367, 333, 15, -1,
      367, 15, 14, -1,
      203, 202, 368, -1,
      205, 203, 369, -1,
      208, 210, 370, -1,
      370, 210, 211, -1,
      211, 206, 371, -1,
      371, 206, 205, -1,
      208, 370, 347, -1,
      347, 370, 372, -1,
      347, 372, 346, -1,
      346, 372, 373, -1,
      346, 373, 345, -1,
      345, 373, 374, -1,
      345, 374, 344, -1,
      344, 374, 375, -1,
      344, 375, 343, -1,
      343, 375, 22, -1,
      343, 22, 29, -1,
      211, 371, 370, -1,
      370, 371, 376, -1,
      370, 376, 372, -1,
      372, 376, 377, -1,
      372, 377, 373, -1,
      373, 377, 378, -1,
      373, 378, 374, -1,
      374, 378, 379, -1,
      374, 379, 375, -1,
      375, 379, 23, -1,
      375, 23, 22, -1,
      205, 369, 371, -1,
      371, 369, 380, -1,
      371, 380, 376, -1,
      376, 380, 381, -1,
      376, 381, 377, -1,
      377, 381, 382, -1,
      377, 382, 378, -1,
      378, 382, 383, -1,
      378, 383, 379, -1,
      379, 383, 24, -1,
      379, 24, 23, -1,
      203, 368, 369, -1,
      369, 368, 384, -1,
      369, 384, 380, -1,
      380, 384, 385, -1,
      380, 385, 381, -1,
      381, 385, 386, -1,
      381, 386, 382, -1,
      382, 386, 387, -1,
      382, 387, 383, -1,
      383, 387, 25, -1,
      383, 25, 24, -1,
      19, 18, 359, -1,
      359, 18, 388, -1,
      359, 388, 357, -1,
      357, 388, 389, -1,
      357, 389, 355, -1,
      355, 389, 390, -1,
      355, 390, 353, -1,
      353, 390, 391, -1,
      353, 391, 351, -1,
      351, 391, 392, -1,
      351, 392, 230, -1,
      230, 392, 234, -1,
      393, 25, 394, -1,
      394, 25, 387, -1,
      394, 387, 395, -1,
      395, 387, 386, -1,
      395, 386, 396, -1,
      396, 386, 385, -1,
      396, 385, 397, -1,
      397, 385, 384, -1,
      397, 384, 398, -1,
      398, 384, 368, -1,
      398, 368, 399, -1,
      399, 368, 202, -1,
      72, 393, 400, -1,
      400, 393, 394, -1,
      400, 394, 401, -1,
      401, 394, 395, -1,
      401, 395, 402, -1,
      402, 395, 396, -1,
      402, 396, 403, -1,
      403, 396, 397, -1,
      403, 397, 404, -1,
      404, 397, 398, -1,
      404, 398, 200, -1,
      200, 398, 399, -1,
      236, 234, 392, -1,
      241, 236, 405, -1,
      244, 245, 406, -1,
      406, 245, 238, -1,
      238, 240, 407, -1,
      407, 240, 241, -1,
      244, 406, 408, -1,
      408, 406, 409, -1,
      408, 409, 410, -1,
      410, 409, 411, -1,
      410, 411, 412, -1,
      412, 411, 413, -1,
      412, 413, 414, -1,
      414, 413, 415, -1,
      414, 415, 416, -1,
      416, 415, 11, -1,
      416, 11, 10, -1,
      238, 407, 406, -1,
      406, 407, 417, -1,
      406, 417, 409, -1,
      409, 417, 418, -1,
      409, 418, 411, -1,
      411, 418, 419, -1,
      411, 419, 413, -1,
      413, 419, 420, -1,
      413, 420, 415, -1,
      415, 420, 16, -1,
      415, 16, 11, -1,
      241, 405, 407, -1,
      407, 405, 421, -1,
      407, 421, 417, -1,
      417, 421, 422, -1,
      417, 422, 418, -1,
      418, 422, 423, -1,
      418, 423, 419, -1,
      419, 423, 424, -1,
      419, 424, 420, -1,
      420, 424, 17, -1,
      420, 17, 16, -1,
      236, 392, 405, -1,
      405, 392, 391, -1,
      405, 391, 421, -1,
      421, 391, 390, -1,
      421, 390, 422, -1,
      422, 390, 389, -1,
      422, 389, 423, -1,
      423, 389, 388, -1,
      423, 388, 424, -1,
      424, 388, 18, -1,
      424, 18, 17, -1,
      191, 190, 425, -1,
      197, 191, 426, -1,
      200, 201, 427, -1,
      427, 201, 194, -1,
      194, 196, 428, -1,
      428, 196, 197, -1,
      200, 427, 404, -1,
      404, 427, 429, -1,
      404, 429, 403, -1,
      403, 429, 430, -1,
      403, 430, 402, -1,
      402, 430, 431, -1,
      402, 431, 401, -1,
      401, 431, 432, -1,
      401, 432, 400, -1,
      400, 432, 97, -1,
      400, 97, 72, -1,
      194, 428, 427, -1,
      427, 428, 433, -1,
      427, 433, 429, -1,
      429, 433, 434, -1,
      429, 434, 430, -1,
      430, 434, 435, -1,
      430, 435, 431, -1,
      431, 435, 436, -1,
      431, 436, 432, -1,
      432, 436, 98, -1,
      432, 98, 97, -1,
      197, 426, 428, -1,
      428, 426, 437, -1,
      428, 437, 433, -1,
      433, 437, 438, -1,
      433, 438, 434, -1,
      434, 438, 439, -1,
      434, 439, 435, -1,
      435, 439, 440, -1,
      435, 440, 436, -1,
      436, 440, 99, -1,
      436, 99, 98, -1,
      191, 425, 426, -1,
      426, 425, 441, -1,
      426, 441, 437, -1,
      437, 441, 442, -1,
      437, 442, 438, -1,
      438, 442, 443, -1,
      438, 443, 439, -1,
      439, 443, 444, -1,
      439, 444, 440, -1,
      440, 444, 100, -1,
      440, 100, 99, -1,
      445, 5, 446, -1,
      446, 5, 447, -1,
      446, 447, 448, -1,
      448, 447, 449, -1,
      448, 449, 450, -1,
      450, 449, 451, -1,
      450, 451, 452, -1,
      452, 451, 453, -1,
      452, 453, 454, -1,
      454, 453, 455, -1,
      454, 455, 456, -1,
      456, 455, 246, -1,
      10, 445, 416, -1,
      416, 445, 446, -1,
      416, 446, 414, -1,
      414, 446, 448, -1,
      414, 448, 412, -1,
      412, 448, 450, -1,
      412, 450, 410, -1,
      410, 450, 452, -1,
      410, 452, 408, -1,
      408, 452, 454, -1,
      408, 454, 244, -1,
      244, 454, 456, -1,
      101, 100, 457, -1,
      457, 100, 444, -1,
      457, 444, 458, -1,
      458, 444, 443, -1,
      458, 443, 459, -1,
      459, 443, 442, -1,
      459, 442, 460, -1,
      460, 442, 441, -1,
      460, 441, 461, -1,
      461, 441, 425, -1,
      461, 425, 274, -1,
      274, 425, 190, -1,
      247, 246, 455, -1,
      249, 247, 462, -1,
      252, 254, 463, -1,
      463, 254, 255, -1,
      255, 250, 464, -1,
      464, 250, 249, -1,
      252, 463, 465, -1,
      465, 463, 466, -1,
      465, 466, 467, -1,
      467, 466, 468, -1,
      467, 468, 469, -1,
      469, 468, 470, -1,
      469, 470, 471, -1,
      471, 470, 472, -1,
      471, 472, 473, -1,
      473, 472, 2, -1,
      473, 2, 9, -1,
      255, 464, 463, -1,
      463, 464, 474, -1,
      463, 474, 466, -1,
      466, 474, 475, -1,
      466, 475, 468, -1,
      468, 475, 476, -1,
      468, 476, 470, -1,
      470, 476, 477, -1,
      470, 477, 472, -1,
      472, 477, 3, -1,
      472, 3, 2, -1,
      249, 462, 464, -1,
      464, 462, 478, -1,
      464, 478, 474, -1,
      474, 478, 479, -1,
      474, 479, 475, -1,
      475, 479, 480, -1,
      475, 480, 476, -1,
      476, 480, 481, -1,
      476, 481, 477, -1,
      477, 481, 4, -1,
      477, 4, 3, -1,
      247, 455, 462, -1,
      462, 455, 453, -1,
      462, 453, 478, -1,
      478, 453, 451, -1,
      478, 451, 479, -1,
      479, 451, 449, -1,
      479, 449, 480, -1,
      480, 449, 447, -1,
      480, 447, 481, -1,
      481, 447, 5, -1,
      481, 5, 4, -1,
      269, 268, 482, -1,
      271, 269, 483, -1,
      274, 276, 484, -1,
      484, 276, 277, -1,
      277, 272, 485, -1,
      485, 272, 271, -1,
      274, 484, 461, -1,
      461, 484, 486, -1,
      461, 486, 460, -1,
      460, 486, 487, -1,
      460, 487, 459, -1,
      459, 487, 488, -1,
      459, 488, 458, -1,
      458, 488, 489, -1,
      458, 489, 457, -1,
      457, 489, 102, -1,
      457, 102, 101, -1,
      277, 485, 484, -1,
      484, 485, 490, -1,
      484, 490, 486, -1,
      486, 490, 491, -1,
      486, 491, 487, -1,
      487, 491, 492, -1,
      487, 492, 488, -1,
      488, 492, 493, -1,
      488, 493, 489, -1,
      489, 493, 103, -1,
      489, 103, 102, -1,
      271, 483, 485, -1,
      485, 483, 494, -1,
      485, 494, 490, -1,
      490, 494, 495, -1,
      490, 495, 491, -1,
      491, 495, 496, -1,
      491, 496, 492, -1,
      492, 496, 497, -1,
      492, 497, 493, -1,
      493, 497, 104, -1,
      493, 104, 103, -1,
      269, 482, 483, -1,
      483, 482, 498, -1,
      483, 498, 494, -1,
      494, 498, 499, -1,
      494, 499, 495, -1,
      495, 499, 500, -1,
      495, 500, 496, -1,
      496, 500, 501, -1,
      496, 501, 497, -1,
      497, 501, 79, -1,
      497, 79, 104, -1,
      9, 8, 473, -1,
      473, 8, 502, -1,
      473, 502, 471, -1,
      471, 502, 503, -1,
      471, 503, 469, -1,
      469, 503, 504, -1,
      469, 504, 467, -1,
      467, 504, 505, -1,
      467, 505, 465, -1,
      465, 505, 506, -1,
      465, 506, 252, -1,
      252, 506, 256, -1,
      507, 79, 508, -1,
      508, 79, 501, -1,
      508, 501, 509, -1,
      509, 501, 500, -1,
      509, 500, 510, -1,
      510, 500, 499, -1,
      510, 499, 511, -1,
      511, 499, 498, -1,
      511, 498, 512, -1,
      512, 498, 482, -1,
      512, 482, 513, -1,
      513, 482, 268, -1,
      0, 507, 514, -1,
      514, 507, 508, -1,
      514, 508, 515, -1,
      515, 508, 509, -1,
      515, 509, 516, -1,
      516, 509, 510, -1,
      516, 510, 517, -1,
      517, 510, 511, -1,
      517, 511, 518, -1,
      518, 511, 512, -1,
      518, 512, 266, -1,
      266, 512, 513, -1,
      258, 256, 506, -1,
      263, 258, 519, -1,
      266, 267, 520, -1,
      520, 267, 260, -1,
      260, 262, 521, -1,
      521, 262, 263, -1,
      266, 520, 518, -1,
      518, 520, 522, -1,
      518, 522, 517, -1,
      517, 522, 523, -1,
      517, 523, 516, -1,
      516, 523, 524, -1,
      516, 524, 515, -1,
      515, 524, 525, -1,
      515, 525, 514, -1,
      514, 525, 1, -1,
      514, 1, 0, -1,
      260, 521, 520, -1,
      520, 521, 526, -1,
      520, 526, 522, -1,
      522, 526, 527, -1,
      522, 527, 523, -1,
      523, 527, 528, -1,
      523, 528, 524, -1,
      524, 528, 529, -1,
      524, 529, 525, -1,
      525, 529, 6, -1,
      525, 6, 1, -1,
      263, 519, 521, -1,
      521, 519, 530, -1,
      521, 530, 526, -1,
      526, 530, 531, -1,
      526, 531, 527, -1,
      527, 531, 532, -1,
      527, 532, 528, -1,
      528, 532, 533, -1,
      528, 533, 529, -1,
      529, 533, 7, -1,
      529, 7, 6, -1,
      258, 506, 519, -1,
      519, 506, 505, -1,
      519, 505, 530, -1,
      530, 505, 504, -1,
      530, 504, 531, -1,
      531, 504, 503, -1,
      531, 503, 532, -1,
      532, 503, 502, -1,
      532, 502, 533, -1,
      533, 502, 8, -1,
      533, 8, 7, -1,
    ]
  }
}

Shape {
  appearance Appearance {
    material Material {
      diffuseColor 0.8510 0.8510 0.8510
      specularColor 0.4235 0.4235 0.4235
      ambientIntensity 0.2
      transparency 0.0000
      shininess 0.5
    }
  }
  geometry IndexedFaceSet {
    ccw TRUE
    solid FALSE
    coord DEF co Coordinate {
      point [
        0.549213 -0.383858 0.275591,
        0.549213 -0.062252 0.275591,
        0.521654 -0.411417 0.275591,
        -0.373350 0.411417 0.275591,
        0.000508 0.411417 0.275591,
        0.000508 -0.411417 0.275591,
        -0.373350 -0.411417 0.275591,
        0.549213 0.017119 0.275591,
        0.549213 0.057829 0.275591,
        0.041443 0.411417 0.275591,
        0.075322 0.411417 0.275591,
        0.521654 0.411417 0.275591,
        0.549213 0.383858 0.275591,
        0.528786 0.410478 0.275591,
        0.548274 0.390991 0.275591,
        0.545520 0.397638 0.275591,
        0.541141 0.403345 0.275591,
        0.535433 0.407725 0.275591,
        0.153089 -0.411417 0.275591,
        0.541141 -0.403345 0.275591,
        0.545520 -0.397638 0.275591,
        0.548274 -0.390991 0.275591,
        0.535433 -0.407725 0.275591,
        0.528786 -0.410478 0.275591,
        -0.541141 -0.403345 0.275591,
        -0.535433 -0.407725 0.275591,
        -0.545520 -0.397638 0.275591,
        -0.528786 -0.410478 0.275591,
        -0.521654 -0.411417 0.275591,
        -0.548274 0.390991 0.275591,
        -0.549213 0.383858 0.275591,
        -0.521654 0.411417 0.275591,
        -0.535433 0.407725 0.275591,
        -0.541141 0.403345 0.275591,
        -0.545520 0.397638 0.275591,
        -0.528786 0.410478 0.275591,
        0.153089 0.411417 0.275591,
        0.140440 0.411417 0.275591,
        0.125074 0.411417 0.275591,
        0.102953 0.411417 0.275591,
        0.093620 0.411417 0.275591,
        0.039043 0.411417 0.275591,
        0.549213 -0.046393 0.275591,
        0.549213 0.005380 0.275591,
        -0.549213 0.057829 0.275591,
        -0.549213 0.017119 0.275591,
        -0.549213 0.005380 0.275591,
        -0.549213 -0.046393 0.275591,
        -0.549213 -0.062252 0.275591,
        -0.549213 -0.383858 0.275591,
        -0.548274 -0.390991 0.275591,
        0.140440 -0.411417 0.275591,
        0.125074 -0.411417 0.275591,
        0.102953 -0.411417 0.275591,
        0.093620 -0.411417 0.275591,
        0.075322 -0.411417 0.275591,
        0.041443 -0.411417 0.275591,
        0.039043 -0.411417 0.275591,
        0.555060 0.417265 0.236220,
        0.545276 0.424773 0.236220,
        0.533881 0.429493 0.236220,
        0.521654 0.431102 0.236220,
        -0.521654 0.431102 0.236220,
        -0.533881 0.429493 0.236220,
        -0.545276 0.424773 0.236220,
        -0.555060 0.417265 0.236220,
        -0.562568 0.407480 0.236220,
        -0.567288 0.396086 0.236220,
        -0.568898 0.383858 0.236220,
        -0.568898 -0.383858 0.236220,
        -0.567288 -0.396086 0.236220,
        -0.562568 -0.407480 0.236220,
        -0.555060 -0.417265 0.236220,
        -0.545276 -0.424773 0.236220,
        -0.533881 -0.429493 0.236220,
        -0.521654 -0.431102 0.236220,
        0.521654 -0.431102 0.236220,
        0.533881 -0.429493 0.236220,
        0.545276 -0.424773 0.236220,
        0.555060 -0.417265 0.236220,
        0.562568 -0.407480 0.236220,
        0.567288 -0.396086 0.236220,
        0.568898 -0.383858 0.236220,
        0.568898 0.383858 0.236220,
        0.567288 0.396086 0.236220,
        0.562568 0.407480 0.236220,
        0.521654 -0.431102 0.255906,
        0.533881 -0.429493 0.255906,
        0.545276 -0.424773 0.255906,
        0.555060 -0.417265 0.255906,
        0.562568 -0.407480 0.255906,
        0.567288 -0.396086 0.255906,
        0.568898 -0.383858 0.255906,
        0.568898 0.383858 0.255906,
        0.567288 0.396086 0.255906,
        0.562568 0.407480 0.255906,
        0.555060 0.417265 0.255906,
        0.545276 0.424773 0.255906,
        0.533881 0.429493 0.255906,
        0.521654 0.431102 0.255906,
        -0.521654 0.431102 0.255906,
        -0.533881 0.429493 0.255906,
        -0.545276 0.424773 0.255906,
        -0.555060 0.417265 0.255906,
        -0.562568 0.407480 0.255906,
        -0.567288 0.396086 0.255906,
        -0.568898 0.383858 0.255906,
        -0.568898 -0.383858 0.255906,
        -0.567288 -0.396086 0.255906,
        -0.562568 -0.407480 0.255906,
        -0.555060 -0.417265 0.255906,
        -0.545276 -0.424773 0.255906,
        -0.533881 -0.429493 0.255906,
        -0.521654 -0.431102 0.255906,
        0.554307 0.383858 0.274920,
        0.554285 -0.383858 0.274855,
        0.553593 -0.383858 0.275097,
        0.557754 -0.383858 0.273641,
        0.559055 0.383858 0.272953,
        0.558996 -0.383858 0.272860,
        0.561486 -0.383858 0.271296,
        0.563132 0.383858 0.269825,
        0.563044 -0.383858 0.269737,
        0.566260 0.383858 0.265748,
        0.564603 -0.383858 0.268179,
        0.566167 -0.383858 0.265689,
        0.568227 0.383858 0.261000,
        0.566948 -0.383858 0.264446,
        0.568162 -0.383858 0.260978,
        0.568404 -0.383858 0.260286,
        0.521654 0.416512 0.274920,
        0.530105 0.415400 0.274920,
        0.521654 0.421260 0.272953,
        0.531334 0.419985 0.272953,
        0.521654 0.425337 0.269825,
        0.532389 0.423923 0.269825,
        0.521654 0.428465 0.265748,
        0.533198 0.426945 0.265748,
        0.521654 0.430431 0.261000,
        0.533707 0.428844 0.261000,
        0.537980 0.412137 0.274920,
        0.540354 0.416249 0.272953,
        0.542393 0.419780 0.269825,
        0.543957 0.422489 0.265748,
        0.544940 0.424192 0.261000,
        0.544743 0.406948 0.274920,
        0.548100 0.410305 0.272953,
        0.550983 0.413188 0.269825,
        0.553195 0.415400 0.265748,
        0.554586 0.416791 0.261000,
        0.549933 0.400185 0.274920,
        0.554044 0.402559 0.272953,
        0.557575 0.404598 0.269825,
        0.560284 0.406162 0.265748,
        0.561987 0.407145 0.261000,
        0.553195 0.392310 0.274920,
        0.557781 0.393539 0.272953,
        0.561719 0.394594 0.269825,
        0.564741 0.395404 0.265748,
        0.566640 0.395912 0.261000,
        0.529920 -0.414709 0.275097,
        0.552505 -0.392125 0.275097,
        0.556524 -0.393202 0.273641,
        0.521654 -0.415798 0.275097,
        0.521654 -0.416489 0.274855,
        0.530997 -0.418728 0.273641,
        0.560129 -0.394168 0.271296,
        0.521654 -0.419958 0.273641,
        0.521654 -0.421201 0.272860,
        0.531963 -0.422333 0.271296,
        0.563139 -0.394974 0.268179,
        0.521654 -0.423691 0.271296,
        0.521654 -0.425249 0.269737,
        0.532770 -0.425344 0.268179,
        0.565405 -0.395581 0.264446,
        0.549314 -0.399828 0.275097,
        0.552917 -0.401908 0.273641,
        0.556150 -0.403774 0.271296,
        0.558849 -0.405333 0.268179,
        0.560880 -0.406506 0.264446,
        0.544238 -0.406443 0.275097,
        0.547180 -0.409385 0.273641,
        0.549819 -0.412024 0.271296,
        0.552023 -0.414228 0.268179,
        0.553682 -0.415887 0.264446,
        0.537623 -0.411519 0.275097,
        0.539704 -0.415122 0.273641,
        0.541570 -0.418354 0.271296,
        0.543128 -0.421054 0.268179,
        0.544301 -0.423085 0.264446,
        0.533377 -0.427609 0.264446,
        0.566811 -0.395958 0.260286,
        0.521654 -0.426808 0.268179,
        0.521654 -0.428372 0.265689,
        0.521654 -0.429153 0.264446,
        0.521654 -0.430367 0.260978,
        0.562141 -0.407233 0.260286,
        0.554711 -0.416916 0.260286,
        0.545029 -0.424345 0.260286,
        0.533754 -0.429016 0.260286,
        0.521654 -0.430609 0.260286,
        -0.521654 0.415798 0.275097,
        -0.521654 0.416489 0.274855,
        -0.521654 0.419958 0.273641,
        -0.521654 0.421201 0.272860,
        -0.521654 0.423691 0.271296,
        -0.521654 0.425249 0.269737,
        -0.521654 0.426808 0.268179,
        -0.521654 0.428372 0.265689,
        -0.521654 0.429153 0.264446,
        -0.521654 0.430367 0.260978,
        -0.521654 0.430609 0.260286,
        -0.521654 -0.416512 0.274920,
        -0.521654 -0.421260 0.272953,
        -0.521654 -0.425337 0.269825,
        -0.521654 -0.428465 0.265748,
        -0.521654 -0.430431 0.261000,
        -0.529920 0.414709 0.275097,
        -0.553593 0.383858 0.275097,
        -0.552505 0.392125 0.275097,
        -0.554285 0.383858 0.274855,
        -0.556524 0.393202 0.273641,
        -0.530997 0.418728 0.273641,
        -0.560129 0.394168 0.271296,
        -0.558996 0.383858 0.272860,
        -0.557754 0.383858 0.273641,
        -0.531963 0.422333 0.271296,
        -0.563139 0.394974 0.268179,
        -0.563044 0.383858 0.269737,
        -0.561486 0.383858 0.271296,
        -0.532770 0.425344 0.268179,
        -0.568162 0.383858 0.260978,
        -0.566948 0.383858 0.264446,
        -0.565405 0.395581 0.264446,
        -0.566167 0.383858 0.265689,
        -0.564603 0.383858 0.268179,
        -0.549314 0.399828 0.275097,
        -0.552917 0.401908 0.273641,
        -0.556150 0.403774 0.271296,
        -0.558849 0.405333 0.268179,
        -0.560880 0.406506 0.264446,
        -0.544238 0.406443 0.275097,
        -0.547180 0.409385 0.273641,
        -0.549819 0.412024 0.271296,
        -0.552023 0.414228 0.268179,
        -0.553682 0.415887 0.264446,
        -0.537623 0.411519 0.275097,
        -0.539704 0.415122 0.273641,
        -0.541570 0.418354 0.271296,
        -0.543128 0.421054 0.268179,
        -0.544301 0.423085 0.264446,
        -0.533377 0.427609 0.264446,
        -0.568404 0.383858 0.260286,
        -0.566811 0.395958 0.260286,
        -0.562141 0.407233 0.260286,
        -0.554711 0.416916 0.260286,
        -0.545029 0.424345 0.260286,
        -0.533754 0.429016 0.260286,
        -0.530105 -0.415400 0.274920,
        -0.531334 -0.419985 0.272953,
        -0.532389 -0.423923 0.269825,
        -0.533198 -0.426945 0.265748,
        -0.533707 -0.428844 0.261000,
        -0.537980 -0.412137 0.274920,
        -0.540354 -0.416249 0.272953,
        -0.542393 -0.419780 0.269825,
        -0.543957 -0.422489 0.265748,
        -0.544940 -0.424192 0.261000,
        -0.544743 -0.406948 0.274920,
        -0.548100 -0.410305 0.272953,
        -0.550983 -0.413188 0.269825,
        -0.553195 -0.415400 0.265748,
        -0.554586 -0.416791 0.261000,
        -0.549933 -0.400185 0.274920,
        -0.554044 -0.402559 0.272953,
        -0.557575 -0.404598 0.269825,
        -0.560284 -0.406162 0.265748,
        -0.561987 -0.407145 0.261000,
        -0.553195 -0.392310 0.274920,
        -0.557781 -0.393539 0.272953,
        -0.561719 -0.394594 0.269825,
        -0.564741 -0.395404 0.265748,
        -0.566640 -0.395912 0.261000,
        -0.554307 -0.383858 0.274920,
        -0.559055 -0.383858 0.272953,
        -0.563132 -0.383858 0.269825,
        -0.566260 -0.383858 0.265748,
        -0.568227 -0.383858 0.261000,
      ]
    }
    coordIndex [
      86, 76, 77, -1,
      86, 77, 87, -1,
      87, 77, 78, -1,
      87, 78, 88, -1,
      88, 78, 79, -1,
      88, 79, 89, -1,
      89, 79, 80, -1,
      89, 80, 90, -1,
      90, 80, 81, -1,
      90, 81, 91, -1,
      91, 81, 82, -1,
      91, 82, 92, -1,
      92, 82, 93, -1,
      93, 82, 83, -1,
      93, 83, 84, -1,
      93, 84, 94, -1,
      94, 84, 85, -1,
      94, 85, 95, -1,
      95, 85, 58, -1,
      95, 58, 96, -1,
      96, 58, 59, -1,
      96, 59, 97, -1,
      97, 59, 60, -1,
      97, 60, 98, -1,
      98, 60, 61, -1,
      98, 61, 99, -1,
      99, 61, 100, -1,
      100, 61, 62, -1,
      100, 62, 63, -1,
      100, 63, 101, -1,
      101, 63, 64, -1,
      101, 64, 102, -1,
      102, 64, 65, -1,
      102, 65, 103, -1,
      103, 65, 66, -1,
      103, 66, 104, -1,
      104, 66, 67, -1,
      104, 67, 105, -1,
      105, 67, 68, -1,
      105, 68, 106, -1,
      106, 68, 107, -1,
      107, 68, 69, -1,
      107, 69, 70, -1,
      107, 70, 108, -1,
      108, 70, 71, -1,
      108, 71, 109, -1,
      109, 71, 72, -1,
      109, 72, 110, -1,
      110, 72, 73, -1,
      110, 73, 111, -1,
      111, 73, 74, -1,
      111, 74, 112, -1,
      112, 74, 75, -1,
      112, 75, 113, -1,
      113, 75, 86, -1,
      86, 75, 76, -1,
      12, 8, 114, -1,
      114, 8, 7, -1,
      114, 7, 43, -1,
      43, 42, 115, -1,
      115, 42, 1, -1,
      115, 1, 116, -1,
      116, 1, 0, -1,
      43, 115, 114, -1,
      114, 115, 117, -1,
      114, 117, 118, -1,
      117, 119, 118, -1,
      118, 119, 120, -1,
      118, 120, 121, -1,
      121, 120, 122, -1,
      121, 122, 123, -1,
      122, 124, 123, -1,
      123, 124, 125, -1,
      123, 125, 126, -1,
      125, 127, 126, -1,
      126, 127, 128, -1,
      126, 128, 93, -1,
      93, 128, 129, -1,
      93, 129, 92, -1,
      11, 13, 130, -1,
      130, 13, 131, -1,
      130, 131, 132, -1,
      132, 131, 133, -1,
      132, 133, 134, -1,
      134, 133, 135, -1,
      134, 135, 136, -1,
      136, 135, 137, -1,
      136, 137, 138, -1,
      138, 137, 139, -1,
      138, 139, 99, -1,
      99, 139, 98, -1,
      13, 17, 131, -1,
      131, 17, 140, -1,
      131, 140, 133, -1,
      133, 140, 141, -1,
      133, 141, 135, -1,
      135, 141, 142, -1,
      135, 142, 137, -1,
      137, 142, 143, -1,
      137, 143, 139, -1,
      139, 143, 144, -1,
      139, 144, 98, -1,
      98, 144, 97, -1,
      17, 16, 140, -1,
      140, 16, 145, -1,
      140, 145, 141, -1,
      141, 145, 146, -1,
      141, 146, 142, -1,
      142, 146, 147, -1,
      142, 147, 143, -1,
      143, 147, 148, -1,
      143, 148, 144, -1,
      144, 148, 149, -1,
      144, 149, 97, -1,
      97, 149, 96, -1,
      16, 15, 145, -1,
      145, 15, 150, -1,
      145, 150, 146, -1,
      146, 150, 151, -1,
      146, 151, 147, -1,
      147, 151, 152, -1,
      147, 152, 148, -1,
      148, 152, 153, -1,
      148, 153, 149, -1,
      149, 153, 154, -1,
      149, 154, 96, -1,
      96, 154, 95, -1,
      15, 14, 150, -1,
      150, 14, 155, -1,
      150, 155, 151, -1,
      151, 155, 156, -1,
      151, 156, 152, -1,
      152, 156, 157, -1,
      152, 157, 153, -1,
      153, 157, 158, -1,
      153, 158, 154, -1,
      154, 158, 159, -1,
      154, 159, 95, -1,
      95, 159, 94, -1,
      14, 12, 155, -1,
      155, 12, 114, -1,
      155, 114, 156, -1,
      156, 114, 118, -1,
      156, 118, 157, -1,
      157, 118, 121, -1,
      157, 121, 158, -1,
      158, 121, 123, -1,
      158, 123, 159, -1,
      159, 123, 126, -1,
      159, 126, 94, -1,
      94, 126, 93, -1,
      160, 23, 2, -1,
      0, 21, 116, -1,
      116, 21, 161, -1,
      116, 161, 115, -1,
      115, 161, 162, -1,
      2, 163, 160, -1,
      160, 163, 164, -1,
      160, 164, 165, -1,
      166, 119, 162, -1,
      162, 119, 117, -1,
      162, 117, 115, -1,
      164, 167, 165, -1,
      165, 167, 168, -1,
      165, 168, 169, -1,
      170, 122, 166, -1,
      166, 122, 120, -1,
      166, 120, 119, -1,
      168, 171, 169, -1,
      169, 171, 172, -1,
      169, 172, 173, -1,
      128, 127, 174, -1,
      174, 127, 125, -1,
      174, 125, 170, -1,
      170, 125, 124, -1,
      170, 124, 122, -1,
      21, 20, 161, -1,
      161, 20, 175, -1,
      161, 175, 162, -1,
      162, 175, 176, -1,
      162, 176, 166, -1,
      166, 176, 177, -1,
      166, 177, 170, -1,
      170, 177, 178, -1,
      170, 178, 174, -1,
      174, 178, 179, -1,
      20, 19, 175, -1,
      175, 19, 180, -1,
      175, 180, 176, -1,
      176, 180, 181, -1,
      176, 181, 177, -1,
      177, 181, 182, -1,
      177, 182, 178, -1,
      178, 182, 183, -1,
      178, 183, 179, -1,
      179, 183, 184, -1,
      19, 22, 180, -1,
      180, 22, 185, -1,
      180, 185, 181, -1,
      181, 185, 186, -1,
      181, 186, 182, -1,
      182, 186, 187, -1,
      182, 187, 183, -1,
      183, 187, 188, -1,
      183, 188, 184, -1,
      184, 188, 189, -1,
      22, 23, 185, -1,
      185, 23, 160, -1,
      185, 160, 186, -1,
      186, 160, 165, -1,
      186, 165, 187, -1,
      187, 165, 169, -1,
      187, 169, 188, -1,
      188, 169, 173, -1,
      188, 173, 189, -1,
      189, 173, 190, -1,
      92, 129, 191, -1,
      191, 129, 128, -1,
      172, 192, 173, -1,
      173, 192, 193, -1,
      173, 193, 190, -1,
      190, 193, 194, -1,
      190, 194, 195, -1,
      128, 174, 191, -1,
      191, 174, 179, -1,
      191, 179, 196, -1,
      196, 179, 184, -1,
      196, 184, 197, -1,
      197, 184, 189, -1,
      197, 189, 198, -1,
      198, 189, 190, -1,
      198, 190, 199, -1,
      199, 190, 195, -1,
      199, 195, 200, -1,
      92, 191, 91, -1,
      91, 191, 196, -1,
      91, 196, 90, -1,
      90, 196, 197, -1,
      90, 197, 89, -1,
      89, 197, 198, -1,
      89, 198, 88, -1,
      88, 198, 199, -1,
      88, 199, 87, -1,
      87, 199, 200, -1,
      87, 200, 86, -1,
      31, 3, 201, -1,
      201, 3, 202, -1,
      4, 41, 130, -1,
      130, 41, 9, -1,
      130, 9, 10, -1,
      10, 40, 130, -1,
      130, 40, 39, -1,
      130, 39, 38, -1,
      38, 37, 130, -1,
      130, 37, 36, -1,
      130, 36, 11, -1,
      3, 4, 202, -1,
      202, 4, 130, -1,
      202, 130, 203, -1,
      203, 130, 204, -1,
      204, 130, 132, -1,
      204, 132, 205, -1,
      205, 132, 206, -1,
      206, 132, 134, -1,
      206, 134, 207, -1,
      207, 134, 136, -1,
      207, 136, 208, -1,
      208, 136, 209, -1,
      209, 136, 138, -1,
      209, 138, 210, -1,
      210, 138, 211, -1,
      211, 138, 99, -1,
      211, 99, 100, -1,
      51, 164, 18, -1,
      18, 164, 163, -1,
      18, 163, 2, -1,
      52, 53, 212, -1,
      212, 53, 54, -1,
      54, 55, 212, -1,
      212, 55, 56, -1,
      212, 56, 57, -1,
      57, 5, 212, -1,
      212, 5, 6, -1,
      212, 6, 28, -1,
      51, 52, 164, -1,
      164, 52, 212, -1,
      164, 212, 167, -1,
      167, 212, 168, -1,
      168, 212, 213, -1,
      168, 213, 171, -1,
      171, 213, 172, -1,
      172, 213, 214, -1,
      172, 214, 192, -1,
      192, 214, 215, -1,
      192, 215, 193, -1,
      193, 215, 194, -1,
      194, 215, 216, -1,
      194, 216, 195, -1,
      195, 216, 200, -1,
      200, 216, 113, -1,
      200, 113, 86, -1,
      217, 35, 31, -1,
      30, 29, 218, -1,
      218, 29, 219, -1,
      218, 219, 220, -1,
      220, 219, 221, -1,
      31, 201, 217, -1,
      217, 201, 202, -1,
      217, 202, 222, -1,
      223, 224, 221, -1,
      221, 224, 225, -1,
      221, 225, 220, -1,
      202, 203, 222, -1,
      222, 203, 204, -1,
      222, 204, 226, -1,
      227, 228, 223, -1,
      223, 228, 229, -1,
      223, 229, 224, -1,
      204, 205, 226, -1,
      226, 205, 206, -1,
      226, 206, 230, -1,
      231, 232, 233, -1,
      233, 232, 234, -1,
      233, 234, 227, -1,
      227, 234, 235, -1,
      227, 235, 228, -1,
      29, 34, 219, -1,
      219, 34, 236, -1,
      219, 236, 221, -1,
      221, 236, 237, -1,
      221, 237, 223, -1,
      223, 237, 238, -1,
      223, 238, 227, -1,
      227, 238, 239, -1,
      227, 239, 233, -1,
      233, 239, 240, -1,
      34, 33, 236, -1,
      236, 33, 241, -1,
      236, 241, 237, -1,
      237, 241, 242, -1,
      237, 242, 238, -1,
      238, 242, 243, -1,
      238, 243, 239, -1,
      239, 243, 244, -1,
      239, 244, 240, -1,
      240, 244, 245, -1,
      33, 32, 241, -1,
      241, 32, 246, -1,
      241, 246, 242, -1,
      242, 246, 247, -1,
      242, 247, 243, -1,
      243, 247, 248, -1,
      243, 248, 244, -1,
      244, 248, 249, -1,
      244, 249, 245, -1,
      245, 249, 250, -1,
      32, 35, 246, -1,
      246, 35, 217, -1,
      246, 217, 247, -1,
      247, 217, 222, -1,
      247, 222, 248, -1,
      248, 222, 226, -1,
      248, 226, 249, -1,
      249, 226, 230, -1,
      249, 230, 250, -1,
      250, 230, 251, -1,
      106, 252, 253, -1,
      253, 252, 231, -1,
      206, 207, 230, -1,
      230, 207, 208, -1,
      230, 208, 251, -1,
      251, 208, 209, -1,
      251, 209, 210, -1,
      231, 233, 253, -1,
      253, 233, 240, -1,
      253, 240, 254, -1,
      254, 240, 245, -1,
      254, 245, 255, -1,
      255, 245, 250, -1,
      255, 250, 256, -1,
      256, 250, 251, -1,
      256, 251, 257, -1,
      257, 251, 210, -1,
      257, 210, 211, -1,
      106, 253, 105, -1,
      105, 253, 254, -1,
      105, 254, 104, -1,
      104, 254, 255, -1,
      104, 255, 103, -1,
      103, 255, 256, -1,
      103, 256, 102, -1,
      102, 256, 257, -1,
      102, 257, 101, -1,
      101, 257, 211, -1,
      101, 211, 100, -1,
      28, 27, 212, -1,
      212, 27, 258, -1,
      212, 258, 213, -1,
      213, 258, 259, -1,
      213, 259, 214, -1,
      214, 259, 260, -1,
      214, 260, 215, -1,
      215, 260, 261, -1,
      215, 261, 216, -1,
      216, 261, 262, -1,
      216, 262, 113, -1,
      113, 262, 112, -1,
      27, 25, 258, -1,
      258, 25, 263, -1,
      258, 263, 259, -1,
      259, 263, 264, -1,
      259, 264, 260, -1,
      260, 264, 265, -1,
      260, 265, 261, -1,
      261, 265, 266, -1,
      261, 266, 262, -1,
      262, 266, 267, -1,
      262, 267, 112, -1,
      112, 267, 111, -1,
      25, 24, 263, -1,
      263, 24, 268, -1,
      263, 268, 264, -1,
      264, 268, 269, -1,
      264, 269, 265, -1,
      265, 269, 270, -1,
      265, 270, 266, -1,
      266, 270, 271, -1,
      266, 271, 267, -1,
      267, 271, 272, -1,
      267, 272, 111, -1,
      111, 272, 110, -1,
      24, 26, 268, -1,
      268, 26, 273, -1,
      268, 273, 269, -1,
      269, 273, 274, -1,
      269, 274, 270, -1,
      270, 274, 275, -1,
      270, 275, 271, -1,
      271, 275, 276, -1,
      271, 276, 272, -1,
      272, 276, 277, -1,
      272, 277, 110, -1,
      110, 277, 109, -1,
      26, 50, 273, -1,
      273, 50, 278, -1,
      273, 278, 274, -1,
      274, 278, 279, -1,
      274, 279, 275, -1,
      275, 279, 280, -1,
      275, 280, 276, -1,
      276, 280, 281, -1,
      276, 281, 277, -1,
      277, 281, 282, -1,
      277, 282, 109, -1,
      109, 282, 108, -1,
      50, 49, 278, -1,
      278, 49, 283, -1,
      278, 283, 279, -1,
      279, 283, 284, -1,
      279, 284, 280, -1,
      280, 284, 285, -1,
      280, 285, 281, -1,
      281, 285, 286, -1,
      281, 286, 282, -1,
      282, 286, 287, -1,
      282, 287, 108, -1,
      108, 287, 107, -1,
      49, 48, 283, -1,
      283, 48, 47, -1,
      46, 45, 218, -1,
      218, 45, 44, -1,
      218, 44, 30, -1,
      46, 218, 47, -1,
      47, 218, 220, -1,
      47, 220, 283, -1,
      283, 220, 225, -1,
      283, 225, 284, -1,
      225, 224, 284, -1,
      284, 224, 229, -1,
      284, 229, 285, -1,
      285, 229, 228, -1,
      285, 228, 286, -1,
      228, 235, 286, -1,
      286, 235, 234, -1,
      286, 234, 287, -1,
      234, 232, 287, -1,
      287, 232, 231, -1,
      287, 231, 107, -1,
      107, 231, 252, -1,
      107, 252, 106, -1,
    ]
  }
}

Shape {
  appearance Appearance {
    material Material {
      diffuseColor 0.0000 0.0000 0.0000
      specularColor 0.0000 0.0000 0.0000
      ambientIntensity 0.2
      transparency 0.0000
      shininess 0.5
    }
  }
  geometry IndexedFaceSet {
    ccw TRUE
    solid FALSE
    coord DEF co Coordinate {
      point [
        0.054296 0.057448 0.275591,
        0.057391 0.057829 0.275591,
        0.064645 0.017364 0.275591,
        0.062076 0.017119 0.275591,
        0.093620 0.035488 0.275591,
        0.082808 0.035488 0.275591,
        0.093620 0.022020 0.275591,
        0.082808 0.022020 0.275591,
        0.098261 0.057491 0.275591,
        0.093620 0.057491 0.275591,
        0.098261 0.052885 0.275591,
        0.099172 0.022020 0.275591,
        0.099172 0.017456 0.275591,
        0.097125 0.035488 0.275591,
        0.097125 0.040073 0.275591,
        0.093620 0.040073 0.275591,
        0.093620 0.052885 0.275591,
        0.082808 0.052885 0.275591,
        0.082808 0.040073 0.275591,
        0.077640 0.057491 0.275591,
        0.077640 0.017456 0.275591,
        0.065463 0.057740 0.275591,
        0.069627 0.056529 0.275591,
        0.093620 0.017456 0.275591,
        0.069627 0.051125 0.275591,
        0.068944 0.018774 0.275591,
        0.061181 0.021457 0.275591,
        0.065706 0.022304 0.275591,
        0.069627 0.024067 0.275591,
        0.069627 0.019114 0.275591,
        0.047055 0.028311 0.275591,
        0.049006 0.025602 0.275591,
        0.049780 0.024836 0.275591,
        0.052392 0.022983 0.275591,
        0.055241 0.021877 0.275591,
        0.059291 0.021386 0.275591,
        0.065120 0.052911 0.275591,
        0.048778 0.048493 0.275591,
        0.069181 0.051366 0.275591,
        0.046905 0.045649 0.275591,
        0.045628 0.042091 0.275591,
        0.060191 0.053500 0.275591,
        0.058646 0.053438 0.275591,
        0.049282 0.049058 0.275591,
        0.055162 0.052768 0.275591,
        0.052013 0.051312 0.275591,
        0.045076 0.037023 0.275591,
        0.045119 0.035544 0.275591,
        0.045761 0.031538 0.275591,
        0.060140 0.058166 0.275591,
        0.060238 0.058166 0.275591,
        0.064379 0.057829 0.275591,
        0.042530 0.048477 0.275591,
        0.045434 0.052272 0.275591,
        0.046380 0.053177 0.275591,
        0.050121 0.055814 0.275591,
        0.041443 0.027581 0.275591,
        0.040306 0.030740 0.275591,
        0.039652 0.036716 0.275591,
        0.039722 0.038802 0.275591,
        0.040629 0.044029 0.275591,
        0.041443 0.045933 0.275591,
        0.048014 0.019567 0.275591,
        0.044789 0.022246 0.275591,
        0.044158 0.022952 0.275591,
        0.041852 0.026444 0.275591,
        0.058543 0.016781 0.275591,
        0.056133 0.016894 0.275591,
        0.055043 0.017119 0.275591,
        0.051793 0.017787 0.275591,
        0.138243 0.030761 0.275591,
        0.136275 0.026618 0.275591,
        0.125074 0.056521 0.275591,
        0.129097 0.055052 0.275591,
        0.125074 0.018482 0.275591,
        0.129171 0.020099 0.275591,
        0.133291 0.023064 0.275591,
        0.133291 0.052190 0.275591,
        0.134666 0.050849 0.275591,
        0.137154 0.047370 0.275591,
        0.138646 0.043563 0.275591,
        0.139330 0.037985 0.275591,
        0.139211 0.035450 0.275591,
        0.118156 0.057491 0.275591,
        0.124265 0.056817 0.275591,
        0.124622 0.018304 0.275591,
        0.117746 0.017456 0.275591,
        0.106735 0.017456 0.275591,
        0.106735 0.057491 0.275591,
        0.038015 0.022020 0.275591,
        0.038015 0.017456 0.275591,
        0.016902 0.017456 0.275591,
        0.016902 0.057491 0.275591,
        0.022070 0.057491 0.275591,
        0.022070 0.022020 0.275591,
        0.038015 0.022020 0.275984,
        0.038015 0.017456 0.275984,
        0.022070 0.022020 0.275984,
        0.022070 0.057491 0.275984,
        0.016902 0.057491 0.275984,
        0.016902 0.017456 0.275984,
        0.064645 0.017364 0.275984,
        0.058543 0.016781 0.275984,
        0.068944 0.018774 0.275984,
        0.069627 0.019114 0.275984,
        0.069627 0.024067 0.275984,
        0.065706 0.022304 0.275984,
        0.061181 0.021457 0.275984,
        0.059291 0.021386 0.275984,
        0.055241 0.021877 0.275984,
        0.052392 0.022983 0.275984,
        0.049780 0.024836 0.275984,
        0.049006 0.025602 0.275984,
        0.047055 0.028311 0.275984,
        0.045761 0.031538 0.275984,
        0.045119 0.035544 0.275984,
        0.045076 0.037023 0.275984,
        0.045628 0.042091 0.275984,
        0.046905 0.045649 0.275984,
        0.048778 0.048493 0.275984,
        0.049282 0.049058 0.275984,
        0.052013 0.051312 0.275984,
        0.055162 0.052768 0.275984,
        0.058646 0.053438 0.275984,
        0.060191 0.053500 0.275984,
        0.065120 0.052911 0.275984,
        0.069181 0.051366 0.275984,
        0.069627 0.051125 0.275984,
        0.069627 0.056529 0.275984,
        0.060140 0.058166 0.275984,
        0.060238 0.058166 0.275984,
        0.065463 0.057740 0.275984,
        0.054296 0.057448 0.275984,
        0.050121 0.055814 0.275984,
        0.046380 0.053177 0.275984,
        0.045434 0.052272 0.275984,
        0.042530 0.048477 0.275984,
        0.040629 0.044029 0.275984,
        0.039722 0.038802 0.275984,
        0.039652 0.036716 0.275984,
        0.041852 0.026444 0.275984,
        0.040306 0.030740 0.275984,
        0.044158 0.022952 0.275984,
        0.044789 0.022246 0.275984,
        0.048014 0.019567 0.275984,
        0.056133 0.016894 0.275984,
        0.051793 0.017787 0.275984,
        0.099172 0.022020 0.275984,
        0.099172 0.017456 0.275984,
        0.082808 0.022020 0.275984,
        0.082808 0.035488 0.275984,
        0.097125 0.035488 0.275984,
        0.097125 0.040073 0.275984,
        0.082808 0.040073 0.275984,
        0.082808 0.052885 0.275984,
        0.098261 0.052885 0.275984,
        0.098261 0.057491 0.275984,
        0.077640 0.057491 0.275984,
        0.077640 0.017456 0.275984,
        0.131610 0.028668 0.275984,
        0.129617 0.026196 0.275984,
        0.133291 0.023064 0.275984,
        0.128880 0.025526 0.275984,
        0.129171 0.020099 0.275984,
        0.126228 0.023790 0.275984,
        0.124622 0.018304 0.275984,
        0.122804 0.022569 0.275984,
        0.117746 0.017456 0.275984,
        0.117715 0.022020 0.275984,
        0.106735 0.017456 0.275984,
        0.111903 0.022020 0.275984,
        0.106735 0.057491 0.275984,
        0.111903 0.052885 0.275984,
        0.118156 0.057491 0.275984,
        0.117951 0.052885 0.275984,
        0.124265 0.056817 0.275984,
        0.123107 0.052317 0.275984,
        0.129097 0.055052 0.275984,
        0.126579 0.051064 0.275984,
        0.133291 0.052190 0.275984,
        0.129505 0.049120 0.275984,
        0.134666 0.050849 0.275984,
        0.130820 0.047788 0.275984,
        0.137154 0.047370 0.275984,
        0.132323 0.045484 0.275984,
        0.138646 0.043563 0.275984,
        0.133401 0.042453 0.275984,
        0.139330 0.037985 0.275984,
        0.133895 0.037842 0.275984,
        0.139211 0.035450 0.275984,
        0.133763 0.035311 0.275984,
        0.138243 0.030761 0.275984,
        0.132987 0.031642 0.275984,
        0.136275 0.026618 0.275984,
        0.117951 0.052885 0.275591,
        0.111903 0.052885 0.275591,
        0.111903 0.022020 0.275591,
        0.117715 0.022020 0.275591,
        0.129617 0.026196 0.275591,
        0.128880 0.025526 0.275591,
        0.126228 0.023790 0.275591,
        0.122804 0.022569 0.275591,
        0.133895 0.037842 0.275591,
        0.133763 0.035311 0.275591,
        0.132987 0.031642 0.275591,
        0.131610 0.028668 0.275591,
        0.129505 0.049120 0.275591,
        0.130820 0.047788 0.275591,
        0.132323 0.045484 0.275591,
        0.133401 0.042453 0.275591,
        0.123107 0.052317 0.275591,
        0.126579 0.051064 0.275591,
      ]
    }
    coordIndex [
      95, 96, 89, -1,
      89, 96, 90, -1,
      97, 95, 94, -1,
      94, 95, 89, -1,
      98, 97, 93, -1,
      93, 97, 94, -1,
      99, 98, 92, -1,
      92, 98, 93, -1,
      100, 99, 91, -1,
      91, 99, 92, -1,
      96, 100, 90, -1,
      90, 100, 91, -1,
      98, 99, 97, -1,
      97, 99, 100, -1,
      97, 100, 95, -1,
      95, 100, 96, -1,
      101, 102, 3, -1,
      3, 102, 66, -1,
      3, 2, 101, -1,
      101, 2, 25, -1,
      101, 25, 103, -1,
      103, 25, 29, -1,
      103, 29, 104, -1,
      105, 104, 28, -1,
      28, 104, 29, -1,
      105, 28, 27, -1,
      105, 27, 106, -1,
      106, 27, 26, -1,
      106, 26, 107, -1,
      107, 26, 35, -1,
      107, 35, 108, -1,
      108, 35, 34, -1,
      108, 34, 109, -1,
      109, 34, 33, -1,
      109, 33, 110, -1,
      110, 33, 32, -1,
      110, 32, 111, -1,
      111, 32, 31, -1,
      111, 31, 112, -1,
      112, 31, 30, -1,
      112, 30, 113, -1,
      113, 30, 48, -1,
      113, 48, 114, -1,
      114, 48, 47, -1,
      114, 47, 115, -1,
      115, 47, 46, -1,
      115, 46, 116, -1,
      116, 46, 40, -1,
      116, 40, 117, -1,
      117, 40, 39, -1,
      117, 39, 118, -1,
      118, 39, 37, -1,
      118, 37, 119, -1,
      119, 37, 43, -1,
      119, 43, 120, -1,
      120, 43, 45, -1,
      120, 45, 121, -1,
      121, 45, 44, -1,
      121, 44, 122, -1,
      122, 44, 42, -1,
      122, 42, 123, -1,
      123, 42, 41, -1,
      123, 41, 124, -1,
      124, 41, 36, -1,
      124, 36, 125, -1,
      125, 36, 38, -1,
      125, 38, 126, -1,
      126, 38, 24, -1,
      126, 24, 127, -1,
      128, 127, 22, -1,
      22, 127, 24, -1,
      49, 129, 130, -1,
      128, 22, 21, -1,
      128, 21, 131, -1,
      131, 21, 51, -1,
      131, 51, 130, -1,
      130, 51, 50, -1,
      130, 50, 49, -1,
      129, 49, 1, -1,
      129, 1, 132, -1,
      1, 0, 132, -1,
      132, 0, 55, -1,
      132, 55, 133, -1,
      133, 55, 54, -1,
      133, 54, 134, -1,
      134, 54, 53, -1,
      134, 53, 135, -1,
      135, 53, 52, -1,
      135, 52, 136, -1,
      136, 52, 61, -1,
      136, 61, 137, -1,
      61, 60, 137, -1,
      137, 60, 59, -1,
      137, 59, 138, -1,
      138, 59, 58, -1,
      138, 58, 139, -1,
      139, 58, 57, -1,
      56, 140, 57, -1,
      57, 140, 141, -1,
      57, 141, 139, -1,
      56, 65, 140, -1,
      140, 65, 64, -1,
      140, 64, 142, -1,
      142, 64, 63, -1,
      142, 63, 143, -1,
      69, 144, 62, -1,
      62, 144, 143, -1,
      62, 143, 63, -1,
      68, 145, 69, -1,
      69, 145, 146, -1,
      69, 146, 144, -1,
      68, 67, 145, -1,
      145, 67, 66, -1,
      145, 66, 102, -1,
      126, 127, 128, -1,
      117, 118, 136, -1,
      126, 128, 125, -1,
      125, 128, 131, -1,
      125, 131, 124, -1,
      124, 131, 130, -1,
      124, 130, 123, -1,
      123, 130, 129, -1,
      123, 129, 122, -1,
      122, 129, 132, -1,
      122, 132, 121, -1,
      104, 105, 103, -1,
      103, 105, 106, -1,
      103, 106, 101, -1,
      101, 106, 107, -1,
      101, 107, 102, -1,
      102, 107, 108, -1,
      102, 108, 145, -1,
      145, 108, 109, -1,
      145, 109, 146, -1,
      146, 109, 110, -1,
      146, 110, 144, -1,
      144, 110, 111, -1,
      144, 111, 143, -1,
      143, 111, 112, -1,
      143, 112, 142, -1,
      142, 112, 113, -1,
      142, 113, 140, -1,
      136, 118, 135, -1,
      132, 133, 121, -1,
      121, 133, 134, -1,
      121, 134, 120, -1,
      120, 134, 135, -1,
      120, 135, 119, -1,
      119, 135, 118, -1,
      139, 116, 138, -1,
      138, 116, 117, -1,
      138, 117, 137, -1,
      137, 117, 136, -1,
      140, 113, 141, -1,
      141, 113, 114, -1,
      141, 114, 139, -1,
      139, 114, 115, -1,
      139, 115, 116, -1,
      147, 148, 11, -1,
      11, 148, 12, -1,
      7, 149, 6, -1,
      6, 149, 147, -1,
      6, 147, 11, -1,
      150, 149, 5, -1,
      5, 149, 7, -1,
      13, 151, 4, -1,
      4, 151, 150, -1,
      4, 150, 5, -1,
      152, 151, 14, -1,
      14, 151, 13, -1,
      18, 153, 15, -1,
      15, 153, 152, -1,
      15, 152, 14, -1,
      154, 153, 17, -1,
      17, 153, 18, -1,
      10, 155, 16, -1,
      16, 155, 154, -1,
      16, 154, 17, -1,
      156, 155, 8, -1,
      8, 155, 10, -1,
      19, 157, 9, -1,
      9, 157, 156, -1,
      9, 156, 8, -1,
      158, 157, 20, -1,
      20, 157, 19, -1,
      12, 148, 23, -1,
      23, 148, 158, -1,
      23, 158, 20, -1,
      158, 148, 147, -1,
      147, 149, 158, -1,
      158, 149, 150, -1,
      158, 150, 157, -1,
      155, 156, 154, -1,
      154, 156, 157, -1,
      154, 157, 153, -1,
      153, 157, 150, -1,
      153, 150, 152, -1,
      152, 150, 151, -1,
      159, 160, 161, -1,
      161, 160, 162, -1,
      161, 162, 163, -1,
      163, 162, 164, -1,
      163, 164, 165, -1,
      165, 164, 166, -1,
      165, 166, 167, -1,
      167, 166, 168, -1,
      167, 168, 169, -1,
      169, 168, 170, -1,
      169, 170, 171, -1,
      171, 170, 172, -1,
      171, 172, 173, -1,
      173, 172, 174, -1,
      173, 174, 175, -1,
      175, 174, 176, -1,
      175, 176, 177, -1,
      177, 176, 178, -1,
      177, 178, 179, -1,
      179, 178, 180, -1,
      179, 180, 181, -1,
      181, 180, 182, -1,
      181, 182, 183, -1,
      183, 182, 184, -1,
      183, 184, 185, -1,
      185, 184, 186, -1,
      185, 186, 187, -1,
      187, 186, 188, -1,
      187, 188, 189, -1,
      189, 188, 190, -1,
      189, 190, 191, -1,
      191, 190, 192, -1,
      191, 192, 193, -1,
      193, 192, 159, -1,
      193, 159, 161, -1,
      167, 169, 86, -1,
      86, 169, 87, -1,
      76, 161, 163, -1,
      167, 86, 85, -1,
      167, 85, 165, -1,
      165, 85, 74, -1,
      165, 74, 163, -1,
      163, 74, 75, -1,
      163, 75, 76, -1,
      161, 76, 71, -1,
      161, 71, 193, -1,
      193, 71, 70, -1,
      193, 70, 191, -1,
      191, 70, 82, -1,
      191, 82, 189, -1,
      189, 82, 81, -1,
      189, 81, 187, -1,
      187, 81, 80, -1,
      187, 80, 185, -1,
      185, 80, 79, -1,
      185, 79, 183, -1,
      183, 79, 78, -1,
      183, 78, 181, -1,
      181, 78, 77, -1,
      181, 77, 179, -1,
      179, 77, 73, -1,
      72, 175, 73, -1,
      73, 175, 177, -1,
      73, 177, 179, -1,
      72, 84, 175, -1,
      175, 84, 83, -1,
      175, 83, 173, -1,
      171, 173, 88, -1,
      88, 173, 83, -1,
      169, 171, 87, -1,
      87, 171, 88, -1,
      174, 172, 194, -1,
      194, 172, 195, -1,
      172, 170, 195, -1,
      195, 170, 196, -1,
      170, 168, 196, -1,
      196, 168, 197, -1,
      160, 198, 199, -1,
      160, 199, 162, -1,
      162, 199, 200, -1,
      162, 200, 164, -1,
      164, 200, 201, -1,
      164, 201, 166, -1,
      166, 201, 197, -1,
      166, 197, 168, -1,
      188, 202, 203, -1,
      188, 203, 190, -1,
      190, 203, 204, -1,
      190, 204, 192, -1,
      192, 204, 205, -1,
      192, 205, 159, -1,
      159, 205, 198, -1,
      159, 198, 160, -1,
      180, 206, 207, -1,
      180, 207, 182, -1,
      182, 207, 208, -1,
      182, 208, 184, -1,
      184, 208, 209, -1,
      184, 209, 186, -1,
      186, 209, 202, -1,
      186, 202, 188, -1,
      174, 194, 210, -1,
      174, 210, 176, -1,
      176, 210, 211, -1,
      176, 211, 178, -1,
      178, 211, 206, -1,
      178, 206, 180, -1,
    ]
  }
}

Shape {
  appearance Appearance {
    material Material {
      diffuseColor 0.8510 0.8510 0.8510
      specularColor 0.4235 0.4235 0.4235
      ambientIntensity 0.2
      transparency 0.0000
      shininess 0.5
    }
  }
  geometry IndexedFaceSet {
    ccw TRUE
    solid FALSE
    coord DEF co Coordinate {
      point [
        0.117951 0.052885 0.275591,
        0.111903 0.052885 0.275591,
        0.111903 0.022020 0.275591,
        0.117715 0.022020 0.275591,
        0.129617 0.026196 0.275591,
        0.128880 0.025526 0.275591,
        0.126228 0.023790 0.275591,
        0.122804 0.022569 0.275591,
        0.133895 0.037842 0.275591,
        0.133763 0.035311 0.275591,
        0.132987 0.031642 0.275591,
        0.131610 0.028668 0.275591,
        0.129505 0.049120 0.275591,
        0.130820 0.047788 0.275591,
        0.132323 0.045484 0.275591,
        0.133401 0.042453 0.275591,
        0.123107 0.052317 0.275591,
        0.126579 0.051064 0.275591,
      ]
    }
    coordIndex [
      1, 2, 0, -1,
      0, 2, 3, -1,
      0, 3, 7, -1,
      7, 6, 0, -1,
      0, 6, 5, -1,
      0, 5, 4, -1,
      4, 11, 0, -1,
      0, 11, 10, -1,
      0, 10, 9, -1,
      9, 8, 0, -1,
      0, 8, 15, -1,
      0, 15, 14, -1,
      14, 13, 0, -1,
      0, 13, 12, -1,
      0, 12, 16, -1,
      16, 12, 17, -1,
    ]
  }
}

Shape {
  appearance Appearance {
    material Material {
      diffuseColor 0.0000 0.0000 0.0000
      specularColor 0.0000 0.0000 0.0000
      ambientIntensity 0.2
      transparency 0.0000
      shininess 0.5
    }
  }
  geometry IndexedFaceSet {
    ccw TRUE
    solid FALSE
    coord DEF co Coordinate {
      point [
        0.167780 0.028406 0.275591,
        0.153089 0.028406 0.275591,
        0.171863 0.017456 0.275591,
        0.177573 0.017456 0.275591,
        0.162325 0.057491 0.275591,
        0.151109 0.028406 0.275591,
        0.147261 0.017456 0.275591,
        0.141550 0.017456 0.275591,
        0.153089 0.047751 0.275591,
        0.156798 0.057491 0.275591,
        0.152746 0.032930 0.275984,
        0.151109 0.028406 0.275984,
        0.166183 0.032930 0.275984,
        0.167780 0.028406 0.275984,
        0.158733 0.049570 0.275984,
        0.156798 0.057491 0.275984,
        0.141550 0.017456 0.275984,
        0.147261 0.017456 0.275984,
        0.159080 0.050765 0.275984,
        0.159388 0.052374 0.275984,
        0.162325 0.057491 0.275984,
        0.159511 0.052374 0.275984,
        0.159834 0.050680 0.275984,
        0.160135 0.049570 0.275984,
        0.177573 0.017456 0.275984,
        0.171863 0.017456 0.275984,
        0.152746 0.032930 0.275591,
        0.166183 0.032930 0.275591,
        0.160135 0.049570 0.275591,
        0.159511 0.052374 0.275591,
        0.159834 0.050680 0.275591,
        0.159388 0.052374 0.275591,
        0.158733 0.049570 0.275591,
        0.159080 0.050765 0.275591,
      ]
    }
    coordIndex [
      10, 11, 12, -1,
      12, 11, 13, -1,
      14, 15, 10, -1,
      10, 15, 16, -1,
      10, 16, 11, -1,
      11, 16, 17, -1,
      14, 18, 15, -1,
      15, 18, 19, -1,
      15, 19, 20, -1,
      20, 19, 21, -1,
      20, 21, 22, -1,
      22, 23, 20, -1,
      20, 23, 12, -1,
      20, 12, 24, -1,
      24, 12, 13, -1,
      24, 13, 25, -1,
      20, 24, 4, -1,
      4, 24, 3, -1,
      15, 20, 9, -1,
      9, 20, 4, -1,
      7, 16, 8, -1,
      8, 16, 15, -1,
      8, 15, 9, -1,
      17, 16, 6, -1,
      6, 16, 7, -1,
      11, 17, 5, -1,
      5, 17, 6, -1,
      0, 13, 1, -1,
      1, 13, 11, -1,
      1, 11, 5, -1,
      25, 13, 2, -1,
      2, 13, 0, -1,
      24, 25, 3, -1,
      3, 25, 2, -1,
      10, 12, 26, -1,
      26, 12, 27, -1,
      12, 23, 27, -1,
      27, 23, 28, -1,
      21, 29, 30, -1,
      21, 30, 22, -1,
      22, 30, 28, -1,
      22, 28, 23, -1,
      21, 19, 29, -1,
      29, 19, 31, -1,
      14, 32, 33, -1,
      14, 33, 18, -1,
      18, 33, 31, -1,
      18, 31, 19, -1,
      14, 10, 32, -1,
      32, 10, 26, -1,
    ]
  }
}

Shape {
  appearance Appearance {
    material Material {
      diffuseColor 0.8510 0.8510 0.8510
      specularColor 0.4235 0.4235 0.4235
      ambientIntensity 0.2
      transparency 0.0000
      shininess 0.5
    }
  }
  geometry IndexedFaceSet {
    ccw TRUE
    solid FALSE
    coord DEF co Coordinate {
      point [
        0.152746 0.032930 0.275591,
        0.166183 0.032930 0.275591,
        0.160135 0.049570 0.275591,
        0.159511 0.052374 0.275591,
        0.159834 0.050680 0.275591,
        0.159388 0.052374 0.275591,
        0.158733 0.049570 0.275591,
        0.159080 0.050765 0.275591,
      ]
    }
    coordIndex [
      3, 5, 4, -1,
      4, 5, 7, -1,
      4, 7, 2, -1,
      2, 7, 6, -1,
      2, 6, 1, -1,
      1, 6, 0, -1,
    ]
  }
}

Shape {
  appearance Appearance {
    material Material {
      diffuseColor 0.0000 0.0000 0.0000
      specularColor 0.0000 0.0000 0.0000
      ambientIntensity 0.2
      transparency 0.0000
      shininess 0.5
    }
  }
  geometry IndexedFaceSet {
    ccw TRUE
    solid FALSE
    coord DEF co Coordinate {
      point [
        0.056753 -0.045791 0.275591,
        0.054972 -0.046393 0.275591,
        0.061194 -0.046055 0.275591,
        0.045252 -0.032432 0.275591,
        0.046028 -0.024339 0.275591,
        0.044252 -0.033869 0.275591,
        0.043565 -0.035639 0.275591,
        0.058596 -0.044613 0.275591,
        0.050746 -0.017435 0.275591,
        0.047024 -0.018889 0.275591,
        0.046028 -0.019468 0.275591,
        0.049160 -0.046345 0.275591,
        0.047263 -0.045596 0.275591,
        0.045690 -0.044479 0.275591,
        0.046787 -0.031099 0.275591,
        0.048920 -0.030004 0.275591,
        0.049510 -0.022154 0.275591,
        0.052720 -0.029067 0.275591,
        0.057134 -0.021066 0.275591,
        0.055402 -0.020880 0.275591,
        0.052652 -0.021142 0.275591,
        0.044990 -0.043750 0.275591,
        0.044075 -0.042346 0.275591,
        0.043474 -0.040643 0.275591,
        0.061194 -0.041634 0.275591,
        0.061061 -0.041634 0.275591,
        0.060193 -0.042939 0.275591,
        0.063985 -0.019921 0.275591,
        0.065015 -0.021531 0.275591,
        0.065807 -0.023794 0.275591,
        0.055872 -0.016807 0.275591,
        0.058843 -0.017070 0.275591,
        0.060969 -0.017705 0.275591,
        0.061194 -0.027880 0.275591,
        0.061028 -0.025710 0.275591,
        0.060513 -0.023905 0.275591,
        0.059928 -0.022866 0.275591,
        0.043234 -0.038400 0.275591,
        0.043247 -0.037805 0.275591,
        0.062642 -0.018650 0.275591,
        0.059174 -0.022054 0.275591,
        0.058289 -0.021476 0.275591,
        0.066209 -0.027655 0.275591,
        0.054685 -0.046490 0.275591,
        0.052301 -0.046731 0.275591,
        0.051519 -0.046710 0.275591,
        0.049468 -0.046393 0.275591,
        0.066209 -0.046055 0.275591,
        0.016902 -0.046055 0.275591,
        0.038434 -0.046055 0.275591,
        0.038434 -0.041491 0.275591,
        0.037523 -0.010626 0.275591,
        0.016902 -0.006020 0.275591,
        0.037523 -0.006020 0.275591,
        0.022070 -0.028023 0.275591,
        0.022070 -0.041491 0.275591,
        0.036387 -0.028023 0.275591,
        0.036387 -0.023438 0.275591,
        0.022070 -0.023438 0.275591,
        0.022070 -0.010626 0.275591,
        0.038434 -0.041491 0.275984,
        0.038434 -0.046055 0.275984,
        0.022070 -0.041491 0.275984,
        0.022070 -0.028023 0.275984,
        0.036387 -0.028023 0.275984,
        0.036387 -0.023438 0.275984,
        0.022070 -0.023438 0.275984,
        0.022070 -0.010626 0.275984,
        0.037523 -0.010626 0.275984,
        0.037523 -0.006020 0.275984,
        0.016902 -0.006020 0.275984,
        0.016902 -0.046055 0.275984,
        0.054501 -0.032608 0.275984,
        0.061194 -0.031707 0.275984,
        0.066209 -0.027655 0.275984,
        0.061194 -0.046055 0.275984,
        0.066209 -0.046055 0.275984,
        0.061194 -0.041634 0.275984,
        0.061194 -0.027880 0.275984,
        0.050327 -0.033852 0.275984,
        0.051531 -0.033289 0.275984,
        0.061061 -0.041634 0.275984,
        0.058494 -0.040829 0.275984,
        0.060193 -0.042939 0.275984,
        0.057093 -0.041806 0.275984,
        0.061194 -0.034450 0.275984,
        0.060893 -0.036923 0.275984,
        0.060178 -0.038724 0.275984,
        0.059045 -0.040283 0.275984,
        0.048777 -0.040053 0.275984,
        0.044990 -0.043750 0.275984,
        0.049347 -0.040898 0.275984,
        0.045690 -0.044479 0.275984,
        0.049773 -0.041327 0.275984,
        0.047263 -0.045596 0.275984,
        0.050772 -0.042009 0.275984,
        0.049160 -0.046345 0.275984,
        0.051907 -0.042426 0.275984,
        0.051519 -0.046710 0.275984,
        0.052301 -0.046731 0.275984,
        0.053600 -0.042617 0.275984,
        0.054685 -0.046490 0.275984,
        0.055588 -0.042380 0.275984,
        0.056753 -0.045791 0.275984,
        0.058596 -0.044613 0.275984,
        0.061028 -0.025710 0.275984,
        0.065807 -0.023794 0.275984,
        0.060513 -0.023905 0.275984,
        0.065015 -0.021531 0.275984,
        0.059928 -0.022866 0.275984,
        0.063985 -0.019921 0.275984,
        0.059174 -0.022054 0.275984,
        0.062642 -0.018650 0.275984,
        0.058289 -0.021476 0.275984,
        0.060969 -0.017705 0.275984,
        0.057134 -0.021066 0.275984,
        0.058843 -0.017070 0.275984,
        0.055402 -0.020880 0.275984,
        0.055872 -0.016807 0.275984,
        0.052652 -0.021142 0.275984,
        0.050746 -0.017435 0.275984,
        0.049510 -0.022154 0.275984,
        0.047024 -0.018889 0.275984,
        0.046028 -0.024339 0.275984,
        0.046028 -0.019468 0.275984,
        0.048362 -0.037195 0.275984,
        0.043247 -0.037805 0.275984,
        0.048320 -0.037991 0.275984,
        0.043234 -0.038400 0.275984,
        0.048447 -0.039142 0.275984,
        0.043474 -0.040643 0.275984,
        0.044075 -0.042346 0.275984,
        0.052720 -0.029067 0.275984,
        0.048920 -0.030004 0.275984,
        0.049650 -0.034368 0.275984,
        0.046787 -0.031099 0.275984,
        0.049050 -0.035111 0.275984,
        0.045252 -0.032432 0.275984,
        0.048610 -0.036046 0.275984,
        0.044252 -0.033869 0.275984,
        0.043565 -0.035639 0.275984,
        0.049650 -0.034368 0.275591,
        0.050327 -0.033852 0.275591,
        0.051531 -0.033289 0.275591,
        0.054501 -0.032608 0.275591,
        0.048320 -0.037991 0.275591,
        0.048362 -0.037195 0.275591,
        0.048610 -0.036046 0.275591,
        0.049050 -0.035111 0.275591,
        0.049773 -0.041327 0.275591,
        0.049347 -0.040898 0.275591,
        0.048777 -0.040053 0.275591,
        0.048447 -0.039142 0.275591,
        0.053600 -0.042617 0.275591,
        0.051907 -0.042426 0.275591,
        0.050772 -0.042009 0.275591,
        0.059045 -0.040283 0.275591,
        0.058494 -0.040829 0.275591,
        0.057093 -0.041806 0.275591,
        0.055588 -0.042380 0.275591,
        0.061194 -0.034450 0.275591,
        0.060893 -0.036923 0.275591,
        0.060178 -0.038724 0.275591,
        0.061194 -0.031707 0.275591,
      ]
    }
    coordIndex [
      60, 61, 50, -1,
      50, 61, 49, -1,
      62, 60, 55, -1,
      55, 60, 50, -1,
      63, 62, 54, -1,
      54, 62, 55, -1,
      64, 63, 56, -1,
      56, 63, 54, -1,
      65, 64, 57, -1,
      57, 64, 56, -1,
      66, 65, 58, -1,
      58, 65, 57, -1,
      67, 66, 59, -1,
      59, 66, 58, -1,
      68, 67, 51, -1,
      51, 67, 59, -1,
      69, 68, 53, -1,
      53, 68, 51, -1,
      70, 69, 52, -1,
      52, 69, 53, -1,
      71, 70, 48, -1,
      48, 70, 52, -1,
      61, 71, 49, -1,
      49, 71, 48, -1,
      71, 61, 60, -1,
      60, 62, 71, -1,
      71, 62, 63, -1,
      71, 63, 70, -1,
      68, 69, 67, -1,
      67, 69, 70, -1,
      67, 70, 66, -1,
      66, 70, 63, -1,
      66, 63, 65, -1,
      65, 63, 64, -1,
      72, 73, 74, -1,
      75, 76, 77, -1,
      77, 76, 74, -1,
      78, 79, 80, -1,
      81, 82, 83, -1,
      83, 82, 84, -1,
      73, 85, 74, -1,
      74, 85, 86, -1,
      74, 86, 77, -1,
      77, 86, 87, -1,
      77, 87, 81, -1,
      81, 87, 88, -1,
      81, 88, 82, -1,
      89, 90, 91, -1,
      91, 90, 92, -1,
      91, 92, 93, -1,
      93, 92, 94, -1,
      93, 94, 95, -1,
      95, 94, 96, -1,
      95, 96, 97, -1,
      96, 98, 97, -1,
      97, 98, 99, -1,
      97, 99, 100, -1,
      100, 99, 101, -1,
      100, 101, 102, -1,
      102, 101, 103, -1,
      102, 103, 84, -1,
      84, 103, 104, -1,
      84, 104, 83, -1,
      80, 72, 78, -1,
      78, 72, 74, -1,
      78, 74, 105, -1,
      105, 74, 106, -1,
      105, 106, 107, -1,
      107, 106, 108, -1,
      107, 108, 109, -1,
      109, 108, 110, -1,
      109, 110, 111, -1,
      111, 110, 112, -1,
      111, 112, 113, -1,
      113, 112, 114, -1,
      113, 114, 115, -1,
      115, 114, 116, -1,
      115, 116, 117, -1,
      117, 116, 118, -1,
      117, 118, 119, -1,
      119, 118, 120, -1,
      119, 120, 121, -1,
      121, 120, 122, -1,
      121, 122, 123, -1,
      123, 122, 124, -1,
      125, 126, 127, -1,
      127, 126, 128, -1,
      127, 128, 129, -1,
      129, 128, 130, -1,
      129, 130, 89, -1,
      89, 130, 131, -1,
      89, 131, 90, -1,
      78, 132, 79, -1,
      79, 132, 133, -1,
      79, 133, 134, -1,
      134, 133, 135, -1,
      134, 135, 136, -1,
      136, 135, 137, -1,
      136, 137, 138, -1,
      138, 137, 139, -1,
      138, 139, 125, -1,
      125, 139, 140, -1,
      125, 140, 126, -1,
      118, 30, 8, -1,
      118, 8, 120, -1,
      120, 8, 9, -1,
      120, 9, 122, -1,
      122, 9, 10, -1,
      122, 10, 124, -1,
      123, 124, 4, -1,
      4, 124, 10, -1,
      123, 4, 16, -1,
      123, 16, 121, -1,
      121, 16, 20, -1,
      121, 20, 119, -1,
      119, 20, 19, -1,
      119, 19, 117, -1,
      117, 19, 18, -1,
      117, 18, 115, -1,
      115, 18, 41, -1,
      115, 41, 113, -1,
      113, 41, 40, -1,
      113, 40, 111, -1,
      111, 40, 36, -1,
      111, 36, 109, -1,
      109, 36, 35, -1,
      109, 35, 107, -1,
      107, 35, 34, -1,
      107, 34, 105, -1,
      105, 34, 33, -1,
      105, 33, 78, -1,
      132, 78, 17, -1,
      17, 78, 33, -1,
      132, 17, 15, -1,
      132, 15, 133, -1,
      133, 15, 14, -1,
      133, 14, 135, -1,
      135, 14, 3, -1,
      135, 3, 137, -1,
      137, 3, 5, -1,
      137, 5, 139, -1,
      139, 5, 6, -1,
      139, 6, 140, -1,
      140, 6, 38, -1,
      140, 38, 126, -1,
      126, 38, 37, -1,
      126, 37, 128, -1,
      128, 37, 23, -1,
      128, 23, 130, -1,
      130, 23, 22, -1,
      130, 22, 131, -1,
      131, 22, 21, -1,
      131, 21, 90, -1,
      90, 21, 13, -1,
      90, 13, 92, -1,
      44, 99, 98, -1,
      92, 13, 12, -1,
      92, 12, 94, -1,
      94, 12, 11, -1,
      94, 11, 96, -1,
      96, 11, 46, -1,
      96, 46, 98, -1,
      98, 46, 45, -1,
      98, 45, 44, -1,
      99, 44, 43, -1,
      99, 43, 101, -1,
      101, 43, 1, -1,
      101, 1, 103, -1,
      1, 0, 103, -1,
      103, 0, 7, -1,
      103, 7, 104, -1,
      104, 7, 26, -1,
      104, 26, 83, -1,
      83, 26, 25, -1,
      83, 25, 81, -1,
      77, 81, 24, -1,
      24, 81, 25, -1,
      75, 77, 2, -1,
      2, 77, 24, -1,
      76, 75, 47, -1,
      47, 75, 2, -1,
      74, 76, 42, -1,
      42, 76, 47, -1,
      74, 42, 29, -1,
      74, 29, 106, -1,
      106, 29, 28, -1,
      106, 28, 108, -1,
      108, 28, 27, -1,
      108, 27, 110, -1,
      110, 27, 39, -1,
      110, 39, 112, -1,
      112, 39, 32, -1,
      112, 32, 114, -1,
      114, 32, 31, -1,
      114, 31, 116, -1,
      116, 31, 30, -1,
      116, 30, 118, -1,
      134, 141, 142, -1,
      134, 142, 79, -1,
      79, 142, 143, -1,
      79, 143, 80, -1,
      80, 143, 144, -1,
      80, 144, 72, -1,
      127, 145, 146, -1,
      127, 146, 125, -1,
      125, 146, 147, -1,
      125, 147, 138, -1,
      138, 147, 148, -1,
      138, 148, 136, -1,
      136, 148, 141, -1,
      136, 141, 134, -1,
      93, 149, 150, -1,
      93, 150, 91, -1,
      91, 150, 151, -1,
      91, 151, 89, -1,
      89, 151, 152, -1,
      89, 152, 129, -1,
      129, 152, 145, -1,
      129, 145, 127, -1,
      100, 153, 154, -1,
      100, 154, 97, -1,
      97, 154, 155, -1,
      97, 155, 95, -1,
      95, 155, 149, -1,
      95, 149, 93, -1,
      88, 156, 157, -1,
      88, 157, 82, -1,
      82, 157, 158, -1,
      82, 158, 84, -1,
      84, 158, 159, -1,
      84, 159, 102, -1,
      102, 159, 153, -1,
      102, 153, 100, -1,
      85, 160, 161, -1,
      85, 161, 86, -1,
      86, 161, 162, -1,
      86, 162, 87, -1,
      87, 162, 156, -1,
      87, 156, 88, -1,
      85, 73, 160, -1,
      160, 73, 163, -1,
      73, 72, 163, -1,
      163, 72, 144, -1,
    ]
  }
}

Shape {
  appearance Appearance {
    material Material {
      diffuseColor 0.8510 0.8510 0.8510
      specularColor 0.4235 0.4235 0.4235
      ambientIntensity 0.2
      transparency 0.0000
      shininess 0.5
    }
  }
  geometry IndexedFaceSet {
    ccw TRUE
    solid FALSE
    coord DEF co Coordinate {
      point [
        0.049650 -0.034368 0.275591,
        0.050327 -0.033852 0.275591,
        0.051531 -0.033289 0.275591,
        0.054501 -0.032608 0.275591,
        0.048320 -0.037991 0.275591,
        0.048362 -0.037195 0.275591,
        0.048610 -0.036046 0.275591,
        0.049050 -0.035111 0.275591,
        0.049773 -0.041327 0.275591,
        0.049347 -0.040898 0.275591,
        0.048777 -0.040053 0.275591,
        0.048447 -0.039142 0.275591,
        0.053600 -0.042617 0.275591,
        0.051907 -0.042426 0.275591,
        0.050772 -0.042009 0.275591,
        0.059045 -0.040283 0.275591,
        0.058494 -0.040829 0.275591,
        0.057093 -0.041806 0.275591,
        0.055588 -0.042380 0.275591,
        0.061194 -0.034450 0.275591,
        0.060893 -0.036923 0.275591,
        0.060178 -0.038724 0.275591,
        0.061194 -0.031707 0.275591,
      ]
    }
    coordIndex [
      16, 15, 3, -1,
      3, 15, 21, -1,
      18, 2, 1, -1,
      2, 18, 3, -1,
      3, 18, 17, -1,
      3, 17, 16, -1,
      21, 20, 3, -1,
      3, 20, 19, -1,
      3, 19, 22, -1,
      6, 5, 18, -1,
      18, 5, 4, -1,
      18, 4, 11, -1,
      14, 13, 8, -1,
      8, 13, 12, -1,
      8, 12, 18, -1,
      1, 0, 18, -1,
      18, 0, 7, -1,
      18, 7, 6, -1,
      11, 10, 18, -1,
      18, 10, 9, -1,
      18, 9, 8, -1,
    ]
  }
}

Shape {
  appearance Appearance {
    material Material {
      diffuseColor 0.0000 0.0000 0.0000
      specularColor 0.0000 0.0000 0.0000
      ambientIntensity 0.2
      transparency 0.0000
      shininess 0.5
    }
  }
  geometry IndexedFaceSet {
    ccw TRUE
    solid FALSE
    coord DEF co Coordinate {
      point [
        0.085344 -0.046178 0.275591,
        0.083564 -0.046393 0.275591,
        0.075278 -0.030559 0.275591,
        0.073004 -0.039874 0.275591,
        0.075322 -0.030589 0.275591,
        0.074806 -0.041003 0.275591,
        0.075322 -0.041204 0.275591,
        0.073795 -0.021838 0.275591,
        0.073217 -0.023454 0.275591,
        0.074707 -0.020479 0.275591,
        0.074457 -0.029702 0.275591,
        0.073843 -0.028734 0.275591,
        0.073273 -0.027219 0.275591,
        0.073035 -0.025178 0.275591,
        0.073004 -0.045052 0.275591,
        0.075322 -0.045868 0.275591,
        0.076509 -0.046286 0.275591,
        0.077530 -0.046393 0.275591,
        0.080761 -0.046731 0.275591,
        0.090944 -0.018076 0.275591,
        0.090944 -0.022947 0.275591,
        0.091508 -0.041793 0.275591,
        0.090598 -0.043123 0.275591,
        0.075322 -0.019920 0.275591,
        0.076248 -0.019079 0.275591,
        0.077453 -0.018336 0.275591,
        0.092100 -0.040198 0.275591,
        0.080134 -0.017294 0.275591,
        0.084169 -0.016807 0.275591,
        0.087687 -0.017119 0.275591,
        0.089091 -0.044459 0.275591,
        0.087968 -0.045153 0.275591,
        0.090637 -0.033549 0.275591,
        0.091521 -0.034831 0.275591,
        0.092079 -0.036290 0.275591,
        0.092315 -0.038278 0.275591,
        0.083678 -0.020880 0.275591,
        0.082193 -0.020991 0.275591,
        0.078203 -0.024728 0.275591,
        0.080852 -0.021346 0.275591,
        0.079728 -0.021944 0.275591,
        0.078248 -0.025395 0.275591,
        0.078447 -0.026174 0.275591,
        0.078809 -0.026850 0.275591,
        0.079298 -0.027389 0.275591,
        0.081066 -0.028494 0.275591,
        0.087189 -0.021308 0.275591,
        0.084169 -0.029845 0.275591,
        0.090025 -0.022409 0.275591,
        0.086111 -0.030630 0.275591,
        0.089441 -0.032483 0.275591,
        0.078971 -0.022613 0.275591,
        0.078541 -0.023251 0.275591,
        0.078293 -0.023928 0.275591,
        0.077943 -0.042229 0.275591,
        0.080628 -0.033488 0.275591,
        0.077639 -0.032118 0.275591,
        0.081252 -0.042637 0.275591,
        0.081474 -0.042636 0.275591,
        0.083921 -0.034867 0.275591,
        0.084044 -0.042348 0.275591,
        0.087168 -0.038769 0.275591,
        0.087119 -0.038145 0.275591,
        0.085339 -0.041874 0.275591,
        0.085796 -0.041596 0.275591,
        0.086371 -0.041086 0.275591,
        0.086809 -0.040439 0.275591,
        0.087064 -0.039725 0.275591,
        0.086891 -0.037362 0.275591,
        0.086503 -0.036697 0.275591,
        0.085878 -0.036046 0.275591,
        0.117173 -0.017462 0.275591,
        0.122372 -0.017462 0.275591,
        0.108004 -0.038953 0.275591,
        0.108618 -0.041307 0.275591,
        0.108751 -0.041307 0.275591,
        0.102953 -0.024424 0.275591,
        0.109365 -0.038994 0.275591,
        0.108981 -0.040327 0.275591,
        0.102953 -0.037885 0.275591,
        0.094925 -0.017462 0.275591,
        0.100533 -0.017462 0.275591,
        0.106141 -0.045994 0.275591,
        0.105972 -0.046393 0.275591,
        0.103941 -0.051193 0.275591,
        0.095958 -0.059113 0.275591,
        0.095958 -0.054652 0.275591,
        0.096984 -0.054988 0.275591,
        0.098804 -0.055225 0.275591,
        0.099182 -0.055212 0.275591,
        0.100326 -0.055003 0.275591,
        0.101392 -0.054513 0.275591,
        0.101939 -0.054114 0.275591,
        0.102874 -0.053110 0.275591,
        0.102953 -0.052968 0.275591,
        0.102953 -0.058627 0.275591,
        0.101235 -0.059286 0.275591,
        0.099192 -0.059523 0.275591,
        0.098004 -0.059477 0.275591,
        0.109395 -0.050374 0.275591,
        0.107084 -0.054856 0.275591,
        0.110965 -0.046393 0.275591,
        0.105247 -0.057040 0.275591,
        0.104963 -0.057299 0.275591,
        0.103213 -0.058528 0.275591,
        0.140440 -0.028023 0.275591,
        0.132943 -0.028023 0.275591,
        0.140440 -0.041491 0.275591,
        0.132943 -0.041491 0.275591,
        0.148396 -0.006020 0.275591,
        0.148396 -0.010626 0.275591,
        0.149307 -0.041491 0.275591,
        0.149307 -0.046055 0.275591,
        0.147261 -0.028023 0.275591,
        0.147261 -0.023438 0.275591,
        0.140440 -0.023438 0.275591,
        0.140440 -0.010626 0.275591,
        0.132943 -0.010626 0.275591,
        0.132943 -0.023438 0.275591,
        0.140440 -0.046055 0.275591,
        0.127775 -0.046055 0.275591,
        0.127775 -0.006020 0.275591,
        0.140440 -0.006020 0.275591,
        0.188379 -0.032750 0.275591,
        0.189346 -0.028061 0.275591,
        0.189465 -0.025526 0.275591,
        0.188782 -0.019948 0.275591,
        0.186411 -0.036893 0.275591,
        0.183427 -0.040447 0.275591,
        0.179307 -0.043412 0.275591,
        0.156870 -0.006020 0.275591,
        0.156870 -0.046055 0.275591,
        0.167882 -0.046055 0.275591,
        0.174757 -0.045207 0.275591,
        0.183427 -0.011322 0.275591,
        0.184802 -0.012662 0.275591,
        0.187290 -0.016141 0.275591,
        0.168291 -0.006020 0.275591,
        0.174400 -0.006694 0.275591,
        0.179233 -0.008459 0.275591,
        0.081252 -0.042637 0.275984,
        0.074806 -0.041003 0.275984,
        0.077943 -0.042229 0.275984,
        0.073004 -0.039874 0.275984,
        0.073004 -0.045052 0.275984,
        0.076509 -0.046286 0.275984,
        0.080761 -0.046731 0.275984,
        0.085344 -0.046178 0.275984,
        0.087968 -0.045153 0.275984,
        0.089091 -0.044459 0.275984,
        0.090598 -0.043123 0.275984,
        0.091508 -0.041793 0.275984,
        0.092100 -0.040198 0.275984,
        0.092315 -0.038278 0.275984,
        0.092079 -0.036290 0.275984,
        0.091521 -0.034831 0.275984,
        0.090637 -0.033549 0.275984,
        0.089441 -0.032483 0.275984,
        0.086111 -0.030630 0.275984,
        0.084169 -0.029845 0.275984,
        0.081066 -0.028494 0.275984,
        0.079298 -0.027389 0.275984,
        0.078809 -0.026850 0.275984,
        0.078447 -0.026174 0.275984,
        0.078248 -0.025395 0.275984,
        0.078203 -0.024728 0.275984,
        0.078293 -0.023928 0.275984,
        0.078541 -0.023251 0.275984,
        0.078971 -0.022613 0.275984,
        0.079728 -0.021944 0.275984,
        0.080852 -0.021346 0.275984,
        0.082193 -0.020991 0.275984,
        0.083678 -0.020880 0.275984,
        0.087189 -0.021308 0.275984,
        0.090025 -0.022409 0.275984,
        0.090944 -0.022947 0.275984,
        0.090944 -0.018076 0.275984,
        0.087687 -0.017119 0.275984,
        0.084169 -0.016807 0.275984,
        0.080134 -0.017294 0.275984,
        0.077453 -0.018336 0.275984,
        0.076248 -0.019079 0.275984,
        0.074707 -0.020479 0.275984,
        0.073795 -0.021838 0.275984,
        0.073217 -0.023454 0.275984,
        0.073035 -0.025178 0.275984,
        0.073273 -0.027219 0.275984,
        0.073843 -0.028734 0.275984,
        0.074457 -0.029702 0.275984,
        0.080628 -0.033488 0.275984,
        0.077639 -0.032118 0.275984,
        0.075278 -0.030559 0.275984,
        0.083921 -0.034867 0.275984,
        0.085878 -0.036046 0.275984,
        0.086503 -0.036697 0.275984,
        0.086891 -0.037362 0.275984,
        0.087119 -0.038145 0.275984,
        0.087168 -0.038769 0.275984,
        0.087064 -0.039725 0.275984,
        0.086809 -0.040439 0.275984,
        0.086371 -0.041086 0.275984,
        0.085796 -0.041596 0.275984,
        0.085339 -0.041874 0.275984,
        0.084044 -0.042348 0.275984,
        0.081474 -0.042636 0.275984,
        0.117173 -0.017462 0.275984,
        0.122372 -0.017462 0.275984,
        0.109365 -0.038994 0.275984,
        0.108981 -0.040327 0.275984,
        0.108751 -0.041307 0.275984,
        0.108618 -0.041307 0.275984,
        0.108004 -0.038953 0.275984,
        0.100533 -0.017462 0.275984,
        0.094925 -0.017462 0.275984,
        0.106141 -0.045994 0.275984,
        0.103941 -0.051193 0.275984,
        0.102874 -0.053110 0.275984,
        0.101939 -0.054114 0.275984,
        0.101392 -0.054513 0.275984,
        0.100326 -0.055003 0.275984,
        0.099182 -0.055212 0.275984,
        0.098804 -0.055225 0.275984,
        0.096984 -0.054988 0.275984,
        0.095958 -0.054652 0.275984,
        0.095958 -0.059113 0.275984,
        0.098004 -0.059477 0.275984,
        0.099192 -0.059523 0.275984,
        0.103213 -0.058528 0.275984,
        0.101235 -0.059286 0.275984,
        0.104963 -0.057299 0.275984,
        0.105247 -0.057040 0.275984,
        0.107084 -0.054856 0.275984,
        0.109395 -0.050374 0.275984,
        0.149307 -0.041491 0.275984,
        0.149307 -0.046055 0.275984,
        0.132943 -0.041491 0.275984,
        0.132943 -0.028023 0.275984,
        0.147261 -0.028023 0.275984,
        0.147261 -0.023438 0.275984,
        0.132943 -0.023438 0.275984,
        0.132943 -0.010626 0.275984,
        0.148396 -0.010626 0.275984,
        0.148396 -0.006020 0.275984,
        0.127775 -0.006020 0.275984,
        0.127775 -0.046055 0.275984,
        0.181746 -0.034843 0.275984,
        0.179753 -0.037315 0.275984,
        0.183427 -0.040447 0.275984,
        0.179015 -0.037985 0.275984,
        0.179307 -0.043412 0.275984,
        0.176363 -0.039721 0.275984,
        0.174757 -0.045207 0.275984,
        0.172939 -0.040943 0.275984,
        0.167882 -0.046055 0.275984,
        0.167851 -0.041491 0.275984,
        0.156870 -0.046055 0.275984,
        0.162038 -0.041491 0.275984,
        0.156870 -0.006020 0.275984,
        0.162038 -0.010626 0.275984,
        0.168291 -0.006020 0.275984,
        0.168087 -0.010626 0.275984,
        0.174400 -0.006694 0.275984,
        0.173242 -0.011195 0.275984,
        0.179233 -0.008459 0.275984,
        0.176715 -0.012448 0.275984,
        0.183427 -0.011322 0.275984,
        0.179641 -0.014392 0.275984,
        0.184802 -0.012662 0.275984,
        0.180956 -0.015723 0.275984,
        0.187290 -0.016141 0.275984,
        0.182459 -0.018027 0.275984,
        0.188782 -0.019948 0.275984,
        0.183537 -0.021059 0.275984,
        0.189465 -0.025526 0.275984,
        0.184031 -0.025669 0.275984,
        0.189346 -0.028061 0.275984,
        0.183899 -0.028201 0.275984,
        0.188379 -0.032750 0.275984,
        0.183123 -0.031869 0.275984,
        0.186411 -0.036893 0.275984,
        0.168087 -0.010626 0.275591,
        0.162038 -0.010626 0.275591,
        0.162038 -0.041491 0.275591,
        0.167851 -0.041491 0.275591,
        0.179753 -0.037315 0.275591,
        0.179015 -0.037985 0.275591,
        0.176363 -0.039721 0.275591,
        0.172939 -0.040943 0.275591,
        0.184031 -0.025669 0.275591,
        0.183899 -0.028201 0.275591,
        0.183123 -0.031869 0.275591,
        0.181746 -0.034843 0.275591,
        0.179641 -0.014392 0.275591,
        0.180956 -0.015723 0.275591,
        0.182459 -0.018027 0.275591,
        0.183537 -0.021059 0.275591,
        0.173242 -0.011195 0.275591,
        0.176715 -0.012448 0.275591,
      ]
    }
    coordIndex [
      140, 57, 54, -1,
      6, 141, 54, -1,
      54, 141, 142, -1,
      54, 142, 140, -1,
      6, 5, 141, -1,
      141, 5, 3, -1,
      141, 3, 143, -1,
      144, 143, 14, -1,
      14, 143, 3, -1,
      145, 144, 15, -1,
      15, 144, 14, -1,
      18, 146, 17, -1,
      17, 146, 145, -1,
      17, 145, 16, -1,
      16, 145, 15, -1,
      147, 146, 1, -1,
      1, 146, 18, -1,
      1, 0, 147, -1,
      147, 0, 31, -1,
      147, 31, 148, -1,
      148, 31, 30, -1,
      148, 30, 149, -1,
      149, 30, 22, -1,
      149, 22, 150, -1,
      150, 22, 21, -1,
      150, 21, 151, -1,
      151, 21, 26, -1,
      151, 26, 152, -1,
      152, 26, 35, -1,
      152, 35, 153, -1,
      153, 35, 34, -1,
      153, 34, 154, -1,
      154, 34, 33, -1,
      154, 33, 155, -1,
      155, 33, 32, -1,
      155, 32, 156, -1,
      156, 32, 50, -1,
      156, 50, 157, -1,
      157, 50, 49, -1,
      157, 49, 158, -1,
      158, 49, 47, -1,
      158, 47, 159, -1,
      159, 47, 45, -1,
      159, 45, 160, -1,
      160, 45, 44, -1,
      160, 44, 161, -1,
      161, 44, 43, -1,
      161, 43, 162, -1,
      162, 43, 42, -1,
      162, 42, 163, -1,
      163, 42, 41, -1,
      163, 41, 164, -1,
      164, 41, 38, -1,
      164, 38, 165, -1,
      165, 38, 53, -1,
      165, 53, 166, -1,
      166, 53, 52, -1,
      166, 52, 167, -1,
      167, 52, 51, -1,
      167, 51, 168, -1,
      168, 51, 40, -1,
      168, 40, 169, -1,
      169, 40, 39, -1,
      169, 39, 170, -1,
      170, 39, 37, -1,
      170, 37, 171, -1,
      171, 37, 36, -1,
      171, 36, 172, -1,
      172, 36, 46, -1,
      172, 46, 173, -1,
      173, 46, 48, -1,
      173, 48, 174, -1,
      174, 48, 20, -1,
      174, 20, 175, -1,
      176, 175, 19, -1,
      19, 175, 20, -1,
      176, 19, 29, -1,
      176, 29, 177, -1,
      177, 29, 28, -1,
      177, 28, 178, -1,
      178, 28, 27, -1,
      178, 27, 179, -1,
      179, 27, 25, -1,
      179, 25, 180, -1,
      180, 25, 24, -1,
      180, 24, 181, -1,
      181, 24, 182, -1,
      182, 24, 23, -1,
      23, 9, 182, -1,
      182, 9, 7, -1,
      182, 7, 183, -1,
      183, 7, 8, -1,
      183, 8, 184, -1,
      184, 8, 13, -1,
      184, 13, 185, -1,
      185, 13, 12, -1,
      185, 12, 186, -1,
      186, 12, 11, -1,
      186, 11, 187, -1,
      187, 11, 10, -1,
      187, 10, 188, -1,
      55, 189, 190, -1,
      188, 10, 2, -1,
      188, 2, 191, -1,
      191, 2, 4, -1,
      191, 4, 190, -1,
      190, 4, 56, -1,
      190, 56, 55, -1,
      189, 55, 59, -1,
      189, 59, 192, -1,
      192, 59, 70, -1,
      192, 70, 193, -1,
      193, 70, 69, -1,
      193, 69, 194, -1,
      194, 69, 68, -1,
      194, 68, 195, -1,
      195, 68, 62, -1,
      195, 62, 196, -1,
      196, 62, 61, -1,
      196, 61, 197, -1,
      197, 61, 67, -1,
      197, 67, 198, -1,
      198, 67, 66, -1,
      198, 66, 199, -1,
      199, 66, 65, -1,
      199, 65, 200, -1,
      200, 65, 64, -1,
      200, 64, 201, -1,
      201, 64, 63, -1,
      201, 63, 202, -1,
      202, 63, 60, -1,
      202, 60, 203, -1,
      203, 60, 58, -1,
      203, 58, 204, -1,
      204, 58, 57, -1,
      204, 57, 140, -1,
      167, 168, 181, -1,
      181, 168, 180, -1,
      180, 168, 169, -1,
      180, 169, 179, -1,
      199, 150, 151, -1,
      192, 159, 189, -1,
      189, 159, 160, -1,
      199, 151, 198, -1,
      198, 151, 152, -1,
      198, 152, 197, -1,
      197, 152, 153, -1,
      197, 153, 196, -1,
      196, 153, 154, -1,
      196, 154, 195, -1,
      195, 154, 155, -1,
      195, 155, 194, -1,
      194, 155, 156, -1,
      194, 156, 193, -1,
      193, 156, 157, -1,
      193, 157, 192, -1,
      192, 157, 158, -1,
      192, 158, 159, -1,
      150, 199, 149, -1,
      149, 199, 200, -1,
      149, 200, 148, -1,
      146, 140, 145, -1,
      145, 140, 142, -1,
      145, 142, 144, -1,
      144, 142, 141, -1,
      144, 141, 143, -1,
      169, 170, 179, -1,
      179, 170, 171, -1,
      179, 171, 178, -1,
      178, 171, 172, -1,
      178, 172, 177, -1,
      177, 172, 173, -1,
      177, 173, 176, -1,
      176, 173, 174, -1,
      176, 174, 175, -1,
      200, 201, 148, -1,
      148, 201, 202, -1,
      148, 202, 147, -1,
      147, 202, 203, -1,
      147, 203, 146, -1,
      146, 203, 204, -1,
      146, 204, 140, -1,
      181, 182, 167, -1,
      167, 182, 183, -1,
      167, 183, 166, -1,
      166, 183, 184, -1,
      166, 184, 165, -1,
      165, 184, 185, -1,
      165, 185, 164, -1,
      164, 185, 186, -1,
      164, 186, 163, -1,
      163, 186, 187, -1,
      163, 187, 162, -1,
      162, 187, 188, -1,
      162, 188, 161, -1,
      161, 188, 191, -1,
      161, 191, 160, -1,
      160, 191, 190, -1,
      160, 190, 189, -1,
      205, 206, 71, -1,
      71, 206, 72, -1,
      207, 205, 77, -1,
      77, 205, 71, -1,
      207, 77, 78, -1,
      207, 78, 208, -1,
      208, 78, 75, -1,
      208, 75, 209, -1,
      210, 209, 74, -1,
      74, 209, 75, -1,
      211, 210, 73, -1,
      73, 210, 74, -1,
      81, 212, 76, -1,
      76, 212, 211, -1,
      76, 211, 73, -1,
      213, 212, 80, -1,
      80, 212, 81, -1,
      82, 214, 79, -1,
      79, 214, 213, -1,
      79, 213, 80, -1,
      84, 215, 83, -1,
      83, 215, 214, -1,
      83, 214, 82, -1,
      84, 94, 215, -1,
      215, 94, 216, -1,
      94, 93, 216, -1,
      216, 93, 92, -1,
      216, 92, 217, -1,
      217, 92, 91, -1,
      217, 91, 218, -1,
      218, 91, 90, -1,
      218, 90, 219, -1,
      219, 90, 89, -1,
      219, 89, 220, -1,
      220, 89, 88, -1,
      220, 88, 221, -1,
      221, 88, 87, -1,
      221, 87, 222, -1,
      222, 87, 86, -1,
      222, 86, 223, -1,
      224, 223, 85, -1,
      85, 223, 86, -1,
      224, 85, 98, -1,
      224, 98, 225, -1,
      225, 98, 97, -1,
      225, 97, 226, -1,
      226, 97, 96, -1,
      95, 227, 96, -1,
      96, 227, 228, -1,
      96, 228, 226, -1,
      95, 104, 227, -1,
      227, 104, 103, -1,
      227, 103, 229, -1,
      229, 103, 102, -1,
      229, 102, 230, -1,
      230, 102, 100, -1,
      230, 100, 231, -1,
      231, 100, 99, -1,
      231, 99, 232, -1,
      72, 206, 101, -1,
      101, 206, 232, -1,
      101, 232, 99, -1,
      208, 209, 232, -1,
      222, 223, 224, -1,
      206, 205, 232, -1,
      232, 205, 207, -1,
      232, 207, 208, -1,
      212, 213, 211, -1,
      211, 213, 214, -1,
      211, 214, 210, -1,
      209, 210, 232, -1,
      232, 210, 214, -1,
      232, 214, 231, -1,
      222, 224, 221, -1,
      221, 224, 225, -1,
      221, 225, 220, -1,
      220, 225, 226, -1,
      220, 226, 219, -1,
      219, 226, 228, -1,
      219, 228, 218, -1,
      218, 228, 227, -1,
      218, 227, 217, -1,
      214, 215, 231, -1,
      231, 215, 216, -1,
      231, 216, 230, -1,
      230, 216, 217, -1,
      230, 217, 229, -1,
      229, 217, 227, -1,
      233, 234, 111, -1,
      111, 234, 112, -1,
      108, 235, 107, -1,
      107, 235, 233, -1,
      107, 233, 111, -1,
      236, 235, 106, -1,
      106, 235, 108, -1,
      113, 237, 105, -1,
      105, 237, 236, -1,
      105, 236, 106, -1,
      238, 237, 114, -1,
      114, 237, 113, -1,
      118, 239, 115, -1,
      115, 239, 238, -1,
      115, 238, 114, -1,
      240, 239, 117, -1,
      117, 239, 118, -1,
      110, 241, 116, -1,
      116, 241, 240, -1,
      116, 240, 117, -1,
      242, 241, 109, -1,
      109, 241, 110, -1,
      121, 243, 122, -1,
      122, 243, 242, -1,
      122, 242, 109, -1,
      244, 243, 120, -1,
      120, 243, 121, -1,
      112, 234, 119, -1,
      119, 234, 244, -1,
      119, 244, 120, -1,
      244, 234, 233, -1,
      233, 235, 244, -1,
      244, 235, 236, -1,
      244, 236, 243, -1,
      241, 242, 240, -1,
      240, 242, 243, -1,
      240, 243, 239, -1,
      239, 243, 236, -1,
      239, 236, 238, -1,
      238, 236, 237, -1,
      245, 246, 247, -1,
      247, 246, 248, -1,
      247, 248, 249, -1,
      249, 248, 250, -1,
      249, 250, 251, -1,
      251, 250, 252, -1,
      251, 252, 253, -1,
      253, 252, 254, -1,
      253, 254, 255, -1,
      255, 254, 256, -1,
      255, 256, 257, -1,
      257, 256, 258, -1,
      257, 258, 259, -1,
      259, 258, 260, -1,
      259, 260, 261, -1,
      261, 260, 262, -1,
      261, 262, 263, -1,
      263, 262, 264, -1,
      263, 264, 265, -1,
      265, 264, 266, -1,
      265, 266, 267, -1,
      267, 266, 268, -1,
      267, 268, 269, -1,
      269, 268, 270, -1,
      269, 270, 271, -1,
      271, 270, 272, -1,
      271, 272, 273, -1,
      273, 272, 274, -1,
      273, 274, 275, -1,
      275, 274, 276, -1,
      275, 276, 277, -1,
      277, 276, 278, -1,
      277, 278, 279, -1,
      279, 278, 245, -1,
      279, 245, 247, -1,
      253, 255, 132, -1,
      132, 255, 131, -1,
      253, 132, 133, -1,
      253, 133, 251, -1,
      251, 133, 129, -1,
      251, 129, 249, -1,
      249, 129, 128, -1,
      249, 128, 247, -1,
      247, 128, 127, -1,
      247, 127, 279, -1,
      279, 127, 123, -1,
      279, 123, 277, -1,
      277, 123, 124, -1,
      277, 124, 275, -1,
      275, 124, 125, -1,
      275, 125, 273, -1,
      273, 125, 126, -1,
      273, 126, 271, -1,
      271, 126, 136, -1,
      271, 136, 269, -1,
      269, 136, 135, -1,
      269, 135, 267, -1,
      267, 135, 134, -1,
      267, 134, 265, -1,
      265, 134, 139, -1,
      265, 139, 263, -1,
      263, 139, 138, -1,
      263, 138, 261, -1,
      261, 138, 137, -1,
      261, 137, 259, -1,
      257, 259, 130, -1,
      130, 259, 137, -1,
      255, 257, 131, -1,
      131, 257, 130, -1,
      260, 258, 280, -1,
      280, 258, 281, -1,
      258, 256, 281, -1,
      281, 256, 282, -1,
      256, 254, 282, -1,
      282, 254, 283, -1,
      246, 284, 285, -1,
      246, 285, 248, -1,
      248, 285, 286, -1,
      248, 286, 250, -1,
      250, 286, 287, -1,
      250, 287, 252, -1,
      252, 287, 283, -1,
      252, 283, 254, -1,
      274, 288, 289, -1,
      274, 289, 276, -1,
      276, 289, 290, -1,
      276, 290, 278, -1,
      278, 290, 291, -1,
      278, 291, 245, -1,
      245, 291, 284, -1,
      245, 284, 246, -1,
      266, 292, 293, -1,
      266, 293, 268, -1,
      268, 293, 294, -1,
      268, 294, 270, -1,
      270, 294, 295, -1,
      270, 295, 272, -1,
      272, 295, 288, -1,
      272, 288, 274, -1,
      260, 280, 296, -1,
      260, 296, 262, -1,
      262, 296, 297, -1,
      262, 297, 264, -1,
      264, 297, 292, -1,
      264, 292, 266, -1,
    ]
  }
}

Shape {
  appearance Appearance {
    material Material {
      diffuseColor 0.8510 0.8510 0.8510
      specularColor 0.4235 0.4235 0.4235
      ambientIntensity 0.2
      transparency 0.0000
      shininess 0.5
    }
  }
  geometry IndexedFaceSet {
    ccw TRUE
    solid FALSE
    coord DEF co Coordinate {
      point [
        0.168087 -0.010626 0.275591,
        0.162038 -0.010626 0.275591,
        0.162038 -0.041491 0.275591,
        0.167851 -0.041491 0.275591,
        0.179753 -0.037315 0.275591,
        0.179015 -0.037985 0.275591,
        0.176363 -0.039721 0.275591,
        0.172939 -0.040943 0.275591,
        0.184031 -0.025669 0.275591,
        0.183899 -0.028201 0.275591,
        0.183123 -0.031869 0.275591,
        0.181746 -0.034843 0.275591,
        0.179641 -0.014392 0.275591,
        0.180956 -0.015723 0.275591,
        0.182459 -0.018027 0.275591,
        0.183537 -0.021059 0.275591,
        0.173242 -0.011195 0.275591,
        0.176715 -0.012448 0.275591,
      ]
    }
    coordIndex [
      1, 2, 0, -1,
      0, 2, 3, -1,
      0, 3, 7, -1,
      7, 6, 0, -1,
      0, 6, 5, -1,
      0, 5, 4, -1,
      4, 11, 0, -1,
      0, 11, 10, -1,
      0, 10, 9, -1,
      9, 8, 0, -1,
      0, 8, 15, -1,
      0, 15, 14, -1,
      14, 13, 0, -1,
      0, 13, 12, -1,
      0, 12, 16, -1,
      16, 12, 17, -1,
    ]
  }
}

Shape {
  appearance Appearance {
    material Material {
      diffuseColor 0.0000 0.0000 0.0000
      specularColor 0.0000 0.0000 0.0000
      ambientIntensity 0.2
      transparency 0.0000
      shininess 0.5
    }
  }
  geometry IndexedFaceSet {
    ccw TRUE
    solid FALSE
    coord DEF co Coordinate {
      point [
        0.197396 -0.046055 0.275591,
        0.191686 -0.046055 0.275591,
        0.221998 -0.046055 0.275591,
        0.217915 -0.035105 0.275591,
        0.201244 -0.035105 0.275591,
        0.227709 -0.046055 0.275591,
        0.212460 -0.006020 0.275591,
        0.206934 -0.006020 0.275591,
        0.202881 -0.030581 0.275984,
        0.201244 -0.035105 0.275984,
        0.216319 -0.030581 0.275984,
        0.217915 -0.035105 0.275984,
        0.208869 -0.013941 0.275984,
        0.206934 -0.006020 0.275984,
        0.191686 -0.046055 0.275984,
        0.197396 -0.046055 0.275984,
        0.209215 -0.012746 0.275984,
        0.209523 -0.011137 0.275984,
        0.212460 -0.006020 0.275984,
        0.209646 -0.011137 0.275984,
        0.209970 -0.012831 0.275984,
        0.210270 -0.013941 0.275984,
        0.227709 -0.046055 0.275984,
        0.221998 -0.046055 0.275984,
        0.202881 -0.030581 0.275591,
        0.216319 -0.030581 0.275591,
        0.210270 -0.013941 0.275591,
        0.209646 -0.011137 0.275591,
        0.209970 -0.012831 0.275591,
        0.209523 -0.011137 0.275591,
        0.208869 -0.013941 0.275591,
        0.209215 -0.012746 0.275591,
      ]
    }
    coordIndex [
      8, 9, 10, -1,
      10, 9, 11, -1,
      12, 13, 8, -1,
      8, 13, 14, -1,
      8, 14, 9, -1,
      9, 14, 15, -1,
      12, 16, 13, -1,
      13, 16, 17, -1,
      13, 17, 18, -1,
      18, 17, 19, -1,
      18, 19, 20, -1,
      20, 21, 18, -1,
      18, 21, 10, -1,
      18, 10, 22, -1,
      22, 10, 11, -1,
      22, 11, 23, -1,
      18, 22, 6, -1,
      6, 22, 5, -1,
      13, 18, 7, -1,
      7, 18, 6, -1,
      14, 13, 1, -1,
      1, 13, 7, -1,
      15, 14, 0, -1,
      0, 14, 1, -1,
      9, 15, 4, -1,
      4, 15, 0, -1,
      11, 9, 3, -1,
      3, 9, 4, -1,
      23, 11, 2, -1,
      2, 11, 3, -1,
      22, 23, 5, -1,
      5, 23, 2, -1,
      8, 10, 24, -1,
      24, 10, 25, -1,
      10, 21, 25, -1,
      25, 21, 26, -1,
      19, 27, 28, -1,
      19, 28, 20, -1,
      20, 28, 26, -1,
      20, 26, 21, -1,
      19, 17, 27, -1,
      27, 17, 29, -1,
      12, 30, 31, -1,
      12, 31, 16, -1,
      16, 31, 29, -1,
      16, 29, 17, -1,
      12, 8, 30, -1,
      30, 8, 24, -1,
    ]
  }
}

Shape {
  appearance Appearance {
    material Material {
      diffuseColor 0.8510 0.8510 0.8510
      specularColor 0.4235 0.4235 0.4235
      ambientIntensity 0.2
      transparency 0.0000
      shininess 0.5
    }
  }
  geometry IndexedFaceSet {
    ccw TRUE
    solid FALSE
    coord DEF co Coordinate {
      point [
        0.202881 -0.030581 0.275591,
        0.216319 -0.030581 0.275591,
        0.210270 -0.013941 0.275591,
        0.209646 -0.011137 0.275591,
        0.209970 -0.012831 0.275591,
        0.209523 -0.011137 0.275591,
        0.208869 -0.013941 0.275591,
        0.209215 -0.012746 0.275591,
      ]
    }
    coordIndex [
      3, 5, 4, -1,
      4, 5, 7, -1,
      4, 7, 2, -1,
      2, 7, 6, -1,
      2, 6, 1, -1,
      1, 6, 0, -1,
    ]
  }
}

Shape {
  appearance Appearance {
    material Material {
      diffuseColor 0.0000 0.0000 0.0000
      specularColor 0.0000 0.0000 0.0000
      ambientIntensity 0.2
      transparency 0.0000
      shininess 0.5
    }
  }
  geometry IndexedFaceSet {
    ccw TRUE
    solid FALSE
    coord DEF co Coordinate {
      point [
        -0.033467 0.025783 0.275591,
        -0.025905 0.019107 0.275591,
        -0.072131 0.061966 0.275591,
        -0.065976 0.057829 0.275591,
        -0.059436 0.053431 0.275591,
        -0.050112 0.042674 0.275591,
        -0.044065 0.030944 0.275591,
        -0.041861 0.030177 0.275591,
        -0.125389 0.061419 0.275591,
        -0.112266 0.066489 0.275591,
        -0.098148 0.068233 0.275591,
        -0.086415 0.067000 0.275591,
        -0.131180 0.057829 0.275591,
        -0.132305 0.057131 0.275591,
        -0.193445 0.017119 0.275591,
        -0.190996 0.022670 0.275591,
        -0.184110 0.031513 0.275591,
        -0.162638 0.043779 0.275591,
        -0.151376 0.045176 0.275591,
        -0.138994 0.051403 0.275591,
        -0.148102 0.044998 0.275591,
        -0.144829 0.044607 0.275591,
        -0.182226 0.033298 0.275591,
        -0.173179 0.039673 0.275591,
        -0.166409 -0.044531 0.275591,
        -0.176690 -0.039510 0.275591,
        -0.185533 -0.031962 0.275591,
        -0.191987 -0.022768 0.275591,
        -0.196088 -0.012176 0.275591,
        -0.197488 -0.000936 0.275591,
        -0.197413 0.001712 0.275591,
        -0.196764 0.005380 0.275591,
        -0.195520 0.012412 0.275591,
        -0.162761 -0.045625 0.275591,
        -0.162403 -0.046393 0.275591,
        -0.159918 -0.051715 0.275591,
        -0.155689 -0.056941 0.275591,
        -0.128848 -0.064136 0.275591,
        -0.135720 -0.064980 0.275591,
        -0.136839 -0.064959 0.275591,
        -0.143559 -0.063906 0.275591,
        -0.147489 -0.062252 0.275591,
        -0.150124 -0.061142 0.275591,
        -0.109041 -0.046393 0.275591,
        -0.109055 -0.046449 0.275591,
        -0.112410 -0.052802 0.275591,
        -0.116826 -0.057760 0.275591,
        -0.122498 -0.061702 0.275591,
        -0.123932 -0.062252 0.275591,
        -0.114372 -0.017445 0.275591,
        -0.076230 0.002480 0.275591,
        -0.119333 -0.012925 0.275591,
        -0.125370 -0.009685 0.275591,
        -0.070154 -0.046063 0.275591,
        -0.072060 -0.045460 0.275591,
        -0.073996 -0.044269 0.275591,
        -0.075238 -0.043059 0.275591,
        -0.033667 -0.004185 0.275591,
        -0.034992 0.001285 0.275591,
        -0.037187 0.005380 0.275591,
        -0.178850 0.005380 0.275591,
        -0.074272 -0.030681 0.275591,
        -0.072495 -0.029492 0.275591,
        -0.067406 -0.012606 0.275591,
        -0.070526 -0.028774 0.275591,
        -0.021237 -0.026349 0.275591,
        -0.026417 -0.033385 0.275591,
        -0.027452 -0.034467 0.275591,
        -0.034969 -0.040453 0.275591,
        -0.177198 -0.011665 0.275591,
        -0.173771 -0.017506 0.275591,
        -0.159317 -0.020415 0.275591,
        -0.168665 -0.022745 0.275591,
        -0.162477 -0.026554 0.275591,
        -0.148784 -0.010999 0.275591,
        -0.154607 -0.015038 0.275591,
        -0.179556 -0.000367 0.275591,
        -0.179225 -0.004692 0.275591,
        -0.016983 0.002148 0.275591,
        -0.015886 -0.006344 0.275591,
        -0.015926 -0.008139 0.275591,
        -0.017452 -0.017450 0.275591,
        -0.043732 -0.044484 0.275591,
        -0.052320 -0.046194 0.275591,
        -0.069114 -0.046194 0.275591,
        -0.077369 -0.037370 0.275591,
        -0.077323 -0.036479 0.275591,
        -0.107256 -0.033670 0.275591,
        -0.076810 -0.034298 0.275591,
        -0.075761 -0.032319 0.275591,
        -0.142495 -0.008599 0.275591,
        -0.135720 -0.007767 0.275591,
        -0.132240 -0.007975 0.275591,
        -0.076435 -0.041253 0.275591,
        -0.077142 -0.039314 0.275591,
        -0.107404 -0.039419 0.275591,
        -0.107256 -0.036516 0.275591,
        -0.068545 -0.028546 0.275591,
        -0.068268 -0.028566 0.275591,
        -0.067414 -0.028755 0.275591,
        -0.039302 -0.021674 0.275591,
        -0.036173 -0.017233 0.275591,
        -0.034214 -0.012159 0.275591,
        -0.033533 -0.006629 0.275591,
        -0.066837 -0.028831 0.275591,
        -0.054028 -0.028831 0.275591,
        -0.048957 -0.027864 0.275591,
        -0.043930 -0.025546 0.275591,
        -0.039715 -0.022117 0.275591,
        -0.058013 0.015574 0.275591,
        -0.176277 0.012856 0.275591,
        -0.178711 0.006506 0.275591,
        -0.055736 0.015574 0.275591,
        -0.037629 0.006204 0.275591,
        -0.040952 0.009920 0.275591,
        -0.045368 0.013000 0.275591,
        -0.050337 0.014909 0.275591,
        -0.173315 0.017119 0.275591,
        -0.136005 0.023828 0.275591,
        -0.138113 0.024977 0.275591,
        -0.062528 0.029933 0.275591,
        -0.068357 0.038115 0.275591,
        -0.072079 0.041683 0.275591,
        -0.080192 0.047012 0.275591,
        -0.089191 0.050200 0.275591,
        -0.144498 0.027291 0.275591,
        -0.151091 0.028098 0.275591,
        -0.153994 0.027950 0.275591,
        -0.058288 0.017119 0.275591,
        -0.058877 0.020432 0.275591,
        -0.097863 0.051154 0.275591,
        -0.099584 0.051119 0.275591,
        -0.132249 0.031887 0.275591,
        -0.109047 0.049611 0.275591,
        -0.126091 0.039675 0.275591,
        -0.118279 0.045669 0.275591,
        -0.161024 0.026299 0.275591,
        -0.167377 0.022944 0.275591,
        -0.172335 0.018528 0.275591,
        -0.024541 0.017119 0.275591,
        -0.020268 0.010890 0.275591,
        -0.018197 0.005380 0.275591,
        -0.159918 -0.051715 0.275984,
        -0.155689 -0.056941 0.275984,
        -0.162477 -0.026554 0.275984,
        -0.167377 0.022944 0.275984,
        -0.161024 0.026299 0.275984,
        -0.162638 0.043779 0.275984,
        -0.107256 -0.036516 0.275984,
        -0.107256 -0.033670 0.275984,
        -0.131404 -0.026704 0.275984,
        -0.134088 -0.025868 0.275984,
        -0.151376 0.045176 0.275984,
        -0.127133 -0.030131 0.275984,
        -0.125801 -0.032418 0.275984,
        -0.107404 -0.039419 0.275984,
        -0.067406 -0.012606 0.275984,
        -0.076230 0.002480 0.275984,
        -0.114372 -0.017445 0.275984,
        -0.136005 -0.025700 0.275984,
        -0.138701 -0.026034 0.275984,
        -0.142495 -0.008599 0.275984,
        -0.141193 -0.026994 0.275984,
        -0.148784 -0.010999 0.275984,
        -0.143430 -0.028557 0.275984,
        -0.154607 -0.015038 0.275984,
        -0.144804 -0.030035 0.275984,
        -0.159317 -0.020415 0.275984,
        -0.146216 -0.032433 0.275984,
        -0.146983 -0.035136 0.275984,
        -0.125370 -0.009685 0.275984,
        -0.132240 -0.007975 0.275984,
        -0.135720 -0.007767 0.275984,
        -0.144829 0.044607 0.275984,
        -0.136005 0.023828 0.275984,
        -0.132249 0.031887 0.275984,
        -0.168665 -0.022745 0.275984,
        -0.166409 -0.044531 0.275984,
        -0.162761 -0.045625 0.275984,
        -0.129045 -0.028162 0.275984,
        -0.143478 -0.045002 0.275984,
        -0.141224 -0.046591 0.275984,
        -0.150124 -0.061142 0.275984,
        -0.138604 -0.047591 0.275984,
        -0.138994 0.051403 0.275984,
        -0.126091 0.039675 0.275984,
        -0.132305 0.057131 0.275984,
        -0.118279 0.045669 0.275984,
        -0.125389 0.061419 0.275984,
        -0.153994 0.027950 0.275984,
        -0.151091 0.028098 0.275984,
        -0.148102 0.044998 0.275984,
        -0.144498 0.027291 0.275984,
        -0.138113 0.024977 0.275984,
        -0.119333 -0.012925 0.275984,
        -0.058013 0.015574 0.275984,
        -0.055736 0.015574 0.275984,
        -0.044065 0.030944 0.275984,
        -0.050337 0.014909 0.275984,
        -0.041861 0.030177 0.275984,
        -0.045368 0.013000 0.275984,
        -0.033467 0.025783 0.275984,
        -0.040952 0.009920 0.275984,
        -0.025905 0.019107 0.275984,
        -0.037629 0.006204 0.275984,
        -0.020268 0.010890 0.275984,
        -0.034992 0.001285 0.275984,
        -0.016983 0.002148 0.275984,
        -0.033667 -0.004185 0.275984,
        -0.015886 -0.006344 0.275984,
        -0.033533 -0.006629 0.275984,
        -0.015926 -0.008139 0.275984,
        -0.034214 -0.012159 0.275984,
        -0.070154 -0.046063 0.275984,
        -0.069114 -0.046194 0.275984,
        -0.066837 -0.028831 0.275984,
        -0.112266 0.066489 0.275984,
        -0.109047 0.049611 0.275984,
        -0.098148 0.068233 0.275984,
        -0.059436 0.053431 0.275984,
        -0.068357 0.038115 0.275984,
        -0.050112 0.042674 0.275984,
        -0.062528 0.029933 0.275984,
        -0.058877 0.020432 0.275984,
        -0.178711 0.006506 0.275984,
        -0.197413 0.001712 0.275984,
        -0.179556 -0.000367 0.275984,
        -0.197488 -0.000936 0.275984,
        -0.179225 -0.004692 0.275984,
        -0.196088 -0.012176 0.275984,
        -0.177198 -0.011665 0.275984,
        -0.191987 -0.022768 0.275984,
        -0.173771 -0.017506 0.275984,
        -0.185533 -0.031962 0.275984,
        -0.176690 -0.039510 0.275984,
        -0.145270 -0.042916 0.275984,
        -0.146458 -0.040554 0.275984,
        -0.147052 -0.037913 0.275984,
        -0.054028 -0.028831 0.275984,
        -0.052320 -0.046194 0.275984,
        -0.048957 -0.027864 0.275984,
        -0.043732 -0.044484 0.275984,
        -0.043930 -0.025546 0.275984,
        -0.034969 -0.040453 0.275984,
        -0.039715 -0.022117 0.275984,
        -0.027452 -0.034467 0.275984,
        -0.039302 -0.021674 0.275984,
        -0.026417 -0.033385 0.275984,
        -0.036173 -0.017233 0.275984,
        -0.021237 -0.026349 0.275984,
        -0.017452 -0.017450 0.275984,
        -0.173179 0.039673 0.275984,
        -0.182226 0.033298 0.275984,
        -0.172335 0.018528 0.275984,
        -0.184110 0.031513 0.275984,
        -0.176277 0.012856 0.275984,
        -0.190996 0.022670 0.275984,
        -0.195520 0.012412 0.275984,
        -0.125047 -0.035006 0.275984,
        -0.124946 -0.037764 0.275984,
        -0.109055 -0.046449 0.275984,
        -0.125548 -0.040516 0.275984,
        -0.112410 -0.052802 0.275984,
        -0.126809 -0.043006 0.275984,
        -0.116826 -0.057760 0.275984,
        -0.128619 -0.045082 0.275984,
        -0.122498 -0.061702 0.275984,
        -0.130796 -0.046607 0.275984,
        -0.128848 -0.064136 0.275984,
        -0.133272 -0.047565 0.275984,
        -0.135720 -0.064980 0.275984,
        -0.136005 -0.047902 0.275984,
        -0.136839 -0.064959 0.275984,
        -0.143559 -0.063906 0.275984,
        -0.099584 0.051119 0.275984,
        -0.097863 0.051154 0.275984,
        -0.086415 0.067000 0.275984,
        -0.089191 0.050200 0.275984,
        -0.072131 0.061966 0.275984,
        -0.080192 0.047012 0.275984,
        -0.072079 0.041683 0.275984,
        -0.077323 -0.036479 0.275984,
        -0.077369 -0.037370 0.275984,
        -0.068268 -0.028566 0.275984,
        -0.077142 -0.039314 0.275984,
        -0.076435 -0.041253 0.275984,
        -0.075238 -0.043059 0.275984,
        -0.073996 -0.044269 0.275984,
        -0.067414 -0.028755 0.275984,
        -0.072060 -0.045460 0.275984,
        -0.068545 -0.028546 0.275984,
        -0.070526 -0.028774 0.275984,
        -0.072495 -0.029492 0.275984,
        -0.074272 -0.030681 0.275984,
        -0.075761 -0.032319 0.275984,
        -0.076810 -0.034298 0.275984,
        -0.136005 -0.025700 0.275591,
        -0.134088 -0.025868 0.275591,
        -0.131404 -0.026704 0.275591,
        -0.129045 -0.028162 0.275591,
        -0.127133 -0.030131 0.275591,
        -0.125801 -0.032418 0.275591,
        -0.125047 -0.035006 0.275591,
        -0.124946 -0.037764 0.275591,
        -0.125548 -0.040516 0.275591,
        -0.126809 -0.043006 0.275591,
        -0.128619 -0.045082 0.275591,
        -0.130796 -0.046607 0.275591,
        -0.133272 -0.047565 0.275591,
        -0.136005 -0.047902 0.275591,
        -0.138604 -0.047591 0.275591,
        -0.141224 -0.046591 0.275591,
        -0.143478 -0.045002 0.275591,
        -0.145270 -0.042916 0.275591,
        -0.146458 -0.040554 0.275591,
        -0.147052 -0.037913 0.275591,
        -0.146983 -0.035136 0.275591,
        -0.146216 -0.032433 0.275591,
        -0.144804 -0.030035 0.275591,
        -0.143430 -0.028557 0.275591,
        -0.141193 -0.026994 0.275591,
        -0.138701 -0.026034 0.275591,
      ]
    }
    coordIndex [
      142, 143, 144, -1,
      145, 146, 147, -1,
      148, 149, 150, -1,
      150, 149, 151, -1,
      147, 146, 152, -1,
      153, 154, 155, -1,
      156, 157, 149, -1,
      149, 157, 158, -1,
      149, 158, 151, -1,
      151, 158, 159, -1,
      160, 161, 162, -1,
      162, 161, 163, -1,
      162, 163, 164, -1,
      164, 163, 165, -1,
      164, 165, 166, -1,
      166, 165, 167, -1,
      166, 167, 168, -1,
      168, 167, 144, -1,
      168, 144, 169, -1,
      170, 171, 160, -1,
      160, 171, 172, -1,
      160, 172, 161, -1,
      173, 174, 175, -1,
      176, 177, 144, -1,
      144, 177, 178, -1,
      144, 178, 142, -1,
      148, 150, 155, -1,
      155, 150, 179, -1,
      155, 179, 153, -1,
      180, 143, 181, -1,
      181, 143, 182, -1,
      181, 182, 183, -1,
      173, 175, 184, -1,
      184, 175, 185, -1,
      184, 185, 186, -1,
      186, 185, 187, -1,
      186, 187, 188, -1,
      146, 189, 152, -1,
      152, 189, 190, -1,
      152, 190, 191, -1,
      191, 190, 192, -1,
      191, 192, 173, -1,
      173, 192, 193, -1,
      173, 193, 174, -1,
      159, 158, 160, -1,
      160, 158, 194, -1,
      160, 194, 170, -1,
      195, 196, 197, -1,
      197, 196, 198, -1,
      197, 198, 199, -1,
      199, 198, 200, -1,
      199, 200, 201, -1,
      201, 200, 202, -1,
      201, 202, 203, -1,
      203, 202, 204, -1,
      203, 204, 205, -1,
      205, 204, 206, -1,
      205, 206, 207, -1,
      207, 206, 208, -1,
      207, 208, 209, -1,
      209, 208, 210, -1,
      209, 210, 211, -1,
      211, 210, 212, -1,
      213, 214, 215, -1,
      188, 187, 216, -1,
      216, 187, 217, -1,
      216, 217, 218, -1,
      219, 220, 221, -1,
      221, 220, 222, -1,
      221, 222, 197, -1,
      197, 222, 223, -1,
      197, 223, 195, -1,
      224, 225, 226, -1,
      226, 225, 227, -1,
      226, 227, 228, -1,
      228, 227, 229, -1,
      228, 229, 230, -1,
      230, 229, 231, -1,
      230, 231, 232, -1,
      232, 231, 233, -1,
      232, 233, 176, -1,
      176, 233, 234, -1,
      176, 234, 177, -1,
      180, 235, 143, -1,
      143, 235, 236, -1,
      143, 236, 144, -1,
      144, 236, 237, -1,
      144, 237, 169, -1,
      215, 214, 238, -1,
      238, 214, 239, -1,
      238, 239, 240, -1,
      240, 239, 241, -1,
      240, 241, 242, -1,
      242, 241, 243, -1,
      242, 243, 244, -1,
      244, 243, 245, -1,
      244, 245, 246, -1,
      246, 245, 247, -1,
      246, 247, 248, -1,
      248, 247, 249, -1,
      248, 249, 212, -1,
      212, 249, 250, -1,
      212, 250, 211, -1,
      147, 251, 145, -1,
      145, 251, 252, -1,
      145, 252, 253, -1,
      253, 252, 254, -1,
      253, 254, 255, -1,
      255, 254, 256, -1,
      255, 256, 224, -1,
      224, 256, 257, -1,
      224, 257, 225, -1,
      154, 258, 155, -1,
      155, 258, 259, -1,
      155, 259, 260, -1,
      260, 259, 261, -1,
      260, 261, 262, -1,
      262, 261, 263, -1,
      262, 263, 264, -1,
      264, 263, 265, -1,
      264, 265, 266, -1,
      266, 265, 267, -1,
      266, 267, 268, -1,
      268, 267, 269, -1,
      268, 269, 270, -1,
      270, 269, 271, -1,
      270, 271, 272, -1,
      272, 271, 183, -1,
      272, 183, 273, -1,
      273, 183, 182, -1,
      217, 274, 218, -1,
      218, 274, 275, -1,
      218, 275, 276, -1,
      276, 275, 277, -1,
      276, 277, 278, -1,
      278, 277, 279, -1,
      278, 279, 219, -1,
      219, 279, 280, -1,
      219, 280, 220, -1,
      281, 282, 283, -1,
      283, 282, 284, -1,
      284, 285, 283, -1,
      283, 285, 286, -1,
      283, 286, 287, -1,
      215, 288, 213, -1,
      213, 288, 283, -1,
      213, 283, 289, -1,
      289, 283, 287, -1,
      283, 290, 281, -1,
      281, 290, 291, -1,
      281, 291, 292, -1,
      292, 293, 281, -1,
      281, 293, 294, -1,
      281, 294, 295, -1,
      209, 79, 78, -1,
      139, 203, 205, -1,
      209, 78, 207, -1,
      207, 78, 141, -1,
      207, 141, 205, -1,
      205, 141, 140, -1,
      205, 140, 139, -1,
      139, 1, 203, -1,
      203, 1, 0, -1,
      203, 0, 201, -1,
      201, 0, 7, -1,
      201, 7, 199, -1,
      199, 7, 6, -1,
      199, 6, 197, -1,
      197, 6, 5, -1,
      197, 5, 221, -1,
      221, 5, 4, -1,
      221, 4, 219, -1,
      278, 219, 3, -1,
      3, 219, 4, -1,
      3, 2, 278, -1,
      278, 2, 11, -1,
      278, 11, 276, -1,
      276, 11, 10, -1,
      276, 10, 218, -1,
      13, 186, 12, -1,
      12, 186, 188, -1,
      12, 188, 8, -1,
      8, 188, 216, -1,
      8, 216, 9, -1,
      9, 216, 218, -1,
      9, 218, 10, -1,
      186, 13, 19, -1,
      186, 19, 184, -1,
      184, 19, 21, -1,
      184, 21, 173, -1,
      173, 21, 20, -1,
      173, 20, 191, -1,
      191, 20, 18, -1,
      191, 18, 152, -1,
      152, 18, 17, -1,
      152, 17, 147, -1,
      147, 17, 23, -1,
      147, 23, 251, -1,
      251, 23, 22, -1,
      251, 22, 252, -1,
      252, 22, 16, -1,
      252, 16, 254, -1,
      29, 227, 225, -1,
      254, 16, 15, -1,
      254, 15, 256, -1,
      256, 15, 14, -1,
      256, 14, 257, -1,
      14, 32, 257, -1,
      257, 32, 31, -1,
      257, 31, 225, -1,
      225, 31, 30, -1,
      225, 30, 29, -1,
      227, 29, 28, -1,
      227, 28, 229, -1,
      229, 28, 27, -1,
      229, 27, 231, -1,
      231, 27, 26, -1,
      231, 26, 233, -1,
      233, 26, 25, -1,
      233, 25, 234, -1,
      234, 25, 24, -1,
      234, 24, 177, -1,
      177, 24, 33, -1,
      177, 33, 178, -1,
      178, 33, 34, -1,
      178, 34, 142, -1,
      34, 35, 142, -1,
      142, 35, 36, -1,
      142, 36, 143, -1,
      143, 36, 42, -1,
      143, 42, 182, -1,
      182, 42, 41, -1,
      182, 41, 273, -1,
      41, 40, 273, -1,
      273, 40, 39, -1,
      273, 39, 272, -1,
      272, 39, 38, -1,
      272, 38, 270, -1,
      96, 148, 155, -1,
      270, 38, 37, -1,
      270, 37, 268, -1,
      268, 37, 48, -1,
      268, 48, 266, -1,
      48, 47, 266, -1,
      266, 47, 46, -1,
      266, 46, 264, -1,
      264, 46, 45, -1,
      264, 45, 262, -1,
      262, 45, 44, -1,
      262, 44, 260, -1,
      260, 44, 43, -1,
      260, 43, 155, -1,
      155, 43, 95, -1,
      155, 95, 96, -1,
      149, 148, 87, -1,
      87, 148, 96, -1,
      156, 149, 63, -1,
      63, 149, 87, -1,
      157, 156, 50, -1,
      50, 156, 63, -1,
      158, 157, 49, -1,
      49, 157, 50, -1,
      158, 49, 51, -1,
      158, 51, 194, -1,
      194, 51, 52, -1,
      194, 52, 170, -1,
      170, 52, 92, -1,
      170, 92, 171, -1,
      171, 92, 91, -1,
      171, 91, 172, -1,
      172, 91, 90, -1,
      172, 90, 161, -1,
      161, 90, 74, -1,
      161, 74, 163, -1,
      163, 74, 75, -1,
      163, 75, 165, -1,
      165, 75, 71, -1,
      165, 71, 167, -1,
      167, 71, 73, -1,
      167, 73, 144, -1,
      144, 73, 72, -1,
      144, 72, 176, -1,
      176, 72, 70, -1,
      176, 70, 232, -1,
      232, 70, 69, -1,
      232, 69, 230, -1,
      230, 69, 77, -1,
      230, 77, 228, -1,
      228, 77, 76, -1,
      228, 76, 226, -1,
      226, 76, 224, -1,
      224, 76, 60, -1,
      60, 111, 224, -1,
      224, 111, 110, -1,
      224, 110, 255, -1,
      255, 110, 117, -1,
      255, 117, 253, -1,
      117, 138, 253, -1,
      253, 138, 137, -1,
      253, 137, 145, -1,
      145, 137, 136, -1,
      145, 136, 146, -1,
      146, 136, 127, -1,
      146, 127, 189, -1,
      189, 127, 126, -1,
      189, 126, 190, -1,
      190, 126, 125, -1,
      190, 125, 192, -1,
      192, 125, 119, -1,
      192, 119, 193, -1,
      193, 119, 118, -1,
      193, 118, 174, -1,
      174, 118, 132, -1,
      174, 132, 175, -1,
      175, 132, 134, -1,
      175, 134, 185, -1,
      185, 134, 135, -1,
      185, 135, 187, -1,
      187, 135, 133, -1,
      187, 133, 217, -1,
      217, 133, 131, -1,
      217, 131, 274, -1,
      274, 131, 130, -1,
      274, 130, 275, -1,
      109, 195, 128, -1,
      128, 195, 223, -1,
      128, 223, 129, -1,
      129, 223, 222, -1,
      129, 222, 120, -1,
      120, 222, 220, -1,
      120, 220, 121, -1,
      121, 220, 280, -1,
      121, 280, 122, -1,
      122, 280, 279, -1,
      122, 279, 123, -1,
      123, 279, 277, -1,
      123, 277, 124, -1,
      124, 277, 275, -1,
      124, 275, 130, -1,
      196, 195, 112, -1,
      112, 195, 109, -1,
      196, 112, 116, -1,
      196, 116, 198, -1,
      198, 116, 115, -1,
      198, 115, 200, -1,
      200, 115, 114, -1,
      200, 114, 202, -1,
      202, 114, 113, -1,
      202, 113, 204, -1,
      204, 113, 59, -1,
      204, 59, 206, -1,
      59, 58, 206, -1,
      206, 58, 57, -1,
      206, 57, 208, -1,
      208, 57, 103, -1,
      208, 103, 210, -1,
      210, 103, 102, -1,
      210, 102, 212, -1,
      212, 102, 101, -1,
      212, 101, 248, -1,
      248, 101, 100, -1,
      248, 100, 246, -1,
      246, 100, 108, -1,
      246, 108, 244, -1,
      244, 108, 107, -1,
      244, 107, 242, -1,
      242, 107, 106, -1,
      242, 106, 240, -1,
      240, 106, 105, -1,
      240, 105, 238, -1,
      215, 238, 104, -1,
      104, 238, 105, -1,
      215, 104, 99, -1,
      215, 99, 288, -1,
      288, 99, 98, -1,
      288, 98, 283, -1,
      283, 98, 97, -1,
      283, 97, 290, -1,
      290, 97, 64, -1,
      290, 64, 291, -1,
      291, 64, 62, -1,
      291, 62, 292, -1,
      292, 62, 61, -1,
      292, 61, 293, -1,
      293, 61, 89, -1,
      293, 89, 294, -1,
      294, 89, 88, -1,
      294, 88, 295, -1,
      295, 88, 86, -1,
      295, 86, 281, -1,
      281, 86, 85, -1,
      281, 85, 282, -1,
      282, 85, 94, -1,
      282, 94, 284, -1,
      284, 94, 93, -1,
      284, 93, 285, -1,
      285, 93, 56, -1,
      285, 56, 286, -1,
      286, 56, 55, -1,
      286, 55, 287, -1,
      287, 55, 54, -1,
      287, 54, 289, -1,
      289, 54, 53, -1,
      289, 53, 213, -1,
      213, 53, 84, -1,
      213, 84, 214, -1,
      239, 214, 83, -1,
      83, 214, 84, -1,
      239, 83, 82, -1,
      239, 82, 241, -1,
      241, 82, 68, -1,
      241, 68, 243, -1,
      243, 68, 67, -1,
      243, 67, 245, -1,
      245, 67, 66, -1,
      245, 66, 247, -1,
      247, 66, 65, -1,
      247, 65, 249, -1,
      249, 65, 81, -1,
      249, 81, 250, -1,
      250, 81, 80, -1,
      250, 80, 211, -1,
      211, 80, 79, -1,
      211, 79, 209, -1,
      159, 296, 297, -1,
      159, 297, 151, -1,
      151, 297, 298, -1,
      151, 298, 150, -1,
      150, 298, 299, -1,
      150, 299, 179, -1,
      179, 299, 300, -1,
      179, 300, 153, -1,
      153, 300, 301, -1,
      153, 301, 154, -1,
      154, 301, 302, -1,
      154, 302, 258, -1,
      258, 302, 303, -1,
      258, 303, 259, -1,
      259, 303, 304, -1,
      259, 304, 261, -1,
      261, 304, 305, -1,
      261, 305, 263, -1,
      263, 305, 306, -1,
      263, 306, 265, -1,
      265, 306, 307, -1,
      265, 307, 267, -1,
      267, 307, 308, -1,
      267, 308, 269, -1,
      269, 308, 309, -1,
      269, 309, 271, -1,
      271, 309, 310, -1,
      271, 310, 183, -1,
      183, 310, 311, -1,
      183, 311, 181, -1,
      181, 311, 312, -1,
      181, 312, 180, -1,
      180, 312, 313, -1,
      180, 313, 235, -1,
      235, 313, 314, -1,
      235, 314, 236, -1,
      236, 314, 315, -1,
      236, 315, 237, -1,
      237, 315, 316, -1,
      237, 316, 169, -1,
      169, 316, 317, -1,
      169, 317, 168, -1,
      168, 317, 318, -1,
      168, 318, 166, -1,
      166, 318, 319, -1,
      166, 319, 164, -1,
      164, 319, 320, -1,
      164, 320, 162, -1,
      162, 320, 321, -1,
      162, 321, 160, -1,
      160, 321, 296, -1,
      160, 296, 159, -1,
    ]
  }
}

Shape {
  appearance Appearance {
    material Material {
      diffuseColor 0.8510 0.8510 0.8510
      specularColor 0.4235 0.4235 0.4235
      ambientIntensity 0.2
      transparency 0.0000
      shininess 0.5
    }
  }
  geometry IndexedFaceSet {
    ccw TRUE
    solid FALSE
    coord DEF co Coordinate {
      point [
        -0.136005 -0.025700 0.275591,
        -0.134088 -0.025868 0.275591,
        -0.131404 -0.026704 0.275591,
        -0.129045 -0.028162 0.275591,
        -0.127133 -0.030131 0.275591,
        -0.125801 -0.032418 0.275591,
        -0.125047 -0.035006 0.275591,
        -0.124946 -0.037764 0.275591,
        -0.125548 -0.040516 0.275591,
        -0.126809 -0.043006 0.275591,
        -0.128619 -0.045082 0.275591,
        -0.130796 -0.046607 0.275591,
        -0.133272 -0.047565 0.275591,
        -0.136005 -0.047902 0.275591,
        -0.138604 -0.047591 0.275591,
        -0.141224 -0.046591 0.275591,
        -0.143478 -0.045002 0.275591,
        -0.145270 -0.042916 0.275591,
        -0.146458 -0.040554 0.275591,
        -0.147052 -0.037913 0.275591,
        -0.146983 -0.035136 0.275591,
        -0.146216 -0.032433 0.275591,
        -0.144804 -0.030035 0.275591,
        -0.143430 -0.028557 0.275591,
        -0.141193 -0.026994 0.275591,
        -0.138701 -0.026034 0.275591,
      ]
    }
    coordIndex [
      13, 23, 22, -1,
      0, 13, 1, -1,
      1, 13, 12, -1,
      0, 25, 13, -1,
      13, 25, 24, -1,
      13, 24, 23, -1,
      10, 4, 3, -1,
      18, 17, 22, -1,
      22, 17, 16, -1,
      12, 11, 1, -1,
      1, 11, 10, -1,
      1, 10, 2, -1,
      2, 10, 3, -1,
      21, 20, 22, -1,
      22, 20, 19, -1,
      22, 19, 18, -1,
      16, 15, 22, -1,
      22, 15, 14, -1,
      22, 14, 13, -1,
      8, 7, 9, -1,
      9, 7, 6, -1,
      9, 6, 10, -1,
      10, 6, 5, -1,
      10, 5, 4, -1,
    ]
  }
}
