#VRML V2.0 utf8

Shape {
  appearance Appearance {
    material Material {
      diffuseColor 0.2235 0.2235 0.2235
      specularColor 0.1137 0.1137 0.1137
      ambientIntensity 0.2
      transparency 0.0000
      shininess 0.5
    }
  }
  geometry IndexedFaceSet {
    ccw TRUE
    solid FALSE
    coord DEF co Coordinate {
      point [
        -0.075882 0.629921 0.197421,
        -0.076508 0.629921 0.191905,
        -0.077554 0.629921 0.212063,
        0.008285 0.629921 0.108136,
        0.011119 0.629921 0.107809,
        0.002221 0.629921 0.108421,
        0.026899 0.629921 0.126629,
        0.041216 0.629921 0.126730,
        0.041312 0.629921 0.113263,
        -0.506080 0.629921 0.023622,
        -0.847870 0.629921 0.023622,
        -0.847870 0.629921 0.057245,
        -0.127239 0.629921 0.023622,
        -0.506080 0.629921 0.057245,
        -0.089687 0.629921 0.023622,
        -0.127239 0.629921 0.057245,
        0.021665 0.629921 0.023622,
        -0.004937 0.629921 0.023622,
        -0.004937 0.629921 0.057245,
        -0.004937 0.629921 0.211536,
        -0.004937 0.629921 0.212063,
        -0.003159 0.629921 0.212063,
        0.040610 0.629921 0.212242,
        0.040611 0.629921 0.212063,
        0.024056 0.629921 0.212063,
        0.172487 0.629921 0.109185,
        0.173332 0.629921 0.107620,
        0.062765 0.629921 0.107620,
        0.097091 0.629921 0.181417,
        0.089419 0.629921 0.174831,
        0.062765 0.629921 0.212063,
        0.062765 0.629921 0.171384,
        0.133102 0.629921 0.216493,
        0.126824 0.629921 0.212063,
        0.122143 0.629921 0.208761,
        0.112327 0.629921 0.197069,
        0.106932 0.629921 0.186165,
        0.105531 0.629921 0.185683,
        0.160748 0.629921 0.223836,
        0.147178 0.629921 0.222084,
        0.062765 0.629921 0.299213,
        0.173514 0.629921 0.222509,
        0.847870 0.629921 0.299213,
        0.186759 0.629921 0.217864,
        0.847870 0.629921 0.212063,
        0.196066 0.629921 0.212063,
        0.194983 0.629921 0.212978,
        0.225358 0.629921 0.199853,
        0.214139 0.629921 0.201158,
        0.201713 0.629921 0.207297,
        0.210867 0.629921 0.200957,
        0.207596 0.629921 0.200543,
        0.246969 0.629921 0.187728,
        0.245031 0.629921 0.189536,
        0.235931 0.629921 0.195835,
        0.847870 0.629921 0.171384,
        0.847870 0.629921 0.159937,
        0.260137 0.629921 0.159937,
        0.258487 0.629921 0.168796,
        0.257317 0.629921 0.171384,
        0.253870 0.629921 0.179010,
        0.229750 0.629921 0.111539,
        0.240003 0.629921 0.116620,
        0.847870 0.629921 0.107620,
        0.248842 0.629921 0.124264,
        0.255280 0.629921 0.133597,
        0.259280 0.629921 0.144223,
        0.260577 0.629921 0.155374,
        0.260476 0.629921 0.158112,
        0.226168 0.629921 0.110440,
        0.224874 0.629921 0.107620,
        0.223357 0.629921 0.104313,
        0.847870 0.629921 0.100959,
        0.847870 0.629921 0.057245,
        0.219161 0.629921 0.099059,
        0.220678 0.629921 0.100959,
        0.200363 0.629921 0.090921,
        0.207076 0.629921 0.092017,
        0.213623 0.629921 0.094823,
        0.186005 0.629921 0.094085,
        0.192370 0.629921 0.091693,
        0.062765 0.629921 0.057245,
        0.199265 0.629921 0.090893,
        0.062765 0.629921 0.100959,
        0.175898 0.629921 0.102865,
        0.177622 0.629921 0.100959,
        0.180307 0.629921 0.097990,
        0.080252 0.629921 0.157973,
        0.079017 0.629921 0.148678,
        0.062765 0.629921 0.159937,
        0.135999 0.629921 0.125825,
        0.134040 0.629921 0.126583,
        0.130581 0.629921 0.142781,
        0.177580 0.629921 0.138276,
        0.139298 0.629921 0.157930,
        0.182521 0.629921 0.142840,
        0.188538 0.629921 0.146120,
        0.137758 0.629921 0.124597,
        0.096788 0.629921 0.151009,
        0.098085 0.629921 0.156486,
        0.099913 0.629921 0.159937,
        0.242104 0.629921 0.159937,
        0.084037 0.629921 0.129538,
        0.089741 0.629921 0.121712,
        0.097534 0.629921 0.115210,
        0.106249 0.629921 0.111022,
        0.131832 0.629921 0.126850,
        0.131556 0.629921 0.126828,
        0.130703 0.629921 0.126633,
        0.080397 0.629921 0.138524,
        0.240342 0.629921 0.144452,
        0.236989 0.629921 0.138650,
        0.222557 0.629921 0.135608,
        0.231922 0.629921 0.133372,
        0.225748 0.629921 0.129509,
        0.211963 0.629921 0.144956,
        0.217812 0.629921 0.140955,
        0.242641 0.629921 0.155816,
        0.242332 0.629921 0.151434,
        0.205659 0.629921 0.147316,
        0.198859 0.629921 0.148105,
        0.195396 0.629921 0.147875,
        0.102550 0.629921 0.133506,
        0.099387 0.629921 0.137923,
        0.097389 0.629921 0.142982,
        0.096667 0.629921 0.148519,
        0.140719 0.629921 0.118089,
        0.140639 0.629921 0.119212,
        0.170579 0.629921 0.122001,
        0.140052 0.629921 0.121374,
        0.138943 0.629921 0.123308,
        0.136006 0.629921 0.110231,
        0.137843 0.629921 0.111556,
        0.138500 0.629921 0.112235,
        0.139728 0.629921 0.114031,
        0.140464 0.629921 0.115967,
        0.170774 0.629921 0.116201,
        0.170599 0.629921 0.119155,
        0.130127 0.629921 0.126553,
        0.117318 0.629921 0.126462,
        0.112206 0.629921 0.127404,
        0.115733 0.629921 0.109087,
        0.132527 0.629921 0.109207,
        0.134128 0.629921 0.109476,
        0.107167 0.629921 0.129694,
        0.102933 0.629921 0.133100,
        0.120988 0.629921 0.170894,
        0.239261 0.629921 0.169030,
        0.241743 0.629921 0.162698,
        0.118711 0.629921 0.170878,
        0.100696 0.629921 0.161417,
        0.103956 0.629921 0.165109,
        0.108349 0.629921 0.168223,
        0.113303 0.629921 0.170172,
        0.126997 0.629921 0.188029,
        0.133362 0.629921 0.195746,
        0.198920 0.629921 0.179702,
        0.134084 0.629921 0.196413,
        0.142042 0.629921 0.202019,
        0.194509 0.629921 0.188671,
        0.237597 0.629921 0.171384,
        0.200950 0.629921 0.180830,
        0.121092 0.629921 0.171384,
        0.122672 0.629921 0.178826,
        0.207317 0.629921 0.183206,
        0.213975 0.629921 0.184078,
        0.216931 0.629921 0.183946,
        0.188072 0.629921 0.196254,
        0.150944 0.629921 0.205502,
        0.180395 0.629921 0.201779,
        0.160585 0.629921 0.206756,
        0.171070 0.629921 0.205481,
        0.223970 0.629921 0.182332,
        0.230339 0.629921 0.179011,
        0.235275 0.629921 0.174671,
        0.086983 0.629921 0.171384,
        0.083668 0.629921 0.166691,
        0.081021 0.629921 0.159937,
        -0.127239 0.629921 0.159937,
        -0.143799 0.629921 0.147421,
        -0.149325 0.629921 0.147382,
        -0.128315 0.629921 0.107620,
        -0.127239 0.629921 0.107620,
        -0.128267 0.629921 0.107496,
        -0.127239 0.629921 0.100959,
        -0.133978 0.629921 0.107455,
        -0.158579 0.629921 0.107281,
        -0.158456 0.629921 0.107620,
        -0.134037 0.629921 0.107620,
        -0.154574 0.629921 0.118260,
        -0.137903 0.629921 0.118378,
        -0.077554 0.629921 0.147891,
        -0.085263 0.629921 0.147837,
        -0.089687 0.629921 0.159937,
        -0.085231 0.629921 0.143231,
        -0.077554 0.629921 0.130473,
        -0.084004 0.629921 0.130427,
        -0.085922 0.629921 0.112361,
        -0.085890 0.629921 0.107796,
        -0.089687 0.629921 0.107620,
        -0.077554 0.629921 0.112420,
        -0.083971 0.629921 0.125843,
        -0.077554 0.629921 0.125888,
        -0.069654 0.629921 0.125944,
        -0.069559 0.629921 0.112476,
        -0.077554 0.629921 0.143286,
        -0.069778 0.629921 0.143341,
        -0.069687 0.629921 0.130529,
        -0.044638 0.629921 0.115191,
        -0.045235 0.629921 0.112833,
        -0.045368 0.629921 0.112832,
        -0.077554 0.629921 0.107620,
        -0.077554 0.629921 0.107856,
        -0.064359 0.629921 0.107949,
        -0.059158 0.629921 0.136580,
        -0.040004 0.629921 0.159937,
        -0.053959 0.629921 0.136617,
        -0.040004 0.629921 0.128833,
        -0.045998 0.629921 0.115141,
        -0.045605 0.629921 0.113811,
        -0.012135 0.629921 0.108381,
        -0.009596 0.629921 0.109341,
        -0.004937 0.629921 0.107620,
        -0.009632 0.629921 0.114519,
        -0.004937 0.629921 0.159937,
        -0.011659 0.629921 0.113253,
        -0.012135 0.629921 0.113073,
        -0.012135 0.629921 0.123707,
        -0.011157 0.629921 0.124680,
        -0.010511 0.629921 0.125730,
        -0.009969 0.629921 0.127265,
        -0.009767 0.629921 0.129214,
        -0.009978 0.629921 0.131006,
        -0.011972 0.629921 0.123817,
        -0.017456 0.629921 0.107620,
        -0.017341 0.629921 0.107607,
        -0.012135 0.629921 0.100959,
        -0.017239 0.629921 0.107620,
        -0.012135 0.629921 0.107620,
        -0.012616 0.629921 0.108199,
        -0.027726 0.629921 0.136189,
        -0.027692 0.629921 0.131318,
        -0.030336 0.629921 0.107620,
        -0.013024 0.629921 0.135290,
        -0.014678 0.629921 0.136245,
        -0.012135 0.629921 0.159937,
        -0.010587 0.629921 0.132616,
        -0.011528 0.629921 0.133964,
        -0.012135 0.629921 0.134503,
        -0.028702 0.629921 0.113965,
        -0.028074 0.629921 0.112380,
        -0.027130 0.629921 0.111064,
        -0.017479 0.629921 0.137176,
        -0.020961 0.629921 0.137506,
        -0.030336 0.629921 0.159937,
        -0.024476 0.629921 0.137169,
        -0.027309 0.629921 0.120718,
        -0.028236 0.629921 0.119330,
        -0.028760 0.629921 0.117848,
        -0.028954 0.629921 0.115978,
        -0.025687 0.629921 0.109820,
        -0.024491 0.629921 0.109098,
        -0.021838 0.629921 0.108104,
        -0.020441 0.629921 0.133436,
        -0.018956 0.629921 0.133335,
        -0.014938 0.629921 0.129628,
        -0.017611 0.629921 0.132990,
        -0.016483 0.629921 0.132400,
        -0.014980 0.629921 0.128960,
        -0.015173 0.629921 0.128180,
        -0.015529 0.629921 0.127500,
        -0.016015 0.629921 0.126959,
        -0.017774 0.629921 0.125841,
        -0.023626 0.629921 0.133064,
        -0.020868 0.629921 0.124468,
        -0.026457 0.629921 0.132030,
        -0.022804 0.629921 0.123669,
        -0.026122 0.629921 0.121793,
        -0.015722 0.629921 0.131737,
        -0.015287 0.629921 0.131102,
        -0.015035 0.629921 0.130426,
        -0.014798 0.629921 0.112068,
        -0.017302 0.629921 0.120850,
        -0.014322 0.629921 0.122241,
        -0.017861 0.629921 0.111697,
        -0.018082 0.629921 0.111697,
        -0.020585 0.629921 0.119448,
        -0.020655 0.629921 0.111967,
        -0.023804 0.629921 0.115523,
        -0.023759 0.629921 0.116148,
        -0.021952 0.629921 0.112431,
        -0.022411 0.629921 0.112705,
        -0.022991 0.629921 0.113212,
        -0.023433 0.629921 0.113856,
        -0.023693 0.629921 0.114567,
        -0.023537 0.629921 0.116932,
        -0.023154 0.629921 0.117600,
        -0.022533 0.629921 0.118255,
        -0.089687 0.629921 0.212063,
        -0.094115 0.629921 0.211287,
        -0.099641 0.629921 0.211247,
        -0.078583 0.629921 0.171361,
        -0.078593 0.629921 0.171384,
        -0.077554 0.629921 0.171384,
        -0.089687 0.629921 0.199905,
        -0.084317 0.629921 0.171384,
        -0.084294 0.629921 0.171320,
        -0.077554 0.629921 0.159937,
        -0.064643 0.629921 0.147983,
        -0.089687 0.629921 0.171384,
        -0.089687 0.629921 0.182233,
        -0.088219 0.629921 0.182243,
        -0.104890 0.629921 0.182125,
        -0.108808 0.629921 0.171384,
        -0.108895 0.629921 0.171146,
        -0.114606 0.629921 0.171106,
        -0.114502 0.629921 0.171384,
        -0.127239 0.629921 0.171384,
        -0.127239 0.629921 0.212063,
        -0.030336 0.629921 0.212063,
        -0.030336 0.629921 0.211739,
        -0.035579 0.629921 0.211702,
        -0.030336 0.629921 0.194320,
        -0.034320 0.629921 0.194292,
        -0.035546 0.629921 0.207096,
        -0.040004 0.629921 0.212063,
        -0.040004 0.629921 0.171384,
        -0.034287 0.629921 0.189707,
        -0.030336 0.629921 0.189735,
        -0.019970 0.629921 0.189809,
        -0.030336 0.629921 0.176268,
        -0.019875 0.629921 0.176342,
        -0.030336 0.629921 0.207133,
        -0.020094 0.629921 0.207206,
        -0.020003 0.629921 0.194394,
        -0.014675 0.629921 0.171814,
        -0.012135 0.629921 0.171384,
        -0.030336 0.629921 0.171384,
        -0.036239 0.629921 0.176226,
        -0.036206 0.629921 0.171661,
        -0.030336 0.629921 0.171703,
        -0.014959 0.629921 0.211848,
        -0.012135 0.629921 0.212063,
        0.040861 0.629921 0.176772,
        0.024917 0.629921 0.176659,
        0.024056 0.629921 0.171384,
        0.024950 0.629921 0.172095,
        0.046061 0.629921 0.172245,
        0.045779 0.629921 0.212063,
        0.045778 0.629921 0.212279,
        0.024056 0.629921 0.299213,
        -0.006939 0.629921 0.210943,
        -0.006901 0.629921 0.205539,
        -0.002407 0.629921 0.207357,
        0.002518 0.629921 0.207981,
        -0.004937 0.629921 0.177702,
        -0.006709 0.629921 0.178482,
        -0.006457 0.629921 0.205783,
        -0.004937 0.629921 0.206374,
        0.004441 0.629921 0.207898,
        0.007878 0.629921 0.207180,
        0.011000 0.629921 0.205667,
        0.017052 0.629921 0.197103,
        0.017750 0.629921 0.191612,
        0.003646 0.629921 0.175874,
        0.013458 0.629921 0.203617,
        0.013733 0.629921 0.203320,
        -0.002753 0.629921 0.176740,
        0.001781 0.629921 0.175930,
        0.015687 0.629921 0.200552,
        0.017694 0.629921 0.189763,
        0.017024 0.629921 0.185837,
        0.015702 0.629921 0.182649,
        0.013901 0.629921 0.180163,
        0.012761 0.629921 0.179059,
        0.007115 0.629921 0.176252,
        0.010058 0.629921 0.177276,
        0.021665 0.629921 0.299213,
        0.007649 0.629921 0.212063,
        -0.004937 0.629921 0.299213,
        0.002536 0.629921 0.212648,
        -0.002703 0.629921 0.212198,
        0.021665 0.629921 0.212063,
        0.020213 0.629921 0.203087,
        0.017283 0.629921 0.206857,
        0.016287 0.629921 0.207795,
        0.012520 0.629921 0.210393,
        0.008325 0.629921 0.211986,
        0.022145 0.629921 0.198653,
        0.021665 0.629921 0.199755,
        0.021665 0.629921 0.182812,
        0.022433 0.629921 0.184825,
        0.023176 0.629921 0.191343,
        0.023091 0.629921 0.193433,
        0.021665 0.629921 0.171384,
        0.006447 0.629921 0.171384,
        0.006847 0.629921 0.171406,
        0.011178 0.629921 0.172331,
        0.014943 0.629921 0.174140,
        0.018141 0.629921 0.176837,
        0.018469 0.629921 0.177200,
        0.020834 0.629921 0.180635,
        0.021665 0.629921 0.159937,
        0.004426 0.629921 0.171274,
        0.003182 0.629921 0.171384,
        -0.006674 0.629921 0.173529,
        -0.005988 0.629921 0.173193,
        -0.004937 0.629921 0.171384,
        -0.004937 0.629921 0.172857,
        -0.001680 0.629921 0.171814,
        -0.040004 0.629921 0.107620,
        -0.040004 0.629921 0.115234,
        -0.031711 0.629921 0.136775,
        -0.037320 0.629921 0.136735,
        -0.042725 0.629921 0.108164,
        -0.042491 0.629921 0.107620,
        -0.040488 0.629921 0.102981,
        -0.030336 0.629921 0.100959,
        -0.039290 0.629921 0.100959,
        -0.039477 0.629921 0.101164,
        -0.040004 0.629921 0.102110,
        -0.039692 0.629921 0.095643,
        -0.037708 0.629921 0.094903,
        -0.040004 0.629921 0.057245,
        -0.035681 0.629921 0.094684,
        -0.030336 0.629921 0.057245,
        -0.036593 0.629921 0.099127,
        -0.037687 0.629921 0.099546,
        -0.035322 0.629921 0.098985,
        -0.033505 0.629921 0.099235,
        -0.038536 0.629921 0.100133,
        -0.032481 0.629921 0.099578,
        -0.032450 0.629921 0.095117,
        -0.034574 0.629921 0.094732,
        -0.044484 0.629921 0.100959,
        -0.043647 0.629921 0.099356,
        -0.077554 0.629921 0.057245,
        -0.041796 0.629921 0.097165,
        -0.041452 0.629921 0.096854,
        -0.040004 0.629921 0.095857,
        -0.047502 0.629921 0.107620,
        -0.045948 0.629921 0.103761,
        -0.077554 0.629921 0.100959,
        0.847870 0.629921 0.023622,
        0.062765 0.629921 0.023622,
        -0.089687 0.629921 0.057245,
        -0.077554 0.629921 0.023622,
        -0.040004 0.629921 0.023622,
        -0.030336 0.629921 0.023622,
        -0.012135 0.629921 0.057245,
        -0.012135 0.629921 0.023622,
        -0.089687 0.629921 0.100959,
        -0.506080 0.629921 0.100959,
        0.021665 0.629921 0.057245,
        -0.004937 0.629921 0.100959,
        0.021665 0.629921 0.100959,
        0.021665 0.629921 0.107620,
        0.025640 0.629921 0.144018,
        0.041093 0.629921 0.144128,
        0.041184 0.629921 0.131315,
        0.026867 0.629921 0.131213,
        0.024948 0.629921 0.113147,
        0.046228 0.629921 0.148769,
        0.046512 0.629921 0.108735,
        0.024056 0.629921 0.107620,
        0.024056 0.629921 0.100959,
        0.024056 0.629921 0.057245,
        0.024056 0.629921 0.023622,
        0.025607 0.629921 0.148623,
        0.024056 0.629921 0.159937,
        0.024981 0.629921 0.108583,
        0.017975 0.629921 0.122257,
        0.017233 0.629921 0.130244,
        0.019011 0.629921 0.120845,
        0.019737 0.629921 0.119100,
        0.019296 0.629921 0.112216,
        0.019893 0.629921 0.113913,
        0.002190 0.629921 0.112842,
        0.002323 0.629921 0.112843,
        0.003602 0.629921 0.111055,
        0.016389 0.629921 0.123565,
        0.014175 0.629921 0.124635,
        0.014296 0.629921 0.132139,
        0.010574 0.629921 0.125469,
        0.006137 0.629921 0.133447,
        0.007835 0.629921 0.133637,
        0.011161 0.629921 0.133274,
        0.004207 0.629921 0.137390,
        0.002125 0.629921 0.136719,
        0.005261 0.629921 0.109536,
        0.006288 0.629921 0.108902,
        0.016033 0.629921 0.108917,
        0.017714 0.629921 0.110107,
        0.018263 0.629921 0.110670,
        0.000480 0.629921 0.135740,
        -0.000836 0.629921 0.134433,
        -0.001839 0.629921 0.132781,
        0.017199 0.629921 0.135116,
        0.016153 0.629921 0.135711,
        0.012413 0.629921 0.137128,
        0.007335 0.629921 0.137707,
        -0.002793 0.629921 0.108386,
        -0.002924 0.629921 0.126786,
        -0.002594 0.629921 0.130445,
        0.002092 0.629921 0.126596,
        0.002251 0.629921 0.128815,
        0.002757 0.629921 0.130604,
        0.003339 0.629921 0.131641,
        0.014116 0.629921 0.108178,
        0.020127 0.629921 0.116203,
        0.020098 0.629921 0.116974,
        0.004091 0.629921 0.132452,
        0.004977 0.629921 0.133032,
        -0.093453 0.629921 0.107743,
        -0.125050 0.629921 0.120809,
        -0.123049 0.629921 0.116683,
        -0.120048 0.629921 0.113162,
        -0.124113 0.629921 0.137385,
        -0.125566 0.629921 0.133556,
        -0.126192 0.629921 0.128040,
        -0.126054 0.629921 0.125489,
        -0.115840 0.629921 0.110191,
        -0.111263 0.629921 0.108443,
        -0.104464 0.629921 0.107665,
        -0.093737 0.629921 0.147776,
        -0.105157 0.629921 0.147695,
        -0.111265 0.629921 0.146977,
        -0.116084 0.629921 0.145178,
        -0.120255 0.629921 0.142287,
        -0.121659 0.629921 0.140893,
        -0.074429 0.629921 0.201250,
        -0.076370 0.629921 0.189354,
        -0.075366 0.629921 0.184674,
        -0.055473 0.629921 0.211561,
        -0.061581 0.629921 0.210842,
        -0.066400 0.629921 0.209043,
        -0.073365 0.629921 0.180548,
        -0.070365 0.629921 0.177028,
        -0.066156 0.629921 0.174056,
        -0.061579 0.629921 0.172307,
        -0.054780 0.629921 0.171530,
        -0.043769 0.629921 0.171608,
        -0.044053 0.629921 0.211642,
        -0.070571 0.629921 0.206152,
        -0.071976 0.629921 0.204759,
        -0.164289 0.629921 0.107240,
        -0.164148 0.629921 0.107620,
        -0.506080 0.629921 0.107620,
        -0.506080 0.629921 0.159937,
        -0.506080 0.629921 0.171384,
        -0.506080 0.629921 0.212063,
        -0.847870 0.629921 0.100959,
        -0.847870 0.629921 0.107620,
        -0.847870 0.629921 0.159937,
        -0.847870 0.629921 0.171384,
        -0.847870 0.629921 0.212063,
        -0.847870 0.629921 0.299213,
        -0.506080 0.629921 0.299213,
        -0.127239 0.629921 0.299213,
        -0.089687 0.629921 0.299213,
        -0.077554 0.629921 0.299213,
        -0.040004 0.629921 0.299213,
        -0.030336 0.629921 0.299213,
        -0.012135 0.629921 0.299213,
        -0.857343 0.576240 0.003937,
        -0.847870 0.610236 0.003937,
        0.472441 0.393701 0.003937,
        0.847870 0.610236 0.003937,
        0.857343 0.576240 0.003937,
        0.964567 -0.393701 0.003937,
        0.964567 -0.493539 0.003937,
        0.930570 -0.503013 0.003937,
        -0.847870 -0.610236 0.003937,
        -0.857343 -0.576240 0.003937,
        -0.472441 -0.393701 0.003937,
        0.472441 -0.393701 0.003937,
        0.875141 -0.545765 0.003937,
        0.857343 -0.576240 0.003937,
        0.875141 0.545765 0.003937,
        0.900096 0.520810 0.003937,
        0.964567 0.393701 0.003937,
        0.930570 0.503013 0.003937,
        0.964567 0.493539 0.003937,
        0.900096 -0.520810 0.003937,
        -0.875141 0.545765 0.003937,
        -0.472441 0.393701 0.003937,
        0.847870 -0.610236 0.003937,
        -0.875141 -0.545765 0.003937,
        -0.900096 -0.520810 0.003937,
        -0.964567 -0.393701 0.003937,
        -0.930570 -0.503013 0.003937,
        -0.964567 -0.493539 0.003937,
        -0.964567 0.393701 0.003937,
        -0.964567 0.493539 0.003937,
        -0.930570 0.503013 0.003937,
        -0.900096 0.520810 0.003937,
        0.905512 0.157480 0.196850,
        0.905512 0.157480 0.299213,
        0.905512 -0.157480 0.196850,
        0.905512 -0.157480 0.299213,
        0.907554 0.175296 0.299213,
        0.907554 0.175296 0.196850,
        0.913574 0.192188 0.299213,
        0.913574 0.192188 0.196850,
        0.923260 0.207280 0.299213,
        0.923260 0.207280 0.196850,
        0.936110 0.219789 0.299213,
        0.936110 0.219789 0.196850,
        0.951456 0.229066 0.299213,
        0.951456 0.229066 0.196850,
        0.968504 0.234630 0.299213,
        0.968504 0.234630 0.196850,
        0.968504 -0.234630 0.299213,
        0.968504 -0.234630 0.196850,
        0.951456 -0.229066 0.299213,
        0.951456 -0.229066 0.196850,
        0.936110 -0.219789 0.299213,
        0.936110 -0.219789 0.196850,
        0.923260 -0.207280 0.299213,
        0.923260 -0.207280 0.196850,
        0.913574 -0.192188 0.299213,
        0.913574 -0.192188 0.196850,
        0.907554 -0.175296 0.299213,
        0.907554 -0.175296 0.196850,
        0.969291 0.234807 0.196850,
        0.969291 0.234807 0.023622,
        0.972748 0.236068 0.023622,
        0.972766 0.236020 0.299213,
        0.976603 0.238340 0.299213,
        0.973256 0.236253 0.023622,
        0.976579 0.238376 0.023622,
        0.979815 0.241467 0.299213,
        0.976943 0.238609 0.023622,
        0.979791 0.241491 0.023622,
        0.982236 0.245240 0.299213,
        0.980019 0.241720 0.023622,
        0.982217 0.245252 0.023622,
        0.983741 0.249463 0.299213,
        0.982331 0.245435 0.023622,
        0.983730 0.249467 0.023622,
        0.984252 0.253917 0.299213,
        0.983766 0.249569 0.023622,
        0.984252 0.253917 0.023622,
        0.969291 -0.234807 0.196850,
        0.972766 -0.236020 0.299213,
        0.984252 -0.253917 0.023622,
        0.983766 -0.249569 0.023622,
        0.984252 -0.253917 0.299213,
        0.983741 -0.249463 0.299213,
        0.983730 -0.249467 0.023622,
        0.982331 -0.245435 0.023622,
        0.982236 -0.245240 0.299213,
        0.982217 -0.245252 0.023622,
        0.980019 -0.241720 0.023622,
        0.979815 -0.241467 0.299213,
        0.979791 -0.241491 0.023622,
        0.976943 -0.238609 0.023622,
        0.976603 -0.238340 0.299213,
        0.969291 -0.234807 0.023622,
        0.972748 -0.236068 0.023622,
        0.973256 -0.236253 0.023622,
        0.976579 -0.238376 0.023622,
        0.976637 0.238987 0.019274,
        0.979637 0.242022 0.019274,
        0.981892 0.245644 0.019274,
        0.969291 0.248971 0.005163,
        0.969291 0.249904 0.005041,
        0.971387 0.248534 0.005958,
        0.969291 0.252743 0.004667,
        0.969291 0.253917 0.004512,
        0.969649 0.253917 0.004643,
        0.973041 0.251998 0.005958,
        0.969291 0.247781 0.005656,
        0.969291 0.246875 0.006032,
        0.970029 0.247160 0.005958,
        0.969291 0.244362 0.007072,
        0.972347 0.244293 0.008314,
        0.969291 0.244297 0.007123,
        0.969291 0.242616 0.008413,
        0.970029 0.242812 0.008314,
        0.969291 0.240404 0.010109,
        0.971387 0.240052 0.011426,
        0.969291 0.239333 0.011506,
        0.969291 0.237367 0.014067,
        0.972407 0.237977 0.015140,
        0.969291 0.236906 0.015183,
        0.973041 0.236689 0.019274,
        0.969291 0.235458 0.018676,
        0.969291 0.235379 0.019282,
        0.983766 0.253917 0.019274,
        0.983291 0.249676 0.019274,
        0.983515 0.253917 0.018550,
        0.981892 0.249993 0.015140,
        0.982331 0.253917 0.015140,
        0.981520 0.253917 0.013838,
        0.979637 0.250504 0.011426,
        0.980019 0.253917 0.011426,
        0.975735 0.240103 0.015140,
        0.974281 0.241901 0.011426,
        0.973256 0.253917 0.005958,
        0.974354 0.253917 0.006660,
        0.976637 0.251183 0.008314,
        0.976943 0.253917 0.008314,
        0.978400 0.253917 0.009788,
        0.980597 0.246263 0.015140,
        0.978511 0.247259 0.011426,
        0.975735 0.248585 0.008314,
        0.972407 0.250173 0.005958,
        0.969291 0.251376 0.004847,
        0.978511 0.242911 0.015140,
        0.976695 0.244344 0.011426,
        0.974281 0.246249 0.008314,
        0.974354 -0.253917 0.006660,
        0.973256 -0.253917 0.005958,
        0.973041 -0.251998 0.005958,
        0.969649 -0.253917 0.004643,
        0.969291 -0.253917 0.004512,
        0.969291 -0.252763 0.004643,
        0.969291 -0.235286 0.019370,
        0.973041 -0.236689 0.019274,
        0.969291 -0.235319 0.019277,
        0.972407 -0.237977 0.015140,
        0.969291 -0.236813 0.015151,
        0.969291 -0.236700 0.015331,
        0.969291 -0.242002 0.008681,
        0.969291 -0.238976 0.011707,
        0.971387 -0.240052 0.011426,
        0.969291 -0.244076 0.007379,
        0.969291 -0.242530 0.008350,
        0.970029 -0.242812 0.008314,
        0.969291 -0.245626 0.006405,
        0.972347 -0.244293 0.008314,
        0.969291 -0.246791 0.005997,
        0.970029 -0.247160 0.005958,
        0.969291 -0.247741 0.005665,
        0.971387 -0.248534 0.005958,
        0.969291 -0.249665 0.004991,
        0.972407 -0.250173 0.005958,
        0.969291 -0.251452 0.004790,
        0.976637 -0.238987 0.019274,
        0.979637 -0.242022 0.019274,
        0.981892 -0.245644 0.019274,
        0.983291 -0.249676 0.019274,
        0.983766 -0.253917 0.019274,
        0.983515 -0.253917 0.018550,
        0.981892 -0.249993 0.015140,
        0.980597 -0.246263 0.015140,
        0.978511 -0.242911 0.015140,
        0.975735 -0.240103 0.015140,
        0.974281 -0.241901 0.011426,
        0.976695 -0.244344 0.011426,
        0.978511 -0.247259 0.011426,
        0.979637 -0.250504 0.011426,
        0.982331 -0.253917 0.015140,
        0.981520 -0.253917 0.013838,
        0.980019 -0.253917 0.011426,
        0.978400 -0.253917 0.009788,
        0.974281 -0.246249 0.008314,
        0.975735 -0.248585 0.008314,
        0.976637 -0.251183 0.008314,
        0.976943 -0.253917 0.008314,
        0.969291 0.393701 0.004512,
        0.969662 0.493539 0.004608,
        0.974409 0.493539 0.006574,
        0.978486 0.493539 0.009703,
        0.981615 0.493539 0.013780,
        0.983581 0.493539 0.018527,
        0.984252 0.493539 0.023622,
        0.969291 -0.393701 0.004512,
        0.969662 -0.493539 0.004608,
        0.974409 -0.493539 0.006574,
        0.978486 -0.493539 0.009703,
        0.981615 -0.493539 0.013780,
        0.983581 -0.493539 0.018527,
        0.984252 -0.493539 0.023622,
        -0.969291 0.393701 0.004512,
        -0.969291 0.253917 0.004512,
        -0.969649 0.253917 0.004643,
        -0.969662 0.493539 0.004608,
        -0.973256 0.253917 0.005958,
        -0.974409 0.493539 0.006574,
        -0.974354 0.253917 0.006660,
        -0.976943 0.253917 0.008314,
        -0.978486 0.493539 0.009703,
        -0.978400 0.253917 0.009788,
        -0.980019 0.253917 0.011426,
        -0.981615 0.493539 0.013780,
        -0.981520 0.253917 0.013838,
        -0.982331 0.253917 0.015140,
        -0.983581 0.493539 0.018527,
        -0.983515 0.253917 0.018550,
        -0.984252 0.493539 0.023622,
        -0.983766 0.253917 0.019274,
        -0.984252 0.253917 0.023622,
        -0.968504 0.234630 0.196850,
        -0.968504 0.234630 0.299213,
        -0.969291 0.234807 0.196850,
        -0.972766 0.236020 0.299213,
        -0.983766 0.249569 0.023622,
        -0.984252 0.253917 0.299213,
        -0.983741 0.249463 0.299213,
        -0.983730 0.249467 0.023622,
        -0.982331 0.245435 0.023622,
        -0.982236 0.245240 0.299213,
        -0.982217 0.245252 0.023622,
        -0.980019 0.241720 0.023622,
        -0.979815 0.241467 0.299213,
        -0.979791 0.241491 0.023622,
        -0.976943 0.238609 0.023622,
        -0.976603 0.238340 0.299213,
        -0.969291 0.234807 0.023622,
        -0.972748 0.236068 0.023622,
        -0.973256 0.236253 0.023622,
        -0.976579 0.238376 0.023622,
        -0.969291 -0.234807 0.196850,
        -0.969291 -0.234807 0.023622,
        -0.972748 -0.236068 0.023622,
        -0.972766 -0.236020 0.299213,
        -0.968504 -0.234630 0.299213,
        -0.968504 -0.234630 0.196850,
        -0.976603 -0.238340 0.299213,
        -0.973256 -0.236253 0.023622,
        -0.976579 -0.238376 0.023622,
        -0.979815 -0.241467 0.299213,
        -0.976943 -0.238609 0.023622,
        -0.979791 -0.241491 0.023622,
        -0.982236 -0.245240 0.299213,
        -0.980019 -0.241720 0.023622,
        -0.982217 -0.245252 0.023622,
        -0.983741 -0.249463 0.299213,
        -0.982331 -0.245435 0.023622,
        -0.983730 -0.249467 0.023622,
        -0.984252 -0.253917 0.299213,
        -0.983766 -0.249569 0.023622,
        -0.984252 -0.253917 0.023622,
        -0.969291 -0.393701 0.004512,
        -0.969662 -0.493539 0.004608,
        -0.969291 -0.253917 0.004512,
        -0.969649 -0.253917 0.004643,
        -0.973256 -0.253917 0.005958,
        -0.974409 -0.493539 0.006574,
        -0.974354 -0.253917 0.006660,
        -0.976943 -0.253917 0.008314,
        -0.978486 -0.493539 0.009703,
        -0.978400 -0.253917 0.009788,
        -0.980019 -0.253917 0.011426,
        -0.981615 -0.493539 0.013780,
        -0.981520 -0.253917 0.013838,
        -0.982331 -0.253917 0.015140,
        -0.983581 -0.493539 0.018527,
        -0.983515 -0.253917 0.018550,
        -0.983766 -0.253917 0.019274,
        -0.984252 -0.493539 0.023622,
        -0.973041 0.251998 0.005958,
        -0.969291 0.252763 0.004643,
        -0.969291 0.235286 0.019370,
        -0.973041 0.236689 0.019274,
        -0.969291 0.235319 0.019277,
        -0.972407 0.237977 0.015140,
        -0.969291 0.236813 0.015151,
        -0.969291 0.236700 0.015331,
        -0.969291 0.242002 0.008681,
        -0.969291 0.238976 0.011707,
        -0.971387 0.240052 0.011426,
        -0.969291 0.244076 0.007379,
        -0.969291 0.242530 0.008350,
        -0.970029 0.242812 0.008314,
        -0.969291 0.245626 0.006405,
        -0.972347 0.244293 0.008314,
        -0.969291 0.246791 0.005997,
        -0.970029 0.247160 0.005958,
        -0.969291 0.247741 0.005665,
        -0.971387 0.248534 0.005958,
        -0.969291 0.249665 0.004991,
        -0.972407 0.250173 0.005958,
        -0.969291 0.251452 0.004790,
        -0.976637 0.238987 0.019274,
        -0.979637 0.242022 0.019274,
        -0.981892 0.245644 0.019274,
        -0.983291 0.249676 0.019274,
        -0.981892 0.249993 0.015140,
        -0.980597 0.246263 0.015140,
        -0.978511 0.242911 0.015140,
        -0.975735 0.240103 0.015140,
        -0.974281 0.241901 0.011426,
        -0.976695 0.244344 0.011426,
        -0.978511 0.247259 0.011426,
        -0.979637 0.250504 0.011426,
        -0.974281 0.246249 0.008314,
        -0.975735 0.248585 0.008314,
        -0.976637 0.251183 0.008314,
        -0.976637 -0.238987 0.019274,
        -0.979637 -0.242022 0.019274,
        -0.981892 -0.245644 0.019274,
        -0.969291 -0.247741 0.005665,
        -0.970029 -0.247160 0.005958,
        -0.969291 -0.246791 0.005997,
        -0.969291 -0.252763 0.004643,
        -0.973041 -0.251998 0.005958,
        -0.969291 -0.245626 0.006405,
        -0.972347 -0.244293 0.008314,
        -0.969291 -0.244076 0.007379,
        -0.969291 -0.235286 0.019370,
        -0.969291 -0.235319 0.019277,
        -0.973041 -0.236689 0.019274,
        -0.969291 -0.236700 0.015331,
        -0.972407 -0.237977 0.015140,
        -0.969291 -0.238976 0.011707,
        -0.971387 -0.240052 0.011426,
        -0.969291 -0.239235 0.011448,
        -0.970029 -0.242812 0.008314,
        -0.969291 -0.242002 0.008681,
        -0.969291 -0.242530 0.008350,
        -0.983291 -0.249676 0.019274,
        -0.981892 -0.249993 0.015140,
        -0.979637 -0.250504 0.011426,
        -0.975735 -0.240103 0.015140,
        -0.974281 -0.241901 0.011426,
        -0.976637 -0.251183 0.008314,
        -0.980597 -0.246263 0.015140,
        -0.978511 -0.247259 0.011426,
        -0.975735 -0.248585 0.008314,
        -0.972407 -0.250173 0.005958,
        -0.969291 -0.251452 0.004790,
        -0.978511 -0.242911 0.015140,
        -0.976695 -0.244344 0.011426,
        -0.974281 -0.246249 0.008314,
        -0.971387 -0.248534 0.005958,
        -0.969291 -0.249665 0.004991,
        0.924074 -0.235366 0.318898,
        0.908012 -0.219730 0.318898,
        0.885827 -0.393701 0.318898,
        0.943257 -0.246962 0.318898,
        0.895905 -0.200865 0.318898,
        0.888380 -0.179750 0.318898,
        0.885827 -0.157480 0.318898,
        -0.885827 -0.393701 0.318898,
        -0.885827 -0.157480 0.318898,
        -0.888380 -0.179750 0.318898,
        -0.895905 -0.200865 0.318898,
        -0.908012 -0.219730 0.318898,
        -0.883179 -0.420583 0.318898,
        0.964567 -0.493539 0.318898,
        0.964567 -0.253917 0.318898,
        -0.964567 -0.253917 0.318898,
        -0.964567 -0.493539 0.318898,
        -0.943257 -0.246962 0.318898,
        -0.940019 -0.499419 0.318898,
        0.883179 -0.420583 0.318898,
        0.875338 -0.446433 0.318898,
        0.800763 -0.521007 0.318898,
        0.847870 -0.610236 0.318898,
        0.853749 -0.585688 0.318898,
        -0.847870 -0.610236 0.318898,
        -0.774914 -0.528848 0.318898,
        -0.800763 -0.521007 0.318898,
        -0.924074 -0.235366 0.318898,
        -0.875338 -0.446433 0.318898,
        -0.862604 -0.470256 0.318898,
        -0.916956 -0.509677 0.318898,
        -0.845467 -0.491137 0.318898,
        -0.896150 -0.523970 0.318898,
        -0.824587 -0.508273 0.318898,
        0.824587 -0.508273 0.318898,
        0.864007 -0.562625 0.318898,
        0.878301 -0.541819 0.318898,
        0.845467 -0.491137 0.318898,
        0.896150 -0.523970 0.318898,
        0.862604 -0.470256 0.318898,
        0.916956 -0.509677 0.318898,
        0.940019 -0.499419 0.318898,
        0.774914 -0.528848 0.318898,
        0.748031 -0.531496 0.318898,
        -0.748031 -0.531496 0.318898,
        -0.878301 -0.541819 0.318898,
        -0.864007 -0.562625 0.318898,
        -0.853749 -0.585688 0.318898,
        0.984252 0.493539 0.299213,
        0.984252 -0.493539 0.299213,
        -0.984252 0.493539 0.299213,
        -0.984252 -0.493539 0.299213,
        0.847870 -0.629921 0.299213,
        -0.847870 -0.629921 0.299213,
        0.847870 -0.629921 0.023622,
        -0.847870 -0.629921 0.023622,
        -0.888380 0.179750 0.318898,
        -0.885827 0.157480 0.318898,
        -0.885827 0.393701 0.318898,
        0.895905 0.200865 0.318898,
        0.885827 0.393701 0.318898,
        0.888380 0.179750 0.318898,
        0.885827 0.157480 0.318898,
        -0.924074 0.235366 0.318898,
        -0.908012 0.219730 0.318898,
        -0.895905 0.200865 0.318898,
        -0.883179 0.420583 0.318898,
        -0.964567 0.493539 0.318898,
        -0.875338 0.446433 0.318898,
        -0.940019 0.499419 0.318898,
        0.774914 0.528848 0.318898,
        0.800763 0.521007 0.318898,
        0.847870 0.610236 0.318898,
        0.964567 0.253917 0.318898,
        0.964567 0.493539 0.318898,
        0.943257 0.246962 0.318898,
        0.940019 0.499419 0.318898,
        -0.943257 0.246962 0.318898,
        -0.964567 0.253917 0.318898,
        -0.916956 0.509677 0.318898,
        -0.862604 0.470256 0.318898,
        -0.896150 0.523970 0.318898,
        -0.845467 0.491137 0.318898,
        -0.878301 0.541819 0.318898,
        -0.824587 0.508273 0.318898,
        -0.864007 0.562625 0.318898,
        0.824587 0.508273 0.318898,
        0.864007 0.562625 0.318898,
        0.853749 0.585688 0.318898,
        0.908012 0.219730 0.318898,
        0.924074 0.235366 0.318898,
        0.883179 0.420583 0.318898,
        0.875338 0.446433 0.318898,
        0.862604 0.470256 0.318898,
        0.916956 0.509677 0.318898,
        0.845467 0.491137 0.318898,
        0.896150 0.523970 0.318898,
        0.878301 0.541819 0.318898,
        -0.853749 0.585688 0.318898,
        -0.800763 0.521007 0.318898,
        -0.847870 0.610236 0.318898,
        -0.774914 0.528848 0.318898,
        -0.748031 0.531496 0.318898,
        0.748031 0.531496 0.318898,
        0.748031 -0.511811 0.338583,
        0.748031 -0.511811 0.456693,
        -0.748031 -0.511811 0.338583,
        -0.748031 -0.511811 0.456693,
        0.866142 0.393701 0.338583,
        0.866142 0.393701 0.456693,
        0.866142 -0.393701 0.338583,
        0.866142 -0.393701 0.456693,
        -0.748031 0.511811 0.338583,
        -0.748031 0.511811 0.456693,
        0.748031 0.511811 0.338583,
        0.748031 0.511811 0.456693,
        -0.866142 -0.393701 0.338583,
        -0.866142 -0.393701 0.456693,
        -0.866142 0.393701 0.338583,
        -0.866142 0.393701 0.456693,
        -0.773506 -0.488772 0.476378,
        -0.748031 -0.492126 0.476378,
        -0.846457 -0.393701 0.476378,
        0.748031 -0.492126 0.476378,
        -0.846457 0.393701 0.476378,
        0.748031 0.492126 0.476378,
        -0.748031 0.492126 0.476378,
        -0.843103 -0.419175 0.476378,
        -0.833270 -0.442913 0.476378,
        -0.817629 -0.463298 0.476378,
        0.833270 -0.442913 0.476378,
        0.843103 -0.419175 0.476378,
        0.846457 -0.393701 0.476378,
        0.846457 0.393701 0.476378,
        0.773506 0.488772 0.476378,
        0.833270 0.442913 0.476378,
        0.817629 0.463298 0.476378,
        0.797244 0.478939 0.476378,
        0.817629 -0.463298 0.476378,
        0.773506 -0.488772 0.476378,
        0.797244 -0.478939 0.476378,
        -0.797244 -0.478939 0.476378,
        0.843103 0.419175 0.476378,
        -0.773506 0.488772 0.476378,
        -0.797244 0.478939 0.476378,
        -0.843103 0.419175 0.476378,
        -0.817629 0.463298 0.476378,
        -0.833270 0.442913 0.476378,
        0.771074 -0.509542 0.456693,
        0.771074 -0.509542 0.338583,
        0.778454 -0.507303 0.456693,
        0.778454 -0.507303 0.338583,
        0.793230 -0.502820 0.456693,
        0.793230 -0.502820 0.338583,
        0.806848 -0.495541 0.456693,
        0.806848 -0.495541 0.338583,
        0.813650 -0.491906 0.456693,
        0.813650 -0.491906 0.338583,
        0.831548 -0.477217 0.456693,
        0.831548 -0.477217 0.338583,
        0.846237 -0.459319 0.456693,
        0.846237 -0.459319 0.338583,
        0.849872 -0.452518 0.456693,
        0.849872 -0.452518 0.338583,
        0.857151 -0.438900 0.456693,
        0.857151 -0.438900 0.338583,
        0.861633 -0.424123 0.456693,
        0.861633 -0.424123 0.338583,
        0.863872 -0.416743 0.456693,
        0.863872 -0.416743 0.338583,
        0.863872 0.416743 0.456693,
        0.863872 0.416743 0.338583,
        0.861633 0.424123 0.456693,
        0.861633 0.424123 0.338583,
        0.857151 0.438900 0.456693,
        0.857151 0.438900 0.338583,
        0.849872 0.452518 0.456693,
        0.849872 0.452518 0.338583,
        0.846237 0.459319 0.456693,
        0.846237 0.459319 0.338583,
        0.831548 0.477217 0.456693,
        0.831548 0.477217 0.338583,
        0.813650 0.491906 0.456693,
        0.813650 0.491906 0.338583,
        0.806848 0.495541 0.456693,
        0.806848 0.495541 0.338583,
        0.793230 0.502820 0.456693,
        0.793230 0.502820 0.338583,
        0.778454 0.507303 0.456693,
        0.778454 0.507303 0.338583,
        0.771074 0.509542 0.456693,
        0.771074 0.509542 0.338583,
        -0.771074 0.509542 0.456693,
        -0.771074 0.509542 0.338583,
        -0.778454 0.507303 0.456693,
        -0.778454 0.507303 0.338583,
        -0.793230 0.502820 0.456693,
        -0.793230 0.502820 0.338583,
        -0.806848 0.495541 0.456693,
        -0.806848 0.495541 0.338583,
        -0.813650 0.491906 0.456693,
        -0.813650 0.491906 0.338583,
        -0.831548 0.477217 0.456693,
        -0.831548 0.477217 0.338583,
        -0.846237 0.459319 0.456693,
        -0.846237 0.459319 0.338583,
        -0.849872 0.452518 0.456693,
        -0.849872 0.452518 0.338583,
        -0.857151 0.438900 0.456693,
        -0.857151 0.438900 0.338583,
        -0.861633 0.424123 0.456693,
        -0.861633 0.424123 0.338583,
        -0.863872 0.416743 0.456693,
        -0.863872 0.416743 0.338583,
        -0.863872 -0.416743 0.456693,
        -0.863872 -0.416743 0.338583,
        -0.861633 -0.424123 0.456693,
        -0.861633 -0.424123 0.338583,
        -0.857151 -0.438900 0.456693,
        -0.857151 -0.438900 0.338583,
        -0.849872 -0.452518 0.456693,
        -0.849872 -0.452518 0.338583,
        -0.846237 -0.459319 0.456693,
        -0.846237 -0.459319 0.338583,
        -0.831548 -0.477217 0.456693,
        -0.831548 -0.477217 0.338583,
        -0.813650 -0.491906 0.456693,
        -0.813650 -0.491906 0.338583,
        -0.806848 -0.495541 0.456693,
        -0.806848 -0.495541 0.338583,
        -0.793230 -0.502820 0.456693,
        -0.793230 -0.502820 0.338583,
        -0.778454 -0.507303 0.456693,
        -0.778454 -0.507303 0.338583,
        -0.771074 -0.509542 0.456693,
        -0.771074 -0.509542 0.338583,
        0.748031 -0.526424 0.319633,
        0.748031 -0.527116 0.319391,
        0.774059 -0.524552 0.319391,
        0.880755 -0.393701 0.319633,
        0.877286 -0.393701 0.320847,
        0.874802 -0.418917 0.320847,
        0.748031 -0.521712 0.321628,
        0.748031 -0.522955 0.320847,
        0.773248 -0.520472 0.320847,
        0.876043 -0.393701 0.321628,
        0.873554 -0.393701 0.323192,
        0.871141 -0.418189 0.323192,
        0.748031 -0.517664 0.324751,
        0.748031 -0.519222 0.323192,
        0.772520 -0.516811 0.323192,
        0.871995 -0.393701 0.324751,
        0.870436 -0.393701 0.326309,
        0.868084 -0.417581 0.326309,
        0.748031 -0.514541 0.328799,
        0.748031 -0.516106 0.326309,
        0.771911 -0.513754 0.326309,
        0.868872 -0.393701 0.328799,
        0.868091 -0.393701 0.330042,
        0.865784 -0.417123 0.330042,
        0.748031 -0.512546 0.333511,
        0.748031 -0.513761 0.330042,
        0.771454 -0.511454 0.330042,
        0.866878 -0.393701 0.333511,
        0.866635 -0.393701 0.334202,
        0.864356 -0.416839 0.334202,
        0.857607 -0.439089 0.334202,
        0.846647 -0.459594 0.334202,
        0.831897 -0.477566 0.334202,
        0.813924 -0.492316 0.334202,
        0.793419 -0.503276 0.334202,
        0.771170 -0.510026 0.334202,
        0.748031 -0.512305 0.334202,
        0.793976 -0.504622 0.330042,
        0.814733 -0.493527 0.330042,
        0.832926 -0.478596 0.330042,
        0.847857 -0.460402 0.330042,
        0.858952 -0.439646 0.330042,
        0.794874 -0.506788 0.326309,
        0.816036 -0.495477 0.326309,
        0.834585 -0.480254 0.326309,
        0.849807 -0.461706 0.326309,
        0.861119 -0.440543 0.326309,
        0.796067 -0.509668 0.323192,
        0.817768 -0.498069 0.323192,
        0.836789 -0.482458 0.323192,
        0.852399 -0.463437 0.323192,
        0.863998 -0.441736 0.323192,
        0.797495 -0.513116 0.320847,
        0.819841 -0.501172 0.320847,
        0.839428 -0.485097 0.320847,
        0.855502 -0.465511 0.320847,
        0.867447 -0.443164 0.320847,
        0.799087 -0.516960 0.319391,
        0.822153 -0.504631 0.319391,
        0.842370 -0.488039 0.319391,
        0.858962 -0.467822 0.319391,
        0.871291 -0.444756 0.319391,
        0.878883 -0.419729 0.319391,
        0.881446 -0.393701 0.319391,
        -0.748031 -0.526401 0.319569,
        -0.748031 -0.521654 0.321535,
        -0.748031 -0.517577 0.324663,
        -0.748031 -0.514448 0.328740,
        -0.748031 -0.512482 0.333488,
        0.880732 0.393701 0.319569,
        0.875984 0.393701 0.321535,
        0.871907 0.393701 0.324663,
        0.868779 0.393701 0.328740,
        0.866813 0.393701 0.333488,
        -0.771204 -0.510200 0.333488,
        -0.793487 -0.503440 0.333488,
        -0.814023 -0.492463 0.333488,
        -0.832022 -0.477692 0.333488,
        -0.846794 -0.459692 0.333488,
        -0.857771 -0.439156 0.333488,
        -0.864530 -0.416874 0.333488,
        -0.866813 -0.393701 0.333488,
        -0.868779 -0.393701 0.328740,
        -0.866459 -0.417257 0.328740,
        -0.859588 -0.439909 0.328740,
        -0.848430 -0.460785 0.328740,
        -0.833413 -0.479082 0.328740,
        -0.815115 -0.494099 0.328740,
        -0.794240 -0.505257 0.328740,
        -0.771588 -0.512128 0.328740,
        -0.871907 -0.393701 0.324663,
        -0.869527 -0.417868 0.324663,
        -0.862478 -0.441106 0.324663,
        -0.851030 -0.462522 0.324663,
        -0.835625 -0.481294 0.324663,
        -0.816853 -0.496700 0.324663,
        -0.795437 -0.508147 0.324663,
        -0.772198 -0.515196 0.324663,
        -0.875984 -0.393701 0.321535,
        -0.873526 -0.418663 0.321535,
        -0.866244 -0.442666 0.321535,
        -0.854420 -0.464787 0.321535,
        -0.838508 -0.484177 0.321535,
        -0.819118 -0.500090 0.321535,
        -0.796997 -0.511914 0.321535,
        -0.772994 -0.519195 0.321535,
        -0.880732 -0.393701 0.319569,
        -0.878182 -0.419589 0.319569,
        -0.870631 -0.444483 0.319569,
        -0.858368 -0.467425 0.319569,
        -0.841865 -0.487534 0.319569,
        -0.821756 -0.504037 0.319569,
        -0.798814 -0.516300 0.319569,
        -0.773920 -0.523851 0.319569,
        0.771204 0.510200 0.333488,
        0.748031 0.512482 0.333488,
        0.793487 0.503440 0.333488,
        0.814023 0.492463 0.333488,
        0.832022 0.477692 0.333488,
        0.846794 0.459692 0.333488,
        0.857771 0.439156 0.333488,
        0.864530 0.416874 0.333488,
        0.866459 0.417257 0.328740,
        0.859588 0.439909 0.328740,
        0.848430 0.460785 0.328740,
        0.833413 0.479082 0.328740,
        0.815115 0.494099 0.328740,
        0.794240 0.505257 0.328740,
        0.771588 0.512128 0.328740,
        0.748031 0.514448 0.328740,
        0.869527 0.417868 0.324663,
        0.862478 0.441106 0.324663,
        0.851030 0.462522 0.324663,
        0.835625 0.481294 0.324663,
        0.816853 0.496700 0.324663,
        0.795437 0.508147 0.324663,
        0.772198 0.515196 0.324663,
        0.748031 0.517577 0.324663,
        0.873526 0.418663 0.321535,
        0.866244 0.442666 0.321535,
        0.854420 0.464787 0.321535,
        0.838508 0.484177 0.321535,
        0.819118 0.500090 0.321535,
        0.796997 0.511914 0.321535,
        0.772994 0.519195 0.321535,
        0.748031 0.521654 0.321535,
        0.878182 0.419589 0.319569,
        0.870631 0.444483 0.319569,
        0.858368 0.467425 0.319569,
        0.841865 0.487534 0.319569,
        0.821756 0.504037 0.319569,
        0.798814 0.516300 0.319569,
        0.773920 0.523851 0.319569,
        0.748031 0.526401 0.319569,
        -0.880732 0.393701 0.319569,
        -0.875984 0.393701 0.321535,
        -0.871907 0.393701 0.324663,
        -0.868779 0.393701 0.328740,
        -0.866813 0.393701 0.333488,
        -0.748031 0.526401 0.319569,
        -0.748031 0.521654 0.321535,
        -0.748031 0.517577 0.324663,
        -0.748031 0.514448 0.328740,
        -0.748031 0.512482 0.333488,
        -0.864530 0.416874 0.333488,
        -0.857771 0.439156 0.333488,
        -0.846794 0.459692 0.333488,
        -0.832022 0.477692 0.333488,
        -0.814023 0.492463 0.333488,
        -0.793487 0.503440 0.333488,
        -0.771204 0.510200 0.333488,
        -0.771588 0.512128 0.328740,
        -0.794240 0.505257 0.328740,
        -0.815115 0.494099 0.328740,
        -0.833413 0.479082 0.328740,
        -0.848430 0.460785 0.328740,
        -0.859588 0.439909 0.328740,
        -0.866459 0.417257 0.328740,
        -0.772198 0.515196 0.324663,
        -0.795437 0.508147 0.324663,
        -0.816853 0.496700 0.324663,
        -0.835625 0.481294 0.324663,
        -0.851030 0.462522 0.324663,
        -0.862478 0.441106 0.324663,
        -0.869527 0.417868 0.324663,
        -0.772994 0.519195 0.321535,
        -0.796997 0.511914 0.321535,
        -0.819118 0.500090 0.321535,
        -0.838508 0.484177 0.321535,
        -0.854420 0.464787 0.321535,
        -0.866244 0.442666 0.321535,
        -0.873526 0.418663 0.321535,
        -0.773920 0.523851 0.319569,
        -0.798814 0.516300 0.319569,
        -0.821756 0.504037 0.319569,
        -0.841865 0.487534 0.319569,
        -0.858368 0.467425 0.319569,
        -0.870631 0.444483 0.319569,
        -0.878182 0.419589 0.319569,
        0.792974 -0.502201 0.461788,
        0.856531 -0.438643 0.461788,
        0.844565 -0.412903 0.476378,
        0.838965 -0.431367 0.476378,
        0.849563 -0.413896 0.475707,
        0.843672 -0.433316 0.475707,
        0.854219 -0.414823 0.473741,
        0.848058 -0.435133 0.473741,
        0.858217 -0.415618 0.470612,
        0.851824 -0.436693 0.470612,
        0.861285 -0.416228 0.466535,
        0.854715 -0.437891 0.466535,
        0.863214 -0.416612 0.461788,
        0.802714 -0.475538 0.476378,
        0.785697 -0.484634 0.476378,
        0.805544 -0.479774 0.475707,
        0.787647 -0.489341 0.475707,
        0.808182 -0.483722 0.473741,
        0.789464 -0.493727 0.473741,
        0.810447 -0.487112 0.470612,
        0.791024 -0.497494 0.470612,
        0.812185 -0.489713 0.466535,
        0.792221 -0.500384 0.466535,
        0.813277 -0.491348 0.461788,
        0.851552 -0.393701 0.475707,
        0.856299 -0.393701 0.473741,
        0.860376 -0.393701 0.470612,
        0.863504 -0.393701 0.466535,
        0.865471 -0.393701 0.461788,
        0.845679 -0.458947 0.461788,
        0.844044 -0.457854 0.466535,
        0.841443 -0.456116 0.470612,
        0.838053 -0.453851 0.473741,
        0.834105 -0.451213 0.475707,
        0.829869 -0.448383 0.476378,
        0.821231 -0.466900 0.475707,
        0.824588 -0.470257 0.473741,
        0.827471 -0.473141 0.470612,
        0.829683 -0.475352 0.466535,
        0.831074 -0.476743 0.461788,
        0.770943 -0.508884 0.461788,
        0.770559 -0.506955 0.466535,
        0.769949 -0.503887 0.470612,
        0.769154 -0.499888 0.473741,
        0.768227 -0.495232 0.475707,
        0.767233 -0.490235 0.476378,
        0.748031 -0.497221 0.475707,
        0.748031 -0.501969 0.473741,
        0.748031 -0.506045 0.470612,
        0.748031 -0.509174 0.466535,
        0.748031 -0.511140 0.461788,
        0.851552 0.393701 0.475707,
        0.856299 0.393701 0.473741,
        0.860376 0.393701 0.470612,
        0.863504 0.393701 0.466535,
        0.865471 0.393701 0.461788,
        -0.748031 -0.497221 0.475707,
        -0.748031 -0.501969 0.473741,
        -0.748031 -0.506045 0.470612,
        -0.748031 -0.509174 0.466535,
        -0.748031 -0.511140 0.461788,
        0.856531 0.438643 0.461788,
        0.792974 0.502201 0.461788,
        0.767233 0.490235 0.476378,
        0.785697 0.484634 0.476378,
        0.768227 0.495232 0.475707,
        0.787647 0.489341 0.475707,
        0.769154 0.499888 0.473741,
        0.789464 0.493727 0.473741,
        0.769949 0.503887 0.470612,
        0.791024 0.497494 0.470612,
        0.770559 0.506955 0.466535,
        0.792221 0.500384 0.466535,
        0.770943 0.508884 0.461788,
        0.829869 0.448383 0.476378,
        0.838965 0.431367 0.476378,
        0.834105 0.451213 0.475707,
        0.843672 0.433316 0.475707,
        0.838053 0.453851 0.473741,
        0.848058 0.435133 0.473741,
        0.841443 0.456116 0.470612,
        0.851824 0.436693 0.470612,
        0.844044 0.457854 0.466535,
        0.854715 0.437891 0.466535,
        0.845679 0.458947 0.461788,
        0.748031 0.497221 0.475707,
        0.748031 0.501969 0.473741,
        0.748031 0.506045 0.470612,
        0.748031 0.509174 0.466535,
        0.748031 0.511140 0.461788,
        0.813277 0.491348 0.461788,
        0.812185 0.489713 0.466535,
        0.810447 0.487112 0.470612,
        0.808182 0.483722 0.473741,
        0.805544 0.479774 0.475707,
        0.802714 0.475538 0.476378,
        0.821231 0.466900 0.475707,
        0.824588 0.470257 0.473741,
        0.827471 0.473141 0.470612,
        0.829683 0.475352 0.466535,
        0.831074 0.476743 0.461788,
        0.863214 0.416612 0.461788,
        0.861285 0.416228 0.466535,
        0.858217 0.415618 0.470612,
        0.854219 0.414823 0.473741,
        0.849563 0.413896 0.475707,
        0.844565 0.412903 0.476378,
        -0.856531 -0.438643 0.461788,
        -0.792974 -0.502201 0.461788,
        -0.767233 -0.490235 0.476378,
        -0.785697 -0.484634 0.476378,
        -0.768227 -0.495232 0.475707,
        -0.787647 -0.489341 0.475707,
        -0.769154 -0.499888 0.473741,
        -0.789464 -0.493727 0.473741,
        -0.769949 -0.503887 0.470612,
        -0.791024 -0.497494 0.470612,
        -0.770559 -0.506955 0.466535,
        -0.792221 -0.500384 0.466535,
        -0.770943 -0.508884 0.461788,
        -0.829869 -0.448383 0.476378,
        -0.838965 -0.431367 0.476378,
        -0.834105 -0.451213 0.475707,
        -0.843672 -0.433316 0.475707,
        -0.838053 -0.453851 0.473741,
        -0.848058 -0.435133 0.473741,
        -0.841443 -0.456116 0.470612,
        -0.851824 -0.436693 0.470612,
        -0.844044 -0.457854 0.466535,
        -0.854715 -0.437891 0.466535,
        -0.845679 -0.458947 0.461788,
        -0.813277 -0.491348 0.461788,
        -0.812185 -0.489713 0.466535,
        -0.810447 -0.487112 0.470612,
        -0.808182 -0.483722 0.473741,
        -0.805544 -0.479774 0.475707,
        -0.802714 -0.475538 0.476378,
        -0.821231 -0.466900 0.475707,
        -0.824588 -0.470257 0.473741,
        -0.827471 -0.473141 0.470612,
        -0.829683 -0.475352 0.466535,
        -0.831074 -0.476743 0.461788,
        -0.863214 -0.416612 0.461788,
        -0.861285 -0.416228 0.466535,
        -0.858217 -0.415618 0.470612,
        -0.854219 -0.414823 0.473741,
        -0.849563 -0.413896 0.475707,
        -0.844565 -0.412903 0.476378,
        -0.851552 -0.393701 0.475707,
        -0.856299 -0.393701 0.473741,
        -0.860376 -0.393701 0.470612,
        -0.863504 -0.393701 0.466535,
        -0.865471 -0.393701 0.461788,
        -0.748031 0.497221 0.475707,
        -0.748031 0.501969 0.473741,
        -0.748031 0.506045 0.470612,
        -0.748031 0.509174 0.466535,
        -0.748031 0.511140 0.461788,
        -0.851552 0.393701 0.475707,
        -0.856299 0.393701 0.473741,
        -0.860376 0.393701 0.470612,
        -0.863504 0.393701 0.466535,
        -0.865471 0.393701 0.461788,
        -0.792974 0.502201 0.461788,
        -0.856531 0.438643 0.461788,
        -0.844565 0.412903 0.476378,
        -0.838965 0.431367 0.476378,
        -0.849563 0.413896 0.475707,
        -0.843672 0.433316 0.475707,
        -0.854219 0.414823 0.473741,
        -0.848058 0.435133 0.473741,
        -0.858217 0.415618 0.470612,
        -0.851824 0.436693 0.470612,
        -0.861285 0.416228 0.466535,
        -0.854715 0.437891 0.466535,
        -0.863214 0.416612 0.461788,
        -0.802714 0.475538 0.476378,
        -0.785697 0.484634 0.476378,
        -0.805544 0.479774 0.475707,
        -0.787647 0.489341 0.475707,
        -0.808182 0.483722 0.473741,
        -0.789464 0.493727 0.473741,
        -0.810447 0.487112 0.470612,
        -0.791024 0.497494 0.470612,
        -0.812185 0.489713 0.466535,
        -0.792221 0.500384 0.466535,
        -0.813277 0.491348 0.461788,
        -0.845679 0.458947 0.461788,
        -0.844044 0.457854 0.466535,
        -0.841443 0.456116 0.470612,
        -0.838053 0.453851 0.473741,
        -0.834105 0.451213 0.475707,
        -0.829869 0.448383 0.476378,
        -0.821231 0.466900 0.475707,
        -0.824588 0.470257 0.473741,
        -0.827471 0.473141 0.470612,
        -0.829683 0.475352 0.466535,
        -0.831074 0.476743 0.461788,
        -0.770943 0.508884 0.461788,
        -0.770559 0.506955 0.466535,
        -0.769949 0.503887 0.470612,
        -0.769154 0.499888 0.473741,
        -0.768227 0.495232 0.475707,
        -0.767233 0.490235 0.476378,
        -0.867353 0.613048 0.299213,
        -0.867353 0.613048 0.023622,
        -0.872393 0.592007 0.299213,
        -0.872393 0.592007 0.023622,
        -0.875909 0.584102 0.299213,
        -0.875909 0.584102 0.023622,
        -0.881185 0.572239 0.299213,
        -0.881185 0.572239 0.023622,
        -0.890990 0.557967 0.299213,
        -0.890990 0.557967 0.023622,
        -0.893437 0.554405 0.299213,
        -0.893437 0.554405 0.023622,
        -0.908736 0.539106 0.299213,
        -0.908736 0.539106 0.023622,
        -0.912298 0.536659 0.299213,
        -0.912298 0.536659 0.023622,
        -0.926569 0.526855 0.299213,
        -0.926569 0.526855 0.023622,
        -0.938433 0.521578 0.299213,
        -0.938433 0.521578 0.023622,
        -0.946338 0.518062 0.299213,
        -0.946338 0.518062 0.023622,
        -0.967379 0.513022 0.299213,
        -0.967379 0.513022 0.023622,
        0.967379 0.513022 0.299213,
        0.967379 0.513022 0.023622,
        0.946338 0.518062 0.299213,
        0.946338 0.518062 0.023622,
        0.938433 0.521578 0.299213,
        0.938433 0.521578 0.023622,
        0.926569 0.526855 0.299213,
        0.926569 0.526855 0.023622,
        0.912298 0.536659 0.299213,
        0.912298 0.536659 0.023622,
        0.908736 0.539106 0.299213,
        0.908736 0.539106 0.023622,
        0.893437 0.554405 0.299213,
        0.893437 0.554405 0.023622,
        0.890990 0.557967 0.299213,
        0.890990 0.557967 0.023622,
        0.881185 0.572239 0.299213,
        0.881185 0.572239 0.023622,
        0.875909 0.584102 0.299213,
        0.875909 0.584102 0.023622,
        0.872393 0.592007 0.299213,
        0.872393 0.592007 0.023622,
        0.867353 0.613048 0.299213,
        0.867353 0.613048 0.023622,
        0.867353 -0.613048 0.299213,
        0.867353 -0.613048 0.023622,
        0.872393 -0.592007 0.299213,
        0.872393 -0.592007 0.023622,
        0.875909 -0.584102 0.299213,
        0.875909 -0.584102 0.023622,
        0.881185 -0.572239 0.299213,
        0.881185 -0.572239 0.023622,
        0.890990 -0.557967 0.299213,
        0.890990 -0.557967 0.023622,
        0.893437 -0.554405 0.299213,
        0.893437 -0.554405 0.023622,
        0.908736 -0.539106 0.299213,
        0.908736 -0.539106 0.023622,
        0.912298 -0.536659 0.299213,
        0.912298 -0.536659 0.023622,
        0.926569 -0.526855 0.299213,
        0.926569 -0.526855 0.023622,
        0.938433 -0.521578 0.299213,
        0.938433 -0.521578 0.023622,
        0.946338 -0.518062 0.299213,
        0.946338 -0.518062 0.023622,
        0.967379 -0.513022 0.299213,
        0.967379 -0.513022 0.023622,
        -0.967379 -0.513022 0.299213,
        -0.967379 -0.513022 0.023622,
        -0.946338 -0.518062 0.299213,
        -0.946338 -0.518062 0.023622,
        -0.938433 -0.521578 0.299213,
        -0.938433 -0.521578 0.023622,
        -0.926569 -0.526855 0.299213,
        -0.926569 -0.526855 0.023622,
        -0.912298 -0.536659 0.299213,
        -0.912298 -0.536659 0.023622,
        -0.908736 -0.539106 0.299213,
        -0.908736 -0.539106 0.023622,
        -0.893437 -0.554405 0.299213,
        -0.893437 -0.554405 0.023622,
        -0.890990 -0.557967 0.299213,
        -0.890990 -0.557967 0.023622,
        -0.881185 -0.572239 0.299213,
        -0.881185 -0.572239 0.023622,
        -0.875909 -0.584102 0.299213,
        -0.875909 -0.584102 0.023622,
        -0.872393 -0.592007 0.299213,
        -0.872393 -0.592007 0.023622,
        -0.867353 -0.613048 0.299213,
        -0.867353 -0.613048 0.023622,
        -0.905512 -0.157480 0.299213,
        -0.905512 0.157480 0.299213,
        -0.905512 -0.157480 0.196850,
        -0.905512 0.157480 0.196850,
        -0.951456 0.229066 0.299213,
        -0.951456 0.229066 0.196850,
        -0.936110 0.219789 0.299213,
        -0.936110 0.219789 0.196850,
        -0.923260 0.207280 0.299213,
        -0.923260 0.207280 0.196850,
        -0.913574 0.192188 0.299213,
        -0.913574 0.192188 0.196850,
        -0.907554 0.175296 0.299213,
        -0.907554 0.175296 0.196850,
        -0.907554 -0.175296 0.299213,
        -0.907554 -0.175296 0.196850,
        -0.913574 -0.192188 0.299213,
        -0.913574 -0.192188 0.196850,
        -0.923260 -0.207280 0.299213,
        -0.923260 -0.207280 0.196850,
        -0.936110 -0.219789 0.299213,
        -0.936110 -0.219789 0.196850,
        -0.951456 -0.229066 0.299213,
        -0.951456 -0.229066 0.196850,
        0.904841 0.157480 0.304307,
        0.904841 -0.157480 0.304307,
        0.902874 0.157480 0.309055,
        0.902874 -0.157480 0.309055,
        0.899746 0.157480 0.313132,
        0.899746 -0.157480 0.313132,
        0.895669 0.157480 0.316260,
        0.895669 -0.157480 0.316260,
        0.890922 0.157480 0.318227,
        0.890922 -0.157480 0.318227,
        0.906900 0.175448 0.304307,
        0.904985 0.175893 0.309055,
        0.901938 0.176601 0.313132,
        0.897967 0.177523 0.316260,
        0.893342 0.178598 0.318227,
        0.912972 0.192484 0.304307,
        0.911207 0.193351 0.309055,
        0.908399 0.194730 0.313132,
        0.904739 0.196527 0.316260,
        0.900478 0.198619 0.318227,
        0.922741 0.207704 0.304307,
        0.921217 0.208948 0.309055,
        0.918794 0.210926 0.313132,
        0.915636 0.213505 0.316260,
        0.911959 0.216507 0.318227,
        0.935700 0.220319 0.304307,
        0.934497 0.221876 0.309055,
        0.932585 0.224351 0.313132,
        0.930092 0.227577 0.316260,
        0.927189 0.231334 0.318227,
        0.951177 0.229676 0.304307,
        0.950358 0.231463 0.309055,
        0.949055 0.234307 0.313132,
        0.947357 0.238014 0.316260,
        0.945380 0.242330 0.318227,
        0.968370 0.235287 0.304307,
        0.967976 0.237214 0.309055,
        0.967351 0.240279 0.313132,
        0.966535 0.244273 0.316260,
        0.965586 0.248925 0.318227,
        0.968370 -0.235287 0.304307,
        0.951177 -0.229676 0.304307,
        0.967976 -0.237214 0.309055,
        0.950358 -0.231463 0.309055,
        0.967351 -0.240279 0.313132,
        0.949055 -0.234307 0.313132,
        0.966535 -0.244273 0.316260,
        0.947357 -0.238014 0.316260,
        0.965586 -0.248925 0.318227,
        0.945380 -0.242330 0.318227,
        0.935700 -0.220319 0.304307,
        0.934497 -0.221876 0.309055,
        0.932585 -0.224351 0.313132,
        0.930092 -0.227577 0.316260,
        0.927189 -0.231334 0.318227,
        0.922741 -0.207704 0.304307,
        0.921217 -0.208948 0.309055,
        0.918794 -0.210926 0.313132,
        0.915636 -0.213505 0.316260,
        0.911959 -0.216507 0.318227,
        0.912972 -0.192484 0.304307,
        0.911207 -0.193351 0.309055,
        0.908399 -0.194730 0.313132,
        0.904739 -0.196527 0.316260,
        0.900478 -0.198619 0.318227,
        0.906900 -0.175448 0.304307,
        0.904985 -0.175893 0.309055,
        0.901938 -0.176601 0.313132,
        0.897967 -0.177523 0.316260,
        0.893342 -0.178598 0.318227,
        0.983581 0.253917 0.304307,
        0.983088 0.249615 0.304307,
        0.973402 0.249578 0.316260,
        0.969140 0.251671 0.318227,
        0.968513 0.250694 0.318227,
        0.966689 0.249285 0.318227,
        0.969530 0.252764 0.318227,
        0.974154 0.251690 0.316260,
        0.978125 0.250767 0.313132,
        0.969662 0.253917 0.318227,
        0.972191 0.247692 0.316260,
        0.967682 0.249885 0.318227,
        0.970585 0.246128 0.316260,
        0.968667 0.244969 0.316260,
        0.974409 0.253917 0.316260,
        0.978486 0.253917 0.313132,
        0.981615 0.253917 0.309055,
        0.977061 0.247781 0.313132,
        0.975349 0.245113 0.313132,
        0.973078 0.242902 0.313132,
        0.970365 0.241262 0.313132,
        0.981172 0.250059 0.309055,
        0.979869 0.246402 0.309055,
        0.977772 0.243135 0.309055,
        0.974990 0.240427 0.309055,
        0.971667 0.238418 0.309055,
        0.981634 0.245535 0.304307,
        0.979295 0.241891 0.304307,
        0.976193 0.238870 0.304307,
        0.972487 0.236630 0.304307,
        0.972487 -0.236630 0.304307,
        0.970585 -0.246128 0.316260,
        0.967682 -0.249885 0.318227,
        0.968513 -0.250694 0.318227,
        0.969662 -0.253917 0.318227,
        0.969530 -0.252764 0.318227,
        0.966689 -0.249285 0.318227,
        0.968667 -0.244969 0.316260,
        0.970365 -0.241262 0.313132,
        0.972191 -0.247692 0.316260,
        0.969140 -0.251671 0.318227,
        0.973402 -0.249578 0.316260,
        0.974154 -0.251690 0.316260,
        0.974409 -0.253917 0.316260,
        0.973078 -0.242902 0.313132,
        0.975349 -0.245113 0.313132,
        0.977061 -0.247781 0.313132,
        0.978125 -0.250767 0.313132,
        0.978486 -0.253917 0.313132,
        0.971667 -0.238418 0.309055,
        0.974990 -0.240427 0.309055,
        0.977772 -0.243135 0.309055,
        0.979869 -0.246402 0.309055,
        0.981172 -0.250059 0.309055,
        0.981615 -0.253917 0.309055,
        0.976193 -0.238870 0.304307,
        0.979295 -0.241891 0.304307,
        0.981634 -0.245535 0.304307,
        0.983088 -0.249615 0.304307,
        0.983581 -0.253917 0.304307,
        0.969662 0.493539 0.318227,
        0.974409 0.493539 0.316260,
        0.978486 0.493539 0.313132,
        0.981615 0.493539 0.309055,
        0.983581 0.493539 0.304307,
        0.969662 -0.493539 0.318227,
        0.974409 -0.493539 0.316260,
        0.978486 -0.493539 0.313132,
        0.981615 -0.493539 0.309055,
        0.983581 -0.493539 0.304307,
        0.967283 0.512359 0.304307,
        0.971642 0.511188 0.304307,
        0.970279 0.501555 0.316260,
        0.967524 0.497688 0.318227,
        0.968418 0.496875 0.318227,
        0.969518 0.494740 0.318227,
        0.966463 0.498269 0.318227,
        0.968229 0.502675 0.316260,
        0.969746 0.506459 0.313132,
        0.965295 0.498582 0.318227,
        0.972007 0.499983 0.316260,
        0.969096 0.495873 0.318227,
        0.973316 0.498048 0.316260,
        0.974132 0.495859 0.316260,
        0.965973 0.503281 0.316260,
        0.966556 0.507316 0.313132,
        0.967002 0.510412 0.309055,
        0.972645 0.504875 0.313132,
        0.975089 0.502652 0.313132,
        0.976940 0.499915 0.313132,
        0.978094 0.496820 0.313132,
        0.970910 0.509363 0.309055,
        0.974461 0.507422 0.309055,
        0.977454 0.504700 0.309055,
        0.979721 0.501348 0.309055,
        0.981135 0.497557 0.309055,
        0.975602 0.509024 0.304307,
        0.978941 0.505987 0.304307,
        0.981469 0.502249 0.304307,
        0.983046 0.498020 0.304307,
        0.971891 0.511811 0.299213,
        0.975991 0.509570 0.299213,
        0.979447 0.506426 0.299213,
        0.982065 0.502556 0.299213,
        0.983698 0.498178 0.299213,
        0.983046 -0.498020 0.304307,
        0.973316 -0.498048 0.316260,
        0.969096 -0.495873 0.318227,
        0.968418 -0.496875 0.318227,
        0.965295 -0.498582 0.318227,
        0.966463 -0.498269 0.318227,
        0.969518 -0.494740 0.318227,
        0.974132 -0.495859 0.316260,
        0.978094 -0.496820 0.313132,
        0.972007 -0.499983 0.316260,
        0.967524 -0.497688 0.318227,
        0.970279 -0.501555 0.316260,
        0.968229 -0.502675 0.316260,
        0.965973 -0.503281 0.316260,
        0.976940 -0.499915 0.313132,
        0.975089 -0.502652 0.313132,
        0.972645 -0.504875 0.313132,
        0.969746 -0.506459 0.313132,
        0.966556 -0.507316 0.313132,
        0.981135 -0.497557 0.309055,
        0.979721 -0.501348 0.309055,
        0.977454 -0.504700 0.309055,
        0.974461 -0.507422 0.309055,
        0.970910 -0.509363 0.309055,
        0.967002 -0.510412 0.309055,
        0.981469 -0.502249 0.304307,
        0.978941 -0.505987 0.304307,
        0.975602 -0.509024 0.304307,
        0.971642 -0.511188 0.304307,
        0.967283 -0.512359 0.304307,
        0.983698 -0.498178 0.299213,
        0.982065 -0.502556 0.299213,
        0.979447 -0.506426 0.299213,
        0.975991 -0.509570 0.299213,
        0.971891 -0.511811 0.299213,
        0.983698 0.498178 0.023622,
        0.982065 0.502556 0.023622,
        0.979447 0.506426 0.023622,
        0.975991 0.509570 0.023622,
        0.971891 0.511811 0.023622,
        0.941654 0.504244 0.318227,
        0.943179 0.508740 0.316260,
        0.944487 0.512601 0.313132,
        0.945491 0.515564 0.309055,
        0.946123 0.517426 0.304307,
        0.908307 0.538591 0.304307,
        0.926242 0.526269 0.304307,
        0.892921 0.553976 0.304307,
        0.880600 0.571911 0.304307,
        0.871757 0.591792 0.304307,
        0.866689 0.612953 0.304307,
        0.925281 0.524553 0.309055,
        0.907050 0.537078 0.309055,
        0.891409 0.552719 0.309055,
        0.878884 0.570950 0.309055,
        0.869894 0.591161 0.309055,
        0.864743 0.612672 0.309055,
        0.923754 0.521823 0.313132,
        0.905050 0.534673 0.313132,
        0.889004 0.550719 0.313132,
        0.876154 0.569423 0.313132,
        0.866932 0.590156 0.313132,
        0.861646 0.612225 0.313132,
        0.921762 0.518266 0.316260,
        0.902443 0.531538 0.316260,
        0.885869 0.548112 0.316260,
        0.872596 0.567431 0.316260,
        0.863071 0.588848 0.316260,
        0.857612 0.611642 0.316260,
        0.919444 0.514123 0.318227,
        0.899407 0.527888 0.318227,
        0.882219 0.545077 0.318227,
        0.868454 0.565113 0.318227,
        0.858574 0.587324 0.318227,
        0.852913 0.610964 0.318227,
        0.852913 -0.610964 0.318227,
        0.858574 -0.587324 0.318227,
        0.857612 -0.611642 0.316260,
        0.863071 -0.588848 0.316260,
        0.861646 -0.612225 0.313132,
        0.866932 -0.590156 0.313132,
        0.864743 -0.612672 0.309055,
        0.869894 -0.591161 0.309055,
        0.866689 -0.612953 0.304307,
        0.871757 -0.591792 0.304307,
        0.892921 -0.553976 0.304307,
        0.880600 -0.571911 0.304307,
        0.908307 -0.538591 0.304307,
        0.926242 -0.526269 0.304307,
        0.946123 -0.517426 0.304307,
        0.878884 -0.570950 0.309055,
        0.891409 -0.552719 0.309055,
        0.907050 -0.537078 0.309055,
        0.925281 -0.524553 0.309055,
        0.945491 -0.515564 0.309055,
        0.876154 -0.569423 0.313132,
        0.889004 -0.550719 0.313132,
        0.905050 -0.534673 0.313132,
        0.923754 -0.521823 0.313132,
        0.944487 -0.512601 0.313132,
        0.872596 -0.567431 0.316260,
        0.885869 -0.548112 0.316260,
        0.902443 -0.531538 0.316260,
        0.921762 -0.518266 0.316260,
        0.943179 -0.508740 0.316260,
        0.868454 -0.565113 0.318227,
        0.882219 -0.545077 0.318227,
        0.899407 -0.527888 0.318227,
        0.919444 -0.514123 0.318227,
        0.941654 -0.504244 0.318227,
        0.971891 -0.511811 0.023622,
        0.975991 -0.509570 0.023622,
        0.979447 -0.506426 0.023622,
        0.982065 -0.502556 0.023622,
        0.983698 -0.498178 0.023622,
        0.971642 0.511188 0.018527,
        0.975602 0.509024 0.018527,
        0.970910 0.509363 0.013780,
        0.974461 0.507422 0.013780,
        0.969746 0.506459 0.009703,
        0.972645 0.504875 0.009703,
        0.968229 0.502675 0.006574,
        0.970279 0.501555 0.006574,
        0.966463 0.498269 0.004608,
        0.967524 0.497688 0.004608,
        0.978941 0.505987 0.018527,
        0.977454 0.504700 0.013780,
        0.975089 0.502652 0.009703,
        0.972007 0.499983 0.006574,
        0.968418 0.496875 0.004608,
        0.967283 0.512359 0.018527,
        0.967002 0.510412 0.013780,
        0.966556 0.507316 0.009703,
        0.965973 0.503281 0.006574,
        0.965295 0.498582 0.004608,
        0.981469 0.502249 0.018527,
        0.983046 0.498020 0.018527,
        0.979721 0.501348 0.013780,
        0.981135 0.497557 0.013780,
        0.976940 0.499915 0.009703,
        0.978094 0.496820 0.009703,
        0.973316 0.498048 0.006574,
        0.974132 0.495859 0.006574,
        0.969096 0.495873 0.004608,
        0.969518 0.494740 0.004608,
        0.847870 0.629250 0.304307,
        0.852351 0.628715 0.304307,
        0.852378 0.618985 0.316260,
        0.850204 0.614765 0.318227,
        0.851206 0.614087 0.318227,
        0.852599 0.612132 0.318227,
        0.849071 0.615187 0.318227,
        0.850190 0.619802 0.316260,
        0.851150 0.623763 0.313132,
        0.847870 0.615331 0.318227,
        0.854313 0.617676 0.316260,
        0.852019 0.613193 0.318227,
        0.855885 0.615948 0.316260,
        0.857006 0.613898 0.316260,
        0.847870 0.620079 0.316260,
        0.847870 0.624156 0.313132,
        0.847870 0.627284 0.309055,
        0.854246 0.622609 0.313132,
        0.856982 0.620758 0.313132,
        0.859206 0.618315 0.313132,
        0.860790 0.615415 0.313132,
        0.851888 0.626804 0.309055,
        0.855679 0.625390 0.309055,
        0.859030 0.623123 0.309055,
        0.861753 0.620130 0.309055,
        0.863694 0.616580 0.309055,
        0.856580 0.627139 0.304307,
        0.860318 0.624610 0.304307,
        0.863354 0.621271 0.304307,
        0.865519 0.617311 0.304307,
        0.852509 0.629367 0.299213,
        0.856887 0.627735 0.299213,
        0.860757 0.625117 0.299213,
        0.863901 0.621661 0.299213,
        0.866142 0.617561 0.299213,
        0.865519 -0.617311 0.304307,
        0.855885 -0.615948 0.316260,
        0.852019 -0.613193 0.318227,
        0.851206 -0.614087 0.318227,
        0.847870 -0.615331 0.318227,
        0.849071 -0.615187 0.318227,
        0.852599 -0.612132 0.318227,
        0.857006 -0.613898 0.316260,
        0.860790 -0.615415 0.313132,
        0.854313 -0.617676 0.316260,
        0.850204 -0.614765 0.318227,
        0.852378 -0.618985 0.316260,
        0.850190 -0.619802 0.316260,
        0.847870 -0.620079 0.316260,
        0.859206 -0.618315 0.313132,
        0.856982 -0.620758 0.313132,
        0.854246 -0.622609 0.313132,
        0.851150 -0.623763 0.313132,
        0.847870 -0.624156 0.313132,
        0.863694 -0.616580 0.309055,
        0.861753 -0.620130 0.309055,
        0.859030 -0.623123 0.309055,
        0.855679 -0.625390 0.309055,
        0.851888 -0.626804 0.309055,
        0.847870 -0.627284 0.309055,
        0.863354 -0.621271 0.304307,
        0.860318 -0.624610 0.304307,
        0.856580 -0.627139 0.304307,
        0.852351 -0.628715 0.304307,
        0.847870 -0.629250 0.304307,
        0.866142 -0.617561 0.299213,
        0.863901 -0.621661 0.299213,
        0.860757 -0.625117 0.299213,
        0.856887 -0.627735 0.299213,
        0.852509 -0.629367 0.299213,
        0.983046 -0.498020 0.018527,
        0.981469 -0.502249 0.018527,
        0.981135 -0.497557 0.013780,
        0.979721 -0.501348 0.013780,
        0.978094 -0.496820 0.009703,
        0.976940 -0.499915 0.009703,
        0.974132 -0.495859 0.006574,
        0.973316 -0.498048 0.006574,
        0.969518 -0.494740 0.004608,
        0.969096 -0.495873 0.004608,
        0.978941 -0.505987 0.018527,
        0.977454 -0.504700 0.013780,
        0.975089 -0.502652 0.009703,
        0.972007 -0.499983 0.006574,
        0.968418 -0.496875 0.004608,
        0.975602 -0.509024 0.018527,
        0.971642 -0.511188 0.018527,
        0.974461 -0.507422 0.013780,
        0.970910 -0.509363 0.013780,
        0.972645 -0.504875 0.009703,
        0.969746 -0.506459 0.009703,
        0.970279 -0.501555 0.006574,
        0.968229 -0.502675 0.006574,
        0.967524 -0.497688 0.004608,
        0.966463 -0.498269 0.004608,
        0.967283 -0.512359 0.018527,
        0.967002 -0.510412 0.013780,
        0.966556 -0.507316 0.009703,
        0.965973 -0.503281 0.006574,
        0.965295 -0.498582 0.004608,
        0.880600 0.571911 0.018527,
        0.926242 0.526269 0.018527,
        0.940019 0.499419 0.003937,
        0.916956 0.509677 0.003937,
        0.941654 0.504244 0.004608,
        0.919444 0.514123 0.004608,
        0.943179 0.508740 0.006574,
        0.921762 0.518266 0.006574,
        0.944487 0.512601 0.009703,
        0.923754 0.521823 0.009703,
        0.945491 0.515564 0.013780,
        0.925281 0.524553 0.013780,
        0.946123 0.517426 0.018527,
        0.878301 0.541819 0.003937,
        0.864007 0.562625 0.003937,
        0.882219 0.545077 0.004608,
        0.868454 0.565113 0.004608,
        0.885869 0.548112 0.006574,
        0.872596 0.567431 0.006574,
        0.889004 0.550719 0.009703,
        0.876154 0.569423 0.009703,
        0.891409 0.552719 0.013780,
        0.878884 0.570950 0.013780,
        0.892921 0.553976 0.018527,
        0.908307 0.538591 0.018527,
        0.907050 0.537078 0.013780,
        0.905050 0.534673 0.009703,
        0.902443 0.531538 0.006574,
        0.899407 0.527888 0.004608,
        0.896150 0.523970 0.003937,
        0.871757 0.591792 0.018527,
        0.869894 0.591161 0.013780,
        0.866932 0.590156 0.009703,
        0.863071 0.588848 0.006574,
        0.858574 0.587324 0.004608,
        0.853749 0.585688 0.003937,
        0.852913 0.610964 0.004608,
        0.857612 0.611642 0.006574,
        0.861646 0.612225 0.009703,
        0.864743 0.612672 0.013780,
        0.866689 0.612953 0.018527,
        0.866142 0.617561 0.023622,
        0.863901 0.621661 0.023622,
        0.860757 0.625117 0.023622,
        0.856887 0.627735 0.023622,
        0.852509 0.629367 0.023622,
        -0.847870 0.615331 0.318227,
        -0.847870 0.620079 0.316260,
        -0.847870 0.624156 0.313132,
        -0.847870 0.627284 0.309055,
        -0.847870 0.629250 0.304307,
        -0.847870 -0.615331 0.318227,
        -0.847870 -0.620079 0.316260,
        -0.847870 -0.624156 0.313132,
        -0.847870 -0.627284 0.309055,
        -0.847870 -0.629250 0.304307,
        0.852509 -0.629367 0.023622,
        0.856887 -0.627735 0.023622,
        0.860757 -0.625117 0.023622,
        0.863901 -0.621661 0.023622,
        0.866142 -0.617561 0.023622,
        0.926242 -0.526269 0.018527,
        0.880600 -0.571911 0.018527,
        0.853749 -0.585688 0.003937,
        0.864007 -0.562625 0.003937,
        0.858574 -0.587324 0.004608,
        0.868454 -0.565113 0.004608,
        0.863071 -0.588848 0.006574,
        0.872596 -0.567431 0.006574,
        0.866932 -0.590156 0.009703,
        0.876154 -0.569423 0.009703,
        0.869894 -0.591161 0.013780,
        0.878884 -0.570950 0.013780,
        0.871757 -0.591792 0.018527,
        0.896150 -0.523970 0.003937,
        0.916956 -0.509677 0.003937,
        0.899407 -0.527888 0.004608,
        0.919444 -0.514123 0.004608,
        0.902443 -0.531538 0.006574,
        0.921762 -0.518266 0.006574,
        0.905050 -0.534673 0.009703,
        0.923754 -0.521823 0.009703,
        0.907050 -0.537078 0.013780,
        0.925281 -0.524553 0.013780,
        0.908307 -0.538591 0.018527,
        0.852913 -0.610964 0.004608,
        0.857612 -0.611642 0.006574,
        0.861646 -0.612225 0.009703,
        0.864743 -0.612672 0.013780,
        0.866689 -0.612953 0.018527,
        0.892921 -0.553976 0.018527,
        0.891409 -0.552719 0.013780,
        0.889004 -0.550719 0.009703,
        0.885869 -0.548112 0.006574,
        0.882219 -0.545077 0.004608,
        0.878301 -0.541819 0.003937,
        0.946123 -0.517426 0.018527,
        0.945491 -0.515564 0.013780,
        0.944487 -0.512601 0.009703,
        0.943179 -0.508740 0.006574,
        0.941654 -0.504244 0.004608,
        0.940019 -0.499419 0.003937,
        0.852351 0.628715 0.018527,
        0.856580 0.627139 0.018527,
        0.851888 0.626804 0.013780,
        0.855679 0.625390 0.013780,
        0.851150 0.623763 0.009703,
        0.854246 0.622609 0.009703,
        0.850190 0.619802 0.006574,
        0.852378 0.618985 0.006574,
        0.849071 0.615187 0.004608,
        0.850204 0.614765 0.004608,
        0.860318 0.624610 0.018527,
        0.859030 0.623123 0.013780,
        0.856982 0.620758 0.009703,
        0.854313 0.617676 0.006574,
        0.851206 0.614087 0.004608,
        0.847870 0.629250 0.018527,
        0.847870 0.627284 0.013780,
        0.847870 0.624156 0.009703,
        0.847870 0.620079 0.006574,
        0.847870 0.615331 0.004608,
        0.863354 0.621271 0.018527,
        0.865519 0.617311 0.018527,
        0.861753 0.620130 0.013780,
        0.863694 0.616580 0.013780,
        0.859206 0.618315 0.009703,
        0.860790 0.615415 0.009703,
        0.855885 0.615948 0.006574,
        0.857006 0.613898 0.006574,
        0.852019 0.613193 0.004608,
        0.852599 0.612132 0.004608,
        -0.866689 0.612953 0.304307,
        -0.865519 0.617311 0.304307,
        -0.855885 0.615948 0.316260,
        -0.852019 0.613193 0.318227,
        -0.851206 0.614087 0.318227,
        -0.849071 0.615187 0.318227,
        -0.852599 0.612132 0.318227,
        -0.857006 0.613898 0.316260,
        -0.860790 0.615415 0.313132,
        -0.852913 0.610964 0.318227,
        -0.854313 0.617676 0.316260,
        -0.850204 0.614765 0.318227,
        -0.852378 0.618985 0.316260,
        -0.850190 0.619802 0.316260,
        -0.857612 0.611642 0.316260,
        -0.861646 0.612225 0.313132,
        -0.864743 0.612672 0.309055,
        -0.859206 0.618315 0.313132,
        -0.856982 0.620758 0.313132,
        -0.854246 0.622609 0.313132,
        -0.851150 0.623763 0.313132,
        -0.863694 0.616580 0.309055,
        -0.861753 0.620130 0.309055,
        -0.859030 0.623123 0.309055,
        -0.855679 0.625390 0.309055,
        -0.851888 0.626804 0.309055,
        -0.863354 0.621271 0.304307,
        -0.860318 0.624610 0.304307,
        -0.856580 0.627139 0.304307,
        -0.852351 0.628715 0.304307,
        -0.866142 0.617561 0.299213,
        -0.863901 0.621661 0.299213,
        -0.860757 0.625117 0.299213,
        -0.856887 0.627735 0.299213,
        -0.852509 0.629367 0.299213,
        -0.852351 -0.628715 0.304307,
        -0.852378 -0.618985 0.316260,
        -0.850204 -0.614765 0.318227,
        -0.851206 -0.614087 0.318227,
        -0.852913 -0.610964 0.318227,
        -0.852599 -0.612132 0.318227,
        -0.849071 -0.615187 0.318227,
        -0.850190 -0.619802 0.316260,
        -0.851150 -0.623763 0.313132,
        -0.854313 -0.617676 0.316260,
        -0.852019 -0.613193 0.318227,
        -0.855885 -0.615948 0.316260,
        -0.857006 -0.613898 0.316260,
        -0.857612 -0.611642 0.316260,
        -0.854246 -0.622609 0.313132,
        -0.856982 -0.620758 0.313132,
        -0.859206 -0.618315 0.313132,
        -0.860790 -0.615415 0.313132,
        -0.861646 -0.612225 0.313132,
        -0.851888 -0.626804 0.309055,
        -0.855679 -0.625390 0.309055,
        -0.859030 -0.623123 0.309055,
        -0.861753 -0.620130 0.309055,
        -0.863694 -0.616580 0.309055,
        -0.864743 -0.612672 0.309055,
        -0.856580 -0.627139 0.304307,
        -0.860318 -0.624610 0.304307,
        -0.863354 -0.621271 0.304307,
        -0.865519 -0.617311 0.304307,
        -0.866689 -0.612953 0.304307,
        -0.852509 -0.629367 0.299213,
        -0.856887 -0.627735 0.299213,
        -0.860757 -0.625117 0.299213,
        -0.863901 -0.621661 0.299213,
        -0.866142 -0.617561 0.299213,
        0.865519 -0.617311 0.018527,
        0.863354 -0.621271 0.018527,
        0.863694 -0.616580 0.013780,
        0.861753 -0.620130 0.013780,
        0.860790 -0.615415 0.009703,
        0.859206 -0.618315 0.009703,
        0.857006 -0.613898 0.006574,
        0.855885 -0.615948 0.006574,
        0.852599 -0.612132 0.004608,
        0.852019 -0.613193 0.004608,
        0.860318 -0.624610 0.018527,
        0.859030 -0.623123 0.013780,
        0.856982 -0.620758 0.009703,
        0.854313 -0.617676 0.006574,
        0.851206 -0.614087 0.004608,
        0.856580 -0.627139 0.018527,
        0.852351 -0.628715 0.018527,
        0.855679 -0.625390 0.013780,
        0.851888 -0.626804 0.013780,
        0.854246 -0.622609 0.009703,
        0.851150 -0.623763 0.009703,
        0.852378 -0.618985 0.006574,
        0.850190 -0.619802 0.006574,
        0.850204 -0.614765 0.004608,
        0.849071 -0.615187 0.004608,
        0.847870 -0.629250 0.018527,
        0.847870 -0.627284 0.013780,
        0.847870 -0.624156 0.009703,
        0.847870 -0.620079 0.006574,
        0.847870 -0.615331 0.004608,
        -0.847870 0.615331 0.004608,
        -0.847870 0.620079 0.006574,
        -0.847870 0.624156 0.009703,
        -0.847870 0.627284 0.013780,
        -0.847870 0.629250 0.018527,
        -0.852509 0.629367 0.023622,
        -0.856887 0.627735 0.023622,
        -0.860757 0.625117 0.023622,
        -0.863901 0.621661 0.023622,
        -0.866142 0.617561 0.023622,
        -0.858574 0.587324 0.318227,
        -0.863071 0.588848 0.316260,
        -0.866932 0.590156 0.313132,
        -0.869894 0.591161 0.309055,
        -0.871757 0.591792 0.304307,
        -0.892921 0.553976 0.304307,
        -0.880600 0.571911 0.304307,
        -0.908307 0.538591 0.304307,
        -0.926242 0.526269 0.304307,
        -0.946123 0.517426 0.304307,
        -0.967283 0.512359 0.304307,
        -0.878884 0.570950 0.309055,
        -0.891409 0.552719 0.309055,
        -0.907050 0.537078 0.309055,
        -0.925281 0.524553 0.309055,
        -0.945491 0.515564 0.309055,
        -0.967002 0.510412 0.309055,
        -0.876154 0.569423 0.313132,
        -0.889004 0.550719 0.313132,
        -0.905050 0.534673 0.313132,
        -0.923754 0.521823 0.313132,
        -0.944487 0.512601 0.313132,
        -0.966556 0.507316 0.313132,
        -0.872596 0.567431 0.316260,
        -0.885869 0.548112 0.316260,
        -0.902443 0.531538 0.316260,
        -0.921762 0.518266 0.316260,
        -0.943179 0.508740 0.316260,
        -0.965973 0.503281 0.316260,
        -0.868454 0.565113 0.318227,
        -0.882219 0.545077 0.318227,
        -0.899407 0.527888 0.318227,
        -0.919444 0.514123 0.318227,
        -0.941654 0.504244 0.318227,
        -0.965295 0.498582 0.318227,
        -0.965295 -0.498582 0.318227,
        -0.941654 -0.504244 0.318227,
        -0.965973 -0.503281 0.316260,
        -0.943179 -0.508740 0.316260,
        -0.966556 -0.507316 0.313132,
        -0.944487 -0.512601 0.313132,
        -0.967002 -0.510412 0.309055,
        -0.945491 -0.515564 0.309055,
        -0.967283 -0.512359 0.304307,
        -0.946123 -0.517426 0.304307,
        -0.908307 -0.538591 0.304307,
        -0.926242 -0.526269 0.304307,
        -0.892921 -0.553976 0.304307,
        -0.880600 -0.571911 0.304307,
        -0.871757 -0.591792 0.304307,
        -0.925281 -0.524553 0.309055,
        -0.907050 -0.537078 0.309055,
        -0.891409 -0.552719 0.309055,
        -0.878884 -0.570950 0.309055,
        -0.869894 -0.591161 0.309055,
        -0.923754 -0.521823 0.313132,
        -0.905050 -0.534673 0.313132,
        -0.889004 -0.550719 0.313132,
        -0.876154 -0.569423 0.313132,
        -0.866932 -0.590156 0.313132,
        -0.921762 -0.518266 0.316260,
        -0.902443 -0.531538 0.316260,
        -0.885869 -0.548112 0.316260,
        -0.872596 -0.567431 0.316260,
        -0.863071 -0.588848 0.316260,
        -0.919444 -0.514123 0.318227,
        -0.899407 -0.527888 0.318227,
        -0.882219 -0.545077 0.318227,
        -0.868454 -0.565113 0.318227,
        -0.858574 -0.587324 0.318227,
        -0.866142 -0.617561 0.023622,
        -0.863901 -0.621661 0.023622,
        -0.860757 -0.625117 0.023622,
        -0.856887 -0.627735 0.023622,
        -0.852509 -0.629367 0.023622,
        -0.847870 -0.615331 0.004608,
        -0.847870 -0.620079 0.006574,
        -0.847870 -0.624156 0.009703,
        -0.847870 -0.627284 0.013780,
        -0.847870 -0.629250 0.018527,
        -0.865519 0.617311 0.018527,
        -0.863354 0.621271 0.018527,
        -0.863694 0.616580 0.013780,
        -0.861753 0.620130 0.013780,
        -0.860790 0.615415 0.009703,
        -0.859206 0.618315 0.009703,
        -0.857006 0.613898 0.006574,
        -0.855885 0.615948 0.006574,
        -0.852599 0.612132 0.004608,
        -0.852019 0.613193 0.004608,
        -0.860318 0.624610 0.018527,
        -0.859030 0.623123 0.013780,
        -0.856982 0.620758 0.009703,
        -0.854313 0.617676 0.006574,
        -0.851206 0.614087 0.004608,
        -0.866689 0.612953 0.018527,
        -0.864743 0.612672 0.013780,
        -0.861646 0.612225 0.009703,
        -0.857612 0.611642 0.006574,
        -0.852913 0.610964 0.004608,
        -0.856580 0.627139 0.018527,
        -0.852351 0.628715 0.018527,
        -0.855679 0.625390 0.013780,
        -0.851888 0.626804 0.013780,
        -0.854246 0.622609 0.009703,
        -0.851150 0.623763 0.009703,
        -0.852378 0.618985 0.006574,
        -0.850190 0.619802 0.006574,
        -0.850204 0.614765 0.004608,
        -0.849071 0.615187 0.004608,
        -0.983581 0.493539 0.304307,
        -0.983046 0.498020 0.304307,
        -0.973316 0.498048 0.316260,
        -0.969096 0.495873 0.318227,
        -0.968418 0.496875 0.318227,
        -0.966463 0.498269 0.318227,
        -0.969518 0.494740 0.318227,
        -0.974132 0.495859 0.316260,
        -0.978094 0.496820 0.313132,
        -0.969662 0.493539 0.318227,
        -0.972007 0.499983 0.316260,
        -0.967524 0.497688 0.318227,
        -0.970279 0.501555 0.316260,
        -0.968229 0.502675 0.316260,
        -0.974409 0.493539 0.316260,
        -0.978486 0.493539 0.313132,
        -0.981615 0.493539 0.309055,
        -0.976940 0.499915 0.313132,
        -0.975089 0.502652 0.313132,
        -0.972645 0.504875 0.313132,
        -0.969746 0.506459 0.313132,
        -0.981135 0.497557 0.309055,
        -0.979721 0.501348 0.309055,
        -0.977454 0.504700 0.309055,
        -0.974461 0.507422 0.309055,
        -0.970910 0.509363 0.309055,
        -0.981469 0.502249 0.304307,
        -0.978941 0.505987 0.304307,
        -0.975602 0.509024 0.304307,
        -0.971642 0.511188 0.304307,
        -0.983698 0.498178 0.299213,
        -0.982065 0.502556 0.299213,
        -0.979447 0.506426 0.299213,
        -0.975991 0.509570 0.299213,
        -0.971891 0.511811 0.299213,
        -0.905019 -0.157480 0.303593,
        -0.904841 0.157480 0.304307,
        -0.904776 -0.157480 0.304285,
        -0.903562 -0.157480 0.307754,
        -0.902874 0.157480 0.309055,
        -0.902781 -0.157480 0.308996,
        -0.901217 -0.157480 0.311486,
        -0.899746 0.157480 0.313132,
        -0.899659 -0.157480 0.313044,
        -0.898100 -0.157480 0.314603,
        -0.895669 0.157480 0.316260,
        -0.895611 -0.157480 0.316167,
        -0.890922 0.157480 0.318227,
        -0.894368 -0.157480 0.316948,
        -0.890899 -0.157480 0.318162,
        -0.890207 -0.157480 0.318404,
        -0.971642 -0.511188 0.304307,
        -0.970279 -0.501555 0.316260,
        -0.967524 -0.497688 0.318227,
        -0.968418 -0.496875 0.318227,
        -0.969662 -0.493539 0.318227,
        -0.969518 -0.494740 0.318227,
        -0.966463 -0.498269 0.318227,
        -0.968229 -0.502675 0.316260,
        -0.969746 -0.506459 0.313132,
        -0.972007 -0.499983 0.316260,
        -0.969096 -0.495873 0.318227,
        -0.973316 -0.498048 0.316260,
        -0.974132 -0.495859 0.316260,
        -0.974409 -0.493539 0.316260,
        -0.972645 -0.504875 0.313132,
        -0.975089 -0.502652 0.313132,
        -0.976940 -0.499915 0.313132,
        -0.978094 -0.496820 0.313132,
        -0.978486 -0.493539 0.313132,
        -0.970910 -0.509363 0.309055,
        -0.974461 -0.507422 0.309055,
        -0.977454 -0.504700 0.309055,
        -0.979721 -0.501348 0.309055,
        -0.981135 -0.497557 0.309055,
        -0.981615 -0.493539 0.309055,
        -0.975602 -0.509024 0.304307,
        -0.978941 -0.505987 0.304307,
        -0.981469 -0.502249 0.304307,
        -0.983046 -0.498020 0.304307,
        -0.983581 -0.493539 0.304307,
        -0.971891 -0.511811 0.299213,
        -0.975991 -0.509570 0.299213,
        -0.979447 -0.506426 0.299213,
        -0.982065 -0.502556 0.299213,
        -0.983698 -0.498178 0.299213,
        -0.852351 -0.628715 0.018527,
        -0.856580 -0.627139 0.018527,
        -0.851888 -0.626804 0.013780,
        -0.855679 -0.625390 0.013780,
        -0.851150 -0.623763 0.009703,
        -0.854246 -0.622609 0.009703,
        -0.850190 -0.619802 0.006574,
        -0.852378 -0.618985 0.006574,
        -0.849071 -0.615187 0.004608,
        -0.850204 -0.614765 0.004608,
        -0.860318 -0.624610 0.018527,
        -0.859030 -0.623123 0.013780,
        -0.856982 -0.620758 0.009703,
        -0.854313 -0.617676 0.006574,
        -0.851206 -0.614087 0.004608,
        -0.863354 -0.621271 0.018527,
        -0.865519 -0.617311 0.018527,
        -0.861753 -0.620130 0.013780,
        -0.863694 -0.616580 0.013780,
        -0.859206 -0.618315 0.009703,
        -0.860790 -0.615415 0.009703,
        -0.855885 -0.615948 0.006574,
        -0.857006 -0.613898 0.006574,
        -0.852019 -0.613193 0.004608,
        -0.852599 -0.612132 0.004608,
        -0.866689 -0.612953 0.018527,
        -0.864743 -0.612672 0.013780,
        -0.861646 -0.612225 0.009703,
        -0.857612 -0.611642 0.006574,
        -0.852913 -0.610964 0.004608,
        -0.926242 0.526269 0.018527,
        -0.880600 0.571911 0.018527,
        -0.853749 0.585688 0.003937,
        -0.864007 0.562625 0.003937,
        -0.858574 0.587324 0.004608,
        -0.868454 0.565113 0.004608,
        -0.863071 0.588848 0.006574,
        -0.872596 0.567431 0.006574,
        -0.866932 0.590156 0.009703,
        -0.876154 0.569423 0.009703,
        -0.869894 0.591161 0.013780,
        -0.878884 0.570950 0.013780,
        -0.871757 0.591792 0.018527,
        -0.896150 0.523970 0.003937,
        -0.916956 0.509677 0.003937,
        -0.899407 0.527888 0.004608,
        -0.919444 0.514123 0.004608,
        -0.902443 0.531538 0.006574,
        -0.921762 0.518266 0.006574,
        -0.905050 0.534673 0.009703,
        -0.923754 0.521823 0.009703,
        -0.907050 0.537078 0.013780,
        -0.925281 0.524553 0.013780,
        -0.908307 0.538591 0.018527,
        -0.892921 0.553976 0.018527,
        -0.891409 0.552719 0.013780,
        -0.889004 0.550719 0.009703,
        -0.885869 0.548112 0.006574,
        -0.882219 0.545077 0.004608,
        -0.878301 0.541819 0.003937,
        -0.946123 0.517426 0.018527,
        -0.945491 0.515564 0.013780,
        -0.944487 0.512601 0.009703,
        -0.943179 0.508740 0.006574,
        -0.941654 0.504244 0.004608,
        -0.940019 0.499419 0.003937,
        -0.965295 0.498582 0.004608,
        -0.965973 0.503281 0.006574,
        -0.966556 0.507316 0.009703,
        -0.967002 0.510412 0.013780,
        -0.967283 0.512359 0.018527,
        -0.971891 0.511811 0.023622,
        -0.975991 0.509570 0.023622,
        -0.979447 0.506426 0.023622,
        -0.982065 0.502556 0.023622,
        -0.983698 0.498178 0.023622,
        -0.969662 0.253917 0.318227,
        -0.974409 0.253917 0.316260,
        -0.978486 0.253917 0.313132,
        -0.981615 0.253917 0.309055,
        -0.983581 0.253917 0.304307,
        -0.968370 0.235287 0.304307,
        -0.951177 0.229676 0.304307,
        -0.967976 0.237214 0.309055,
        -0.950358 0.231463 0.309055,
        -0.967351 0.240279 0.313132,
        -0.949055 0.234307 0.313132,
        -0.966535 0.244273 0.316260,
        -0.947357 0.238014 0.316260,
        -0.965586 0.248925 0.318227,
        -0.945380 0.242330 0.318227,
        -0.935700 0.220319 0.304307,
        -0.934497 0.221876 0.309055,
        -0.932585 0.224351 0.313132,
        -0.930092 0.227577 0.316260,
        -0.927189 0.231334 0.318227,
        -0.922741 0.207704 0.304307,
        -0.921217 0.208948 0.309055,
        -0.918794 0.210926 0.313132,
        -0.915636 0.213505 0.316260,
        -0.911959 0.216507 0.318227,
        -0.912972 0.192484 0.304307,
        -0.911207 0.193351 0.309055,
        -0.908399 0.194730 0.313132,
        -0.904739 0.196527 0.316260,
        -0.900478 0.198619 0.318227,
        -0.906900 0.175448 0.304307,
        -0.904985 0.175893 0.309055,
        -0.901938 0.176601 0.313132,
        -0.897967 0.177523 0.316260,
        -0.893342 0.178598 0.318227,
        -0.951251 -0.229514 0.303593,
        -0.907073 -0.175408 0.303593,
        -0.905655 -0.175737 0.307754,
        -0.968405 -0.235113 0.303593,
        -0.968357 -0.235350 0.304285,
        -0.950644 -0.230838 0.307754,
        -0.903370 -0.176268 0.311486,
        -0.968114 -0.236540 0.307754,
        -0.967958 -0.237305 0.308996,
        -0.949667 -0.232970 0.311486,
        -0.900334 -0.176973 0.314603,
        -0.967645 -0.238837 0.311486,
        -0.967333 -0.240365 0.313044,
        -0.948369 -0.235804 0.314603,
        -0.896699 -0.177818 0.316948,
        -0.913131 -0.192406 0.303593,
        -0.911824 -0.193048 0.307754,
        -0.909719 -0.194081 0.311486,
        -0.906921 -0.195455 0.314603,
        -0.903571 -0.197100 0.316948,
        -0.922878 -0.207592 0.303593,
        -0.921750 -0.208513 0.307754,
        -0.919933 -0.209996 0.311486,
        -0.917519 -0.211967 0.314603,
        -0.914628 -0.214328 0.316948,
        -0.935808 -0.220179 0.303593,
        -0.934918 -0.221331 0.307754,
        -0.933484 -0.223187 0.311486,
        -0.931578 -0.225654 0.314603,
        -0.929296 -0.228607 0.316948,
        -0.946815 -0.239197 0.316948,
        -0.892646 -0.178759 0.318404,
        -0.967022 -0.241891 0.314603,
        -0.966524 -0.244331 0.316167,
        -0.966275 -0.245548 0.316948,
        -0.965581 -0.248947 0.318162,
        -0.899836 -0.198934 0.318404,
        -0.911405 -0.216959 0.318404,
        -0.926752 -0.231900 0.318404,
        -0.945082 -0.242980 0.318404,
        -0.965443 -0.249625 0.318404,
        -0.969662 -0.253917 0.318227,
        -0.974409 -0.253917 0.316260,
        -0.978486 -0.253917 0.313132,
        -0.981615 -0.253917 0.309055,
        -0.983581 -0.253917 0.304307,
        -0.983698 -0.498178 0.023622,
        -0.982065 -0.502556 0.023622,
        -0.979447 -0.506426 0.023622,
        -0.975991 -0.509570 0.023622,
        -0.971891 -0.511811 0.023622,
        -0.880600 -0.571911 0.018527,
        -0.926242 -0.526269 0.018527,
        -0.940019 -0.499419 0.003937,
        -0.916956 -0.509677 0.003937,
        -0.941654 -0.504244 0.004608,
        -0.919444 -0.514123 0.004608,
        -0.943179 -0.508740 0.006574,
        -0.921762 -0.518266 0.006574,
        -0.944487 -0.512601 0.009703,
        -0.923754 -0.521823 0.009703,
        -0.945491 -0.515564 0.013780,
        -0.925281 -0.524553 0.013780,
        -0.946123 -0.517426 0.018527,
        -0.878301 -0.541819 0.003937,
        -0.864007 -0.562625 0.003937,
        -0.882219 -0.545077 0.004608,
        -0.868454 -0.565113 0.004608,
        -0.885869 -0.548112 0.006574,
        -0.872596 -0.567431 0.006574,
        -0.889004 -0.550719 0.009703,
        -0.876154 -0.569423 0.009703,
        -0.891409 -0.552719 0.013780,
        -0.878884 -0.570950 0.013780,
        -0.892921 -0.553976 0.018527,
        -0.965295 -0.498582 0.004608,
        -0.965973 -0.503281 0.006574,
        -0.966556 -0.507316 0.009703,
        -0.967002 -0.510412 0.013780,
        -0.967283 -0.512359 0.018527,
        -0.908307 -0.538591 0.018527,
        -0.907050 -0.537078 0.013780,
        -0.905050 -0.534673 0.009703,
        -0.902443 -0.531538 0.006574,
        -0.899407 -0.527888 0.004608,
        -0.896150 -0.523970 0.003937,
        -0.871757 -0.591792 0.018527,
        -0.869894 -0.591161 0.013780,
        -0.866932 -0.590156 0.009703,
        -0.863071 -0.588848 0.006574,
        -0.858574 -0.587324 0.004608,
        -0.853749 -0.585688 0.003937,
        -0.983046 0.498020 0.018527,
        -0.981469 0.502249 0.018527,
        -0.981135 0.497557 0.013780,
        -0.979721 0.501348 0.013780,
        -0.978094 0.496820 0.009703,
        -0.976940 0.499915 0.009703,
        -0.974132 0.495859 0.006574,
        -0.973316 0.498048 0.006574,
        -0.969518 0.494740 0.004608,
        -0.969096 0.495873 0.004608,
        -0.978941 0.505987 0.018527,
        -0.977454 0.504700 0.013780,
        -0.975089 0.502652 0.009703,
        -0.972007 0.499983 0.006574,
        -0.968418 0.496875 0.004608,
        -0.975602 0.509024 0.018527,
        -0.971642 0.511188 0.018527,
        -0.974461 0.507422 0.013780,
        -0.970910 0.509363 0.013780,
        -0.972645 0.504875 0.009703,
        -0.969746 0.506459 0.009703,
        -0.970279 0.501555 0.006574,
        -0.968229 0.502675 0.006574,
        -0.967524 0.497688 0.004608,
        -0.966463 0.498269 0.004608,
        -0.972487 0.236630 0.304307,
        -0.970585 0.246128 0.316260,
        -0.967682 0.249885 0.318227,
        -0.968513 0.250694 0.318227,
        -0.969530 0.252764 0.318227,
        -0.966689 0.249285 0.318227,
        -0.968667 0.244969 0.316260,
        -0.970365 0.241262 0.313132,
        -0.972191 0.247692 0.316260,
        -0.969140 0.251671 0.318227,
        -0.973402 0.249578 0.316260,
        -0.974154 0.251690 0.316260,
        -0.973078 0.242902 0.313132,
        -0.975349 0.245113 0.313132,
        -0.977061 0.247781 0.313132,
        -0.978125 0.250767 0.313132,
        -0.971667 0.238418 0.309055,
        -0.974990 0.240427 0.309055,
        -0.977772 0.243135 0.309055,
        -0.979869 0.246402 0.309055,
        -0.981172 0.250059 0.309055,
        -0.976193 0.238870 0.304307,
        -0.979295 0.241891 0.304307,
        -0.981634 0.245535 0.304307,
        -0.983088 0.249615 0.304307,
        -0.983088 -0.249615 0.304307,
        -0.981172 -0.250059 0.309055,
        -0.970365 -0.241262 0.313132,
        -0.974154 -0.251690 0.316260,
        -0.969530 -0.252764 0.318227,
        -0.969140 -0.251671 0.318227,
        -0.966689 -0.249285 0.318227,
        -0.967682 -0.249885 0.318227,
        -0.973402 -0.249578 0.316260,
        -0.968513 -0.250694 0.318227,
        -0.972191 -0.247692 0.316260,
        -0.970585 -0.246128 0.316260,
        -0.968667 -0.244969 0.316260,
        -0.978125 -0.250767 0.313132,
        -0.977061 -0.247781 0.313132,
        -0.975349 -0.245113 0.313132,
        -0.973078 -0.242902 0.313132,
        -0.979869 -0.246402 0.309055,
        -0.977772 -0.243135 0.309055,
        -0.974990 -0.240427 0.309055,
        -0.971667 -0.238418 0.309055,
        -0.981634 -0.245535 0.304307,
        -0.979295 -0.241891 0.304307,
        -0.976193 -0.238870 0.304307,
        -0.972487 -0.236630 0.304307,
        -0.971642 -0.511188 0.018527,
        -0.975602 -0.509024 0.018527,
        -0.970910 -0.509363 0.013780,
        -0.974461 -0.507422 0.013780,
        -0.969746 -0.506459 0.009703,
        -0.972645 -0.504875 0.009703,
        -0.968229 -0.502675 0.006574,
        -0.970279 -0.501555 0.006574,
        -0.966463 -0.498269 0.004608,
        -0.967524 -0.497688 0.004608,
        -0.978941 -0.505987 0.018527,
        -0.977454 -0.504700 0.013780,
        -0.975089 -0.502652 0.009703,
        -0.972007 -0.499983 0.006574,
        -0.968418 -0.496875 0.004608,
        -0.981469 -0.502249 0.018527,
        -0.983046 -0.498020 0.018527,
        -0.979721 -0.501348 0.013780,
        -0.981135 -0.497557 0.013780,
        -0.976940 -0.499915 0.009703,
        -0.978094 -0.496820 0.009703,
        -0.973316 -0.498048 0.006574,
        -0.974132 -0.495859 0.006574,
        -0.969096 -0.495873 0.004608,
        -0.969518 -0.494740 0.004608,
      ]
    }
    coordIndex [
      0, 1, 2, -1,
      3, 4, 5, -1,
      6, 7, 8, -1,
      9, 10, 11, -1,
      12, 9, 13, -1,
      14, 12, 15, -1,
      16, 17, 18, -1,
      19, 20, 21, -1,
      22, 23, 24, -1,
      25, 26, 27, -1,
      28, 29, 30, -1,
      30, 29, 31, -1,
      32, 33, 30, -1,
      30, 33, 34, -1,
      30, 34, 35, -1,
      35, 36, 30, -1,
      30, 36, 37, -1,
      30, 37, 28, -1,
      38, 39, 40, -1,
      40, 39, 32, -1,
      38, 40, 41, -1,
      41, 40, 42, -1,
      41, 42, 43, -1,
      44, 45, 42, -1,
      42, 45, 46, -1,
      42, 46, 43, -1,
      44, 47, 45, -1,
      45, 47, 48, -1,
      45, 48, 49, -1,
      49, 48, 50, -1,
      49, 50, 51, -1,
      52, 53, 44, -1,
      44, 53, 54, -1,
      44, 54, 47, -1,
      55, 56, 57, -1,
      57, 58, 55, -1,
      55, 58, 59, -1,
      55, 59, 44, -1,
      44, 59, 60, -1,
      44, 60, 52, -1,
      61, 62, 63, -1,
      63, 62, 64, -1,
      63, 64, 65, -1,
      65, 66, 63, -1,
      63, 66, 67, -1,
      63, 67, 56, -1,
      56, 67, 68, -1,
      56, 68, 57, -1,
      69, 61, 70, -1,
      70, 61, 63, -1,
      70, 63, 71, -1,
      71, 63, 72, -1,
      73, 74, 72, -1,
      72, 74, 75, -1,
      72, 75, 71, -1,
      76, 77, 73, -1,
      73, 77, 78, -1,
      73, 78, 74, -1,
      79, 80, 81, -1,
      81, 80, 82, -1,
      81, 82, 76, -1,
      27, 26, 83, -1,
      26, 84, 83, -1,
      83, 84, 85, -1,
      83, 85, 81, -1,
      81, 85, 86, -1,
      81, 86, 79, -1,
      87, 88, 89, -1,
      90, 91, 92, -1,
      93, 94, 95, -1,
      95, 94, 96, -1,
      90, 92, 97, -1,
      98, 99, 94, -1,
      94, 99, 100, -1,
      94, 100, 101, -1,
      102, 103, 27, -1,
      27, 103, 104, -1,
      27, 104, 105, -1,
      91, 106, 92, -1,
      92, 106, 107, -1,
      92, 107, 108, -1,
      89, 88, 27, -1,
      27, 88, 109, -1,
      27, 109, 102, -1,
      110, 111, 112, -1,
      112, 111, 113, -1,
      112, 113, 114, -1,
      115, 101, 116, -1,
      116, 101, 117, -1,
      116, 117, 112, -1,
      112, 117, 118, -1,
      112, 118, 110, -1,
      115, 119, 101, -1,
      101, 119, 120, -1,
      101, 120, 94, -1,
      94, 120, 121, -1,
      94, 121, 96, -1,
      122, 123, 92, -1,
      92, 123, 124, -1,
      92, 124, 94, -1,
      94, 124, 125, -1,
      94, 125, 98, -1,
      126, 127, 128, -1,
      128, 127, 129, -1,
      128, 129, 92, -1,
      92, 129, 130, -1,
      92, 130, 97, -1,
      131, 132, 25, -1,
      25, 132, 133, -1,
      133, 134, 25, -1,
      25, 134, 135, -1,
      25, 135, 136, -1,
      136, 135, 126, -1,
      136, 126, 137, -1,
      137, 126, 128, -1,
      108, 138, 92, -1,
      92, 138, 139, -1,
      92, 139, 140, -1,
      105, 141, 27, -1,
      27, 141, 142, -1,
      27, 142, 25, -1,
      25, 142, 143, -1,
      25, 143, 131, -1,
      140, 144, 92, -1,
      92, 144, 145, -1,
      92, 145, 122, -1,
      146, 147, 148, -1,
      148, 101, 146, -1,
      146, 101, 100, -1,
      146, 100, 149, -1,
      149, 100, 150, -1,
      150, 151, 149, -1,
      149, 151, 152, -1,
      149, 152, 153, -1,
      154, 155, 156, -1,
      155, 157, 156, -1,
      156, 157, 158, -1,
      156, 158, 159, -1,
      160, 156, 161, -1,
      147, 146, 160, -1,
      160, 146, 162, -1,
      160, 162, 156, -1,
      156, 162, 163, -1,
      156, 163, 154, -1,
      161, 164, 160, -1,
      160, 164, 165, -1,
      160, 165, 166, -1,
      159, 158, 167, -1,
      167, 158, 168, -1,
      167, 168, 169, -1,
      169, 168, 170, -1,
      169, 170, 171, -1,
      172, 173, 166, -1,
      166, 173, 174, -1,
      166, 174, 160, -1,
      29, 175, 31, -1,
      31, 175, 176, -1,
      31, 176, 89, -1,
      89, 176, 177, -1,
      89, 177, 87, -1,
      178, 179, 180, -1,
      179, 178, 181, -1,
      181, 178, 182, -1,
      181, 182, 183, -1,
      183, 182, 184, -1,
      183, 184, 185, -1,
      186, 187, 188, -1,
      188, 187, 189, -1,
      188, 189, 190, -1,
      191, 192, 193, -1,
      193, 192, 194, -1,
      195, 196, 194, -1,
      197, 198, 199, -1,
      200, 197, 201, -1,
      201, 202, 200, -1,
      200, 202, 203, -1,
      200, 203, 204, -1,
      194, 205, 195, -1,
      195, 205, 206, -1,
      195, 206, 207, -1,
      208, 209, 210, -1,
      199, 198, 211, -1,
      211, 198, 212, -1,
      211, 212, 213, -1,
      214, 215, 216, -1,
      216, 215, 217, -1,
      216, 217, 218, -1,
      218, 217, 208, -1,
      218, 208, 219, -1,
      219, 208, 210, -1,
      220, 221, 222, -1,
      222, 221, 223, -1,
      222, 223, 224, -1,
      225, 226, 227, -1,
      228, 229, 223, -1,
      229, 230, 223, -1,
      223, 230, 231, -1,
      223, 231, 224, -1,
      224, 231, 232, -1,
      225, 227, 223, -1,
      223, 227, 233, -1,
      223, 233, 228, -1,
      234, 235, 236, -1,
      236, 235, 237, -1,
      236, 237, 238, -1,
      238, 237, 239, -1,
      238, 239, 220, -1,
      240, 241, 242, -1,
      243, 244, 245, -1,
      232, 246, 224, -1,
      224, 246, 247, -1,
      224, 247, 245, -1,
      245, 247, 248, -1,
      245, 248, 243, -1,
      249, 250, 242, -1,
      242, 250, 251, -1,
      244, 252, 245, -1,
      245, 252, 253, -1,
      245, 253, 254, -1,
      254, 253, 255, -1,
      254, 255, 240, -1,
      256, 257, 241, -1,
      241, 257, 258, -1,
      241, 258, 242, -1,
      242, 258, 259, -1,
      242, 259, 249, -1,
      251, 260, 242, -1,
      242, 260, 261, -1,
      242, 261, 262, -1,
      263, 264, 265, -1,
      265, 264, 266, -1,
      265, 266, 267, -1,
      265, 268, 263, -1,
      263, 268, 269, -1,
      263, 269, 270, -1,
      270, 271, 263, -1,
      263, 271, 272, -1,
      263, 272, 273, -1,
      273, 272, 274, -1,
      273, 274, 275, -1,
      275, 274, 276, -1,
      275, 276, 241, -1,
      241, 276, 277, -1,
      241, 277, 256, -1,
      278, 279, 267, -1,
      267, 279, 280, -1,
      267, 280, 265, -1,
      281, 282, 226, -1,
      226, 282, 283, -1,
      226, 283, 227, -1,
      281, 284, 282, -1,
      282, 284, 285, -1,
      282, 285, 286, -1,
      286, 285, 287, -1,
      286, 288, 289, -1,
      287, 290, 286, -1,
      286, 290, 291, -1,
      286, 291, 292, -1,
      292, 293, 286, -1,
      286, 293, 294, -1,
      286, 294, 288, -1,
      289, 295, 286, -1,
      286, 295, 296, -1,
      286, 296, 297, -1,
      298, 299, 300, -1,
      301, 302, 303, -1,
      303, 302, 304, -1,
      305, 306, 193, -1,
      193, 306, 307, -1,
      193, 307, 191, -1,
      191, 307, 308, -1,
      193, 309, 305, -1,
      305, 309, 310, -1,
      305, 310, 311, -1,
      312, 310, 313, -1,
      313, 310, 309, -1,
      313, 309, 314, -1,
      314, 309, 193, -1,
      314, 193, 315, -1,
      315, 193, 178, -1,
      315, 178, 316, -1,
      316, 178, 317, -1,
      316, 317, 300, -1,
      300, 317, 318, -1,
      300, 318, 298, -1,
      319, 320, 321, -1,
      322, 323, 324, -1,
      319, 321, 325, -1,
      325, 321, 324, -1,
      325, 324, 326, -1,
      326, 324, 323, -1,
      326, 323, 327, -1,
      328, 329, 330, -1,
      330, 329, 331, -1,
      324, 332, 322, -1,
      322, 332, 333, -1,
      322, 333, 334, -1,
      335, 336, 337, -1,
      328, 330, 327, -1,
      327, 330, 338, -1,
      327, 338, 326, -1,
      326, 338, 339, -1,
      326, 339, 337, -1,
      337, 339, 340, -1,
      337, 340, 335, -1,
      320, 319, 341, -1,
      341, 319, 342, -1,
      341, 342, 335, -1,
      23, 343, 24, -1,
      24, 343, 344, -1,
      24, 344, 345, -1,
      345, 344, 346, -1,
      345, 346, 347, -1,
      30, 348, 349, -1,
      32, 30, 40, -1,
      40, 30, 349, -1,
      40, 349, 350, -1,
      20, 19, 342, -1,
      342, 19, 351, -1,
      342, 351, 352, -1,
      353, 354, 355, -1,
      335, 342, 336, -1,
      336, 342, 352, -1,
      336, 352, 356, -1,
      356, 352, 357, -1,
      356, 357, 355, -1,
      355, 357, 358, -1,
      355, 358, 353, -1,
      354, 359, 355, -1,
      355, 359, 360, -1,
      355, 360, 361, -1,
      362, 363, 364, -1,
      361, 365, 355, -1,
      355, 365, 366, -1,
      355, 366, 367, -1,
      367, 366, 368, -1,
      368, 366, 364, -1,
      364, 366, 369, -1,
      364, 369, 362, -1,
      363, 370, 364, -1,
      364, 370, 371, -1,
      364, 371, 372, -1,
      372, 373, 364, -1,
      364, 373, 374, -1,
      364, 374, 375, -1,
      375, 374, 376, -1,
      377, 378, 379, -1,
      379, 378, 380, -1,
      379, 380, 381, -1,
      382, 383, 384, -1,
      384, 385, 382, -1,
      382, 385, 386, -1,
      382, 386, 387, -1,
      24, 388, 382, -1,
      382, 388, 389, -1,
      382, 389, 383, -1,
      390, 391, 345, -1,
      345, 391, 392, -1,
      345, 392, 24, -1,
      24, 392, 393, -1,
      24, 393, 388, -1,
      394, 395, 396, -1,
      396, 397, 394, -1,
      394, 397, 398, -1,
      394, 398, 399, -1,
      399, 400, 394, -1,
      394, 400, 401, -1,
      394, 401, 390, -1,
      394, 402, 395, -1,
      395, 402, 224, -1,
      395, 224, 403, -1,
      403, 224, 404, -1,
      356, 405, 336, -1,
      336, 405, 406, -1,
      336, 406, 407, -1,
      407, 406, 408, -1,
      407, 408, 409, -1,
      410, 411, 242, -1,
      242, 411, 412, -1,
      240, 242, 254, -1,
      254, 242, 412, -1,
      254, 412, 215, -1,
      215, 412, 413, -1,
      215, 413, 217, -1,
      414, 411, 415, -1,
      415, 411, 410, -1,
      415, 410, 416, -1,
      417, 418, 242, -1,
      242, 418, 419, -1,
      242, 419, 410, -1,
      410, 419, 420, -1,
      410, 420, 416, -1,
      421, 422, 423, -1,
      423, 422, 424, -1,
      423, 424, 425, -1,
      426, 427, 428, -1,
      428, 427, 429, -1,
      427, 430, 429, -1,
      429, 430, 418, -1,
      429, 418, 431, -1,
      431, 418, 417, -1,
      431, 417, 432, -1,
      432, 417, 425, -1,
      432, 425, 433, -1,
      433, 425, 424, -1,
      434, 435, 436, -1,
      435, 437, 436, -1,
      436, 437, 438, -1,
      436, 438, 423, -1,
      423, 438, 439, -1,
      423, 439, 421, -1,
      440, 441, 442, -1,
      76, 73, 81, -1,
      81, 73, 443, -1,
      81, 443, 444, -1,
      14, 445, 446, -1,
      446, 445, 436, -1,
      446, 436, 447, -1,
      447, 436, 423, -1,
      447, 423, 448, -1,
      448, 423, 425, -1,
      262, 234, 242, -1,
      242, 234, 236, -1,
      242, 236, 417, -1,
      417, 236, 449, -1,
      417, 449, 425, -1,
      425, 449, 450, -1,
      425, 450, 448, -1,
      445, 451, 436, -1,
      436, 451, 442, -1,
      436, 442, 434, -1,
      434, 442, 441, -1,
      12, 13, 15, -1,
      15, 13, 452, -1,
      15, 452, 184, -1,
      16, 18, 453, -1,
      453, 18, 454, -1,
      453, 454, 455, -1,
      455, 454, 222, -1,
      455, 222, 456, -1,
      220, 222, 238, -1,
      238, 222, 454, -1,
      238, 454, 236, -1,
      236, 454, 18, -1,
      236, 18, 449, -1,
      449, 18, 17, -1,
      449, 17, 450, -1,
      451, 199, 442, -1,
      442, 199, 211, -1,
      442, 211, 440, -1,
      440, 211, 213, -1,
      440, 213, 214, -1,
      214, 213, 308, -1,
      214, 308, 215, -1,
      215, 308, 307, -1,
      457, 458, 459, -1,
      459, 460, 457, -1,
      457, 460, 6, -1,
      457, 6, 461, -1,
      461, 6, 8, -1,
      462, 89, 463, -1,
      463, 89, 27, -1,
      463, 27, 464, -1,
      464, 27, 83, -1,
      464, 83, 465, -1,
      465, 83, 81, -1,
      465, 81, 466, -1,
      466, 81, 444, -1,
      466, 444, 467, -1,
      468, 457, 469, -1,
      469, 457, 461, -1,
      469, 461, 464, -1,
      464, 461, 470, -1,
      464, 470, 463, -1,
      471, 472, 473, -1,
      473, 472, 474, -1,
      456, 475, 476, -1,
      477, 478, 5, -1,
      5, 478, 479, -1,
      471, 480, 472, -1,
      472, 480, 481, -1,
      472, 481, 482, -1,
      482, 481, 483, -1,
      484, 485, 483, -1,
      483, 485, 486, -1,
      483, 486, 482, -1,
      487, 488, 224, -1,
      479, 489, 5, -1,
      5, 489, 490, -1,
      5, 490, 3, -1,
      491, 492, 456, -1,
      456, 492, 493, -1,
      456, 493, 475, -1,
      488, 494, 224, -1,
      224, 494, 495, -1,
      224, 495, 496, -1,
      497, 498, 402, -1,
      402, 498, 499, -1,
      402, 499, 224, -1,
      224, 499, 500, -1,
      224, 500, 487, -1,
      501, 222, 502, -1,
      502, 222, 224, -1,
      502, 224, 503, -1,
      503, 224, 496, -1,
      504, 505, 483, -1,
      483, 505, 506, -1,
      483, 506, 507, -1,
      501, 5, 222, -1,
      222, 5, 4, -1,
      222, 4, 456, -1,
      456, 4, 508, -1,
      456, 508, 491, -1,
      476, 509, 456, -1,
      456, 509, 510, -1,
      456, 510, 402, -1,
      402, 510, 474, -1,
      402, 474, 497, -1,
      497, 474, 472, -1,
      507, 511, 483, -1,
      483, 511, 512, -1,
      483, 512, 484, -1,
      513, 193, 199, -1,
      199, 193, 194, -1,
      199, 194, 197, -1,
      197, 194, 196, -1,
      197, 196, 201, -1,
      514, 515, 182, -1,
      182, 515, 516, -1,
      517, 518, 178, -1,
      178, 518, 519, -1,
      178, 519, 182, -1,
      182, 519, 520, -1,
      182, 520, 514, -1,
      516, 521, 182, -1,
      182, 521, 522, -1,
      182, 522, 523, -1,
      14, 15, 445, -1,
      445, 15, 184, -1,
      445, 184, 451, -1,
      451, 184, 182, -1,
      451, 182, 199, -1,
      199, 182, 523, -1,
      199, 523, 513, -1,
      513, 524, 193, -1,
      193, 524, 525, -1,
      193, 525, 178, -1,
      178, 525, 526, -1,
      178, 526, 527, -1,
      527, 528, 178, -1,
      178, 528, 529, -1,
      178, 529, 517, -1,
      348, 30, 347, -1,
      347, 30, 31, -1,
      347, 31, 345, -1,
      345, 31, 89, -1,
      345, 89, 469, -1,
      469, 89, 462, -1,
      469, 462, 468, -1,
      390, 345, 394, -1,
      394, 345, 469, -1,
      394, 469, 402, -1,
      402, 469, 464, -1,
      402, 464, 456, -1,
      456, 464, 465, -1,
      456, 465, 455, -1,
      455, 465, 466, -1,
      455, 466, 453, -1,
      453, 466, 467, -1,
      453, 467, 16, -1,
      306, 301, 307, -1,
      307, 301, 303, -1,
      307, 303, 215, -1,
      215, 303, 326, -1,
      215, 326, 254, -1,
      254, 326, 337, -1,
      254, 337, 245, -1,
      245, 337, 336, -1,
      245, 336, 224, -1,
      224, 336, 407, -1,
      224, 407, 404, -1,
      404, 407, 409, -1,
      0, 2, 530, -1,
      531, 532, 303, -1,
      325, 533, 2, -1,
      2, 533, 534, -1,
      2, 534, 535, -1,
      299, 298, 304, -1,
      304, 298, 2, -1,
      304, 2, 303, -1,
      303, 2, 1, -1,
      303, 1, 531, -1,
      532, 536, 303, -1,
      303, 536, 537, -1,
      303, 537, 538, -1,
      538, 539, 303, -1,
      303, 539, 540, -1,
      303, 540, 326, -1,
      326, 540, 541, -1,
      326, 541, 325, -1,
      325, 541, 542, -1,
      325, 542, 533, -1,
      535, 543, 2, -1,
      2, 543, 544, -1,
      2, 544, 530, -1,
      188, 185, 186, -1,
      186, 185, 184, -1,
      186, 184, 545, -1,
      545, 184, 452, -1,
      545, 452, 546, -1,
      546, 452, 547, -1,
      546, 547, 180, -1,
      180, 547, 548, -1,
      180, 548, 178, -1,
      178, 548, 549, -1,
      178, 549, 317, -1,
      317, 549, 550, -1,
      317, 550, 318, -1,
      9, 11, 13, -1,
      13, 11, 551, -1,
      13, 551, 452, -1,
      452, 551, 552, -1,
      452, 552, 547, -1,
      547, 552, 553, -1,
      547, 553, 548, -1,
      548, 553, 554, -1,
      548, 554, 549, -1,
      549, 554, 555, -1,
      549, 555, 550, -1,
      387, 378, 382, -1,
      382, 378, 377, -1,
      382, 377, 24, -1,
      24, 377, 350, -1,
      24, 350, 22, -1,
      22, 350, 349, -1,
      555, 556, 550, -1,
      550, 556, 557, -1,
      550, 557, 318, -1,
      318, 557, 558, -1,
      318, 558, 298, -1,
      298, 558, 559, -1,
      298, 559, 2, -1,
      2, 559, 560, -1,
      2, 560, 325, -1,
      325, 560, 561, -1,
      325, 561, 319, -1,
      319, 561, 562, -1,
      319, 562, 342, -1,
      342, 562, 563, -1,
      342, 563, 20, -1,
      20, 563, 379, -1,
      20, 379, 21, -1,
      21, 379, 381, -1,
      564, 565, 566, -1,
      566, 565, 567, -1,
      566, 567, 568, -1,
      569, 570, 571, -1,
      572, 573, 574, -1,
      575, 576, 577, -1,
      568, 578, 566, -1,
      566, 578, 579, -1,
      566, 579, 580, -1,
      580, 579, 581, -1,
      580, 581, 582, -1,
      569, 571, 575, -1,
      575, 571, 583, -1,
      575, 583, 576, -1,
      584, 564, 585, -1,
      585, 564, 566, -1,
      585, 566, 574, -1,
      574, 566, 575, -1,
      574, 575, 572, -1,
      572, 575, 577, -1,
      572, 577, 586, -1,
      573, 587, 574, -1,
      574, 587, 588, -1,
      574, 588, 589, -1,
      589, 588, 590, -1,
      589, 590, 591, -1,
      592, 593, 594, -1,
      592, 594, 585, -1,
      585, 594, 595, -1,
      585, 595, 584, -1,
      596, 597, 598, -1,
      598, 597, 599, -1,
      597, 596, 600, -1,
      600, 596, 601, -1,
      600, 601, 602, -1,
      602, 601, 603, -1,
      602, 603, 604, -1,
      604, 603, 605, -1,
      604, 605, 606, -1,
      606, 605, 607, -1,
      606, 607, 608, -1,
      608, 607, 609, -1,
      608, 609, 610, -1,
      610, 609, 611, -1,
      612, 613, 614, -1,
      614, 613, 615, -1,
      614, 615, 616, -1,
      616, 615, 617, -1,
      616, 617, 618, -1,
      618, 617, 619, -1,
      618, 619, 620, -1,
      620, 619, 621, -1,
      620, 621, 622, -1,
      622, 621, 623, -1,
      622, 623, 599, -1,
      599, 623, 598, -1,
      624, 625, 626, -1,
      627, 610, 611, -1,
      611, 624, 627, -1,
      627, 624, 626, -1,
      627, 626, 628, -1,
      626, 629, 628, -1,
      628, 629, 630, -1,
      628, 630, 631, -1,
      630, 632, 631, -1,
      631, 632, 633, -1,
      631, 633, 634, -1,
      633, 635, 634, -1,
      634, 635, 636, -1,
      634, 636, 637, -1,
      636, 638, 637, -1,
      637, 638, 639, -1,
      637, 639, 640, -1,
      640, 639, 641, -1,
      640, 641, 642, -1,
      613, 612, 643, -1,
      643, 612, 644, -1,
      645, 646, 647, -1,
      647, 646, 648, -1,
      646, 649, 648, -1,
      648, 649, 650, -1,
      648, 650, 651, -1,
      650, 652, 651, -1,
      651, 652, 653, -1,
      651, 653, 654, -1,
      653, 655, 654, -1,
      654, 655, 656, -1,
      654, 656, 657, -1,
      658, 643, 659, -1,
      659, 643, 644, -1,
      659, 644, 660, -1,
      660, 644, 657, -1,
      660, 657, 661, -1,
      661, 657, 656, -1,
      633, 632, 662, -1,
      636, 635, 663, -1,
      639, 638, 664, -1,
      665, 666, 667, -1,
      668, 669, 670, -1,
      668, 670, 671, -1,
      665, 667, 672, -1,
      673, 674, 675, -1,
      675, 674, 676, -1,
      675, 676, 677, -1,
      678, 679, 680, -1,
      680, 679, 681, -1,
      680, 681, 682, -1,
      682, 681, 683, -1,
      683, 681, 684, -1,
      683, 684, 685, -1,
      630, 629, 686, -1,
      686, 629, 626, -1,
      685, 684, 687, -1,
      687, 684, 686, -1,
      687, 686, 688, -1,
      688, 686, 626, -1,
      688, 626, 625, -1,
      642, 641, 689, -1,
      689, 641, 690, -1,
      689, 690, 691, -1,
      691, 690, 692, -1,
      691, 692, 693, -1,
      693, 692, 694, -1,
      694, 692, 695, -1,
      694, 695, 696, -1,
      632, 630, 662, -1,
      662, 630, 686, -1,
      662, 686, 697, -1,
      697, 686, 684, -1,
      697, 684, 698, -1,
      698, 684, 681, -1,
      698, 681, 676, -1,
      676, 681, 679, -1,
      676, 679, 677, -1,
      677, 679, 678, -1,
      670, 699, 671, -1,
      671, 699, 700, -1,
      671, 700, 701, -1,
      701, 700, 702, -1,
      701, 702, 695, -1,
      695, 702, 703, -1,
      695, 703, 696, -1,
      641, 639, 690, -1,
      690, 639, 664, -1,
      690, 664, 692, -1,
      692, 664, 704, -1,
      692, 704, 695, -1,
      695, 704, 705, -1,
      695, 705, 701, -1,
      701, 705, 706, -1,
      701, 706, 671, -1,
      671, 706, 707, -1,
      671, 707, 668, -1,
      668, 707, 708, -1,
      638, 636, 664, -1,
      664, 636, 663, -1,
      664, 663, 704, -1,
      704, 663, 709, -1,
      704, 709, 705, -1,
      705, 709, 710, -1,
      705, 710, 706, -1,
      706, 710, 711, -1,
      706, 711, 707, -1,
      707, 711, 667, -1,
      707, 667, 708, -1,
      708, 667, 666, -1,
      635, 633, 663, -1,
      663, 633, 662, -1,
      663, 662, 709, -1,
      709, 662, 697, -1,
      709, 697, 710, -1,
      710, 697, 698, -1,
      710, 698, 711, -1,
      711, 698, 676, -1,
      711, 676, 667, -1,
      667, 676, 674, -1,
      667, 674, 672, -1,
      672, 674, 673, -1,
      712, 713, 714, -1,
      715, 716, 717, -1,
      658, 659, 718, -1,
      718, 659, 719, -1,
      718, 719, 720, -1,
      721, 722, 723, -1,
      724, 725, 726, -1,
      726, 725, 722, -1,
      727, 728, 729, -1,
      729, 728, 724, -1,
      727, 729, 730, -1,
      730, 729, 731, -1,
      730, 731, 732, -1,
      732, 733, 734, -1,
      734, 733, 735, -1,
      734, 735, 736, -1,
      736, 735, 737, -1,
      736, 737, 738, -1,
      738, 737, 714, -1,
      738, 714, 717, -1,
      717, 714, 713, -1,
      717, 713, 715, -1,
      659, 660, 719, -1,
      719, 660, 661, -1,
      719, 661, 739, -1,
      661, 656, 739, -1,
      739, 656, 655, -1,
      739, 655, 740, -1,
      655, 653, 740, -1,
      740, 653, 652, -1,
      740, 652, 741, -1,
      646, 742, 649, -1,
      649, 742, 741, -1,
      649, 741, 650, -1,
      650, 741, 652, -1,
      646, 645, 742, -1,
      742, 645, 743, -1,
      742, 743, 744, -1,
      744, 745, 742, -1,
      742, 745, 746, -1,
      742, 746, 741, -1,
      741, 746, 747, -1,
      741, 747, 740, -1,
      740, 747, 748, -1,
      740, 748, 739, -1,
      739, 748, 721, -1,
      739, 721, 719, -1,
      719, 721, 723, -1,
      719, 723, 720, -1,
      722, 721, 726, -1,
      726, 721, 748, -1,
      726, 748, 749, -1,
      749, 748, 747, -1,
      749, 747, 750, -1,
      750, 747, 746, -1,
      750, 746, 751, -1,
      751, 746, 745, -1,
      751, 745, 752, -1,
      744, 753, 745, -1,
      745, 753, 754, -1,
      745, 754, 752, -1,
      752, 754, 755, -1,
      752, 755, 756, -1,
      724, 726, 729, -1,
      729, 726, 749, -1,
      729, 749, 731, -1,
      731, 749, 750, -1,
      731, 750, 757, -1,
      757, 750, 751, -1,
      757, 751, 758, -1,
      758, 751, 752, -1,
      758, 752, 759, -1,
      759, 752, 756, -1,
      759, 756, 760, -1,
      732, 731, 733, -1,
      733, 731, 757, -1,
      733, 757, 735, -1,
      735, 757, 758, -1,
      735, 758, 737, -1,
      737, 758, 759, -1,
      737, 759, 714, -1,
      714, 759, 760, -1,
      714, 760, 712, -1,
      580, 582, 761, -1,
      761, 582, 762, -1,
      669, 761, 670, -1,
      670, 761, 762, -1,
      670, 762, 699, -1,
      699, 762, 763, -1,
      699, 763, 700, -1,
      700, 763, 702, -1,
      702, 763, 764, -1,
      702, 764, 703, -1,
      703, 764, 696, -1,
      696, 764, 765, -1,
      696, 765, 694, -1,
      694, 765, 693, -1,
      693, 765, 766, -1,
      693, 766, 691, -1,
      691, 766, 689, -1,
      689, 766, 767, -1,
      689, 767, 642, -1,
      768, 716, 715, -1,
      570, 569, 769, -1,
      769, 569, 768, -1,
      768, 715, 769, -1,
      769, 715, 713, -1,
      769, 713, 770, -1,
      713, 712, 770, -1,
      770, 712, 760, -1,
      770, 760, 771, -1,
      760, 756, 771, -1,
      771, 756, 755, -1,
      771, 755, 772, -1,
      755, 754, 772, -1,
      772, 754, 753, -1,
      772, 753, 773, -1,
      773, 753, 744, -1,
      773, 744, 774, -1,
      774, 744, 743, -1,
      774, 743, 645, -1,
      775, 776, 777, -1,
      593, 592, 778, -1,
      778, 592, 775, -1,
      775, 777, 778, -1,
      778, 777, 779, -1,
      778, 779, 780, -1,
      779, 781, 780, -1,
      780, 781, 782, -1,
      780, 782, 783, -1,
      782, 784, 783, -1,
      783, 784, 785, -1,
      783, 785, 786, -1,
      785, 787, 786, -1,
      786, 787, 788, -1,
      786, 788, 789, -1,
      789, 788, 790, -1,
      789, 790, 791, -1,
      791, 790, 792, -1,
      791, 792, 793, -1,
      794, 795, 796, -1,
      796, 795, 797, -1,
      793, 798, 799, -1,
      799, 798, 800, -1,
      798, 801, 800, -1,
      800, 801, 802, -1,
      800, 802, 803, -1,
      802, 804, 803, -1,
      803, 804, 805, -1,
      803, 805, 806, -1,
      805, 807, 806, -1,
      806, 807, 808, -1,
      806, 808, 809, -1,
      810, 796, 811, -1,
      811, 796, 797, -1,
      811, 797, 812, -1,
      812, 797, 809, -1,
      812, 809, 813, -1,
      813, 809, 808, -1,
      814, 815, 816, -1,
      817, 818, 819, -1,
      819, 814, 817, -1,
      817, 814, 816, -1,
      817, 816, 820, -1,
      816, 821, 820, -1,
      820, 821, 822, -1,
      820, 822, 823, -1,
      822, 824, 823, -1,
      823, 824, 825, -1,
      823, 825, 826, -1,
      825, 827, 826, -1,
      826, 827, 828, -1,
      826, 828, 829, -1,
      828, 830, 829, -1,
      829, 830, 831, -1,
      829, 831, 832, -1,
      832, 831, 833, -1,
      832, 833, 834, -1,
      589, 591, 835, -1,
      835, 591, 836, -1,
      837, 835, 838, -1,
      838, 835, 836, -1,
      838, 836, 839, -1,
      839, 836, 840, -1,
      839, 840, 841, -1,
      841, 840, 842, -1,
      842, 840, 843, -1,
      842, 843, 844, -1,
      844, 843, 845, -1,
      845, 843, 846, -1,
      845, 846, 847, -1,
      847, 846, 848, -1,
      848, 846, 849, -1,
      848, 849, 850, -1,
      850, 849, 851, -1,
      851, 849, 852, -1,
      851, 852, 834, -1,
      781, 779, 853, -1,
      777, 776, 854, -1,
      810, 811, 855, -1,
      855, 811, 856, -1,
      855, 856, 857, -1,
      858, 859, 860, -1,
      861, 862, 863, -1,
      863, 862, 859, -1,
      864, 865, 866, -1,
      866, 865, 861, -1,
      864, 866, 867, -1,
      867, 866, 868, -1,
      867, 868, 869, -1,
      869, 870, 871, -1,
      871, 870, 872, -1,
      871, 872, 873, -1,
      873, 872, 874, -1,
      873, 874, 875, -1,
      875, 874, 853, -1,
      875, 853, 854, -1,
      854, 853, 779, -1,
      854, 779, 777, -1,
      811, 812, 856, -1,
      856, 812, 813, -1,
      856, 813, 876, -1,
      813, 808, 876, -1,
      876, 808, 807, -1,
      876, 807, 877, -1,
      807, 805, 877, -1,
      877, 805, 804, -1,
      877, 804, 878, -1,
      798, 879, 801, -1,
      801, 879, 878, -1,
      801, 878, 802, -1,
      802, 878, 804, -1,
      798, 793, 879, -1,
      879, 793, 792, -1,
      879, 792, 790, -1,
      790, 880, 879, -1,
      879, 880, 881, -1,
      879, 881, 878, -1,
      878, 881, 882, -1,
      878, 882, 877, -1,
      877, 882, 883, -1,
      877, 883, 876, -1,
      876, 883, 858, -1,
      876, 858, 856, -1,
      856, 858, 860, -1,
      856, 860, 857, -1,
      859, 858, 863, -1,
      863, 858, 883, -1,
      863, 883, 884, -1,
      884, 883, 882, -1,
      884, 882, 885, -1,
      885, 882, 881, -1,
      885, 881, 886, -1,
      886, 881, 880, -1,
      886, 880, 887, -1,
      790, 788, 880, -1,
      880, 788, 787, -1,
      880, 787, 887, -1,
      887, 787, 785, -1,
      887, 785, 784, -1,
      861, 863, 866, -1,
      866, 863, 884, -1,
      866, 884, 868, -1,
      868, 884, 885, -1,
      868, 885, 888, -1,
      888, 885, 886, -1,
      888, 886, 889, -1,
      889, 886, 887, -1,
      889, 887, 890, -1,
      890, 887, 784, -1,
      890, 784, 782, -1,
      869, 868, 870, -1,
      870, 868, 888, -1,
      870, 888, 872, -1,
      872, 888, 889, -1,
      872, 889, 874, -1,
      874, 889, 890, -1,
      874, 890, 853, -1,
      853, 890, 782, -1,
      853, 782, 781, -1,
      825, 824, 891, -1,
      828, 827, 892, -1,
      831, 830, 893, -1,
      894, 895, 896, -1,
      897, 837, 838, -1,
      897, 838, 898, -1,
      896, 895, 899, -1,
      899, 895, 900, -1,
      899, 900, 901, -1,
      902, 903, 904, -1,
      904, 903, 905, -1,
      904, 905, 906, -1,
      906, 905, 907, -1,
      906, 907, 908, -1,
      908, 907, 909, -1,
      908, 909, 910, -1,
      910, 909, 911, -1,
      910, 911, 912, -1,
      815, 902, 816, -1,
      816, 902, 904, -1,
      816, 904, 821, -1,
      821, 904, 822, -1,
      834, 833, 851, -1,
      851, 833, 913, -1,
      914, 915, 845, -1,
      845, 847, 914, -1,
      914, 847, 848, -1,
      914, 848, 913, -1,
      913, 848, 850, -1,
      913, 850, 851, -1,
      824, 822, 891, -1,
      891, 822, 904, -1,
      891, 904, 916, -1,
      916, 904, 906, -1,
      916, 906, 917, -1,
      917, 906, 908, -1,
      917, 908, 900, -1,
      900, 908, 910, -1,
      900, 910, 901, -1,
      901, 910, 912, -1,
      838, 839, 898, -1,
      898, 839, 841, -1,
      898, 841, 918, -1,
      918, 841, 842, -1,
      918, 842, 915, -1,
      915, 842, 844, -1,
      915, 844, 845, -1,
      833, 831, 913, -1,
      913, 831, 893, -1,
      913, 893, 914, -1,
      914, 893, 919, -1,
      914, 919, 915, -1,
      915, 919, 920, -1,
      915, 920, 918, -1,
      918, 920, 921, -1,
      918, 921, 898, -1,
      898, 921, 922, -1,
      898, 922, 897, -1,
      897, 922, 923, -1,
      830, 828, 893, -1,
      893, 828, 892, -1,
      893, 892, 919, -1,
      919, 892, 924, -1,
      919, 924, 920, -1,
      920, 924, 925, -1,
      920, 925, 921, -1,
      921, 925, 926, -1,
      921, 926, 922, -1,
      922, 926, 927, -1,
      922, 927, 923, -1,
      923, 927, 928, -1,
      827, 825, 892, -1,
      892, 825, 891, -1,
      892, 891, 924, -1,
      924, 891, 916, -1,
      924, 916, 925, -1,
      925, 916, 917, -1,
      925, 917, 926, -1,
      926, 917, 900, -1,
      926, 900, 927, -1,
      927, 900, 895, -1,
      927, 895, 928, -1,
      928, 895, 894, -1,
      929, 930, 931, -1,
      929, 931, 932, -1,
      930, 933, 931, -1,
      931, 933, 934, -1,
      931, 934, 935, -1,
      936, 937, 938, -1,
      938, 939, 936, -1,
      936, 939, 940, -1,
      936, 940, 941, -1,
      942, 943, 932, -1,
      944, 945, 946, -1,
      946, 945, 947, -1,
      932, 931, 942, -1,
      942, 931, 948, -1,
      942, 948, 949, -1,
      950, 951, 952, -1,
      953, 954, 955, -1,
      940, 956, 941, -1,
      941, 956, 946, -1,
      941, 946, 957, -1,
      957, 946, 947, -1,
      957, 947, 958, -1,
      958, 947, 959, -1,
      958, 959, 960, -1,
      960, 959, 961, -1,
      960, 961, 962, -1,
      950, 952, 963, -1,
      952, 964, 963, -1,
      963, 964, 965, -1,
      963, 965, 966, -1,
      966, 965, 967, -1,
      966, 967, 968, -1,
      968, 967, 969, -1,
      968, 969, 949, -1,
      949, 969, 970, -1,
      949, 970, 942, -1,
      950, 971, 951, -1,
      951, 971, 972, -1,
      951, 972, 953, -1,
      953, 972, 973, -1,
      953, 973, 954, -1,
      961, 974, 962, -1,
      962, 974, 975, -1,
      962, 975, 955, -1,
      955, 975, 976, -1,
      955, 976, 953, -1,
      977, 640, 767, -1,
      767, 640, 642, -1,
      647, 978, 645, -1,
      645, 978, 774, -1,
      791, 793, 979, -1,
      979, 793, 799, -1,
      980, 832, 852, -1,
      852, 832, 834, -1,
      981, 982, 983, -1,
      983, 982, 984, -1,
      985, 986, 987, -1,
      988, 989, 990, -1,
      990, 989, 991, -1,
      992, 993, 987, -1,
      987, 993, 994, -1,
      987, 994, 985, -1,
      987, 995, 996, -1,
      996, 995, 997, -1,
      996, 997, 998, -1,
      999, 1000, 1001, -1,
      1002, 1003, 1004, -1,
      1004, 1003, 1005, -1,
      992, 987, 1006, -1,
      1006, 987, 996, -1,
      1006, 996, 1007, -1,
      998, 997, 1008, -1,
      1008, 997, 1009, -1,
      1008, 1009, 1010, -1,
      1010, 1009, 1011, -1,
      1010, 1011, 1012, -1,
      1012, 1011, 1013, -1,
      1012, 1013, 1014, -1,
      1015, 1016, 1000, -1,
      1000, 1016, 1017, -1,
      1000, 1017, 1001, -1,
      988, 1018, 989, -1,
      989, 1018, 1019, -1,
      989, 1019, 1020, -1,
      1020, 1019, 1004, -1,
      1020, 1004, 1021, -1,
      1021, 1004, 1005, -1,
      1021, 1005, 1022, -1,
      1022, 1005, 1023, -1,
      1022, 1023, 1024, -1,
      1024, 1023, 1025, -1,
      1024, 1025, 1015, -1,
      1015, 1025, 1026, -1,
      1015, 1026, 1016, -1,
      1014, 1013, 1027, -1,
      1027, 1013, 1028, -1,
      1027, 1028, 1029, -1,
      1028, 1030, 1029, -1,
      1029, 1030, 1031, -1,
      1029, 1031, 1001, -1,
      1001, 1031, 1032, -1,
      1001, 1032, 999, -1,
      1033, 1034, 1035, -1,
      1035, 1034, 1036, -1,
      1037, 1038, 1039, -1,
      1039, 1038, 1040, -1,
      1041, 1042, 1043, -1,
      1043, 1042, 1044, -1,
      1045, 1046, 1047, -1,
      1047, 1046, 1048, -1,
      1049, 1050, 1051, -1,
      1051, 1050, 1052, -1,
      1051, 1052, 1053, -1,
      1053, 1052, 1054, -1,
      1053, 1054, 1055, -1,
      1056, 1057, 1058, -1,
      1059, 1060, 1052, -1,
      1052, 1060, 1061, -1,
      1052, 1061, 1054, -1,
      1054, 1061, 1062, -1,
      1054, 1062, 1063, -1,
      1064, 1065, 1066, -1,
      1059, 1052, 1067, -1,
      1067, 1052, 1068, -1,
      1067, 1068, 1069, -1,
      1056, 1058, 1051, -1,
      1051, 1058, 1070, -1,
      1051, 1070, 1049, -1,
      1063, 1062, 1066, -1,
      1066, 1062, 1071, -1,
      1066, 1071, 1064, -1,
      1055, 1072, 1053, -1,
      1053, 1072, 1073, -1,
      1053, 1073, 1074, -1,
      1074, 1073, 1075, -1,
      1074, 1075, 1076, -1,
      1034, 1033, 1077, -1,
      1077, 1033, 1078, -1,
      1077, 1078, 1079, -1,
      1079, 1078, 1080, -1,
      1079, 1080, 1081, -1,
      1081, 1080, 1082, -1,
      1081, 1082, 1083, -1,
      1083, 1082, 1084, -1,
      1083, 1084, 1085, -1,
      1085, 1084, 1086, -1,
      1085, 1086, 1087, -1,
      1087, 1086, 1088, -1,
      1087, 1088, 1089, -1,
      1089, 1088, 1090, -1,
      1089, 1090, 1091, -1,
      1091, 1090, 1092, -1,
      1091, 1092, 1093, -1,
      1093, 1092, 1094, -1,
      1093, 1094, 1095, -1,
      1095, 1094, 1096, -1,
      1095, 1096, 1097, -1,
      1097, 1096, 1098, -1,
      1097, 1098, 1040, -1,
      1040, 1098, 1039, -1,
      1038, 1037, 1099, -1,
      1099, 1037, 1100, -1,
      1099, 1100, 1101, -1,
      1101, 1100, 1102, -1,
      1101, 1102, 1103, -1,
      1103, 1102, 1104, -1,
      1103, 1104, 1105, -1,
      1105, 1104, 1106, -1,
      1105, 1106, 1107, -1,
      1107, 1106, 1108, -1,
      1107, 1108, 1109, -1,
      1109, 1108, 1110, -1,
      1109, 1110, 1111, -1,
      1111, 1110, 1112, -1,
      1111, 1112, 1113, -1,
      1113, 1112, 1114, -1,
      1113, 1114, 1115, -1,
      1115, 1114, 1116, -1,
      1115, 1116, 1117, -1,
      1117, 1116, 1118, -1,
      1117, 1118, 1119, -1,
      1119, 1118, 1120, -1,
      1119, 1120, 1044, -1,
      1044, 1120, 1043, -1,
      1042, 1041, 1121, -1,
      1121, 1041, 1122, -1,
      1121, 1122, 1123, -1,
      1123, 1122, 1124, -1,
      1123, 1124, 1125, -1,
      1125, 1124, 1126, -1,
      1125, 1126, 1127, -1,
      1127, 1126, 1128, -1,
      1127, 1128, 1129, -1,
      1129, 1128, 1130, -1,
      1129, 1130, 1131, -1,
      1131, 1130, 1132, -1,
      1131, 1132, 1133, -1,
      1133, 1132, 1134, -1,
      1133, 1134, 1135, -1,
      1135, 1134, 1136, -1,
      1135, 1136, 1137, -1,
      1137, 1136, 1138, -1,
      1137, 1138, 1139, -1,
      1139, 1138, 1140, -1,
      1139, 1140, 1141, -1,
      1141, 1140, 1142, -1,
      1141, 1142, 1048, -1,
      1048, 1142, 1047, -1,
      1046, 1045, 1143, -1,
      1143, 1045, 1144, -1,
      1143, 1144, 1145, -1,
      1145, 1144, 1146, -1,
      1145, 1146, 1147, -1,
      1147, 1146, 1148, -1,
      1147, 1148, 1149, -1,
      1149, 1148, 1150, -1,
      1149, 1150, 1151, -1,
      1151, 1150, 1152, -1,
      1151, 1152, 1153, -1,
      1153, 1152, 1154, -1,
      1153, 1154, 1155, -1,
      1155, 1154, 1156, -1,
      1155, 1156, 1157, -1,
      1157, 1156, 1158, -1,
      1157, 1158, 1159, -1,
      1159, 1158, 1160, -1,
      1159, 1160, 1161, -1,
      1161, 1160, 1162, -1,
      1161, 1162, 1163, -1,
      1163, 1162, 1164, -1,
      1163, 1164, 1036, -1,
      1036, 1164, 1035, -1,
      1165, 1166, 1167, -1,
      1168, 1169, 1170, -1,
      1171, 1172, 1173, -1,
      1174, 1175, 1176, -1,
      1177, 1178, 1179, -1,
      1180, 1181, 1182, -1,
      1183, 1184, 1185, -1,
      1186, 1187, 1188, -1,
      1189, 1190, 1191, -1,
      1192, 1193, 1194, -1,
      1194, 1193, 1039, -1,
      1039, 1098, 1194, -1,
      1194, 1098, 1096, -1,
      1194, 1096, 1195, -1,
      1195, 1096, 1094, -1,
      1195, 1094, 1196, -1,
      1094, 1092, 1196, -1,
      1196, 1092, 1090, -1,
      1196, 1090, 1197, -1,
      1197, 1090, 1088, -1,
      1197, 1088, 1198, -1,
      1088, 1086, 1198, -1,
      1198, 1086, 1084, -1,
      1198, 1084, 1199, -1,
      1199, 1084, 1082, -1,
      1199, 1082, 1200, -1,
      1033, 1201, 1078, -1,
      1078, 1201, 1200, -1,
      1078, 1200, 1080, -1,
      1080, 1200, 1082, -1,
      1201, 1189, 1200, -1,
      1200, 1189, 1191, -1,
      1200, 1191, 1199, -1,
      1199, 1191, 1202, -1,
      1199, 1202, 1198, -1,
      1198, 1202, 1203, -1,
      1198, 1203, 1197, -1,
      1197, 1203, 1204, -1,
      1197, 1204, 1196, -1,
      1196, 1204, 1205, -1,
      1196, 1205, 1195, -1,
      1195, 1205, 1206, -1,
      1195, 1206, 1194, -1,
      1194, 1206, 1188, -1,
      1194, 1188, 1192, -1,
      1192, 1188, 1187, -1,
      1190, 1183, 1191, -1,
      1191, 1183, 1185, -1,
      1191, 1185, 1202, -1,
      1202, 1185, 1207, -1,
      1202, 1207, 1203, -1,
      1203, 1207, 1208, -1,
      1203, 1208, 1204, -1,
      1204, 1208, 1209, -1,
      1204, 1209, 1205, -1,
      1205, 1209, 1210, -1,
      1205, 1210, 1206, -1,
      1206, 1210, 1211, -1,
      1206, 1211, 1188, -1,
      1188, 1211, 1182, -1,
      1188, 1182, 1186, -1,
      1186, 1182, 1181, -1,
      1184, 1177, 1185, -1,
      1185, 1177, 1179, -1,
      1185, 1179, 1207, -1,
      1207, 1179, 1212, -1,
      1207, 1212, 1208, -1,
      1208, 1212, 1213, -1,
      1208, 1213, 1209, -1,
      1209, 1213, 1214, -1,
      1209, 1214, 1210, -1,
      1210, 1214, 1215, -1,
      1210, 1215, 1211, -1,
      1211, 1215, 1216, -1,
      1211, 1216, 1182, -1,
      1182, 1216, 1176, -1,
      1182, 1176, 1180, -1,
      1180, 1176, 1175, -1,
      1178, 1171, 1179, -1,
      1179, 1171, 1173, -1,
      1179, 1173, 1212, -1,
      1212, 1173, 1217, -1,
      1212, 1217, 1213, -1,
      1213, 1217, 1218, -1,
      1213, 1218, 1214, -1,
      1214, 1218, 1219, -1,
      1214, 1219, 1215, -1,
      1215, 1219, 1220, -1,
      1215, 1220, 1216, -1,
      1216, 1220, 1221, -1,
      1216, 1221, 1176, -1,
      1176, 1221, 1170, -1,
      1176, 1170, 1174, -1,
      1174, 1170, 1169, -1,
      1172, 1165, 1173, -1,
      1173, 1165, 1167, -1,
      1173, 1167, 1217, -1,
      1217, 1167, 1222, -1,
      1217, 1222, 1218, -1,
      1218, 1222, 1223, -1,
      1218, 1223, 1219, -1,
      1219, 1223, 1224, -1,
      1219, 1224, 1220, -1,
      1220, 1224, 1225, -1,
      1220, 1225, 1221, -1,
      1221, 1225, 1226, -1,
      1221, 1226, 1170, -1,
      1170, 1226, 1227, -1,
      1170, 1227, 1168, -1,
      1168, 1227, 1228, -1,
      1166, 972, 1167, -1,
      1167, 972, 971, -1,
      1167, 971, 1222, -1,
      1222, 971, 950, -1,
      1222, 950, 1223, -1,
      1223, 950, 963, -1,
      1223, 963, 1224, -1,
      1224, 963, 966, -1,
      1224, 966, 1225, -1,
      1225, 966, 968, -1,
      1225, 968, 1226, -1,
      1226, 968, 949, -1,
      1226, 949, 1227, -1,
      1227, 949, 948, -1,
      1227, 948, 1228, -1,
      1228, 948, 931, -1,
      972, 1166, 973, -1,
      973, 1166, 1229, -1,
      1166, 1165, 1229, -1,
      1229, 1165, 1172, -1,
      1229, 1172, 1230, -1,
      1172, 1171, 1230, -1,
      1230, 1171, 1178, -1,
      1230, 1178, 1231, -1,
      1231, 1178, 1177, -1,
      1231, 1177, 1232, -1,
      1177, 1184, 1232, -1,
      1232, 1184, 1183, -1,
      1232, 1183, 1233, -1,
      1183, 1190, 1233, -1,
      1233, 1190, 1189, -1,
      1233, 1189, 1035, -1,
      1035, 1189, 1201, -1,
      1035, 1201, 1033, -1,
      991, 989, 1234, -1,
      1228, 931, 935, -1,
      991, 1234, 935, -1,
      1228, 935, 1168, -1,
      1168, 935, 1234, -1,
      1168, 1234, 1169, -1,
      1169, 1234, 1174, -1,
      1174, 1234, 1235, -1,
      1174, 1235, 1175, -1,
      1175, 1235, 1180, -1,
      1180, 1235, 1236, -1,
      1180, 1236, 1181, -1,
      1181, 1236, 1237, -1,
      1181, 1237, 1186, -1,
      1186, 1237, 1187, -1,
      1187, 1237, 1238, -1,
      1187, 1238, 1192, -1,
      1192, 1238, 1193, -1,
      1193, 1238, 1037, -1,
      1193, 1037, 1039, -1,
      1239, 1233, 1035, -1,
      1035, 1164, 1239, -1,
      1239, 1164, 1162, -1,
      1239, 1162, 1240, -1,
      1240, 1162, 1160, -1,
      1240, 1160, 1241, -1,
      1160, 1158, 1241, -1,
      1241, 1158, 1156, -1,
      1241, 1156, 1242, -1,
      1242, 1156, 1154, -1,
      1242, 1154, 1243, -1,
      1154, 1152, 1243, -1,
      1243, 1152, 1150, -1,
      1243, 1150, 1244, -1,
      1244, 1150, 1148, -1,
      1244, 1148, 1245, -1,
      1045, 1246, 1144, -1,
      1144, 1246, 1245, -1,
      1144, 1245, 1146, -1,
      1146, 1245, 1148, -1,
      1246, 1247, 1245, -1,
      1245, 1247, 1248, -1,
      1245, 1248, 1244, -1,
      1244, 1248, 1249, -1,
      1244, 1249, 1243, -1,
      1243, 1249, 1250, -1,
      1243, 1250, 1242, -1,
      1242, 1250, 1251, -1,
      1242, 1251, 1241, -1,
      1241, 1251, 1252, -1,
      1241, 1252, 1240, -1,
      1240, 1252, 1253, -1,
      1240, 1253, 1239, -1,
      1239, 1253, 1254, -1,
      1239, 1254, 1233, -1,
      1233, 1254, 1232, -1,
      1247, 1255, 1248, -1,
      1248, 1255, 1256, -1,
      1248, 1256, 1249, -1,
      1249, 1256, 1257, -1,
      1249, 1257, 1250, -1,
      1250, 1257, 1258, -1,
      1250, 1258, 1251, -1,
      1251, 1258, 1259, -1,
      1251, 1259, 1252, -1,
      1252, 1259, 1260, -1,
      1252, 1260, 1253, -1,
      1253, 1260, 1261, -1,
      1253, 1261, 1254, -1,
      1254, 1261, 1262, -1,
      1254, 1262, 1232, -1,
      1232, 1262, 1231, -1,
      1255, 1263, 1256, -1,
      1256, 1263, 1264, -1,
      1256, 1264, 1257, -1,
      1257, 1264, 1265, -1,
      1257, 1265, 1258, -1,
      1258, 1265, 1266, -1,
      1258, 1266, 1259, -1,
      1259, 1266, 1267, -1,
      1259, 1267, 1260, -1,
      1260, 1267, 1268, -1,
      1260, 1268, 1261, -1,
      1261, 1268, 1269, -1,
      1261, 1269, 1262, -1,
      1262, 1269, 1270, -1,
      1262, 1270, 1231, -1,
      1231, 1270, 1230, -1,
      1263, 1271, 1264, -1,
      1264, 1271, 1272, -1,
      1264, 1272, 1265, -1,
      1265, 1272, 1273, -1,
      1265, 1273, 1266, -1,
      1266, 1273, 1274, -1,
      1266, 1274, 1267, -1,
      1267, 1274, 1275, -1,
      1267, 1275, 1268, -1,
      1268, 1275, 1276, -1,
      1268, 1276, 1269, -1,
      1269, 1276, 1277, -1,
      1269, 1277, 1270, -1,
      1270, 1277, 1278, -1,
      1270, 1278, 1230, -1,
      1230, 1278, 1229, -1,
      1271, 936, 1272, -1,
      1272, 936, 941, -1,
      1272, 941, 1273, -1,
      1273, 941, 957, -1,
      1273, 957, 1274, -1,
      1274, 957, 958, -1,
      1274, 958, 1275, -1,
      1275, 958, 960, -1,
      1275, 960, 1276, -1,
      1276, 960, 962, -1,
      1276, 962, 1277, -1,
      1277, 962, 955, -1,
      1277, 955, 1278, -1,
      1278, 955, 954, -1,
      1278, 954, 1229, -1,
      1229, 954, 973, -1,
      1279, 1280, 1043, -1,
      1043, 1120, 1279, -1,
      1279, 1120, 1118, -1,
      1279, 1118, 1281, -1,
      1281, 1118, 1116, -1,
      1281, 1116, 1282, -1,
      1116, 1114, 1282, -1,
      1282, 1114, 1112, -1,
      1282, 1112, 1283, -1,
      1283, 1112, 1110, -1,
      1283, 1110, 1284, -1,
      1110, 1108, 1284, -1,
      1284, 1108, 1106, -1,
      1284, 1106, 1285, -1,
      1285, 1106, 1104, -1,
      1285, 1104, 1286, -1,
      1037, 1238, 1100, -1,
      1100, 1238, 1286, -1,
      1100, 1286, 1102, -1,
      1102, 1286, 1104, -1,
      1238, 1237, 1286, -1,
      1286, 1237, 1287, -1,
      1286, 1287, 1285, -1,
      1285, 1287, 1288, -1,
      1285, 1288, 1284, -1,
      1284, 1288, 1289, -1,
      1284, 1289, 1283, -1,
      1283, 1289, 1290, -1,
      1283, 1290, 1282, -1,
      1282, 1290, 1291, -1,
      1282, 1291, 1281, -1,
      1281, 1291, 1292, -1,
      1281, 1292, 1279, -1,
      1279, 1292, 1293, -1,
      1279, 1293, 1280, -1,
      1280, 1293, 1294, -1,
      1237, 1236, 1287, -1,
      1287, 1236, 1295, -1,
      1287, 1295, 1288, -1,
      1288, 1295, 1296, -1,
      1288, 1296, 1289, -1,
      1289, 1296, 1297, -1,
      1289, 1297, 1290, -1,
      1290, 1297, 1298, -1,
      1290, 1298, 1291, -1,
      1291, 1298, 1299, -1,
      1291, 1299, 1292, -1,
      1292, 1299, 1300, -1,
      1292, 1300, 1293, -1,
      1293, 1300, 1301, -1,
      1293, 1301, 1294, -1,
      1294, 1301, 1302, -1,
      1236, 1235, 1295, -1,
      1295, 1235, 1303, -1,
      1295, 1303, 1296, -1,
      1296, 1303, 1304, -1,
      1296, 1304, 1297, -1,
      1297, 1304, 1305, -1,
      1297, 1305, 1298, -1,
      1298, 1305, 1306, -1,
      1298, 1306, 1299, -1,
      1299, 1306, 1307, -1,
      1299, 1307, 1300, -1,
      1300, 1307, 1308, -1,
      1300, 1308, 1301, -1,
      1301, 1308, 1309, -1,
      1301, 1309, 1302, -1,
      1302, 1309, 1310, -1,
      1235, 1234, 1303, -1,
      1303, 1234, 1311, -1,
      1303, 1311, 1304, -1,
      1304, 1311, 1312, -1,
      1304, 1312, 1305, -1,
      1305, 1312, 1313, -1,
      1305, 1313, 1306, -1,
      1306, 1313, 1314, -1,
      1306, 1314, 1307, -1,
      1307, 1314, 1315, -1,
      1307, 1315, 1308, -1,
      1308, 1315, 1316, -1,
      1308, 1316, 1309, -1,
      1309, 1316, 1317, -1,
      1309, 1317, 1310, -1,
      1310, 1317, 1318, -1,
      1234, 989, 1311, -1,
      1311, 989, 1020, -1,
      1311, 1020, 1312, -1,
      1312, 1020, 1021, -1,
      1312, 1021, 1313, -1,
      1313, 1021, 1022, -1,
      1313, 1022, 1314, -1,
      1314, 1022, 1024, -1,
      1314, 1024, 1315, -1,
      1315, 1024, 1015, -1,
      1315, 1015, 1316, -1,
      1316, 1015, 1000, -1,
      1316, 1000, 1317, -1,
      1317, 1000, 999, -1,
      1317, 999, 1318, -1,
      1318, 999, 1032, -1,
      937, 936, 1271, -1,
      1319, 987, 986, -1,
      986, 937, 1319, -1,
      1319, 937, 1271, -1,
      1319, 1271, 1320, -1,
      1320, 1271, 1263, -1,
      1320, 1263, 1321, -1,
      1321, 1263, 1255, -1,
      1321, 1255, 1322, -1,
      1322, 1255, 1247, -1,
      1322, 1247, 1323, -1,
      1323, 1247, 1246, -1,
      1323, 1246, 1047, -1,
      1047, 1246, 1045, -1,
      1032, 1031, 1318, -1,
      1318, 1031, 1324, -1,
      1318, 1324, 1310, -1,
      1310, 1324, 1325, -1,
      1310, 1325, 1302, -1,
      1302, 1325, 1326, -1,
      1302, 1326, 1294, -1,
      1294, 1326, 1327, -1,
      1294, 1327, 1280, -1,
      1280, 1327, 1328, -1,
      1280, 1328, 1043, -1,
      1043, 1328, 1041, -1,
      1329, 1323, 1047, -1,
      1047, 1142, 1329, -1,
      1329, 1142, 1140, -1,
      1329, 1140, 1330, -1,
      1330, 1140, 1138, -1,
      1330, 1138, 1331, -1,
      1138, 1136, 1331, -1,
      1331, 1136, 1134, -1,
      1331, 1134, 1332, -1,
      1332, 1134, 1132, -1,
      1332, 1132, 1333, -1,
      1132, 1130, 1333, -1,
      1333, 1130, 1128, -1,
      1333, 1128, 1334, -1,
      1334, 1128, 1126, -1,
      1334, 1126, 1335, -1,
      1041, 1328, 1122, -1,
      1122, 1328, 1335, -1,
      1122, 1335, 1124, -1,
      1124, 1335, 1126, -1,
      1328, 1327, 1335, -1,
      1335, 1327, 1336, -1,
      1335, 1336, 1334, -1,
      1334, 1336, 1337, -1,
      1334, 1337, 1333, -1,
      1333, 1337, 1338, -1,
      1333, 1338, 1332, -1,
      1332, 1338, 1339, -1,
      1332, 1339, 1331, -1,
      1331, 1339, 1340, -1,
      1331, 1340, 1330, -1,
      1330, 1340, 1341, -1,
      1330, 1341, 1329, -1,
      1329, 1341, 1342, -1,
      1329, 1342, 1323, -1,
      1323, 1342, 1322, -1,
      1327, 1326, 1336, -1,
      1336, 1326, 1343, -1,
      1336, 1343, 1337, -1,
      1337, 1343, 1344, -1,
      1337, 1344, 1338, -1,
      1338, 1344, 1345, -1,
      1338, 1345, 1339, -1,
      1339, 1345, 1346, -1,
      1339, 1346, 1340, -1,
      1340, 1346, 1347, -1,
      1340, 1347, 1341, -1,
      1341, 1347, 1348, -1,
      1341, 1348, 1342, -1,
      1342, 1348, 1349, -1,
      1342, 1349, 1322, -1,
      1322, 1349, 1321, -1,
      1326, 1325, 1343, -1,
      1343, 1325, 1350, -1,
      1343, 1350, 1344, -1,
      1344, 1350, 1351, -1,
      1344, 1351, 1345, -1,
      1345, 1351, 1352, -1,
      1345, 1352, 1346, -1,
      1346, 1352, 1353, -1,
      1346, 1353, 1347, -1,
      1347, 1353, 1354, -1,
      1347, 1354, 1348, -1,
      1348, 1354, 1355, -1,
      1348, 1355, 1349, -1,
      1349, 1355, 1356, -1,
      1349, 1356, 1321, -1,
      1321, 1356, 1320, -1,
      1325, 1324, 1350, -1,
      1350, 1324, 1357, -1,
      1350, 1357, 1351, -1,
      1351, 1357, 1358, -1,
      1351, 1358, 1352, -1,
      1352, 1358, 1359, -1,
      1352, 1359, 1353, -1,
      1353, 1359, 1360, -1,
      1353, 1360, 1354, -1,
      1354, 1360, 1361, -1,
      1354, 1361, 1355, -1,
      1355, 1361, 1362, -1,
      1355, 1362, 1356, -1,
      1356, 1362, 1363, -1,
      1356, 1363, 1320, -1,
      1320, 1363, 1319, -1,
      1324, 1031, 1357, -1,
      1357, 1031, 1030, -1,
      1357, 1030, 1358, -1,
      1358, 1030, 1028, -1,
      1358, 1028, 1359, -1,
      1359, 1028, 1013, -1,
      1359, 1013, 1360, -1,
      1360, 1013, 1011, -1,
      1360, 1011, 1361, -1,
      1361, 1011, 1009, -1,
      1361, 1009, 1362, -1,
      1362, 1009, 997, -1,
      1362, 997, 1363, -1,
      1363, 997, 995, -1,
      1363, 995, 1319, -1,
      1319, 995, 987, -1,
      1079, 1081, 1364, -1,
      1091, 1093, 1365, -1,
      1366, 1367, 1368, -1,
      1368, 1367, 1369, -1,
      1368, 1369, 1370, -1,
      1370, 1369, 1371, -1,
      1370, 1371, 1372, -1,
      1372, 1371, 1373, -1,
      1372, 1373, 1374, -1,
      1374, 1373, 1375, -1,
      1374, 1375, 1376, -1,
      1376, 1375, 1365, -1,
      1377, 1378, 1379, -1,
      1379, 1378, 1380, -1,
      1379, 1380, 1381, -1,
      1381, 1380, 1382, -1,
      1381, 1382, 1383, -1,
      1383, 1382, 1384, -1,
      1383, 1384, 1385, -1,
      1385, 1384, 1386, -1,
      1385, 1386, 1387, -1,
      1387, 1386, 1364, -1,
      1061, 1366, 1388, -1,
      1388, 1366, 1368, -1,
      1388, 1368, 1389, -1,
      1389, 1368, 1370, -1,
      1389, 1370, 1390, -1,
      1390, 1370, 1372, -1,
      1390, 1372, 1391, -1,
      1391, 1372, 1374, -1,
      1391, 1374, 1392, -1,
      1392, 1374, 1376, -1,
      1392, 1376, 1040, -1,
      1040, 1376, 1097, -1,
      1365, 1093, 1376, -1,
      1376, 1093, 1095, -1,
      1376, 1095, 1097, -1,
      1089, 1091, 1393, -1,
      1393, 1091, 1365, -1,
      1393, 1365, 1394, -1,
      1394, 1365, 1375, -1,
      1394, 1375, 1395, -1,
      1395, 1375, 1373, -1,
      1395, 1373, 1396, -1,
      1396, 1373, 1371, -1,
      1396, 1371, 1397, -1,
      1397, 1371, 1369, -1,
      1397, 1369, 1398, -1,
      1398, 1369, 1367, -1,
      1398, 1067, 1397, -1,
      1397, 1067, 1399, -1,
      1397, 1399, 1396, -1,
      1396, 1399, 1400, -1,
      1396, 1400, 1395, -1,
      1395, 1400, 1401, -1,
      1395, 1401, 1394, -1,
      1394, 1401, 1402, -1,
      1394, 1402, 1393, -1,
      1393, 1402, 1403, -1,
      1393, 1403, 1089, -1,
      1089, 1403, 1087, -1,
      1067, 1377, 1399, -1,
      1399, 1377, 1379, -1,
      1399, 1379, 1400, -1,
      1400, 1379, 1381, -1,
      1400, 1381, 1401, -1,
      1401, 1381, 1383, -1,
      1401, 1383, 1402, -1,
      1402, 1383, 1385, -1,
      1402, 1385, 1403, -1,
      1403, 1385, 1387, -1,
      1403, 1387, 1087, -1,
      1087, 1387, 1085, -1,
      1364, 1081, 1387, -1,
      1387, 1081, 1083, -1,
      1387, 1083, 1085, -1,
      1077, 1079, 1404, -1,
      1404, 1079, 1364, -1,
      1404, 1364, 1405, -1,
      1405, 1364, 1386, -1,
      1405, 1386, 1406, -1,
      1406, 1386, 1384, -1,
      1406, 1384, 1407, -1,
      1407, 1384, 1382, -1,
      1407, 1382, 1408, -1,
      1408, 1382, 1380, -1,
      1408, 1380, 1409, -1,
      1409, 1380, 1378, -1,
      1409, 1052, 1408, -1,
      1408, 1052, 1410, -1,
      1408, 1410, 1407, -1,
      1407, 1410, 1411, -1,
      1407, 1411, 1406, -1,
      1406, 1411, 1412, -1,
      1406, 1412, 1405, -1,
      1405, 1412, 1413, -1,
      1405, 1413, 1404, -1,
      1404, 1413, 1414, -1,
      1404, 1414, 1077, -1,
      1077, 1414, 1034, -1,
      1062, 1061, 1388, -1,
      1062, 1388, 1415, -1,
      1415, 1388, 1389, -1,
      1415, 1389, 1416, -1,
      1416, 1389, 1390, -1,
      1416, 1390, 1417, -1,
      1417, 1390, 1391, -1,
      1417, 1391, 1418, -1,
      1418, 1391, 1392, -1,
      1418, 1392, 1419, -1,
      1419, 1392, 1040, -1,
      1419, 1040, 1038, -1,
      1052, 1050, 1420, -1,
      1052, 1420, 1410, -1,
      1410, 1420, 1421, -1,
      1410, 1421, 1411, -1,
      1411, 1421, 1422, -1,
      1411, 1422, 1412, -1,
      1412, 1422, 1423, -1,
      1412, 1423, 1413, -1,
      1413, 1423, 1424, -1,
      1413, 1424, 1414, -1,
      1414, 1424, 1036, -1,
      1414, 1036, 1034, -1,
      1101, 1103, 1425, -1,
      1113, 1115, 1426, -1,
      1427, 1428, 1429, -1,
      1429, 1428, 1430, -1,
      1429, 1430, 1431, -1,
      1431, 1430, 1432, -1,
      1431, 1432, 1433, -1,
      1433, 1432, 1434, -1,
      1433, 1434, 1435, -1,
      1435, 1434, 1436, -1,
      1435, 1436, 1437, -1,
      1437, 1436, 1426, -1,
      1438, 1439, 1440, -1,
      1440, 1439, 1441, -1,
      1440, 1441, 1442, -1,
      1442, 1441, 1443, -1,
      1442, 1443, 1444, -1,
      1444, 1443, 1445, -1,
      1444, 1445, 1446, -1,
      1446, 1445, 1447, -1,
      1446, 1447, 1448, -1,
      1448, 1447, 1425, -1,
      1054, 1427, 1449, -1,
      1449, 1427, 1429, -1,
      1449, 1429, 1450, -1,
      1450, 1429, 1431, -1,
      1450, 1431, 1451, -1,
      1451, 1431, 1433, -1,
      1451, 1433, 1452, -1,
      1452, 1433, 1435, -1,
      1452, 1435, 1453, -1,
      1453, 1435, 1437, -1,
      1453, 1437, 1044, -1,
      1044, 1437, 1119, -1,
      1426, 1115, 1437, -1,
      1437, 1115, 1117, -1,
      1437, 1117, 1119, -1,
      1111, 1113, 1454, -1,
      1454, 1113, 1426, -1,
      1454, 1426, 1455, -1,
      1455, 1426, 1436, -1,
      1455, 1436, 1456, -1,
      1456, 1436, 1434, -1,
      1456, 1434, 1457, -1,
      1457, 1434, 1432, -1,
      1457, 1432, 1458, -1,
      1458, 1432, 1430, -1,
      1458, 1430, 1459, -1,
      1459, 1430, 1428, -1,
      1459, 1065, 1458, -1,
      1458, 1065, 1460, -1,
      1458, 1460, 1457, -1,
      1457, 1460, 1461, -1,
      1457, 1461, 1456, -1,
      1456, 1461, 1462, -1,
      1456, 1462, 1455, -1,
      1455, 1462, 1463, -1,
      1455, 1463, 1454, -1,
      1454, 1463, 1464, -1,
      1454, 1464, 1111, -1,
      1111, 1464, 1109, -1,
      1065, 1438, 1460, -1,
      1460, 1438, 1440, -1,
      1460, 1440, 1461, -1,
      1461, 1440, 1442, -1,
      1461, 1442, 1462, -1,
      1462, 1442, 1444, -1,
      1462, 1444, 1463, -1,
      1463, 1444, 1446, -1,
      1463, 1446, 1464, -1,
      1464, 1446, 1448, -1,
      1464, 1448, 1109, -1,
      1109, 1448, 1107, -1,
      1425, 1103, 1448, -1,
      1448, 1103, 1105, -1,
      1448, 1105, 1107, -1,
      1099, 1101, 1465, -1,
      1465, 1101, 1425, -1,
      1465, 1425, 1466, -1,
      1466, 1425, 1447, -1,
      1466, 1447, 1467, -1,
      1467, 1447, 1445, -1,
      1467, 1445, 1468, -1,
      1468, 1445, 1443, -1,
      1468, 1443, 1469, -1,
      1469, 1443, 1441, -1,
      1469, 1441, 1470, -1,
      1470, 1441, 1439, -1,
      1470, 1062, 1469, -1,
      1469, 1062, 1415, -1,
      1469, 1415, 1468, -1,
      1468, 1415, 1416, -1,
      1468, 1416, 1467, -1,
      1467, 1416, 1417, -1,
      1467, 1417, 1466, -1,
      1466, 1417, 1418, -1,
      1466, 1418, 1465, -1,
      1465, 1418, 1419, -1,
      1465, 1419, 1099, -1,
      1099, 1419, 1038, -1,
      1145, 1147, 1471, -1,
      1157, 1159, 1472, -1,
      1473, 1474, 1475, -1,
      1475, 1474, 1476, -1,
      1475, 1476, 1477, -1,
      1477, 1476, 1478, -1,
      1477, 1478, 1479, -1,
      1479, 1478, 1480, -1,
      1479, 1480, 1481, -1,
      1481, 1480, 1482, -1,
      1481, 1482, 1483, -1,
      1483, 1482, 1472, -1,
      1484, 1485, 1486, -1,
      1486, 1485, 1487, -1,
      1486, 1487, 1488, -1,
      1488, 1487, 1489, -1,
      1488, 1489, 1490, -1,
      1490, 1489, 1491, -1,
      1490, 1491, 1492, -1,
      1492, 1491, 1493, -1,
      1492, 1493, 1494, -1,
      1494, 1493, 1471, -1,
      1050, 1473, 1420, -1,
      1420, 1473, 1475, -1,
      1420, 1475, 1421, -1,
      1421, 1475, 1477, -1,
      1421, 1477, 1422, -1,
      1422, 1477, 1479, -1,
      1422, 1479, 1423, -1,
      1423, 1479, 1481, -1,
      1423, 1481, 1424, -1,
      1424, 1481, 1483, -1,
      1424, 1483, 1036, -1,
      1036, 1483, 1163, -1,
      1472, 1159, 1483, -1,
      1483, 1159, 1161, -1,
      1483, 1161, 1163, -1,
      1155, 1157, 1495, -1,
      1495, 1157, 1472, -1,
      1495, 1472, 1496, -1,
      1496, 1472, 1482, -1,
      1496, 1482, 1497, -1,
      1497, 1482, 1480, -1,
      1497, 1480, 1498, -1,
      1498, 1480, 1478, -1,
      1498, 1478, 1499, -1,
      1499, 1478, 1476, -1,
      1499, 1476, 1500, -1,
      1500, 1476, 1474, -1,
      1500, 1058, 1499, -1,
      1499, 1058, 1501, -1,
      1499, 1501, 1498, -1,
      1498, 1501, 1502, -1,
      1498, 1502, 1497, -1,
      1497, 1502, 1503, -1,
      1497, 1503, 1496, -1,
      1496, 1503, 1504, -1,
      1496, 1504, 1495, -1,
      1495, 1504, 1505, -1,
      1495, 1505, 1155, -1,
      1155, 1505, 1153, -1,
      1058, 1484, 1501, -1,
      1501, 1484, 1486, -1,
      1501, 1486, 1502, -1,
      1502, 1486, 1488, -1,
      1502, 1488, 1503, -1,
      1503, 1488, 1490, -1,
      1503, 1490, 1504, -1,
      1504, 1490, 1492, -1,
      1504, 1492, 1505, -1,
      1505, 1492, 1494, -1,
      1505, 1494, 1153, -1,
      1153, 1494, 1151, -1,
      1471, 1147, 1494, -1,
      1494, 1147, 1149, -1,
      1494, 1149, 1151, -1,
      1143, 1145, 1506, -1,
      1506, 1145, 1471, -1,
      1506, 1471, 1507, -1,
      1507, 1471, 1493, -1,
      1507, 1493, 1508, -1,
      1508, 1493, 1491, -1,
      1508, 1491, 1509, -1,
      1509, 1491, 1489, -1,
      1509, 1489, 1510, -1,
      1510, 1489, 1487, -1,
      1510, 1487, 1511, -1,
      1511, 1487, 1485, -1,
      1511, 1051, 1510, -1,
      1510, 1051, 1512, -1,
      1510, 1512, 1509, -1,
      1509, 1512, 1513, -1,
      1509, 1513, 1508, -1,
      1508, 1513, 1514, -1,
      1508, 1514, 1507, -1,
      1507, 1514, 1515, -1,
      1507, 1515, 1506, -1,
      1506, 1515, 1516, -1,
      1506, 1516, 1143, -1,
      1143, 1516, 1046, -1,
      1055, 1054, 1449, -1,
      1055, 1449, 1517, -1,
      1517, 1449, 1450, -1,
      1517, 1450, 1518, -1,
      1518, 1450, 1451, -1,
      1518, 1451, 1519, -1,
      1519, 1451, 1452, -1,
      1519, 1452, 1520, -1,
      1520, 1452, 1453, -1,
      1520, 1453, 1521, -1,
      1521, 1453, 1044, -1,
      1521, 1044, 1042, -1,
      1051, 1053, 1522, -1,
      1051, 1522, 1512, -1,
      1512, 1522, 1523, -1,
      1512, 1523, 1513, -1,
      1513, 1523, 1524, -1,
      1513, 1524, 1514, -1,
      1514, 1524, 1525, -1,
      1514, 1525, 1515, -1,
      1515, 1525, 1526, -1,
      1515, 1526, 1516, -1,
      1516, 1526, 1048, -1,
      1516, 1048, 1046, -1,
      1123, 1125, 1527, -1,
      1135, 1137, 1528, -1,
      1529, 1530, 1531, -1,
      1531, 1530, 1532, -1,
      1531, 1532, 1533, -1,
      1533, 1532, 1534, -1,
      1533, 1534, 1535, -1,
      1535, 1534, 1536, -1,
      1535, 1536, 1537, -1,
      1537, 1536, 1538, -1,
      1537, 1538, 1539, -1,
      1539, 1538, 1528, -1,
      1540, 1541, 1542, -1,
      1542, 1541, 1543, -1,
      1542, 1543, 1544, -1,
      1544, 1543, 1545, -1,
      1544, 1545, 1546, -1,
      1546, 1545, 1547, -1,
      1546, 1547, 1548, -1,
      1548, 1547, 1549, -1,
      1548, 1549, 1550, -1,
      1550, 1549, 1527, -1,
      1053, 1529, 1522, -1,
      1522, 1529, 1531, -1,
      1522, 1531, 1523, -1,
      1523, 1531, 1533, -1,
      1523, 1533, 1524, -1,
      1524, 1533, 1535, -1,
      1524, 1535, 1525, -1,
      1525, 1535, 1537, -1,
      1525, 1537, 1526, -1,
      1526, 1537, 1539, -1,
      1526, 1539, 1048, -1,
      1048, 1539, 1141, -1,
      1528, 1137, 1539, -1,
      1539, 1137, 1139, -1,
      1539, 1139, 1141, -1,
      1133, 1135, 1551, -1,
      1551, 1135, 1528, -1,
      1551, 1528, 1552, -1,
      1552, 1528, 1538, -1,
      1552, 1538, 1553, -1,
      1553, 1538, 1536, -1,
      1553, 1536, 1554, -1,
      1554, 1536, 1534, -1,
      1554, 1534, 1555, -1,
      1555, 1534, 1532, -1,
      1555, 1532, 1556, -1,
      1556, 1532, 1530, -1,
      1556, 1075, 1555, -1,
      1555, 1075, 1557, -1,
      1555, 1557, 1554, -1,
      1554, 1557, 1558, -1,
      1554, 1558, 1553, -1,
      1553, 1558, 1559, -1,
      1553, 1559, 1552, -1,
      1552, 1559, 1560, -1,
      1552, 1560, 1551, -1,
      1551, 1560, 1561, -1,
      1551, 1561, 1133, -1,
      1133, 1561, 1131, -1,
      1075, 1540, 1557, -1,
      1557, 1540, 1542, -1,
      1557, 1542, 1558, -1,
      1558, 1542, 1544, -1,
      1558, 1544, 1559, -1,
      1559, 1544, 1546, -1,
      1559, 1546, 1560, -1,
      1560, 1546, 1548, -1,
      1560, 1548, 1561, -1,
      1561, 1548, 1550, -1,
      1561, 1550, 1131, -1,
      1131, 1550, 1129, -1,
      1527, 1125, 1550, -1,
      1550, 1125, 1127, -1,
      1550, 1127, 1129, -1,
      1121, 1123, 1562, -1,
      1562, 1123, 1527, -1,
      1562, 1527, 1563, -1,
      1563, 1527, 1549, -1,
      1563, 1549, 1564, -1,
      1564, 1549, 1547, -1,
      1564, 1547, 1565, -1,
      1565, 1547, 1545, -1,
      1565, 1545, 1566, -1,
      1566, 1545, 1543, -1,
      1566, 1543, 1567, -1,
      1567, 1543, 1541, -1,
      1567, 1055, 1566, -1,
      1566, 1055, 1517, -1,
      1566, 1517, 1565, -1,
      1565, 1517, 1518, -1,
      1565, 1518, 1564, -1,
      1564, 1518, 1519, -1,
      1564, 1519, 1563, -1,
      1563, 1519, 1520, -1,
      1563, 1520, 1562, -1,
      1562, 1520, 1521, -1,
      1562, 1521, 1121, -1,
      1121, 1521, 1042, -1,
      1568, 1569, 1570, -1,
      1570, 1569, 1571, -1,
      1570, 1571, 1572, -1,
      1572, 1571, 1573, -1,
      1572, 1573, 1574, -1,
      1574, 1573, 1575, -1,
      1574, 1575, 1576, -1,
      1576, 1575, 1577, -1,
      1576, 1577, 1578, -1,
      1578, 1577, 1579, -1,
      1578, 1579, 1580, -1,
      1580, 1579, 1581, -1,
      1580, 1581, 1582, -1,
      1582, 1581, 1583, -1,
      1582, 1583, 1584, -1,
      1584, 1583, 1585, -1,
      1584, 1585, 1586, -1,
      1586, 1585, 1587, -1,
      1586, 1587, 1588, -1,
      1588, 1587, 1589, -1,
      1588, 1589, 1590, -1,
      1590, 1589, 1591, -1,
      1592, 1593, 1594, -1,
      1594, 1593, 1595, -1,
      1594, 1595, 1596, -1,
      1596, 1595, 1597, -1,
      1596, 1597, 1598, -1,
      1598, 1597, 1599, -1,
      1598, 1599, 1600, -1,
      1600, 1599, 1601, -1,
      1600, 1601, 1602, -1,
      1602, 1601, 1603, -1,
      1602, 1603, 1604, -1,
      1604, 1603, 1605, -1,
      1604, 1605, 1606, -1,
      1606, 1605, 1607, -1,
      1606, 1607, 1608, -1,
      1608, 1607, 1609, -1,
      1608, 1609, 1610, -1,
      1610, 1609, 1611, -1,
      1610, 1611, 1612, -1,
      1612, 1611, 1613, -1,
      1612, 1613, 1614, -1,
      1614, 1613, 1615, -1,
      1616, 1617, 1618, -1,
      1618, 1617, 1619, -1,
      1618, 1619, 1620, -1,
      1620, 1619, 1621, -1,
      1620, 1621, 1622, -1,
      1622, 1621, 1623, -1,
      1622, 1623, 1624, -1,
      1624, 1623, 1625, -1,
      1624, 1625, 1626, -1,
      1626, 1625, 1627, -1,
      1626, 1627, 1628, -1,
      1628, 1627, 1629, -1,
      1628, 1629, 1630, -1,
      1630, 1629, 1631, -1,
      1630, 1631, 1632, -1,
      1632, 1631, 1633, -1,
      1632, 1633, 1634, -1,
      1634, 1633, 1635, -1,
      1634, 1635, 1636, -1,
      1636, 1635, 1637, -1,
      1636, 1637, 1638, -1,
      1638, 1637, 1639, -1,
      1640, 1641, 1642, -1,
      1642, 1641, 1643, -1,
      1642, 1643, 1644, -1,
      1644, 1643, 1645, -1,
      1644, 1645, 1646, -1,
      1646, 1645, 1647, -1,
      1646, 1647, 1648, -1,
      1648, 1647, 1649, -1,
      1648, 1649, 1650, -1,
      1650, 1649, 1651, -1,
      1650, 1651, 1652, -1,
      1652, 1651, 1653, -1,
      1652, 1653, 1654, -1,
      1654, 1653, 1655, -1,
      1654, 1655, 1656, -1,
      1656, 1655, 1657, -1,
      1656, 1657, 1658, -1,
      1658, 1657, 1659, -1,
      1658, 1659, 1660, -1,
      1660, 1659, 1661, -1,
      1660, 1661, 1662, -1,
      1662, 1661, 1663, -1,
      1664, 1665, 1666, -1,
      1666, 1665, 1667, -1,
      795, 794, 1668, -1,
      1668, 794, 1669, -1,
      1668, 1669, 1670, -1,
      1670, 1669, 1671, -1,
      1670, 1671, 1672, -1,
      1672, 1671, 1673, -1,
      1672, 1673, 1674, -1,
      1674, 1673, 1675, -1,
      1674, 1675, 1676, -1,
      1676, 1675, 1677, -1,
      1676, 1677, 1665, -1,
      1665, 1677, 1667, -1,
      1664, 1666, 1678, -1,
      1678, 1666, 1679, -1,
      1678, 1679, 1680, -1,
      1680, 1679, 1681, -1,
      1680, 1681, 1682, -1,
      1682, 1681, 1683, -1,
      1682, 1683, 1684, -1,
      1684, 1683, 1685, -1,
      1684, 1685, 1686, -1,
      1686, 1685, 1687, -1,
      1686, 1687, 818, -1,
      818, 1687, 819, -1,
      599, 597, 1688, -1,
      599, 1688, 1689, -1,
      1689, 1688, 1690, -1,
      1689, 1690, 1691, -1,
      1691, 1690, 1692, -1,
      1691, 1692, 1693, -1,
      1693, 1692, 1694, -1,
      1693, 1694, 1695, -1,
      1695, 1694, 1696, -1,
      1695, 1696, 1697, -1,
      1697, 1696, 991, -1,
      1697, 991, 935, -1,
      597, 600, 1688, -1,
      1688, 600, 1698, -1,
      1688, 1698, 1690, -1,
      1690, 1698, 1699, -1,
      1690, 1699, 1692, -1,
      1692, 1699, 1700, -1,
      1692, 1700, 1694, -1,
      1694, 1700, 1701, -1,
      1694, 1701, 1696, -1,
      1696, 1701, 1702, -1,
      1696, 1702, 991, -1,
      991, 1702, 990, -1,
      600, 602, 1698, -1,
      1698, 602, 1703, -1,
      1698, 1703, 1699, -1,
      1699, 1703, 1704, -1,
      1699, 1704, 1700, -1,
      1700, 1704, 1705, -1,
      1700, 1705, 1701, -1,
      1701, 1705, 1706, -1,
      1701, 1706, 1702, -1,
      1702, 1706, 1707, -1,
      1702, 1707, 990, -1,
      990, 1707, 988, -1,
      602, 604, 1703, -1,
      1703, 604, 1708, -1,
      1703, 1708, 1704, -1,
      1704, 1708, 1709, -1,
      1704, 1709, 1705, -1,
      1705, 1709, 1710, -1,
      1705, 1710, 1706, -1,
      1706, 1710, 1711, -1,
      1706, 1711, 1707, -1,
      1707, 1711, 1712, -1,
      1707, 1712, 988, -1,
      988, 1712, 1018, -1,
      604, 606, 1708, -1,
      1708, 606, 1713, -1,
      1708, 1713, 1709, -1,
      1709, 1713, 1714, -1,
      1709, 1714, 1710, -1,
      1710, 1714, 1715, -1,
      1710, 1715, 1711, -1,
      1711, 1715, 1716, -1,
      1711, 1716, 1712, -1,
      1712, 1716, 1717, -1,
      1712, 1717, 1018, -1,
      1018, 1717, 1019, -1,
      606, 608, 1713, -1,
      1713, 608, 1718, -1,
      1713, 1718, 1714, -1,
      1714, 1718, 1719, -1,
      1714, 1719, 1715, -1,
      1715, 1719, 1720, -1,
      1715, 1720, 1716, -1,
      1716, 1720, 1721, -1,
      1716, 1721, 1717, -1,
      1717, 1721, 1722, -1,
      1717, 1722, 1019, -1,
      1019, 1722, 1004, -1,
      608, 610, 1718, -1,
      1718, 610, 1723, -1,
      1718, 1723, 1719, -1,
      1719, 1723, 1724, -1,
      1719, 1724, 1720, -1,
      1720, 1724, 1725, -1,
      1720, 1725, 1721, -1,
      1721, 1725, 1726, -1,
      1721, 1726, 1722, -1,
      1722, 1726, 1727, -1,
      1722, 1727, 1004, -1,
      1004, 1727, 1002, -1,
      612, 614, 1728, -1,
      1728, 614, 1729, -1,
      1728, 1729, 1730, -1,
      1730, 1729, 1731, -1,
      1730, 1731, 1732, -1,
      1732, 1731, 1733, -1,
      1732, 1733, 1734, -1,
      1734, 1733, 1735, -1,
      1734, 1735, 1736, -1,
      1736, 1735, 1737, -1,
      1736, 1737, 943, -1,
      943, 1737, 932, -1,
      614, 616, 1729, -1,
      1729, 616, 1738, -1,
      1729, 1738, 1731, -1,
      1731, 1738, 1739, -1,
      1731, 1739, 1733, -1,
      1733, 1739, 1740, -1,
      1733, 1740, 1735, -1,
      1735, 1740, 1741, -1,
      1735, 1741, 1737, -1,
      1737, 1741, 1742, -1,
      1737, 1742, 932, -1,
      932, 1742, 929, -1,
      616, 618, 1738, -1,
      1738, 618, 1743, -1,
      1738, 1743, 1739, -1,
      1739, 1743, 1744, -1,
      1739, 1744, 1740, -1,
      1740, 1744, 1745, -1,
      1740, 1745, 1741, -1,
      1741, 1745, 1746, -1,
      1741, 1746, 1742, -1,
      1742, 1746, 1747, -1,
      1742, 1747, 929, -1,
      929, 1747, 930, -1,
      618, 620, 1743, -1,
      1743, 620, 1748, -1,
      1743, 1748, 1744, -1,
      1744, 1748, 1749, -1,
      1744, 1749, 1745, -1,
      1745, 1749, 1750, -1,
      1745, 1750, 1746, -1,
      1746, 1750, 1751, -1,
      1746, 1751, 1747, -1,
      1747, 1751, 1752, -1,
      1747, 1752, 930, -1,
      930, 1752, 933, -1,
      620, 622, 1748, -1,
      1748, 622, 1753, -1,
      1748, 1753, 1749, -1,
      1749, 1753, 1754, -1,
      1749, 1754, 1750, -1,
      1750, 1754, 1755, -1,
      1750, 1755, 1751, -1,
      1751, 1755, 1756, -1,
      1751, 1756, 1752, -1,
      1752, 1756, 1757, -1,
      1752, 1757, 933, -1,
      933, 1757, 934, -1,
      622, 599, 1753, -1,
      1753, 599, 1689, -1,
      1753, 1689, 1754, -1,
      1754, 1689, 1691, -1,
      1754, 1691, 1755, -1,
      1755, 1691, 1693, -1,
      1755, 1693, 1756, -1,
      1756, 1693, 1695, -1,
      1756, 1695, 1757, -1,
      1757, 1695, 1697, -1,
      1757, 1697, 934, -1,
      934, 1697, 935, -1,
      640, 1758, 1759, -1,
      1760, 1761, 1762, -1,
      1002, 1727, 1763, -1,
      1762, 1761, 1002, -1,
      1764, 1002, 1761, -1,
      1764, 1761, 1765, -1,
      1765, 1761, 1760, -1,
      1765, 1760, 1766, -1,
      1767, 1002, 1764, -1,
      1768, 1769, 1770, -1,
      1770, 1769, 1763, -1,
      1770, 1763, 1771, -1,
      1771, 1763, 1727, -1,
      1771, 1727, 1726, -1,
      1767, 1764, 1772, -1,
      1772, 1764, 1765, -1,
      1772, 1765, 1773, -1,
      1773, 1765, 1766, -1,
      1773, 1766, 1774, -1,
      1775, 1768, 1776, -1,
      1776, 1768, 1770, -1,
      1776, 1770, 1777, -1,
      1777, 1770, 1771, -1,
      1777, 1771, 1778, -1,
      1778, 1771, 1726, -1,
      1778, 1726, 1725, -1,
      1779, 1775, 1780, -1,
      1780, 1775, 1776, -1,
      1780, 1776, 1781, -1,
      1781, 1776, 1777, -1,
      1781, 1777, 1782, -1,
      1782, 1777, 1778, -1,
      1782, 1778, 1783, -1,
      1783, 1778, 1725, -1,
      1783, 1725, 1724, -1,
      1758, 1779, 1759, -1,
      1759, 1779, 1780, -1,
      1759, 1780, 1784, -1,
      1784, 1780, 1781, -1,
      1784, 1781, 1785, -1,
      1785, 1781, 1782, -1,
      1785, 1782, 1786, -1,
      1786, 1782, 1783, -1,
      1786, 1783, 1787, -1,
      1787, 1783, 1724, -1,
      1787, 1724, 1723, -1,
      640, 1759, 637, -1,
      637, 1759, 1784, -1,
      637, 1784, 634, -1,
      634, 1784, 1785, -1,
      634, 1785, 631, -1,
      631, 1785, 1786, -1,
      631, 1786, 628, -1,
      628, 1786, 1787, -1,
      628, 1787, 627, -1,
      627, 1787, 1723, -1,
      627, 1723, 610, -1,
      1769, 1002, 1763, -1,
      1758, 1774, 1779, -1,
      1779, 1774, 1766, -1,
      1779, 1766, 1775, -1,
      1775, 1766, 1760, -1,
      1775, 1760, 1768, -1,
      1768, 1760, 1762, -1,
      1768, 1762, 1769, -1,
      1769, 1762, 1002, -1,
      612, 1728, 1788, -1,
      1789, 1790, 1791, -1,
      943, 1792, 1793, -1,
      1791, 1790, 943, -1,
      1794, 943, 1790, -1,
      1794, 1790, 1795, -1,
      1795, 1790, 1789, -1,
      1795, 1789, 1796, -1,
      1736, 943, 1794, -1,
      1797, 1798, 1799, -1,
      1799, 1798, 1793, -1,
      1799, 1793, 1800, -1,
      1800, 1793, 1792, -1,
      1800, 1792, 1801, -1,
      1736, 1794, 1734, -1,
      1734, 1794, 1795, -1,
      1734, 1795, 1732, -1,
      1732, 1795, 1796, -1,
      1732, 1796, 1730, -1,
      1802, 1797, 1803, -1,
      1803, 1797, 1799, -1,
      1803, 1799, 1804, -1,
      1804, 1799, 1800, -1,
      1804, 1800, 1805, -1,
      1805, 1800, 1801, -1,
      1805, 1801, 1806, -1,
      1807, 1802, 1808, -1,
      1808, 1802, 1803, -1,
      1808, 1803, 1809, -1,
      1809, 1803, 1804, -1,
      1809, 1804, 1810, -1,
      1810, 1804, 1805, -1,
      1810, 1805, 1811, -1,
      1811, 1805, 1806, -1,
      1811, 1806, 1812, -1,
      1728, 1807, 1788, -1,
      1788, 1807, 1808, -1,
      1788, 1808, 1813, -1,
      1813, 1808, 1809, -1,
      1813, 1809, 1814, -1,
      1814, 1809, 1810, -1,
      1814, 1810, 1815, -1,
      1815, 1810, 1811, -1,
      1815, 1811, 1816, -1,
      1816, 1811, 1812, -1,
      1816, 1812, 1817, -1,
      612, 1788, 644, -1,
      644, 1788, 1813, -1,
      644, 1813, 657, -1,
      657, 1813, 1814, -1,
      657, 1814, 654, -1,
      654, 1814, 1815, -1,
      654, 1815, 651, -1,
      651, 1815, 1816, -1,
      651, 1816, 648, -1,
      648, 1816, 1817, -1,
      648, 1817, 647, -1,
      1798, 943, 1793, -1,
      1728, 1730, 1807, -1,
      1807, 1730, 1796, -1,
      1807, 1796, 1802, -1,
      1802, 1796, 1789, -1,
      1802, 1789, 1797, -1,
      1797, 1789, 1791, -1,
      1797, 1791, 1798, -1,
      1798, 1791, 943, -1,
      1003, 1002, 1767, -1,
      1003, 1767, 1818, -1,
      1818, 1767, 1772, -1,
      1818, 1772, 1819, -1,
      1819, 1772, 1773, -1,
      1819, 1773, 1820, -1,
      1820, 1773, 1774, -1,
      1820, 1774, 1821, -1,
      1821, 1774, 1758, -1,
      1821, 1758, 1822, -1,
      1822, 1758, 640, -1,
      1822, 640, 977, -1,
      943, 942, 1823, -1,
      943, 1823, 1792, -1,
      1792, 1823, 1824, -1,
      1792, 1824, 1801, -1,
      1801, 1824, 1825, -1,
      1801, 1825, 1806, -1,
      1806, 1825, 1826, -1,
      1806, 1826, 1812, -1,
      1812, 1826, 1827, -1,
      1812, 1827, 1817, -1,
      1817, 1827, 978, -1,
      1817, 978, 647, -1,
      1592, 1828, 1829, -1,
      1830, 1831, 1832, -1,
      1003, 1818, 1833, -1,
      1832, 1831, 1003, -1,
      1834, 1003, 1831, -1,
      1834, 1831, 1835, -1,
      1835, 1831, 1830, -1,
      1835, 1830, 1836, -1,
      1837, 1003, 1834, -1,
      1838, 1839, 1840, -1,
      1840, 1839, 1833, -1,
      1840, 1833, 1841, -1,
      1841, 1833, 1818, -1,
      1841, 1818, 1819, -1,
      1837, 1834, 1842, -1,
      1842, 1834, 1835, -1,
      1842, 1835, 1843, -1,
      1843, 1835, 1836, -1,
      1843, 1836, 1844, -1,
      1845, 1838, 1846, -1,
      1846, 1838, 1840, -1,
      1846, 1840, 1847, -1,
      1847, 1840, 1841, -1,
      1847, 1841, 1848, -1,
      1848, 1841, 1819, -1,
      1848, 1819, 1820, -1,
      1849, 1845, 1850, -1,
      1850, 1845, 1846, -1,
      1850, 1846, 1851, -1,
      1851, 1846, 1847, -1,
      1851, 1847, 1852, -1,
      1852, 1847, 1848, -1,
      1852, 1848, 1853, -1,
      1853, 1848, 1820, -1,
      1853, 1820, 1821, -1,
      1828, 1849, 1829, -1,
      1829, 1849, 1850, -1,
      1829, 1850, 1854, -1,
      1854, 1850, 1851, -1,
      1854, 1851, 1855, -1,
      1855, 1851, 1852, -1,
      1855, 1852, 1856, -1,
      1856, 1852, 1853, -1,
      1856, 1853, 1857, -1,
      1857, 1853, 1821, -1,
      1857, 1821, 1822, -1,
      1592, 1829, 1858, -1,
      1858, 1829, 1854, -1,
      1858, 1854, 1859, -1,
      1859, 1854, 1855, -1,
      1859, 1855, 1860, -1,
      1860, 1855, 1856, -1,
      1860, 1856, 1861, -1,
      1861, 1856, 1857, -1,
      1861, 1857, 1862, -1,
      1862, 1857, 1822, -1,
      1862, 1822, 977, -1,
      1839, 1003, 1833, -1,
      1828, 1844, 1849, -1,
      1849, 1844, 1836, -1,
      1849, 1836, 1845, -1,
      1845, 1836, 1830, -1,
      1845, 1830, 1838, -1,
      1838, 1830, 1832, -1,
      1838, 1832, 1839, -1,
      1839, 1832, 1003, -1,
      978, 1827, 1863, -1,
      1864, 1865, 1866, -1,
      942, 1867, 1868, -1,
      1866, 1865, 942, -1,
      1869, 942, 1865, -1,
      1869, 1865, 1870, -1,
      1870, 1865, 1864, -1,
      1870, 1864, 1871, -1,
      1823, 942, 1869, -1,
      1872, 1873, 1874, -1,
      1874, 1873, 1868, -1,
      1874, 1868, 1875, -1,
      1875, 1868, 1867, -1,
      1875, 1867, 1876, -1,
      1823, 1869, 1824, -1,
      1824, 1869, 1870, -1,
      1824, 1870, 1825, -1,
      1825, 1870, 1871, -1,
      1825, 1871, 1826, -1,
      1877, 1872, 1878, -1,
      1878, 1872, 1874, -1,
      1878, 1874, 1879, -1,
      1879, 1874, 1875, -1,
      1879, 1875, 1880, -1,
      1880, 1875, 1876, -1,
      1880, 1876, 1881, -1,
      1882, 1877, 1883, -1,
      1883, 1877, 1878, -1,
      1883, 1878, 1884, -1,
      1884, 1878, 1879, -1,
      1884, 1879, 1885, -1,
      1885, 1879, 1880, -1,
      1885, 1880, 1886, -1,
      1886, 1880, 1881, -1,
      1886, 1881, 1887, -1,
      1827, 1882, 1863, -1,
      1863, 1882, 1883, -1,
      1863, 1883, 1888, -1,
      1888, 1883, 1884, -1,
      1888, 1884, 1889, -1,
      1889, 1884, 1885, -1,
      1889, 1885, 1890, -1,
      1890, 1885, 1886, -1,
      1890, 1886, 1891, -1,
      1891, 1886, 1887, -1,
      1891, 1887, 1892, -1,
      978, 1863, 1893, -1,
      1893, 1863, 1888, -1,
      1893, 1888, 1894, -1,
      1894, 1888, 1889, -1,
      1894, 1889, 1895, -1,
      1895, 1889, 1890, -1,
      1895, 1890, 1896, -1,
      1896, 1890, 1891, -1,
      1896, 1891, 1897, -1,
      1897, 1891, 1892, -1,
      1897, 1892, 1638, -1,
      1873, 942, 1868, -1,
      1827, 1826, 1882, -1,
      1882, 1826, 1871, -1,
      1882, 1871, 1877, -1,
      1877, 1871, 1864, -1,
      1877, 1864, 1872, -1,
      1872, 1864, 1866, -1,
      1872, 1866, 1873, -1,
      1873, 1866, 942, -1,
      977, 767, 1898, -1,
      977, 1898, 1862, -1,
      1862, 1898, 1899, -1,
      1862, 1899, 1861, -1,
      1861, 1899, 1900, -1,
      1861, 1900, 1860, -1,
      1860, 1900, 1901, -1,
      1860, 1901, 1859, -1,
      1859, 1901, 1902, -1,
      1859, 1902, 1858, -1,
      1858, 1902, 1593, -1,
      1858, 1593, 1592, -1,
      1003, 1837, 1903, -1,
      1837, 1842, 1904, -1,
      1842, 1843, 1905, -1,
      1843, 1844, 1906, -1,
      1844, 1828, 1907, -1,
      1600, 1908, 1598, -1,
      1598, 1908, 1909, -1,
      1598, 1909, 1596, -1,
      1596, 1909, 1907, -1,
      1596, 1907, 1594, -1,
      1594, 1907, 1828, -1,
      1594, 1828, 1592, -1,
      1600, 1602, 1908, -1,
      1908, 1602, 1604, -1,
      1908, 1604, 1910, -1,
      1910, 1604, 1606, -1,
      1910, 1606, 1911, -1,
      1911, 1606, 1608, -1,
      1911, 1608, 1912, -1,
      1912, 1608, 1610, -1,
      1610, 1612, 1912, -1,
      1912, 1612, 1614, -1,
      1912, 1614, 1913, -1,
      1844, 1907, 1906, -1,
      1906, 1907, 1909, -1,
      1906, 1909, 1914, -1,
      1914, 1909, 1908, -1,
      1914, 1908, 1915, -1,
      1915, 1908, 1910, -1,
      1915, 1910, 1916, -1,
      1916, 1910, 1911, -1,
      1916, 1911, 1917, -1,
      1917, 1911, 1912, -1,
      1917, 1912, 1918, -1,
      1918, 1912, 1913, -1,
      1918, 1913, 1919, -1,
      1843, 1906, 1905, -1,
      1905, 1906, 1914, -1,
      1905, 1914, 1920, -1,
      1920, 1914, 1915, -1,
      1920, 1915, 1921, -1,
      1921, 1915, 1916, -1,
      1921, 1916, 1922, -1,
      1922, 1916, 1917, -1,
      1922, 1917, 1923, -1,
      1923, 1917, 1918, -1,
      1923, 1918, 1924, -1,
      1924, 1918, 1919, -1,
      1924, 1919, 1925, -1,
      1842, 1905, 1904, -1,
      1904, 1905, 1920, -1,
      1904, 1920, 1926, -1,
      1926, 1920, 1921, -1,
      1926, 1921, 1927, -1,
      1927, 1921, 1922, -1,
      1927, 1922, 1928, -1,
      1928, 1922, 1923, -1,
      1928, 1923, 1929, -1,
      1929, 1923, 1924, -1,
      1929, 1924, 1930, -1,
      1930, 1924, 1925, -1,
      1930, 1925, 1931, -1,
      1837, 1904, 1903, -1,
      1903, 1904, 1926, -1,
      1903, 1926, 1932, -1,
      1932, 1926, 1927, -1,
      1932, 1927, 1933, -1,
      1933, 1927, 1928, -1,
      1933, 1928, 1934, -1,
      1934, 1928, 1929, -1,
      1934, 1929, 1935, -1,
      1935, 1929, 1930, -1,
      1935, 1930, 1936, -1,
      1936, 1930, 1931, -1,
      1936, 1931, 1937, -1,
      1003, 1903, 1005, -1,
      1005, 1903, 1932, -1,
      1005, 1932, 1023, -1,
      1023, 1932, 1933, -1,
      1023, 1933, 1025, -1,
      1025, 1933, 1934, -1,
      1025, 1934, 1026, -1,
      1026, 1934, 1935, -1,
      1026, 1935, 1016, -1,
      1016, 1935, 1936, -1,
      1016, 1936, 1017, -1,
      1017, 1936, 1937, -1,
      1017, 1937, 1001, -1,
      951, 1938, 1939, -1,
      1938, 1940, 1941, -1,
      1940, 1942, 1943, -1,
      1942, 1944, 1945, -1,
      1944, 1946, 1947, -1,
      1624, 1948, 1622, -1,
      1622, 1948, 1949, -1,
      1622, 1949, 1620, -1,
      1620, 1949, 1947, -1,
      1620, 1947, 1618, -1,
      1618, 1947, 1946, -1,
      1618, 1946, 1616, -1,
      1624, 1626, 1948, -1,
      1948, 1626, 1628, -1,
      1948, 1628, 1950, -1,
      1950, 1628, 1630, -1,
      1950, 1630, 1951, -1,
      1951, 1630, 1632, -1,
      1951, 1632, 1952, -1,
      1952, 1632, 1634, -1,
      1634, 1636, 1952, -1,
      1952, 1636, 1638, -1,
      1952, 1638, 1892, -1,
      1944, 1947, 1945, -1,
      1945, 1947, 1949, -1,
      1945, 1949, 1953, -1,
      1953, 1949, 1948, -1,
      1953, 1948, 1954, -1,
      1954, 1948, 1950, -1,
      1954, 1950, 1955, -1,
      1955, 1950, 1951, -1,
      1955, 1951, 1956, -1,
      1956, 1951, 1952, -1,
      1956, 1952, 1957, -1,
      1957, 1952, 1892, -1,
      1957, 1892, 1887, -1,
      1942, 1945, 1943, -1,
      1943, 1945, 1953, -1,
      1943, 1953, 1958, -1,
      1958, 1953, 1954, -1,
      1958, 1954, 1959, -1,
      1959, 1954, 1955, -1,
      1959, 1955, 1960, -1,
      1960, 1955, 1956, -1,
      1960, 1956, 1961, -1,
      1961, 1956, 1957, -1,
      1961, 1957, 1962, -1,
      1962, 1957, 1887, -1,
      1962, 1887, 1881, -1,
      1940, 1943, 1941, -1,
      1941, 1943, 1958, -1,
      1941, 1958, 1963, -1,
      1963, 1958, 1959, -1,
      1963, 1959, 1964, -1,
      1964, 1959, 1960, -1,
      1964, 1960, 1965, -1,
      1965, 1960, 1961, -1,
      1965, 1961, 1966, -1,
      1966, 1961, 1962, -1,
      1966, 1962, 1967, -1,
      1967, 1962, 1881, -1,
      1967, 1881, 1876, -1,
      1938, 1941, 1939, -1,
      1939, 1941, 1963, -1,
      1939, 1963, 1968, -1,
      1968, 1963, 1964, -1,
      1968, 1964, 1969, -1,
      1969, 1964, 1965, -1,
      1969, 1965, 1970, -1,
      1970, 1965, 1966, -1,
      1970, 1966, 1971, -1,
      1971, 1966, 1967, -1,
      1971, 1967, 1972, -1,
      1972, 1967, 1876, -1,
      1972, 1876, 1867, -1,
      951, 1939, 952, -1,
      952, 1939, 1968, -1,
      952, 1968, 964, -1,
      964, 1968, 1969, -1,
      964, 1969, 965, -1,
      965, 1969, 1970, -1,
      965, 1970, 967, -1,
      967, 1970, 1971, -1,
      967, 1971, 969, -1,
      969, 1971, 1972, -1,
      969, 1972, 970, -1,
      970, 1972, 1867, -1,
      970, 1867, 942, -1,
      1638, 1639, 1973, -1,
      1638, 1973, 1897, -1,
      1897, 1973, 1974, -1,
      1897, 1974, 1896, -1,
      1896, 1974, 1975, -1,
      1896, 1975, 1895, -1,
      1895, 1975, 1976, -1,
      1895, 1976, 1894, -1,
      1894, 1976, 1977, -1,
      1894, 1977, 1893, -1,
      1893, 1977, 774, -1,
      1893, 774, 978, -1,
      1902, 1901, 1978, -1,
      1978, 1901, 1979, -1,
      1978, 1979, 1980, -1,
      1980, 1979, 1981, -1,
      1980, 1981, 1982, -1,
      1982, 1981, 1983, -1,
      1982, 1983, 1984, -1,
      1984, 1983, 1985, -1,
      1984, 1985, 1986, -1,
      1986, 1985, 1987, -1,
      1986, 1987, 582, -1,
      1901, 1900, 1979, -1,
      1979, 1900, 1988, -1,
      1979, 1988, 1981, -1,
      1981, 1988, 1989, -1,
      1981, 1989, 1983, -1,
      1983, 1989, 1990, -1,
      1983, 1990, 1985, -1,
      1985, 1990, 1991, -1,
      1985, 1991, 1987, -1,
      1987, 1991, 1992, -1,
      1987, 1992, 582, -1,
      1593, 1902, 1993, -1,
      1993, 1902, 1978, -1,
      1993, 1978, 1994, -1,
      1994, 1978, 1980, -1,
      1994, 1980, 1995, -1,
      1995, 1980, 1982, -1,
      1995, 1982, 1996, -1,
      1996, 1982, 1984, -1,
      1996, 1984, 1997, -1,
      1997, 1984, 1986, -1,
      1997, 1986, 582, -1,
      1899, 1898, 1998, -1,
      1998, 1898, 1999, -1,
      1998, 1999, 2000, -1,
      2000, 1999, 2001, -1,
      2000, 2001, 2002, -1,
      2002, 2001, 2003, -1,
      2002, 2003, 2004, -1,
      2004, 2003, 2005, -1,
      2004, 2005, 2006, -1,
      2006, 2005, 2007, -1,
      2006, 2007, 582, -1,
      1898, 767, 1999, -1,
      1999, 767, 766, -1,
      1999, 766, 2001, -1,
      2001, 766, 765, -1,
      2001, 765, 2003, -1,
      2003, 765, 764, -1,
      2003, 764, 2005, -1,
      2005, 764, 763, -1,
      2005, 763, 2007, -1,
      2007, 763, 762, -1,
      2007, 762, 582, -1,
      1900, 1899, 1988, -1,
      1988, 1899, 1998, -1,
      1988, 1998, 1989, -1,
      1989, 1998, 2000, -1,
      1989, 2000, 1990, -1,
      1990, 2000, 2002, -1,
      1990, 2002, 1991, -1,
      1991, 2002, 2004, -1,
      1991, 2004, 1992, -1,
      1992, 2004, 2006, -1,
      1992, 2006, 582, -1,
      42, 2008, 2009, -1,
      2010, 2011, 2012, -1,
      1001, 1937, 2013, -1,
      2012, 2011, 1001, -1,
      2014, 1001, 2011, -1,
      2014, 2011, 2015, -1,
      2015, 2011, 2010, -1,
      2015, 2010, 2016, -1,
      2017, 1001, 2014, -1,
      2018, 2019, 2020, -1,
      2020, 2019, 2013, -1,
      2020, 2013, 2021, -1,
      2021, 2013, 1937, -1,
      2021, 1937, 1931, -1,
      2017, 2014, 2022, -1,
      2022, 2014, 2015, -1,
      2022, 2015, 2023, -1,
      2023, 2015, 2016, -1,
      2023, 2016, 2024, -1,
      2025, 2018, 2026, -1,
      2026, 2018, 2020, -1,
      2026, 2020, 2027, -1,
      2027, 2020, 2021, -1,
      2027, 2021, 2028, -1,
      2028, 2021, 1931, -1,
      2028, 1931, 1925, -1,
      2029, 2025, 2030, -1,
      2030, 2025, 2026, -1,
      2030, 2026, 2031, -1,
      2031, 2026, 2027, -1,
      2031, 2027, 2032, -1,
      2032, 2027, 2028, -1,
      2032, 2028, 2033, -1,
      2033, 2028, 1925, -1,
      2033, 1925, 1919, -1,
      2008, 2029, 2009, -1,
      2009, 2029, 2030, -1,
      2009, 2030, 2034, -1,
      2034, 2030, 2031, -1,
      2034, 2031, 2035, -1,
      2035, 2031, 2032, -1,
      2035, 2032, 2036, -1,
      2036, 2032, 2033, -1,
      2036, 2033, 2037, -1,
      2037, 2033, 1919, -1,
      2037, 1919, 1913, -1,
      42, 2009, 2038, -1,
      2038, 2009, 2034, -1,
      2038, 2034, 2039, -1,
      2039, 2034, 2035, -1,
      2039, 2035, 2040, -1,
      2040, 2035, 2036, -1,
      2040, 2036, 2041, -1,
      2041, 2036, 2037, -1,
      2041, 2037, 2042, -1,
      2042, 2037, 1913, -1,
      2042, 1913, 1614, -1,
      2019, 1001, 2013, -1,
      2008, 2024, 2029, -1,
      2029, 2024, 2016, -1,
      2029, 2016, 2025, -1,
      2025, 2016, 2010, -1,
      2025, 2010, 2018, -1,
      2018, 2010, 2012, -1,
      2018, 2012, 2019, -1,
      2019, 2012, 1001, -1,
      1616, 1946, 2043, -1,
      2044, 2045, 2046, -1,
      951, 2047, 2048, -1,
      2046, 2045, 951, -1,
      2049, 951, 2045, -1,
      2049, 2045, 2050, -1,
      2050, 2045, 2044, -1,
      2050, 2044, 2051, -1,
      1938, 951, 2049, -1,
      2052, 2053, 2054, -1,
      2054, 2053, 2048, -1,
      2054, 2048, 2055, -1,
      2055, 2048, 2047, -1,
      2055, 2047, 2056, -1,
      1938, 2049, 1940, -1,
      1940, 2049, 2050, -1,
      1940, 2050, 1942, -1,
      1942, 2050, 2051, -1,
      1942, 2051, 1944, -1,
      2057, 2052, 2058, -1,
      2058, 2052, 2054, -1,
      2058, 2054, 2059, -1,
      2059, 2054, 2055, -1,
      2059, 2055, 2060, -1,
      2060, 2055, 2056, -1,
      2060, 2056, 2061, -1,
      2062, 2057, 2063, -1,
      2063, 2057, 2058, -1,
      2063, 2058, 2064, -1,
      2064, 2058, 2059, -1,
      2064, 2059, 2065, -1,
      2065, 2059, 2060, -1,
      2065, 2060, 2066, -1,
      2066, 2060, 2061, -1,
      2066, 2061, 2067, -1,
      1946, 2062, 2043, -1,
      2043, 2062, 2063, -1,
      2043, 2063, 2068, -1,
      2068, 2063, 2064, -1,
      2068, 2064, 2069, -1,
      2069, 2064, 2065, -1,
      2069, 2065, 2070, -1,
      2070, 2065, 2066, -1,
      2070, 2066, 2071, -1,
      2071, 2066, 2067, -1,
      2071, 2067, 2072, -1,
      1616, 2043, 2073, -1,
      2073, 2043, 2068, -1,
      2073, 2068, 2074, -1,
      2074, 2068, 2069, -1,
      2074, 2069, 2075, -1,
      2075, 2069, 2070, -1,
      2075, 2070, 2076, -1,
      2076, 2070, 2071, -1,
      2076, 2071, 2077, -1,
      2077, 2071, 2072, -1,
      2077, 2072, 981, -1,
      2053, 951, 2048, -1,
      1946, 1944, 2062, -1,
      2062, 1944, 2051, -1,
      2062, 2051, 2057, -1,
      2057, 2051, 2044, -1,
      2057, 2044, 2052, -1,
      2052, 2044, 2046, -1,
      2052, 2046, 2053, -1,
      2053, 2046, 951, -1,
      1977, 1976, 2078, -1,
      2078, 1976, 2079, -1,
      2078, 2079, 2080, -1,
      2080, 2079, 2081, -1,
      2080, 2081, 2082, -1,
      2082, 2081, 2083, -1,
      2082, 2083, 2084, -1,
      2084, 2083, 2085, -1,
      2084, 2085, 2086, -1,
      2086, 2085, 2087, -1,
      2086, 2087, 570, -1,
      1976, 1975, 2079, -1,
      2079, 1975, 2088, -1,
      2079, 2088, 2081, -1,
      2081, 2088, 2089, -1,
      2081, 2089, 2083, -1,
      2083, 2089, 2090, -1,
      2083, 2090, 2085, -1,
      2085, 2090, 2091, -1,
      2085, 2091, 2087, -1,
      2087, 2091, 2092, -1,
      2087, 2092, 570, -1,
      774, 1977, 773, -1,
      773, 1977, 2078, -1,
      773, 2078, 772, -1,
      772, 2078, 2080, -1,
      772, 2080, 771, -1,
      771, 2080, 2082, -1,
      771, 2082, 770, -1,
      770, 2082, 2084, -1,
      770, 2084, 769, -1,
      769, 2084, 2086, -1,
      769, 2086, 570, -1,
      1974, 1973, 2093, -1,
      2093, 1973, 2094, -1,
      2093, 2094, 2095, -1,
      2095, 2094, 2096, -1,
      2095, 2096, 2097, -1,
      2097, 2096, 2098, -1,
      2097, 2098, 2099, -1,
      2099, 2098, 2100, -1,
      2099, 2100, 2101, -1,
      2101, 2100, 2102, -1,
      2101, 2102, 570, -1,
      1973, 1639, 2094, -1,
      2094, 1639, 2103, -1,
      2094, 2103, 2096, -1,
      2096, 2103, 2104, -1,
      2096, 2104, 2098, -1,
      2098, 2104, 2105, -1,
      2098, 2105, 2100, -1,
      2100, 2105, 2106, -1,
      2100, 2106, 2102, -1,
      2102, 2106, 2107, -1,
      2102, 2107, 570, -1,
      1975, 1974, 2088, -1,
      2088, 1974, 2093, -1,
      2088, 2093, 2089, -1,
      2089, 2093, 2095, -1,
      2089, 2095, 2090, -1,
      2090, 2095, 2097, -1,
      2090, 2097, 2091, -1,
      2091, 2097, 2099, -1,
      2091, 2099, 2092, -1,
      2092, 2099, 2101, -1,
      2092, 2101, 570, -1,
      1611, 1609, 2108, -1,
      1601, 1599, 2109, -1,
      2110, 2111, 2112, -1,
      2112, 2111, 2113, -1,
      2112, 2113, 2114, -1,
      2114, 2113, 2115, -1,
      2114, 2115, 2116, -1,
      2116, 2115, 2117, -1,
      2116, 2117, 2118, -1,
      2118, 2117, 2119, -1,
      2118, 2119, 2120, -1,
      2120, 2119, 2109, -1,
      2121, 2122, 2123, -1,
      2123, 2122, 2124, -1,
      2123, 2124, 2125, -1,
      2125, 2124, 2126, -1,
      2125, 2126, 2127, -1,
      2127, 2126, 2128, -1,
      2127, 2128, 2129, -1,
      2129, 2128, 2130, -1,
      2129, 2130, 2131, -1,
      2131, 2130, 2108, -1,
      582, 2110, 1997, -1,
      1997, 2110, 2112, -1,
      1997, 2112, 1996, -1,
      1996, 2112, 2114, -1,
      1996, 2114, 1995, -1,
      1995, 2114, 2116, -1,
      1995, 2116, 1994, -1,
      1994, 2116, 2118, -1,
      1994, 2118, 1993, -1,
      1993, 2118, 2120, -1,
      1993, 2120, 1593, -1,
      1593, 2120, 1595, -1,
      2109, 1599, 2120, -1,
      2120, 1599, 1597, -1,
      2120, 1597, 1595, -1,
      1603, 1601, 2132, -1,
      2132, 1601, 2109, -1,
      2132, 2109, 2133, -1,
      2133, 2109, 2119, -1,
      2133, 2119, 2134, -1,
      2134, 2119, 2117, -1,
      2134, 2117, 2135, -1,
      2135, 2117, 2115, -1,
      2135, 2115, 2136, -1,
      2136, 2115, 2113, -1,
      2136, 2113, 2137, -1,
      2137, 2113, 2111, -1,
      2137, 2121, 2136, -1,
      2136, 2121, 2123, -1,
      2136, 2123, 2135, -1,
      2135, 2123, 2125, -1,
      2135, 2125, 2134, -1,
      2134, 2125, 2127, -1,
      2134, 2127, 2133, -1,
      2133, 2127, 2129, -1,
      2133, 2129, 2132, -1,
      2132, 2129, 2131, -1,
      2132, 2131, 1603, -1,
      1603, 2131, 1605, -1,
      2108, 1609, 2131, -1,
      2131, 1609, 1607, -1,
      2131, 1607, 1605, -1,
      1613, 1611, 2138, -1,
      2138, 1611, 2108, -1,
      2138, 2108, 2139, -1,
      2139, 2108, 2130, -1,
      2139, 2130, 2140, -1,
      2140, 2130, 2128, -1,
      2140, 2128, 2141, -1,
      2141, 2128, 2126, -1,
      2141, 2126, 2142, -1,
      2142, 2126, 2124, -1,
      2142, 2124, 2143, -1,
      2143, 2124, 2122, -1,
      2143, 567, 2142, -1,
      2142, 567, 2144, -1,
      2142, 2144, 2141, -1,
      2141, 2144, 2145, -1,
      2141, 2145, 2140, -1,
      2140, 2145, 2146, -1,
      2140, 2146, 2139, -1,
      2139, 2146, 2147, -1,
      2139, 2147, 2138, -1,
      2138, 2147, 2148, -1,
      2138, 2148, 1613, -1,
      1613, 2148, 1615, -1,
      1614, 1615, 2149, -1,
      1614, 2149, 2042, -1,
      2042, 2149, 2150, -1,
      2042, 2150, 2041, -1,
      2041, 2150, 2151, -1,
      2041, 2151, 2040, -1,
      2040, 2151, 2152, -1,
      2040, 2152, 2039, -1,
      2039, 2152, 2153, -1,
      2039, 2153, 2038, -1,
      2038, 2153, 443, -1,
      2038, 443, 42, -1,
      1029, 1001, 2017, -1,
      1029, 2017, 2154, -1,
      2154, 2017, 2022, -1,
      2154, 2022, 2155, -1,
      2155, 2022, 2023, -1,
      2155, 2023, 2156, -1,
      2156, 2023, 2024, -1,
      2156, 2024, 2157, -1,
      2157, 2024, 2008, -1,
      2157, 2008, 2158, -1,
      2158, 2008, 42, -1,
      2158, 42, 556, -1,
      951, 953, 2159, -1,
      951, 2159, 2047, -1,
      2047, 2159, 2160, -1,
      2047, 2160, 2056, -1,
      2056, 2160, 2161, -1,
      2056, 2161, 2061, -1,
      2061, 2161, 2162, -1,
      2061, 2162, 2067, -1,
      2067, 2162, 2163, -1,
      2067, 2163, 2072, -1,
      2072, 2163, 982, -1,
      2072, 982, 981, -1,
      981, 983, 2164, -1,
      981, 2164, 2077, -1,
      2077, 2164, 2165, -1,
      2077, 2165, 2076, -1,
      2076, 2165, 2166, -1,
      2076, 2166, 2075, -1,
      2075, 2166, 2167, -1,
      2075, 2167, 2074, -1,
      2074, 2167, 2168, -1,
      2074, 2168, 2073, -1,
      2073, 2168, 1617, -1,
      2073, 1617, 1616, -1,
      1635, 1633, 2169, -1,
      1625, 1623, 2170, -1,
      2171, 2172, 2173, -1,
      2173, 2172, 2174, -1,
      2173, 2174, 2175, -1,
      2175, 2174, 2176, -1,
      2175, 2176, 2177, -1,
      2177, 2176, 2178, -1,
      2177, 2178, 2179, -1,
      2179, 2178, 2180, -1,
      2179, 2180, 2181, -1,
      2181, 2180, 2170, -1,
      2182, 2183, 2184, -1,
      2184, 2183, 2185, -1,
      2184, 2185, 2186, -1,
      2186, 2185, 2187, -1,
      2186, 2187, 2188, -1,
      2188, 2187, 2189, -1,
      2188, 2189, 2190, -1,
      2190, 2189, 2191, -1,
      2190, 2191, 2192, -1,
      2192, 2191, 2169, -1,
      586, 2171, 2193, -1,
      2193, 2171, 2173, -1,
      2193, 2173, 2194, -1,
      2194, 2173, 2175, -1,
      2194, 2175, 2195, -1,
      2195, 2175, 2177, -1,
      2195, 2177, 2196, -1,
      2196, 2177, 2179, -1,
      2196, 2179, 2197, -1,
      2197, 2179, 2181, -1,
      2197, 2181, 1617, -1,
      1617, 2181, 1619, -1,
      2170, 1623, 2181, -1,
      2181, 1623, 1621, -1,
      2181, 1621, 1619, -1,
      1627, 1625, 2198, -1,
      2198, 1625, 2170, -1,
      2198, 2170, 2199, -1,
      2199, 2170, 2180, -1,
      2199, 2180, 2200, -1,
      2200, 2180, 2178, -1,
      2200, 2178, 2201, -1,
      2201, 2178, 2176, -1,
      2201, 2176, 2202, -1,
      2202, 2176, 2174, -1,
      2202, 2174, 2203, -1,
      2203, 2174, 2172, -1,
      2203, 2182, 2202, -1,
      2202, 2182, 2184, -1,
      2202, 2184, 2201, -1,
      2201, 2184, 2186, -1,
      2201, 2186, 2200, -1,
      2200, 2186, 2188, -1,
      2200, 2188, 2199, -1,
      2199, 2188, 2190, -1,
      2199, 2190, 2198, -1,
      2198, 2190, 2192, -1,
      2198, 2192, 1627, -1,
      1627, 2192, 1629, -1,
      2169, 1633, 2192, -1,
      2192, 1633, 1631, -1,
      2192, 1631, 1629, -1,
      1637, 1635, 2204, -1,
      2204, 1635, 2169, -1,
      2204, 2169, 2205, -1,
      2205, 2169, 2191, -1,
      2205, 2191, 2206, -1,
      2206, 2191, 2189, -1,
      2206, 2189, 2207, -1,
      2207, 2189, 2187, -1,
      2207, 2187, 2208, -1,
      2208, 2187, 2185, -1,
      2208, 2185, 2209, -1,
      2209, 2185, 2183, -1,
      2209, 570, 2208, -1,
      2208, 570, 2107, -1,
      2208, 2107, 2207, -1,
      2207, 2107, 2106, -1,
      2207, 2106, 2206, -1,
      2206, 2106, 2105, -1,
      2206, 2105, 2205, -1,
      2205, 2105, 2104, -1,
      2205, 2104, 2204, -1,
      2204, 2104, 2103, -1,
      2204, 2103, 1637, -1,
      1637, 2103, 1639, -1,
      2153, 2152, 2210, -1,
      2210, 2152, 2211, -1,
      2210, 2211, 2212, -1,
      2212, 2211, 2213, -1,
      2212, 2213, 2214, -1,
      2214, 2213, 2215, -1,
      2214, 2215, 2216, -1,
      2216, 2215, 2217, -1,
      2216, 2217, 2218, -1,
      2218, 2217, 2219, -1,
      2218, 2219, 567, -1,
      2152, 2151, 2211, -1,
      2211, 2151, 2220, -1,
      2211, 2220, 2213, -1,
      2213, 2220, 2221, -1,
      2213, 2221, 2215, -1,
      2215, 2221, 2222, -1,
      2215, 2222, 2217, -1,
      2217, 2222, 2223, -1,
      2217, 2223, 2219, -1,
      2219, 2223, 2224, -1,
      2219, 2224, 567, -1,
      443, 2153, 2225, -1,
      2225, 2153, 2210, -1,
      2225, 2210, 2226, -1,
      2226, 2210, 2212, -1,
      2226, 2212, 2227, -1,
      2227, 2212, 2214, -1,
      2227, 2214, 2228, -1,
      2228, 2214, 2216, -1,
      2228, 2216, 2229, -1,
      2229, 2216, 2218, -1,
      2229, 2218, 567, -1,
      2150, 2149, 2230, -1,
      2230, 2149, 2231, -1,
      2230, 2231, 2232, -1,
      2232, 2231, 2233, -1,
      2232, 2233, 2234, -1,
      2234, 2233, 2235, -1,
      2234, 2235, 2236, -1,
      2236, 2235, 2237, -1,
      2236, 2237, 2238, -1,
      2238, 2237, 2239, -1,
      2238, 2239, 567, -1,
      2149, 1615, 2231, -1,
      2231, 1615, 2148, -1,
      2231, 2148, 2233, -1,
      2233, 2148, 2147, -1,
      2233, 2147, 2235, -1,
      2235, 2147, 2146, -1,
      2235, 2146, 2237, -1,
      2237, 2146, 2145, -1,
      2237, 2145, 2239, -1,
      2239, 2145, 2144, -1,
      2239, 2144, 567, -1,
      2151, 2150, 2220, -1,
      2220, 2150, 2230, -1,
      2220, 2230, 2221, -1,
      2221, 2230, 2232, -1,
      2221, 2232, 2222, -1,
      2222, 2232, 2234, -1,
      2222, 2234, 2223, -1,
      2223, 2234, 2236, -1,
      2223, 2236, 2224, -1,
      2224, 2236, 2238, -1,
      2224, 2238, 567, -1,
      1568, 2240, 2241, -1,
      2242, 2243, 2244, -1,
      1029, 2154, 2245, -1,
      2244, 2243, 1029, -1,
      2246, 1029, 2243, -1,
      2246, 2243, 2247, -1,
      2247, 2243, 2242, -1,
      2247, 2242, 2248, -1,
      2249, 1029, 2246, -1,
      2250, 2251, 2252, -1,
      2252, 2251, 2245, -1,
      2252, 2245, 2253, -1,
      2253, 2245, 2154, -1,
      2253, 2154, 2155, -1,
      2249, 2246, 2254, -1,
      2254, 2246, 2247, -1,
      2254, 2247, 2255, -1,
      2255, 2247, 2248, -1,
      2255, 2248, 2256, -1,
      2257, 2250, 2258, -1,
      2258, 2250, 2252, -1,
      2258, 2252, 2259, -1,
      2259, 2252, 2253, -1,
      2259, 2253, 2260, -1,
      2260, 2253, 2155, -1,
      2260, 2155, 2156, -1,
      2261, 2257, 2262, -1,
      2262, 2257, 2258, -1,
      2262, 2258, 2263, -1,
      2263, 2258, 2259, -1,
      2263, 2259, 2264, -1,
      2264, 2259, 2260, -1,
      2264, 2260, 2265, -1,
      2265, 2260, 2156, -1,
      2265, 2156, 2157, -1,
      2240, 2261, 2241, -1,
      2241, 2261, 2262, -1,
      2241, 2262, 2266, -1,
      2266, 2262, 2263, -1,
      2266, 2263, 2267, -1,
      2267, 2263, 2264, -1,
      2267, 2264, 2268, -1,
      2268, 2264, 2265, -1,
      2268, 2265, 2269, -1,
      2269, 2265, 2157, -1,
      2269, 2157, 2158, -1,
      1568, 2241, 2270, -1,
      2270, 2241, 2266, -1,
      2270, 2266, 2271, -1,
      2271, 2266, 2267, -1,
      2271, 2267, 2272, -1,
      2272, 2267, 2268, -1,
      2272, 2268, 2273, -1,
      2273, 2268, 2269, -1,
      2273, 2269, 2274, -1,
      2274, 2269, 2158, -1,
      2274, 2158, 556, -1,
      2251, 1029, 2245, -1,
      2240, 2256, 2261, -1,
      2261, 2256, 2248, -1,
      2261, 2248, 2257, -1,
      2257, 2248, 2242, -1,
      2257, 2242, 2250, -1,
      2250, 2242, 2244, -1,
      2250, 2244, 2251, -1,
      2251, 2244, 1029, -1,
      982, 2163, 2275, -1,
      2276, 2277, 2278, -1,
      953, 2279, 2280, -1,
      2278, 2277, 953, -1,
      2281, 953, 2277, -1,
      2281, 2277, 2282, -1,
      2282, 2277, 2276, -1,
      2282, 2276, 2283, -1,
      2159, 953, 2281, -1,
      2284, 2285, 2286, -1,
      2286, 2285, 2280, -1,
      2286, 2280, 2287, -1,
      2287, 2280, 2279, -1,
      2287, 2279, 2288, -1,
      2159, 2281, 2160, -1,
      2160, 2281, 2282, -1,
      2160, 2282, 2161, -1,
      2161, 2282, 2283, -1,
      2161, 2283, 2162, -1,
      2289, 2284, 2290, -1,
      2290, 2284, 2286, -1,
      2290, 2286, 2291, -1,
      2291, 2286, 2287, -1,
      2291, 2287, 2292, -1,
      2292, 2287, 2288, -1,
      2292, 2288, 2293, -1,
      2294, 2289, 2295, -1,
      2295, 2289, 2290, -1,
      2295, 2290, 2296, -1,
      2296, 2290, 2291, -1,
      2296, 2291, 2297, -1,
      2297, 2291, 2292, -1,
      2297, 2292, 2298, -1,
      2298, 2292, 2293, -1,
      2298, 2293, 2299, -1,
      2163, 2294, 2275, -1,
      2275, 2294, 2295, -1,
      2275, 2295, 2300, -1,
      2300, 2295, 2296, -1,
      2300, 2296, 2301, -1,
      2301, 2296, 2297, -1,
      2301, 2297, 2302, -1,
      2302, 2297, 2298, -1,
      2302, 2298, 2303, -1,
      2303, 2298, 2299, -1,
      2303, 2299, 2304, -1,
      982, 2275, 2305, -1,
      2305, 2275, 2300, -1,
      2305, 2300, 2306, -1,
      2306, 2300, 2301, -1,
      2306, 2301, 2307, -1,
      2307, 2301, 2302, -1,
      2307, 2302, 2308, -1,
      2308, 2302, 2303, -1,
      2308, 2303, 2309, -1,
      2309, 2303, 2304, -1,
      2309, 2304, 1662, -1,
      2285, 953, 2280, -1,
      2163, 2162, 2294, -1,
      2294, 2162, 2283, -1,
      2294, 2283, 2289, -1,
      2289, 2283, 2276, -1,
      2289, 2276, 2284, -1,
      2284, 2276, 2278, -1,
      2284, 2278, 2285, -1,
      2285, 2278, 953, -1,
      2168, 2167, 2310, -1,
      2310, 2167, 2311, -1,
      2310, 2311, 2312, -1,
      2312, 2311, 2313, -1,
      2312, 2313, 2314, -1,
      2314, 2313, 2315, -1,
      2314, 2315, 2316, -1,
      2316, 2315, 2317, -1,
      2316, 2317, 2318, -1,
      2318, 2317, 2319, -1,
      2318, 2319, 586, -1,
      2167, 2166, 2311, -1,
      2311, 2166, 2320, -1,
      2311, 2320, 2313, -1,
      2313, 2320, 2321, -1,
      2313, 2321, 2315, -1,
      2315, 2321, 2322, -1,
      2315, 2322, 2317, -1,
      2317, 2322, 2323, -1,
      2317, 2323, 2319, -1,
      2319, 2323, 2324, -1,
      2319, 2324, 586, -1,
      1617, 2168, 2197, -1,
      2197, 2168, 2310, -1,
      2197, 2310, 2196, -1,
      2196, 2310, 2312, -1,
      2196, 2312, 2195, -1,
      2195, 2312, 2314, -1,
      2195, 2314, 2194, -1,
      2194, 2314, 2316, -1,
      2194, 2316, 2193, -1,
      2193, 2316, 2318, -1,
      2193, 2318, 586, -1,
      2165, 2164, 2325, -1,
      2325, 2164, 2326, -1,
      2325, 2326, 2327, -1,
      2327, 2326, 2328, -1,
      2327, 2328, 2329, -1,
      2329, 2328, 2330, -1,
      2329, 2330, 2331, -1,
      2331, 2330, 2332, -1,
      2331, 2332, 2333, -1,
      2333, 2332, 2334, -1,
      2333, 2334, 586, -1,
      2164, 983, 2326, -1,
      2326, 983, 2335, -1,
      2326, 2335, 2328, -1,
      2328, 2335, 2336, -1,
      2328, 2336, 2330, -1,
      2330, 2336, 2337, -1,
      2330, 2337, 2332, -1,
      2332, 2337, 2338, -1,
      2332, 2338, 2334, -1,
      2334, 2338, 2339, -1,
      2334, 2339, 586, -1,
      2166, 2165, 2320, -1,
      2320, 2165, 2325, -1,
      2320, 2325, 2321, -1,
      2321, 2325, 2327, -1,
      2321, 2327, 2322, -1,
      2322, 2327, 2329, -1,
      2322, 2329, 2323, -1,
      2323, 2329, 2331, -1,
      2323, 2331, 2324, -1,
      2324, 2331, 2333, -1,
      2324, 2333, 586, -1,
      567, 565, 2340, -1,
      567, 2340, 2229, -1,
      2229, 2340, 2341, -1,
      2229, 2341, 2228, -1,
      2228, 2341, 2342, -1,
      2228, 2342, 2227, -1,
      2227, 2342, 2343, -1,
      2227, 2343, 2226, -1,
      2226, 2343, 2344, -1,
      2226, 2344, 2225, -1,
      2225, 2344, 10, -1,
      2225, 10, 443, -1,
      556, 10, 2345, -1,
      556, 2345, 2274, -1,
      2274, 2345, 2346, -1,
      2274, 2346, 2273, -1,
      2273, 2346, 2347, -1,
      2273, 2347, 2272, -1,
      2272, 2347, 2348, -1,
      2272, 2348, 2271, -1,
      2271, 2348, 2349, -1,
      2271, 2349, 2270, -1,
      2270, 2349, 1569, -1,
      2270, 1569, 1568, -1,
      1029, 2249, 2350, -1,
      2249, 2254, 2351, -1,
      2254, 2255, 2352, -1,
      2255, 2256, 2353, -1,
      2256, 2240, 2354, -1,
      1576, 2355, 1574, -1,
      1574, 2355, 2356, -1,
      1574, 2356, 1572, -1,
      1572, 2356, 2354, -1,
      1572, 2354, 1570, -1,
      1570, 2354, 2240, -1,
      1570, 2240, 1568, -1,
      1576, 1578, 2355, -1,
      2355, 1578, 1580, -1,
      2355, 1580, 2357, -1,
      2357, 1580, 1582, -1,
      2357, 1582, 2358, -1,
      2358, 1582, 1584, -1,
      2358, 1584, 2359, -1,
      2359, 1584, 1586, -1,
      1586, 1588, 2359, -1,
      2359, 1588, 1590, -1,
      2359, 1590, 2360, -1,
      2256, 2354, 2353, -1,
      2353, 2354, 2356, -1,
      2353, 2356, 2361, -1,
      2361, 2356, 2355, -1,
      2361, 2355, 2362, -1,
      2362, 2355, 2357, -1,
      2362, 2357, 2363, -1,
      2363, 2357, 2358, -1,
      2363, 2358, 2364, -1,
      2364, 2358, 2359, -1,
      2364, 2359, 2365, -1,
      2365, 2359, 2360, -1,
      2365, 2360, 2366, -1,
      2255, 2353, 2352, -1,
      2352, 2353, 2361, -1,
      2352, 2361, 2367, -1,
      2367, 2361, 2362, -1,
      2367, 2362, 2368, -1,
      2368, 2362, 2363, -1,
      2368, 2363, 2369, -1,
      2369, 2363, 2364, -1,
      2369, 2364, 2370, -1,
      2370, 2364, 2365, -1,
      2370, 2365, 2371, -1,
      2371, 2365, 2366, -1,
      2371, 2366, 2372, -1,
      2254, 2352, 2351, -1,
      2351, 2352, 2367, -1,
      2351, 2367, 2373, -1,
      2373, 2367, 2368, -1,
      2373, 2368, 2374, -1,
      2374, 2368, 2369, -1,
      2374, 2369, 2375, -1,
      2375, 2369, 2370, -1,
      2375, 2370, 2376, -1,
      2376, 2370, 2371, -1,
      2376, 2371, 2377, -1,
      2377, 2371, 2372, -1,
      2377, 2372, 2378, -1,
      2249, 2351, 2350, -1,
      2350, 2351, 2373, -1,
      2350, 2373, 2379, -1,
      2379, 2373, 2374, -1,
      2379, 2374, 2380, -1,
      2380, 2374, 2375, -1,
      2380, 2375, 2381, -1,
      2381, 2375, 2376, -1,
      2381, 2376, 2382, -1,
      2382, 2376, 2377, -1,
      2382, 2377, 2383, -1,
      2383, 2377, 2378, -1,
      2383, 2378, 2384, -1,
      1029, 2350, 1027, -1,
      1027, 2350, 2379, -1,
      1027, 2379, 1014, -1,
      1014, 2379, 2380, -1,
      1014, 2380, 1012, -1,
      1012, 2380, 2381, -1,
      1012, 2381, 1010, -1,
      1010, 2381, 2382, -1,
      1010, 2382, 1008, -1,
      1008, 2382, 2383, -1,
      1008, 2383, 998, -1,
      998, 2383, 2384, -1,
      998, 2384, 996, -1,
      945, 2385, 2386, -1,
      2385, 2387, 2388, -1,
      2387, 2389, 2390, -1,
      2389, 2391, 2392, -1,
      2391, 2393, 2394, -1,
      1648, 2395, 1646, -1,
      1646, 2395, 2396, -1,
      1646, 2396, 1644, -1,
      1644, 2396, 2394, -1,
      1644, 2394, 1642, -1,
      1642, 2394, 2393, -1,
      1642, 2393, 1640, -1,
      1648, 1650, 2395, -1,
      2395, 1650, 1652, -1,
      2395, 1652, 2397, -1,
      2397, 1652, 1654, -1,
      2397, 1654, 2398, -1,
      2398, 1654, 1656, -1,
      2398, 1656, 2399, -1,
      2399, 1656, 1658, -1,
      1658, 1660, 2399, -1,
      2399, 1660, 1662, -1,
      2399, 1662, 2304, -1,
      2391, 2394, 2392, -1,
      2392, 2394, 2396, -1,
      2392, 2396, 2400, -1,
      2400, 2396, 2395, -1,
      2400, 2395, 2401, -1,
      2401, 2395, 2397, -1,
      2401, 2397, 2402, -1,
      2402, 2397, 2398, -1,
      2402, 2398, 2403, -1,
      2403, 2398, 2399, -1,
      2403, 2399, 2404, -1,
      2404, 2399, 2304, -1,
      2404, 2304, 2299, -1,
      2389, 2392, 2390, -1,
      2390, 2392, 2400, -1,
      2390, 2400, 2405, -1,
      2405, 2400, 2401, -1,
      2405, 2401, 2406, -1,
      2406, 2401, 2402, -1,
      2406, 2402, 2407, -1,
      2407, 2402, 2403, -1,
      2407, 2403, 2408, -1,
      2408, 2403, 2404, -1,
      2408, 2404, 2409, -1,
      2409, 2404, 2299, -1,
      2409, 2299, 2293, -1,
      2387, 2390, 2388, -1,
      2388, 2390, 2405, -1,
      2388, 2405, 2410, -1,
      2410, 2405, 2406, -1,
      2410, 2406, 2411, -1,
      2411, 2406, 2407, -1,
      2411, 2407, 2412, -1,
      2412, 2407, 2408, -1,
      2412, 2408, 2413, -1,
      2413, 2408, 2409, -1,
      2413, 2409, 2414, -1,
      2414, 2409, 2293, -1,
      2414, 2293, 2288, -1,
      2385, 2388, 2386, -1,
      2386, 2388, 2410, -1,
      2386, 2410, 2415, -1,
      2415, 2410, 2411, -1,
      2415, 2411, 2416, -1,
      2416, 2411, 2412, -1,
      2416, 2412, 2417, -1,
      2417, 2412, 2413, -1,
      2417, 2413, 2418, -1,
      2418, 2413, 2414, -1,
      2418, 2414, 2419, -1,
      2419, 2414, 2288, -1,
      2419, 2288, 2279, -1,
      945, 2386, 947, -1,
      947, 2386, 2415, -1,
      947, 2415, 959, -1,
      959, 2415, 2416, -1,
      959, 2416, 961, -1,
      961, 2416, 2417, -1,
      961, 2417, 974, -1,
      974, 2417, 2418, -1,
      974, 2418, 975, -1,
      975, 2418, 2419, -1,
      975, 2419, 976, -1,
      976, 2419, 2279, -1,
      976, 2279, 953, -1,
      1662, 1663, 2420, -1,
      1662, 2420, 2309, -1,
      2309, 2420, 2421, -1,
      2309, 2421, 2308, -1,
      2308, 2421, 2422, -1,
      2308, 2422, 2307, -1,
      2307, 2422, 2423, -1,
      2307, 2423, 2306, -1,
      2306, 2423, 2424, -1,
      2306, 2424, 2305, -1,
      2305, 2424, 984, -1,
      2305, 984, 982, -1,
      572, 586, 2339, -1,
      572, 2339, 2425, -1,
      2425, 2339, 2338, -1,
      2425, 2338, 2426, -1,
      2426, 2338, 2337, -1,
      2426, 2337, 2427, -1,
      2427, 2337, 2336, -1,
      2427, 2336, 2428, -1,
      2428, 2336, 2335, -1,
      2428, 2335, 2429, -1,
      2429, 2335, 983, -1,
      2429, 983, 984, -1,
      2349, 2348, 2430, -1,
      2430, 2348, 2431, -1,
      2430, 2431, 2432, -1,
      2432, 2431, 2433, -1,
      2432, 2433, 2434, -1,
      2434, 2433, 2435, -1,
      2434, 2435, 2436, -1,
      2436, 2435, 2437, -1,
      2436, 2437, 2438, -1,
      2438, 2437, 2439, -1,
      2438, 2439, 565, -1,
      2348, 2347, 2431, -1,
      2431, 2347, 2440, -1,
      2431, 2440, 2433, -1,
      2433, 2440, 2441, -1,
      2433, 2441, 2435, -1,
      2435, 2441, 2442, -1,
      2435, 2442, 2437, -1,
      2437, 2442, 2443, -1,
      2437, 2443, 2439, -1,
      2439, 2443, 2444, -1,
      2439, 2444, 565, -1,
      1569, 2349, 2445, -1,
      2445, 2349, 2430, -1,
      2445, 2430, 2446, -1,
      2446, 2430, 2432, -1,
      2446, 2432, 2447, -1,
      2447, 2432, 2434, -1,
      2447, 2434, 2448, -1,
      2448, 2434, 2436, -1,
      2448, 2436, 2449, -1,
      2449, 2436, 2438, -1,
      2449, 2438, 565, -1,
      2346, 2345, 2450, -1,
      2450, 2345, 2451, -1,
      2450, 2451, 2452, -1,
      2452, 2451, 2453, -1,
      2452, 2453, 2454, -1,
      2454, 2453, 2455, -1,
      2454, 2455, 2456, -1,
      2456, 2455, 2457, -1,
      2456, 2457, 2458, -1,
      2458, 2457, 2459, -1,
      2458, 2459, 565, -1,
      2345, 10, 2451, -1,
      2451, 10, 2344, -1,
      2451, 2344, 2453, -1,
      2453, 2344, 2343, -1,
      2453, 2343, 2455, -1,
      2455, 2343, 2342, -1,
      2455, 2342, 2457, -1,
      2457, 2342, 2341, -1,
      2457, 2341, 2459, -1,
      2459, 2341, 2340, -1,
      2459, 2340, 565, -1,
      2347, 2346, 2440, -1,
      2440, 2346, 2450, -1,
      2440, 2450, 2441, -1,
      2441, 2450, 2452, -1,
      2441, 2452, 2442, -1,
      2442, 2452, 2454, -1,
      2442, 2454, 2443, -1,
      2443, 2454, 2456, -1,
      2443, 2456, 2444, -1,
      2444, 2456, 2458, -1,
      2444, 2458, 565, -1,
      979, 2460, 2461, -1,
      2462, 2463, 2464, -1,
      996, 2384, 2465, -1,
      2464, 2463, 996, -1,
      2466, 996, 2463, -1,
      2466, 2463, 2467, -1,
      2467, 2463, 2462, -1,
      2467, 2462, 2468, -1,
      2469, 996, 2466, -1,
      2470, 2471, 2472, -1,
      2472, 2471, 2465, -1,
      2472, 2465, 2473, -1,
      2473, 2465, 2384, -1,
      2473, 2384, 2378, -1,
      2469, 2466, 2474, -1,
      2474, 2466, 2467, -1,
      2474, 2467, 2475, -1,
      2475, 2467, 2468, -1,
      2475, 2468, 2476, -1,
      2477, 2470, 2478, -1,
      2478, 2470, 2472, -1,
      2478, 2472, 2479, -1,
      2479, 2472, 2473, -1,
      2479, 2473, 2480, -1,
      2480, 2473, 2378, -1,
      2480, 2378, 2372, -1,
      2481, 2477, 2482, -1,
      2482, 2477, 2478, -1,
      2482, 2478, 2483, -1,
      2483, 2478, 2479, -1,
      2483, 2479, 2484, -1,
      2484, 2479, 2480, -1,
      2484, 2480, 2485, -1,
      2485, 2480, 2372, -1,
      2485, 2372, 2366, -1,
      2460, 2481, 2461, -1,
      2461, 2481, 2482, -1,
      2461, 2482, 2486, -1,
      2486, 2482, 2483, -1,
      2486, 2483, 2487, -1,
      2487, 2483, 2484, -1,
      2487, 2484, 2488, -1,
      2488, 2484, 2485, -1,
      2488, 2485, 2489, -1,
      2489, 2485, 2366, -1,
      2489, 2366, 2360, -1,
      979, 2461, 2490, -1,
      2490, 2461, 2486, -1,
      2490, 2486, 2491, -1,
      2491, 2486, 2487, -1,
      2491, 2487, 2492, -1,
      2492, 2487, 2488, -1,
      2492, 2488, 2493, -1,
      2493, 2488, 2489, -1,
      2493, 2489, 2494, -1,
      2494, 2489, 2360, -1,
      2494, 2360, 1590, -1,
      2471, 996, 2465, -1,
      2460, 2476, 2481, -1,
      2481, 2476, 2468, -1,
      2481, 2468, 2477, -1,
      2477, 2468, 2462, -1,
      2477, 2462, 2470, -1,
      2470, 2462, 2464, -1,
      2470, 2464, 2471, -1,
      2471, 2464, 996, -1,
      1664, 2495, 1665, -1,
      1665, 2495, 2496, -1,
      2495, 2497, 2496, -1,
      2496, 2497, 2498, -1,
      2496, 2498, 2499, -1,
      2498, 2500, 2499, -1,
      2499, 2500, 2501, -1,
      2499, 2501, 2502, -1,
      2501, 2503, 2502, -1,
      2502, 2503, 2504, -1,
      2502, 2504, 2505, -1,
      2505, 2504, 2506, -1,
      2505, 2506, 2507, -1,
      2506, 2508, 2507, -1,
      2507, 2508, 2509, -1,
      2507, 2509, 986, -1,
      986, 2509, 2510, -1,
      986, 2510, 937, -1,
      1640, 2393, 2511, -1,
      2512, 2513, 2514, -1,
      945, 2515, 2516, -1,
      2514, 2513, 945, -1,
      2517, 945, 2513, -1,
      2517, 2513, 2518, -1,
      2518, 2513, 2512, -1,
      2518, 2512, 2519, -1,
      2385, 945, 2517, -1,
      2520, 2521, 2522, -1,
      2522, 2521, 2516, -1,
      2522, 2516, 2523, -1,
      2523, 2516, 2515, -1,
      2523, 2515, 2524, -1,
      2385, 2517, 2387, -1,
      2387, 2517, 2518, -1,
      2387, 2518, 2389, -1,
      2389, 2518, 2519, -1,
      2389, 2519, 2391, -1,
      2525, 2520, 2526, -1,
      2526, 2520, 2522, -1,
      2526, 2522, 2527, -1,
      2527, 2522, 2523, -1,
      2527, 2523, 2528, -1,
      2528, 2523, 2524, -1,
      2528, 2524, 2529, -1,
      2530, 2525, 2531, -1,
      2531, 2525, 2526, -1,
      2531, 2526, 2532, -1,
      2532, 2526, 2527, -1,
      2532, 2527, 2533, -1,
      2533, 2527, 2528, -1,
      2533, 2528, 2534, -1,
      2534, 2528, 2529, -1,
      2534, 2529, 2535, -1,
      2393, 2530, 2511, -1,
      2511, 2530, 2531, -1,
      2511, 2531, 2536, -1,
      2536, 2531, 2532, -1,
      2536, 2532, 2537, -1,
      2537, 2532, 2533, -1,
      2537, 2533, 2538, -1,
      2538, 2533, 2534, -1,
      2538, 2534, 2539, -1,
      2539, 2534, 2535, -1,
      2539, 2535, 2540, -1,
      1640, 2511, 2541, -1,
      2541, 2511, 2536, -1,
      2541, 2536, 2542, -1,
      2542, 2536, 2537, -1,
      2542, 2537, 2543, -1,
      2543, 2537, 2538, -1,
      2543, 2538, 2544, -1,
      2544, 2538, 2539, -1,
      2544, 2539, 2545, -1,
      2545, 2539, 2540, -1,
      2545, 2540, 980, -1,
      2521, 945, 2516, -1,
      2393, 2391, 2530, -1,
      2530, 2391, 2519, -1,
      2530, 2519, 2525, -1,
      2525, 2519, 2512, -1,
      2525, 2512, 2520, -1,
      2520, 2512, 2514, -1,
      2520, 2514, 2521, -1,
      2521, 2514, 945, -1,
      2424, 2423, 2546, -1,
      2546, 2423, 2547, -1,
      2546, 2547, 2548, -1,
      2548, 2547, 2549, -1,
      2548, 2549, 2550, -1,
      2550, 2549, 2551, -1,
      2550, 2551, 2552, -1,
      2552, 2551, 2553, -1,
      2552, 2553, 2554, -1,
      2554, 2553, 2555, -1,
      2554, 2555, 572, -1,
      2423, 2422, 2547, -1,
      2547, 2422, 2556, -1,
      2547, 2556, 2549, -1,
      2549, 2556, 2557, -1,
      2549, 2557, 2551, -1,
      2551, 2557, 2558, -1,
      2551, 2558, 2553, -1,
      2553, 2558, 2559, -1,
      2553, 2559, 2555, -1,
      2555, 2559, 2560, -1,
      2555, 2560, 572, -1,
      984, 2424, 2429, -1,
      2429, 2424, 2546, -1,
      2429, 2546, 2428, -1,
      2428, 2546, 2548, -1,
      2428, 2548, 2427, -1,
      2427, 2548, 2550, -1,
      2427, 2550, 2426, -1,
      2426, 2550, 2552, -1,
      2426, 2552, 2425, -1,
      2425, 2552, 2554, -1,
      2425, 2554, 572, -1,
      2421, 2420, 2561, -1,
      2561, 2420, 2562, -1,
      2561, 2562, 2563, -1,
      2563, 2562, 2564, -1,
      2563, 2564, 2565, -1,
      2565, 2564, 2566, -1,
      2565, 2566, 2567, -1,
      2567, 2566, 2568, -1,
      2567, 2568, 2569, -1,
      2569, 2568, 2570, -1,
      2569, 2570, 572, -1,
      2420, 1663, 2562, -1,
      2562, 1663, 2571, -1,
      2562, 2571, 2564, -1,
      2564, 2571, 2572, -1,
      2564, 2572, 2566, -1,
      2566, 2572, 2573, -1,
      2566, 2573, 2568, -1,
      2568, 2573, 2574, -1,
      2568, 2574, 2570, -1,
      2570, 2574, 2575, -1,
      2570, 2575, 572, -1,
      2422, 2421, 2556, -1,
      2556, 2421, 2561, -1,
      2556, 2561, 2557, -1,
      2557, 2561, 2563, -1,
      2557, 2563, 2558, -1,
      2558, 2563, 2565, -1,
      2558, 2565, 2559, -1,
      2559, 2565, 2567, -1,
      2559, 2567, 2560, -1,
      2560, 2567, 2569, -1,
      2560, 2569, 572, -1,
      1587, 1585, 2576, -1,
      1577, 1575, 2577, -1,
      2578, 2579, 2580, -1,
      2580, 2579, 2581, -1,
      2580, 2581, 2582, -1,
      2582, 2581, 2583, -1,
      2582, 2583, 2584, -1,
      2584, 2583, 2585, -1,
      2584, 2585, 2586, -1,
      2586, 2585, 2587, -1,
      2586, 2587, 2588, -1,
      2588, 2587, 2577, -1,
      2589, 2590, 2591, -1,
      2591, 2590, 2592, -1,
      2591, 2592, 2593, -1,
      2593, 2592, 2594, -1,
      2593, 2594, 2595, -1,
      2595, 2594, 2596, -1,
      2595, 2596, 2597, -1,
      2597, 2596, 2598, -1,
      2597, 2598, 2599, -1,
      2599, 2598, 2576, -1,
      565, 2578, 2449, -1,
      2449, 2578, 2580, -1,
      2449, 2580, 2448, -1,
      2448, 2580, 2582, -1,
      2448, 2582, 2447, -1,
      2447, 2582, 2584, -1,
      2447, 2584, 2446, -1,
      2446, 2584, 2586, -1,
      2446, 2586, 2445, -1,
      2445, 2586, 2588, -1,
      2445, 2588, 1569, -1,
      1569, 2588, 1571, -1,
      2577, 1575, 2588, -1,
      2588, 1575, 1573, -1,
      2588, 1573, 1571, -1,
      1579, 1577, 2600, -1,
      2600, 1577, 2577, -1,
      2600, 2577, 2601, -1,
      2601, 2577, 2587, -1,
      2601, 2587, 2602, -1,
      2602, 2587, 2585, -1,
      2602, 2585, 2603, -1,
      2603, 2585, 2583, -1,
      2603, 2583, 2604, -1,
      2604, 2583, 2581, -1,
      2604, 2581, 2605, -1,
      2605, 2581, 2579, -1,
      2605, 2589, 2604, -1,
      2604, 2589, 2591, -1,
      2604, 2591, 2603, -1,
      2603, 2591, 2593, -1,
      2603, 2593, 2602, -1,
      2602, 2593, 2595, -1,
      2602, 2595, 2601, -1,
      2601, 2595, 2597, -1,
      2601, 2597, 2600, -1,
      2600, 2597, 2599, -1,
      2600, 2599, 1579, -1,
      1579, 2599, 1581, -1,
      2576, 1585, 2599, -1,
      2599, 1585, 1583, -1,
      2599, 1583, 1581, -1,
      1589, 1587, 2606, -1,
      2606, 1587, 2576, -1,
      2606, 2576, 2607, -1,
      2607, 2576, 2598, -1,
      2607, 2598, 2608, -1,
      2608, 2598, 2596, -1,
      2608, 2596, 2609, -1,
      2609, 2596, 2594, -1,
      2609, 2594, 2610, -1,
      2610, 2594, 2592, -1,
      2610, 2592, 2611, -1,
      2611, 2592, 2590, -1,
      2611, 593, 2610, -1,
      2610, 593, 2612, -1,
      2610, 2612, 2609, -1,
      2609, 2612, 2613, -1,
      2609, 2613, 2608, -1,
      2608, 2613, 2614, -1,
      2608, 2614, 2607, -1,
      2607, 2614, 2615, -1,
      2607, 2615, 2606, -1,
      2606, 2615, 2616, -1,
      2606, 2616, 1589, -1,
      1589, 2616, 1591, -1,
      1590, 1591, 2617, -1,
      1590, 2617, 2494, -1,
      2494, 2617, 2618, -1,
      2494, 2618, 2493, -1,
      2493, 2618, 2619, -1,
      2493, 2619, 2492, -1,
      2492, 2619, 2620, -1,
      2492, 2620, 2491, -1,
      2491, 2620, 2621, -1,
      2491, 2621, 2490, -1,
      2490, 2621, 791, -1,
      2490, 791, 979, -1,
      1007, 996, 2469, -1,
      1007, 2469, 2622, -1,
      2622, 2469, 2474, -1,
      2622, 2474, 2623, -1,
      2623, 2474, 2475, -1,
      2623, 2475, 2624, -1,
      2624, 2475, 2476, -1,
      2624, 2476, 2625, -1,
      2625, 2476, 2460, -1,
      2625, 2460, 2626, -1,
      2626, 2460, 979, -1,
      2626, 979, 799, -1,
      795, 1668, 2627, -1,
      2627, 1668, 2628, -1,
      2627, 2628, 2629, -1,
      2629, 2628, 2630, -1,
      2629, 2630, 2631, -1,
      2631, 2630, 2632, -1,
      2631, 2632, 2633, -1,
      2633, 2632, 2634, -1,
      2633, 2634, 2635, -1,
      2635, 2634, 2636, -1,
      2635, 2636, 1007, -1,
      1007, 2636, 1006, -1,
      1668, 1670, 2628, -1,
      2628, 1670, 2637, -1,
      2628, 2637, 2630, -1,
      2630, 2637, 2638, -1,
      2630, 2638, 2632, -1,
      2632, 2638, 2639, -1,
      2632, 2639, 2634, -1,
      2634, 2639, 2640, -1,
      2634, 2640, 2636, -1,
      2636, 2640, 2641, -1,
      2636, 2641, 1006, -1,
      1006, 2641, 992, -1,
      1670, 1672, 2637, -1,
      2637, 1672, 2642, -1,
      2637, 2642, 2638, -1,
      2638, 2642, 2643, -1,
      2638, 2643, 2639, -1,
      2639, 2643, 2644, -1,
      2639, 2644, 2640, -1,
      2640, 2644, 2645, -1,
      2640, 2645, 2641, -1,
      2641, 2645, 2646, -1,
      2641, 2646, 992, -1,
      992, 2646, 993, -1,
      1672, 1674, 2642, -1,
      2642, 1674, 2647, -1,
      2642, 2647, 2643, -1,
      2643, 2647, 2648, -1,
      2643, 2648, 2644, -1,
      2644, 2648, 2649, -1,
      2644, 2649, 2645, -1,
      2645, 2649, 2650, -1,
      2645, 2650, 2646, -1,
      2646, 2650, 2651, -1,
      2646, 2651, 993, -1,
      993, 2651, 994, -1,
      1674, 1676, 2647, -1,
      2647, 1676, 2652, -1,
      2647, 2652, 2648, -1,
      2648, 2652, 2653, -1,
      2648, 2653, 2649, -1,
      2649, 2653, 2654, -1,
      2649, 2654, 2650, -1,
      2650, 2654, 2655, -1,
      2650, 2655, 2651, -1,
      2651, 2655, 2656, -1,
      2651, 2656, 994, -1,
      994, 2656, 985, -1,
      1676, 1665, 2652, -1,
      2652, 1665, 2496, -1,
      2652, 2496, 2653, -1,
      2653, 2496, 2499, -1,
      2653, 2499, 2654, -1,
      2654, 2499, 2502, -1,
      2654, 2502, 2655, -1,
      2655, 2502, 2505, -1,
      2655, 2505, 2656, -1,
      2656, 2505, 2507, -1,
      2656, 2507, 985, -1,
      985, 2507, 986, -1,
      2657, 1686, 818, -1,
      1664, 1678, 2495, -1,
      2495, 1678, 2658, -1,
      2495, 2658, 2497, -1,
      2497, 2658, 2659, -1,
      818, 2660, 2657, -1,
      2657, 2660, 2661, -1,
      2657, 2661, 2662, -1,
      2663, 2500, 2659, -1,
      2659, 2500, 2498, -1,
      2659, 2498, 2497, -1,
      2661, 2664, 2662, -1,
      2662, 2664, 2665, -1,
      2662, 2665, 2666, -1,
      2667, 2503, 2663, -1,
      2663, 2503, 2501, -1,
      2663, 2501, 2500, -1,
      2665, 2668, 2666, -1,
      2666, 2668, 2669, -1,
      2666, 2669, 2670, -1,
      2509, 2508, 2671, -1,
      2671, 2508, 2506, -1,
      2671, 2506, 2667, -1,
      2667, 2506, 2504, -1,
      2667, 2504, 2503, -1,
      1678, 1680, 2658, -1,
      2658, 1680, 2672, -1,
      2658, 2672, 2659, -1,
      2659, 2672, 2673, -1,
      2659, 2673, 2663, -1,
      2663, 2673, 2674, -1,
      2663, 2674, 2667, -1,
      2667, 2674, 2675, -1,
      2667, 2675, 2671, -1,
      2671, 2675, 2676, -1,
      1680, 1682, 2672, -1,
      2672, 1682, 2677, -1,
      2672, 2677, 2673, -1,
      2673, 2677, 2678, -1,
      2673, 2678, 2674, -1,
      2674, 2678, 2679, -1,
      2674, 2679, 2675, -1,
      2675, 2679, 2680, -1,
      2675, 2680, 2676, -1,
      2676, 2680, 2681, -1,
      1682, 1684, 2677, -1,
      2677, 1684, 2682, -1,
      2677, 2682, 2678, -1,
      2678, 2682, 2683, -1,
      2678, 2683, 2679, -1,
      2679, 2683, 2684, -1,
      2679, 2684, 2680, -1,
      2680, 2684, 2685, -1,
      2680, 2685, 2681, -1,
      2681, 2685, 2686, -1,
      1684, 1686, 2682, -1,
      2682, 1686, 2657, -1,
      2682, 2657, 2683, -1,
      2683, 2657, 2662, -1,
      2683, 2662, 2684, -1,
      2684, 2662, 2666, -1,
      2684, 2666, 2685, -1,
      2685, 2666, 2670, -1,
      2685, 2670, 2686, -1,
      2686, 2670, 2687, -1,
      937, 2510, 2688, -1,
      2688, 2510, 2509, -1,
      2669, 2689, 2670, -1,
      2670, 2689, 2690, -1,
      2670, 2690, 2687, -1,
      2687, 2690, 2691, -1,
      2687, 2691, 2692, -1,
      2509, 2671, 2688, -1,
      2688, 2671, 2676, -1,
      2688, 2676, 2693, -1,
      2693, 2676, 2681, -1,
      2693, 2681, 2694, -1,
      2694, 2681, 2686, -1,
      2694, 2686, 2695, -1,
      2695, 2686, 2687, -1,
      2695, 2687, 2696, -1,
      2696, 2687, 2692, -1,
      2696, 2692, 2697, -1,
      937, 2688, 938, -1,
      938, 2688, 2693, -1,
      938, 2693, 939, -1,
      939, 2693, 2694, -1,
      939, 2694, 940, -1,
      940, 2694, 2695, -1,
      940, 2695, 956, -1,
      956, 2695, 2696, -1,
      956, 2696, 946, -1,
      946, 2696, 2697, -1,
      946, 2697, 944, -1,
      945, 944, 2698, -1,
      945, 2698, 2515, -1,
      2515, 2698, 2699, -1,
      2515, 2699, 2524, -1,
      2524, 2699, 2700, -1,
      2524, 2700, 2529, -1,
      2529, 2700, 2701, -1,
      2529, 2701, 2535, -1,
      2535, 2701, 2702, -1,
      2535, 2702, 2540, -1,
      2540, 2702, 832, -1,
      2540, 832, 980, -1,
      980, 852, 2703, -1,
      980, 2703, 2545, -1,
      2545, 2703, 2704, -1,
      2545, 2704, 2544, -1,
      2544, 2704, 2705, -1,
      2544, 2705, 2543, -1,
      2543, 2705, 2706, -1,
      2543, 2706, 2542, -1,
      2542, 2706, 2707, -1,
      2542, 2707, 2541, -1,
      2541, 2707, 1641, -1,
      2541, 1641, 1640, -1,
      1659, 1657, 2708, -1,
      1649, 1647, 2709, -1,
      2710, 2711, 2712, -1,
      2712, 2711, 2713, -1,
      2712, 2713, 2714, -1,
      2714, 2713, 2715, -1,
      2714, 2715, 2716, -1,
      2716, 2715, 2717, -1,
      2716, 2717, 2718, -1,
      2718, 2717, 2719, -1,
      2718, 2719, 2720, -1,
      2720, 2719, 2709, -1,
      2721, 2722, 2723, -1,
      2723, 2722, 2724, -1,
      2723, 2724, 2725, -1,
      2725, 2724, 2726, -1,
      2725, 2726, 2727, -1,
      2727, 2726, 2728, -1,
      2727, 2728, 2729, -1,
      2729, 2728, 2730, -1,
      2729, 2730, 2731, -1,
      2731, 2730, 2708, -1,
      591, 2710, 2732, -1,
      2732, 2710, 2712, -1,
      2732, 2712, 2733, -1,
      2733, 2712, 2714, -1,
      2733, 2714, 2734, -1,
      2734, 2714, 2716, -1,
      2734, 2716, 2735, -1,
      2735, 2716, 2718, -1,
      2735, 2718, 2736, -1,
      2736, 2718, 2720, -1,
      2736, 2720, 1641, -1,
      1641, 2720, 1643, -1,
      2709, 1647, 2720, -1,
      2720, 1647, 1645, -1,
      2720, 1645, 1643, -1,
      1651, 1649, 2737, -1,
      2737, 1649, 2709, -1,
      2737, 2709, 2738, -1,
      2738, 2709, 2719, -1,
      2738, 2719, 2739, -1,
      2739, 2719, 2717, -1,
      2739, 2717, 2740, -1,
      2740, 2717, 2715, -1,
      2740, 2715, 2741, -1,
      2741, 2715, 2713, -1,
      2741, 2713, 2742, -1,
      2742, 2713, 2711, -1,
      2742, 2721, 2741, -1,
      2741, 2721, 2723, -1,
      2741, 2723, 2740, -1,
      2740, 2723, 2725, -1,
      2740, 2725, 2739, -1,
      2739, 2725, 2727, -1,
      2739, 2727, 2738, -1,
      2738, 2727, 2729, -1,
      2738, 2729, 2737, -1,
      2737, 2729, 2731, -1,
      2737, 2731, 1651, -1,
      1651, 2731, 1653, -1,
      2708, 1657, 2731, -1,
      2731, 1657, 1655, -1,
      2731, 1655, 1653, -1,
      1661, 1659, 2743, -1,
      2743, 1659, 2708, -1,
      2743, 2708, 2744, -1,
      2744, 2708, 2730, -1,
      2744, 2730, 2745, -1,
      2745, 2730, 2728, -1,
      2745, 2728, 2746, -1,
      2746, 2728, 2726, -1,
      2746, 2726, 2747, -1,
      2747, 2726, 2724, -1,
      2747, 2724, 2748, -1,
      2748, 2724, 2722, -1,
      2748, 572, 2747, -1,
      2747, 572, 2575, -1,
      2747, 2575, 2746, -1,
      2746, 2575, 2574, -1,
      2746, 2574, 2745, -1,
      2745, 2574, 2573, -1,
      2745, 2573, 2744, -1,
      2744, 2573, 2572, -1,
      2744, 2572, 2743, -1,
      2743, 2572, 2571, -1,
      2743, 2571, 1661, -1,
      1661, 2571, 1663, -1,
      2621, 2620, 2749, -1,
      2749, 2620, 2750, -1,
      2749, 2750, 2751, -1,
      2751, 2750, 2752, -1,
      2751, 2752, 2753, -1,
      2753, 2752, 2754, -1,
      2753, 2754, 2755, -1,
      2755, 2754, 2756, -1,
      2755, 2756, 2757, -1,
      2757, 2756, 2758, -1,
      2757, 2758, 593, -1,
      2620, 2619, 2750, -1,
      2750, 2619, 2759, -1,
      2750, 2759, 2752, -1,
      2752, 2759, 2760, -1,
      2752, 2760, 2754, -1,
      2754, 2760, 2761, -1,
      2754, 2761, 2756, -1,
      2756, 2761, 2762, -1,
      2756, 2762, 2758, -1,
      2758, 2762, 2763, -1,
      2758, 2763, 593, -1,
      791, 2621, 789, -1,
      789, 2621, 2749, -1,
      789, 2749, 786, -1,
      786, 2749, 2751, -1,
      786, 2751, 783, -1,
      783, 2751, 2753, -1,
      783, 2753, 780, -1,
      780, 2753, 2755, -1,
      780, 2755, 778, -1,
      778, 2755, 2757, -1,
      778, 2757, 593, -1,
      2618, 2617, 2764, -1,
      2764, 2617, 2765, -1,
      2764, 2765, 2766, -1,
      2766, 2765, 2767, -1,
      2766, 2767, 2768, -1,
      2768, 2767, 2769, -1,
      2768, 2769, 2770, -1,
      2770, 2769, 2771, -1,
      2770, 2771, 2772, -1,
      2772, 2771, 2773, -1,
      2772, 2773, 593, -1,
      2617, 1591, 2765, -1,
      2765, 1591, 2616, -1,
      2765, 2616, 2767, -1,
      2767, 2616, 2615, -1,
      2767, 2615, 2769, -1,
      2769, 2615, 2614, -1,
      2769, 2614, 2771, -1,
      2771, 2614, 2613, -1,
      2771, 2613, 2773, -1,
      2773, 2613, 2612, -1,
      2773, 2612, 593, -1,
      2619, 2618, 2759, -1,
      2759, 2618, 2764, -1,
      2759, 2764, 2760, -1,
      2760, 2764, 2766, -1,
      2760, 2766, 2761, -1,
      2761, 2766, 2768, -1,
      2761, 2768, 2762, -1,
      2762, 2768, 2770, -1,
      2762, 2770, 2763, -1,
      2763, 2770, 2772, -1,
      2763, 2772, 593, -1,
      795, 2627, 2774, -1,
      2775, 2776, 2777, -1,
      1007, 2622, 2778, -1,
      2777, 2776, 1007, -1,
      2779, 1007, 2776, -1,
      2779, 2776, 2780, -1,
      2780, 2776, 2775, -1,
      2780, 2775, 2781, -1,
      2635, 1007, 2779, -1,
      2782, 2783, 2784, -1,
      2784, 2783, 2778, -1,
      2784, 2778, 2785, -1,
      2785, 2778, 2622, -1,
      2785, 2622, 2623, -1,
      2635, 2779, 2633, -1,
      2633, 2779, 2780, -1,
      2633, 2780, 2631, -1,
      2631, 2780, 2781, -1,
      2631, 2781, 2629, -1,
      2786, 2782, 2787, -1,
      2787, 2782, 2784, -1,
      2787, 2784, 2788, -1,
      2788, 2784, 2785, -1,
      2788, 2785, 2789, -1,
      2789, 2785, 2623, -1,
      2789, 2623, 2624, -1,
      2790, 2786, 2791, -1,
      2791, 2786, 2787, -1,
      2791, 2787, 2792, -1,
      2792, 2787, 2788, -1,
      2792, 2788, 2793, -1,
      2793, 2788, 2789, -1,
      2793, 2789, 2794, -1,
      2794, 2789, 2624, -1,
      2794, 2624, 2625, -1,
      2627, 2790, 2774, -1,
      2774, 2790, 2791, -1,
      2774, 2791, 2795, -1,
      2795, 2791, 2792, -1,
      2795, 2792, 2796, -1,
      2796, 2792, 2793, -1,
      2796, 2793, 2797, -1,
      2797, 2793, 2794, -1,
      2797, 2794, 2798, -1,
      2798, 2794, 2625, -1,
      2798, 2625, 2626, -1,
      795, 2774, 797, -1,
      797, 2774, 2795, -1,
      797, 2795, 809, -1,
      809, 2795, 2796, -1,
      809, 2796, 806, -1,
      806, 2796, 2797, -1,
      806, 2797, 803, -1,
      803, 2797, 2798, -1,
      803, 2798, 800, -1,
      800, 2798, 2626, -1,
      800, 2626, 799, -1,
      2783, 1007, 2778, -1,
      2627, 2629, 2790, -1,
      2790, 2629, 2781, -1,
      2790, 2781, 2786, -1,
      2786, 2781, 2775, -1,
      2786, 2775, 2782, -1,
      2782, 2775, 2777, -1,
      2782, 2777, 2783, -1,
      2783, 2777, 1007, -1,
      832, 2702, 2799, -1,
      2702, 2701, 2800, -1,
      2689, 2669, 2801, -1,
      2802, 2803, 2804, -1,
      944, 2805, 2806, -1,
      2804, 2803, 944, -1,
      2698, 944, 2803, -1,
      2698, 2803, 2699, -1,
      2699, 2803, 2802, -1,
      2699, 2802, 2700, -1,
      944, 2697, 2805, -1,
      2805, 2697, 2692, -1,
      2805, 2692, 2691, -1,
      2807, 2808, 2809, -1,
      2809, 2808, 2806, -1,
      2809, 2806, 2810, -1,
      2810, 2806, 2805, -1,
      2810, 2805, 2811, -1,
      2811, 2805, 2691, -1,
      2811, 2691, 2690, -1,
      2812, 2807, 2813, -1,
      2813, 2807, 2809, -1,
      2813, 2809, 2814, -1,
      2814, 2809, 2810, -1,
      2814, 2810, 2815, -1,
      2815, 2810, 2811, -1,
      2815, 2811, 2801, -1,
      2801, 2811, 2690, -1,
      2801, 2690, 2689, -1,
      2701, 2812, 2800, -1,
      2800, 2812, 2813, -1,
      2800, 2813, 2816, -1,
      2816, 2813, 2814, -1,
      2816, 2814, 2817, -1,
      2817, 2814, 2815, -1,
      2817, 2815, 2818, -1,
      2818, 2815, 2801, -1,
      2818, 2801, 2819, -1,
      2819, 2801, 2669, -1,
      2819, 2669, 2668, -1,
      2702, 2800, 2799, -1,
      2799, 2800, 2816, -1,
      2799, 2816, 2820, -1,
      2820, 2816, 2817, -1,
      2820, 2817, 2821, -1,
      2821, 2817, 2818, -1,
      2821, 2818, 2822, -1,
      2822, 2818, 2819, -1,
      2822, 2819, 2823, -1,
      2808, 944, 2806, -1,
      2701, 2700, 2812, -1,
      2812, 2700, 2802, -1,
      2812, 2802, 2807, -1,
      2807, 2802, 2804, -1,
      2807, 2804, 2808, -1,
      2808, 2804, 944, -1,
      2668, 2665, 2819, -1,
      2819, 2665, 2664, -1,
      2819, 2664, 2823, -1,
      2823, 2664, 2661, -1,
      2823, 2661, 2660, -1,
      832, 2799, 829, -1,
      829, 2799, 2820, -1,
      829, 2820, 826, -1,
      826, 2820, 2821, -1,
      826, 2821, 823, -1,
      823, 2821, 2822, -1,
      823, 2822, 820, -1,
      820, 2822, 2823, -1,
      820, 2823, 817, -1,
      817, 2823, 2660, -1,
      817, 2660, 818, -1,
      2707, 2706, 2824, -1,
      2824, 2706, 2825, -1,
      2824, 2825, 2826, -1,
      2826, 2825, 2827, -1,
      2826, 2827, 2828, -1,
      2828, 2827, 2829, -1,
      2828, 2829, 2830, -1,
      2830, 2829, 2831, -1,
      2830, 2831, 2832, -1,
      2832, 2831, 2833, -1,
      2832, 2833, 591, -1,
      2706, 2705, 2825, -1,
      2825, 2705, 2834, -1,
      2825, 2834, 2827, -1,
      2827, 2834, 2835, -1,
      2827, 2835, 2829, -1,
      2829, 2835, 2836, -1,
      2829, 2836, 2831, -1,
      2831, 2836, 2837, -1,
      2831, 2837, 2833, -1,
      2833, 2837, 2838, -1,
      2833, 2838, 591, -1,
      1641, 2707, 2736, -1,
      2736, 2707, 2824, -1,
      2736, 2824, 2735, -1,
      2735, 2824, 2826, -1,
      2735, 2826, 2734, -1,
      2734, 2826, 2828, -1,
      2734, 2828, 2733, -1,
      2733, 2828, 2830, -1,
      2733, 2830, 2732, -1,
      2732, 2830, 2832, -1,
      2732, 2832, 591, -1,
      2704, 2703, 2839, -1,
      2839, 2703, 2840, -1,
      2839, 2840, 2841, -1,
      2841, 2840, 2842, -1,
      2841, 2842, 2843, -1,
      2843, 2842, 2844, -1,
      2843, 2844, 2845, -1,
      2845, 2844, 2846, -1,
      2845, 2846, 2847, -1,
      2847, 2846, 2848, -1,
      2847, 2848, 591, -1,
      2703, 852, 2840, -1,
      2840, 852, 849, -1,
      2840, 849, 2842, -1,
      2842, 849, 846, -1,
      2842, 846, 2844, -1,
      2844, 846, 843, -1,
      2844, 843, 2846, -1,
      2846, 843, 840, -1,
      2846, 840, 2848, -1,
      2848, 840, 836, -1,
      2848, 836, 591, -1,
      2705, 2704, 2834, -1,
      2834, 2704, 2839, -1,
      2834, 2839, 2835, -1,
      2835, 2839, 2841, -1,
      2835, 2841, 2836, -1,
      2836, 2841, 2843, -1,
      2836, 2843, 2837, -1,
      2837, 2843, 2845, -1,
      2837, 2845, 2838, -1,
      2838, 2845, 2847, -1,
      2838, 2847, 591, -1,
    ]
  }
}

Shape {
  appearance Appearance {
    material Material {
      diffuseColor 0.9686 0.8784 0.6000
      specularColor 0.6784 0.6157 0.4196
      ambientIntensity 0.2
      transparency 0.0000
      shininess 0.5
    }
  }
  geometry IndexedFaceSet {
    ccw TRUE
    solid FALSE
    coord DEF co Coordinate {
      point [
        0.472441 0.393701 0.003937,
        0.964567 -0.393701 0.003937,
        -0.472441 -0.393701 0.003937,
        0.472441 -0.393701 0.003937,
        0.964567 0.393701 0.003937,
        -0.472441 0.393701 0.003937,
        -0.964567 -0.393701 0.003937,
        -0.964567 0.393701 0.003937,
        0.905512 0.157480 0.196850,
        0.905512 -0.157480 0.196850,
        0.907554 0.175296 0.196850,
        0.913574 0.192188 0.196850,
        0.923260 0.207280 0.196850,
        0.936110 0.219789 0.196850,
        0.951456 0.229066 0.196850,
        0.968504 0.234630 0.196850,
        0.968504 -0.234630 0.196850,
        0.951456 -0.229066 0.196850,
        0.936110 -0.219789 0.196850,
        0.923260 -0.207280 0.196850,
        0.913574 -0.192188 0.196850,
        0.907554 -0.175296 0.196850,
        0.969291 0.234807 0.196850,
        0.969291 0.234807 0.023622,
        0.969291 -0.234807 0.196850,
        0.969291 -0.234807 0.023622,
        0.969291 0.248971 0.005163,
        0.969291 0.249904 0.005041,
        0.969291 0.252743 0.004667,
        0.969291 0.253917 0.004512,
        0.969291 0.247781 0.005656,
        0.969291 0.246875 0.006032,
        0.969291 0.244362 0.007072,
        0.969291 0.244297 0.007123,
        0.969291 0.242616 0.008413,
        0.969291 0.240404 0.010109,
        0.969291 0.239333 0.011506,
        0.969291 0.237367 0.014067,
        0.969291 0.236906 0.015183,
        0.969291 0.235458 0.018676,
        0.969291 0.235379 0.019282,
        0.969291 0.251376 0.004847,
        0.969291 -0.253917 0.004512,
        0.969291 -0.252763 0.004643,
        0.969291 -0.235286 0.019370,
        0.969291 -0.235319 0.019277,
        0.969291 -0.236813 0.015151,
        0.969291 -0.236700 0.015331,
        0.969291 -0.242002 0.008681,
        0.969291 -0.238976 0.011707,
        0.969291 -0.244076 0.007379,
        0.969291 -0.242530 0.008350,
        0.969291 -0.245626 0.006405,
        0.969291 -0.246791 0.005997,
        0.969291 -0.247741 0.005665,
        0.969291 -0.249665 0.004991,
        0.969291 -0.251452 0.004790,
        0.969291 0.393701 0.004512,
        0.969291 -0.393701 0.004512,
        -0.969291 0.393701 0.004512,
        -0.969291 0.253917 0.004512,
        -0.968504 0.234630 0.196850,
        -0.969291 0.234807 0.196850,
        -0.969291 0.234807 0.023622,
        -0.969291 -0.234807 0.196850,
        -0.969291 -0.234807 0.023622,
        -0.968504 -0.234630 0.196850,
        -0.969291 -0.393701 0.004512,
        -0.969291 -0.253917 0.004512,
        -0.969291 0.252763 0.004643,
        -0.969291 0.235286 0.019370,
        -0.969291 0.235319 0.019277,
        -0.969291 0.236813 0.015151,
        -0.969291 0.236700 0.015331,
        -0.969291 0.242002 0.008681,
        -0.969291 0.238976 0.011707,
        -0.969291 0.244076 0.007379,
        -0.969291 0.242530 0.008350,
        -0.969291 0.245626 0.006405,
        -0.969291 0.246791 0.005997,
        -0.969291 0.247741 0.005665,
        -0.969291 0.249665 0.004991,
        -0.969291 0.251452 0.004790,
        -0.969291 -0.247741 0.005665,
        -0.969291 -0.246791 0.005997,
        -0.969291 -0.252763 0.004643,
        -0.969291 -0.245626 0.006405,
        -0.969291 -0.244076 0.007379,
        -0.969291 -0.235286 0.019370,
        -0.969291 -0.235319 0.019277,
        -0.969291 -0.236700 0.015331,
        -0.969291 -0.238976 0.011707,
        -0.969291 -0.239235 0.011448,
        -0.969291 -0.242002 0.008681,
        -0.969291 -0.242530 0.008350,
        -0.969291 -0.251452 0.004790,
        -0.969291 -0.249665 0.004991,
        -0.905512 -0.157480 0.196850,
        -0.905512 0.157480 0.196850,
        -0.951456 0.229066 0.196850,
        -0.936110 0.219789 0.196850,
        -0.923260 0.207280 0.196850,
        -0.913574 0.192188 0.196850,
        -0.907554 0.175296 0.196850,
        -0.907554 -0.175296 0.196850,
        -0.913574 -0.192188 0.196850,
        -0.923260 -0.207280 0.196850,
        -0.936110 -0.219789 0.196850,
        -0.951456 -0.229066 0.196850,
        -0.472441 -0.393701 0.000000,
        -0.472441 0.393701 0.000000,
        -0.969291 0.393701 0.000000,
        -0.969291 -0.393701 0.000000,
        -0.969291 0.230772 0.000000,
        -0.969291 0.230772 0.196850,
        -0.953096 0.225486 0.196850,
        -0.953096 0.225486 0.000000,
        -0.938517 0.216673 0.196850,
        -0.938517 0.216673 0.000000,
        -0.926310 0.204790 0.196850,
        -0.926310 0.204790 0.000000,
        -0.917108 0.190453 0.196850,
        -0.917108 0.190453 0.000000,
        -0.911389 0.174406 0.196850,
        -0.911389 0.174406 0.000000,
        -0.909449 0.157480 0.196850,
        -0.909449 0.157480 0.000000,
        -0.909449 -0.157480 0.196850,
        -0.909449 -0.157480 0.000000,
        -0.911389 -0.174406 0.196850,
        -0.911389 -0.174406 0.000000,
        -0.917108 -0.190453 0.196850,
        -0.917108 -0.190453 0.000000,
        -0.926310 -0.204790 0.196850,
        -0.926310 -0.204790 0.000000,
        -0.938517 -0.216673 0.196850,
        -0.938517 -0.216673 0.000000,
        -0.953096 -0.225486 0.196850,
        -0.953096 -0.225486 0.000000,
        -0.969291 -0.230772 0.196850,
        -0.969291 -0.230772 0.000000,
        0.472441 0.393701 0.000000,
        0.472441 -0.393701 0.000000,
        0.969291 0.393701 0.000000,
        0.969291 -0.393701 0.000000,
        0.909449 0.157480 0.196850,
        0.909449 0.157480 0.000000,
        0.911389 0.174406 0.196850,
        0.911389 0.174406 0.000000,
        0.917108 0.190453 0.196850,
        0.917108 0.190453 0.000000,
        0.926310 0.204790 0.196850,
        0.926310 0.204790 0.000000,
        0.938517 0.216673 0.196850,
        0.938517 0.216673 0.000000,
        0.953096 0.225486 0.196850,
        0.953096 0.225486 0.000000,
        0.969291 0.230772 0.196850,
        0.969291 0.230772 0.000000,
        0.969291 -0.230772 0.000000,
        0.969291 -0.230772 0.196850,
        0.953096 -0.225486 0.196850,
        0.953096 -0.225486 0.000000,
        0.938517 -0.216673 0.196850,
        0.938517 -0.216673 0.000000,
        0.926310 -0.204790 0.196850,
        0.926310 -0.204790 0.000000,
        0.917108 -0.190453 0.196850,
        0.917108 -0.190453 0.000000,
        0.911389 -0.174406 0.196850,
        0.911389 -0.174406 0.000000,
        0.909449 -0.157480 0.196850,
        0.909449 -0.157480 0.000000,
      ]
    }
    coordIndex [
      2, 109, 5, -1,
      5, 109, 110, -1,
      5, 110, 7, -1,
      7, 110, 111, -1,
      7, 111, 59, -1,
      109, 2, 112, -1,
      112, 2, 6, -1,
      112, 6, 67, -1,
      70, 71, 113, -1,
      113, 71, 73, -1,
      113, 73, 72, -1,
      59, 111, 60, -1,
      60, 111, 113, -1,
      70, 113, 63, -1,
      63, 113, 114, -1,
      63, 114, 62, -1,
      72, 75, 113, -1,
      113, 75, 74, -1,
      113, 74, 77, -1,
      81, 113, 80, -1,
      80, 113, 79, -1,
      81, 82, 113, -1,
      113, 82, 69, -1,
      113, 69, 60, -1,
      77, 76, 113, -1,
      113, 76, 78, -1,
      113, 78, 79, -1,
      114, 113, 115, -1,
      115, 113, 116, -1,
      115, 116, 117, -1,
      117, 116, 118, -1,
      117, 118, 119, -1,
      119, 118, 120, -1,
      119, 120, 121, -1,
      121, 120, 122, -1,
      121, 122, 123, -1,
      123, 122, 124, -1,
      123, 124, 125, -1,
      125, 124, 126, -1,
      127, 125, 128, -1,
      128, 125, 126, -1,
      127, 128, 129, -1,
      129, 128, 130, -1,
      129, 130, 131, -1,
      131, 130, 132, -1,
      131, 132, 133, -1,
      133, 132, 134, -1,
      133, 134, 135, -1,
      135, 134, 136, -1,
      135, 136, 137, -1,
      137, 136, 138, -1,
      137, 138, 139, -1,
      139, 138, 140, -1,
      95, 96, 140, -1,
      140, 96, 83, -1,
      87, 94, 140, -1,
      140, 94, 93, -1,
      140, 93, 92, -1,
      92, 91, 140, -1,
      140, 91, 90, -1,
      140, 90, 89, -1,
      112, 67, 68, -1,
      83, 84, 140, -1,
      140, 84, 86, -1,
      140, 86, 87, -1,
      64, 139, 65, -1,
      65, 139, 140, -1,
      65, 140, 88, -1,
      88, 140, 89, -1,
      112, 68, 140, -1,
      140, 68, 85, -1,
      140, 85, 95, -1,
      62, 114, 61, -1,
      61, 114, 115, -1,
      61, 115, 99, -1,
      99, 115, 100, -1,
      100, 115, 117, -1,
      100, 117, 101, -1,
      101, 117, 119, -1,
      101, 119, 102, -1,
      102, 119, 121, -1,
      102, 121, 103, -1,
      103, 121, 123, -1,
      103, 123, 98, -1,
      98, 123, 125, -1,
      98, 125, 97, -1,
      97, 125, 127, -1,
      97, 127, 104, -1,
      104, 127, 129, -1,
      104, 129, 105, -1,
      105, 129, 131, -1,
      105, 131, 106, -1,
      106, 131, 133, -1,
      106, 133, 107, -1,
      107, 133, 135, -1,
      107, 135, 108, -1,
      108, 135, 137, -1,
      108, 137, 66, -1,
      66, 137, 139, -1,
      66, 139, 64, -1,
      110, 124, 122, -1,
      112, 140, 138, -1,
      109, 134, 132, -1,
      132, 130, 109, -1,
      109, 130, 128, -1,
      109, 128, 110, -1,
      110, 128, 126, -1,
      110, 126, 124, -1,
      122, 120, 110, -1,
      110, 120, 118, -1,
      110, 118, 111, -1,
      111, 118, 116, -1,
      111, 116, 113, -1,
      112, 138, 109, -1,
      109, 138, 136, -1,
      109, 136, 134, -1,
      0, 141, 3, -1,
      3, 141, 142, -1,
      141, 0, 143, -1,
      143, 0, 4, -1,
      143, 4, 57, -1,
      3, 142, 1, -1,
      1, 142, 144, -1,
      1, 144, 58, -1,
      145, 146, 147, -1,
      147, 146, 148, -1,
      147, 148, 149, -1,
      149, 148, 150, -1,
      149, 150, 151, -1,
      151, 150, 152, -1,
      151, 152, 153, -1,
      153, 152, 154, -1,
      153, 154, 155, -1,
      155, 154, 156, -1,
      155, 156, 157, -1,
      157, 156, 158, -1,
      38, 39, 158, -1,
      28, 158, 29, -1,
      29, 158, 143, -1,
      29, 143, 57, -1,
      28, 41, 158, -1,
      158, 41, 27, -1,
      158, 27, 26, -1,
      22, 157, 23, -1,
      23, 157, 158, -1,
      23, 158, 40, -1,
      40, 158, 39, -1,
      35, 36, 158, -1,
      158, 36, 37, -1,
      158, 37, 38, -1,
      26, 30, 158, -1,
      158, 30, 31, -1,
      158, 31, 32, -1,
      32, 33, 158, -1,
      158, 33, 34, -1,
      158, 34, 35, -1,
      49, 48, 159, -1,
      49, 159, 46, -1,
      48, 51, 159, -1,
      159, 51, 50, -1,
      159, 50, 52, -1,
      44, 45, 159, -1,
      159, 45, 47, -1,
      159, 47, 46, -1,
      52, 53, 159, -1,
      159, 53, 54, -1,
      159, 54, 55, -1,
      58, 144, 42, -1,
      42, 144, 159, -1,
      44, 159, 25, -1,
      25, 159, 160, -1,
      25, 160, 24, -1,
      55, 56, 159, -1,
      159, 56, 43, -1,
      159, 43, 42, -1,
      160, 159, 161, -1,
      161, 159, 162, -1,
      161, 162, 163, -1,
      163, 162, 164, -1,
      163, 164, 165, -1,
      165, 164, 166, -1,
      165, 166, 167, -1,
      167, 166, 168, -1,
      167, 168, 169, -1,
      169, 168, 170, -1,
      169, 170, 171, -1,
      171, 170, 172, -1,
      145, 171, 146, -1,
      146, 171, 172, -1,
      24, 160, 16, -1,
      16, 160, 161, -1,
      16, 161, 17, -1,
      17, 161, 18, -1,
      18, 161, 163, -1,
      18, 163, 19, -1,
      19, 163, 165, -1,
      19, 165, 20, -1,
      20, 165, 167, -1,
      20, 167, 21, -1,
      21, 167, 169, -1,
      21, 169, 9, -1,
      9, 169, 171, -1,
      9, 171, 8, -1,
      8, 171, 145, -1,
      8, 145, 10, -1,
      10, 145, 147, -1,
      10, 147, 11, -1,
      11, 147, 149, -1,
      11, 149, 12, -1,
      12, 149, 151, -1,
      12, 151, 13, -1,
      13, 151, 153, -1,
      13, 153, 14, -1,
      14, 153, 155, -1,
      14, 155, 15, -1,
      15, 155, 157, -1,
      15, 157, 22, -1,
      154, 152, 141, -1,
      141, 152, 150, -1,
      142, 170, 168, -1,
      154, 141, 156, -1,
      156, 141, 143, -1,
      156, 143, 158, -1,
      150, 148, 141, -1,
      141, 148, 146, -1,
      141, 146, 142, -1,
      142, 146, 172, -1,
      142, 172, 170, -1,
      168, 166, 142, -1,
      142, 166, 164, -1,
      142, 164, 144, -1,
      144, 164, 162, -1,
      144, 162, 159, -1,
    ]
  }
}

Shape {
  appearance Appearance {
    material Material {
      diffuseColor 1.0000 1.0000 1.0000
      specularColor 0.5020 0.5020 0.5020
      ambientIntensity 0.2
      transparency 0.0000
      shininess 0.5
    }
  }
  geometry IndexedFaceSet {
    ccw TRUE
    solid FALSE
    coord DEF co Coordinate {
      point [
        -0.075882 0.629921 0.197421,
        -0.076508 0.629921 0.191905,
        -0.004937 0.629921 0.211536,
        -0.003159 0.629921 0.212063,
        0.040610 0.629921 0.212242,
        0.040611 0.629921 0.212063,
        -0.030336 0.629921 0.211739,
        -0.035579 0.629921 0.211702,
        -0.030336 0.629921 0.194320,
        -0.034320 0.629921 0.194292,
        -0.035546 0.629921 0.207096,
        -0.034287 0.629921 0.189707,
        -0.030336 0.629921 0.189735,
        -0.019970 0.629921 0.189809,
        -0.030336 0.629921 0.176268,
        -0.019875 0.629921 0.176342,
        -0.030336 0.629921 0.207133,
        -0.020094 0.629921 0.207206,
        -0.020003 0.629921 0.194394,
        -0.014675 0.629921 0.171814,
        -0.036239 0.629921 0.176226,
        -0.036206 0.629921 0.171661,
        -0.030336 0.629921 0.171703,
        -0.014959 0.629921 0.211848,
        0.040861 0.629921 0.176772,
        0.024917 0.629921 0.176659,
        0.024950 0.629921 0.172095,
        0.046061 0.629921 0.172245,
        0.045779 0.629921 0.212063,
        0.045778 0.629921 0.212279,
        -0.006939 0.629921 0.210943,
        -0.006901 0.629921 0.205539,
        -0.002407 0.629921 0.207357,
        0.002518 0.629921 0.207981,
        -0.004937 0.629921 0.177702,
        -0.006709 0.629921 0.178482,
        -0.006457 0.629921 0.205783,
        -0.004937 0.629921 0.206374,
        0.004441 0.629921 0.207898,
        0.007878 0.629921 0.207180,
        0.011000 0.629921 0.205667,
        0.017052 0.629921 0.197103,
        0.017750 0.629921 0.191612,
        0.003646 0.629921 0.175874,
        0.013458 0.629921 0.203617,
        0.013733 0.629921 0.203320,
        -0.002753 0.629921 0.176740,
        0.001781 0.629921 0.175930,
        0.015687 0.629921 0.200552,
        0.017694 0.629921 0.189763,
        0.017024 0.629921 0.185837,
        0.015702 0.629921 0.182649,
        0.013901 0.629921 0.180163,
        0.012761 0.629921 0.179059,
        0.007115 0.629921 0.176252,
        0.010058 0.629921 0.177276,
        0.007649 0.629921 0.212063,
        0.002536 0.629921 0.212648,
        -0.002703 0.629921 0.212198,
        0.020213 0.629921 0.203087,
        0.017283 0.629921 0.206857,
        0.016287 0.629921 0.207795,
        0.012520 0.629921 0.210393,
        0.008325 0.629921 0.211986,
        0.022145 0.629921 0.198653,
        0.021665 0.629921 0.199755,
        0.021665 0.629921 0.182812,
        0.022433 0.629921 0.184825,
        0.023176 0.629921 0.191343,
        0.023091 0.629921 0.193433,
        0.006447 0.629921 0.171384,
        0.006847 0.629921 0.171406,
        0.011178 0.629921 0.172331,
        0.014943 0.629921 0.174140,
        0.018141 0.629921 0.176837,
        0.018469 0.629921 0.177200,
        0.020834 0.629921 0.180635,
        0.004426 0.629921 0.171274,
        0.003182 0.629921 0.171384,
        -0.006674 0.629921 0.173529,
        -0.005988 0.629921 0.173193,
        -0.004937 0.629921 0.172857,
        -0.001680 0.629921 0.171814,
        -0.074429 0.629921 0.201250,
        -0.076370 0.629921 0.189354,
        -0.075366 0.629921 0.184674,
        -0.055473 0.629921 0.211561,
        -0.061581 0.629921 0.210842,
        -0.066400 0.629921 0.209043,
        -0.073365 0.629921 0.180548,
        -0.070365 0.629921 0.177028,
        -0.066156 0.629921 0.174056,
        -0.061579 0.629921 0.172307,
        -0.054780 0.629921 0.171530,
        -0.043769 0.629921 0.171608,
        -0.044053 0.629921 0.211642,
        -0.070571 0.629921 0.206152,
        -0.071976 0.629921 0.204759,
        0.024917 0.630315 0.176659,
        0.024950 0.630315 0.172095,
        0.040861 0.630315 0.176772,
        0.040610 0.630315 0.212242,
        0.045778 0.630315 0.212279,
        0.046061 0.630315 0.172245,
        -0.005988 0.630315 0.173193,
        -0.001680 0.630315 0.171814,
        0.004426 0.630315 0.171274,
        -0.006674 0.630315 0.173529,
        -0.006709 0.630315 0.178482,
        -0.002753 0.630315 0.176740,
        0.001781 0.630315 0.175930,
        0.003646 0.630315 0.175874,
        0.007115 0.630315 0.176252,
        0.010058 0.630315 0.177276,
        0.012761 0.630315 0.179059,
        0.013901 0.630315 0.180163,
        0.015702 0.630315 0.182649,
        0.017024 0.630315 0.185837,
        0.017694 0.630315 0.189763,
        0.017750 0.630315 0.191612,
        0.017052 0.630315 0.197103,
        0.015687 0.630315 0.200552,
        0.013733 0.630315 0.203320,
        0.013458 0.630315 0.203617,
        0.011000 0.630315 0.205667,
        0.007878 0.630315 0.207180,
        0.004441 0.630315 0.207898,
        0.002518 0.630315 0.207981,
        -0.006901 0.630315 0.205539,
        -0.006457 0.630315 0.205783,
        -0.002407 0.630315 0.207357,
        -0.006939 0.630315 0.210943,
        -0.002703 0.630315 0.212198,
        0.002536 0.630315 0.212648,
        0.008325 0.630315 0.211986,
        0.012520 0.630315 0.210393,
        0.016287 0.630315 0.207795,
        0.017283 0.630315 0.206857,
        0.022145 0.630315 0.198653,
        0.020213 0.630315 0.203087,
        0.023091 0.630315 0.193433,
        0.023176 0.630315 0.191343,
        0.022433 0.630315 0.184825,
        0.020834 0.630315 0.180635,
        0.018469 0.630315 0.177200,
        0.018141 0.630315 0.176837,
        0.006847 0.630315 0.171406,
        0.011178 0.630315 0.172331,
        0.014943 0.630315 0.174140,
        -0.036239 0.630315 0.176226,
        -0.036206 0.630315 0.171661,
        -0.019875 0.630315 0.176342,
        -0.019970 0.630315 0.189809,
        -0.034287 0.630315 0.189707,
        -0.034320 0.630315 0.194292,
        -0.020003 0.630315 0.194394,
        -0.020094 0.630315 0.207206,
        -0.035546 0.630315 0.207096,
        -0.035579 0.630315 0.211702,
        -0.014959 0.630315 0.211848,
        -0.014675 0.630315 0.171814,
        -0.070365 0.630315 0.177028,
        -0.066240 0.630315 0.179750,
        -0.066156 0.630315 0.174056,
        -0.063645 0.630315 0.177975,
        -0.061579 0.630315 0.172307,
        -0.060329 0.630315 0.176716,
        -0.054780 0.630315 0.171530,
        -0.054782 0.630315 0.176094,
        -0.043769 0.630315 0.171608,
        -0.048969 0.630315 0.176135,
        -0.044053 0.630315 0.211642,
        -0.049188 0.630315 0.207000,
        -0.055473 0.630315 0.211561,
        -0.055236 0.630315 0.206957,
        -0.055676 0.630315 0.206950,
        -0.061581 0.630315 0.210842,
        -0.060784 0.630315 0.206248,
        -0.066400 0.630315 0.209043,
        -0.064178 0.630315 0.204902,
        -0.070571 0.630315 0.206152,
        -0.066763 0.630315 0.203109,
        -0.071976 0.630315 0.204759,
        -0.067874 0.630315 0.201998,
        -0.074429 0.630315 0.201250,
        -0.069409 0.630315 0.199742,
        -0.075882 0.630315 0.197421,
        -0.070517 0.630315 0.196809,
        -0.076508 0.630315 0.191905,
        -0.071073 0.630315 0.191800,
        -0.076370 0.630315 0.189354,
        -0.070894 0.630315 0.189026,
        -0.075366 0.630315 0.184674,
        -0.070056 0.630315 0.185418,
        -0.073365 0.630315 0.180548,
        -0.068624 0.630315 0.182487,
        -0.066713 0.630315 0.180185,
        -0.055236 0.629921 0.206957,
        -0.049188 0.629921 0.207000,
        -0.048969 0.629921 0.176135,
        -0.054782 0.629921 0.176094,
        -0.066713 0.629921 0.180185,
        -0.066240 0.629921 0.179750,
        -0.063645 0.629921 0.177975,
        -0.060329 0.629921 0.176716,
        -0.071073 0.629921 0.191800,
        -0.070894 0.629921 0.189026,
        -0.070056 0.629921 0.185418,
        -0.068624 0.629921 0.182487,
        -0.066763 0.629921 0.203109,
        -0.067874 0.629921 0.201998,
        -0.069409 0.629921 0.199742,
        -0.070517 0.629921 0.196809,
        -0.055676 0.629921 0.206950,
        -0.060784 0.629921 0.206248,
        -0.064178 0.629921 0.204902,
      ]
    }
    coordIndex [
      98, 99, 25, -1,
      25, 99, 26, -1,
      100, 98, 24, -1,
      24, 98, 25, -1,
      4, 101, 5, -1,
      5, 101, 100, -1,
      5, 100, 24, -1,
      102, 101, 29, -1,
      29, 101, 4, -1,
      27, 103, 28, -1,
      28, 103, 102, -1,
      28, 102, 29, -1,
      99, 103, 26, -1,
      26, 103, 27, -1,
      101, 102, 100, -1,
      100, 102, 103, -1,
      100, 103, 98, -1,
      98, 103, 99, -1,
      81, 104, 82, -1,
      82, 104, 105, -1,
      82, 105, 78, -1,
      78, 105, 106, -1,
      78, 106, 77, -1,
      81, 80, 104, -1,
      104, 80, 79, -1,
      104, 79, 107, -1,
      108, 107, 35, -1,
      35, 107, 79, -1,
      108, 35, 34, -1,
      108, 34, 109, -1,
      34, 46, 109, -1,
      109, 46, 47, -1,
      109, 47, 110, -1,
      110, 47, 43, -1,
      110, 43, 111, -1,
      111, 43, 54, -1,
      111, 54, 112, -1,
      112, 54, 55, -1,
      112, 55, 113, -1,
      113, 55, 53, -1,
      113, 53, 114, -1,
      114, 53, 52, -1,
      114, 52, 115, -1,
      115, 52, 51, -1,
      115, 51, 116, -1,
      116, 51, 50, -1,
      116, 50, 117, -1,
      117, 50, 49, -1,
      117, 49, 118, -1,
      118, 49, 42, -1,
      118, 42, 119, -1,
      119, 42, 41, -1,
      119, 41, 120, -1,
      120, 41, 48, -1,
      120, 48, 121, -1,
      121, 48, 45, -1,
      121, 45, 122, -1,
      122, 45, 44, -1,
      122, 44, 123, -1,
      123, 44, 40, -1,
      123, 40, 124, -1,
      124, 40, 39, -1,
      124, 39, 125, -1,
      125, 39, 38, -1,
      125, 38, 126, -1,
      126, 38, 33, -1,
      126, 33, 127, -1,
      31, 128, 129, -1,
      127, 33, 32, -1,
      127, 32, 130, -1,
      130, 32, 37, -1,
      130, 37, 129, -1,
      129, 37, 36, -1,
      129, 36, 31, -1,
      131, 128, 30, -1,
      30, 128, 31, -1,
      3, 132, 2, -1,
      2, 132, 131, -1,
      2, 131, 30, -1,
      3, 58, 132, -1,
      132, 58, 57, -1,
      132, 57, 133, -1,
      133, 57, 134, -1,
      134, 57, 56, -1,
      56, 63, 134, -1,
      134, 63, 62, -1,
      134, 62, 135, -1,
      135, 62, 61, -1,
      135, 61, 136, -1,
      136, 61, 60, -1,
      136, 60, 137, -1,
      137, 60, 59, -1,
      65, 138, 59, -1,
      59, 138, 139, -1,
      59, 139, 137, -1,
      65, 64, 138, -1,
      138, 64, 69, -1,
      138, 69, 140, -1,
      140, 69, 68, -1,
      140, 68, 141, -1,
      141, 68, 67, -1,
      141, 67, 142, -1,
      142, 67, 66, -1,
      142, 66, 143, -1,
      66, 76, 143, -1,
      143, 76, 75, -1,
      143, 75, 144, -1,
      144, 75, 74, -1,
      144, 74, 145, -1,
      77, 106, 70, -1,
      70, 106, 146, -1,
      70, 146, 71, -1,
      71, 146, 147, -1,
      71, 147, 72, -1,
      72, 147, 148, -1,
      72, 148, 73, -1,
      73, 148, 145, -1,
      73, 145, 74, -1,
      124, 125, 134, -1,
      120, 121, 139, -1,
      139, 121, 137, -1,
      134, 125, 133, -1,
      141, 119, 140, -1,
      140, 119, 120, -1,
      140, 120, 138, -1,
      138, 120, 139, -1,
      125, 126, 133, -1,
      133, 126, 127, -1,
      133, 127, 132, -1,
      132, 127, 130, -1,
      132, 130, 131, -1,
      131, 130, 129, -1,
      131, 129, 128, -1,
      107, 108, 104, -1,
      104, 108, 109, -1,
      104, 109, 105, -1,
      105, 109, 110, -1,
      105, 110, 106, -1,
      106, 110, 111, -1,
      106, 111, 146, -1,
      146, 111, 112, -1,
      146, 112, 147, -1,
      147, 112, 113, -1,
      147, 113, 148, -1,
      148, 113, 114, -1,
      148, 114, 145, -1,
      145, 114, 115, -1,
      145, 115, 144, -1,
      144, 115, 116, -1,
      144, 116, 143, -1,
      143, 116, 142, -1,
      142, 116, 117, -1,
      142, 117, 141, -1,
      141, 117, 118, -1,
      141, 118, 119, -1,
      121, 122, 137, -1,
      137, 122, 123, -1,
      137, 123, 136, -1,
      136, 123, 124, -1,
      136, 124, 135, -1,
      135, 124, 134, -1,
      149, 150, 20, -1,
      20, 150, 21, -1,
      15, 151, 14, -1,
      14, 151, 149, -1,
      14, 149, 20, -1,
      152, 151, 13, -1,
      13, 151, 15, -1,
      11, 153, 12, -1,
      12, 153, 152, -1,
      12, 152, 13, -1,
      154, 153, 9, -1,
      9, 153, 11, -1,
      18, 155, 8, -1,
      8, 155, 154, -1,
      8, 154, 9, -1,
      156, 155, 17, -1,
      17, 155, 18, -1,
      10, 157, 16, -1,
      16, 157, 156, -1,
      16, 156, 17, -1,
      158, 157, 7, -1,
      7, 157, 10, -1,
      23, 159, 6, -1,
      6, 159, 158, -1,
      6, 158, 7, -1,
      160, 159, 19, -1,
      19, 159, 23, -1,
      21, 150, 22, -1,
      22, 150, 160, -1,
      22, 160, 19, -1,
      160, 150, 149, -1,
      149, 151, 160, -1,
      160, 151, 152, -1,
      160, 152, 159, -1,
      157, 158, 156, -1,
      156, 158, 159, -1,
      156, 159, 155, -1,
      155, 159, 152, -1,
      155, 152, 154, -1,
      154, 152, 153, -1,
      161, 162, 163, -1,
      163, 162, 164, -1,
      163, 164, 165, -1,
      165, 164, 166, -1,
      165, 166, 167, -1,
      167, 166, 168, -1,
      167, 168, 169, -1,
      169, 168, 170, -1,
      169, 170, 171, -1,
      171, 170, 172, -1,
      171, 172, 173, -1,
      172, 174, 173, -1,
      173, 174, 175, -1,
      173, 175, 176, -1,
      176, 175, 177, -1,
      176, 177, 178, -1,
      178, 177, 179, -1,
      178, 179, 180, -1,
      180, 179, 181, -1,
      180, 181, 182, -1,
      182, 181, 183, -1,
      182, 183, 184, -1,
      184, 183, 185, -1,
      184, 185, 186, -1,
      186, 185, 187, -1,
      186, 187, 188, -1,
      188, 187, 189, -1,
      188, 189, 190, -1,
      190, 189, 191, -1,
      190, 191, 192, -1,
      192, 191, 193, -1,
      192, 193, 194, -1,
      194, 193, 195, -1,
      194, 195, 161, -1,
      161, 195, 196, -1,
      161, 196, 162, -1,
      167, 169, 93, -1,
      93, 169, 94, -1,
      167, 93, 92, -1,
      167, 92, 165, -1,
      165, 92, 91, -1,
      165, 91, 163, -1,
      163, 91, 90, -1,
      163, 90, 161, -1,
      161, 90, 89, -1,
      161, 89, 194, -1,
      194, 89, 85, -1,
      194, 85, 192, -1,
      192, 85, 84, -1,
      192, 84, 190, -1,
      190, 84, 1, -1,
      190, 1, 188, -1,
      188, 1, 0, -1,
      188, 0, 186, -1,
      186, 0, 83, -1,
      186, 83, 184, -1,
      184, 83, 97, -1,
      184, 97, 182, -1,
      182, 97, 96, -1,
      182, 96, 180, -1,
      180, 96, 88, -1,
      180, 88, 178, -1,
      178, 88, 87, -1,
      178, 87, 176, -1,
      176, 87, 86, -1,
      176, 86, 173, -1,
      171, 173, 95, -1,
      95, 173, 86, -1,
      169, 171, 94, -1,
      94, 171, 95, -1,
      174, 172, 197, -1,
      197, 172, 198, -1,
      172, 170, 198, -1,
      198, 170, 199, -1,
      170, 168, 199, -1,
      199, 168, 200, -1,
      196, 201, 202, -1,
      196, 202, 162, -1,
      162, 202, 203, -1,
      162, 203, 164, -1,
      164, 203, 204, -1,
      164, 204, 166, -1,
      166, 204, 200, -1,
      166, 200, 168, -1,
      189, 205, 206, -1,
      189, 206, 191, -1,
      191, 206, 207, -1,
      191, 207, 193, -1,
      193, 207, 208, -1,
      193, 208, 195, -1,
      195, 208, 201, -1,
      195, 201, 196, -1,
      181, 209, 210, -1,
      181, 210, 183, -1,
      183, 210, 211, -1,
      183, 211, 185, -1,
      185, 211, 212, -1,
      185, 212, 187, -1,
      187, 212, 205, -1,
      187, 205, 189, -1,
      174, 197, 213, -1,
      174, 213, 175, -1,
      175, 213, 214, -1,
      175, 214, 177, -1,
      177, 214, 215, -1,
      177, 215, 179, -1,
      179, 215, 209, -1,
      179, 209, 181, -1,
    ]
  }
}

Shape {
  appearance Appearance {
    material Material {
      diffuseColor 0.2235 0.2235 0.2235
      specularColor 0.1137 0.1137 0.1137
      ambientIntensity 0.2
      transparency 0.0000
      shininess 0.5
    }
  }
  geometry IndexedFaceSet {
    ccw TRUE
    solid FALSE
    coord DEF co Coordinate {
      point [
        -0.055236 0.629921 0.206957,
        -0.049188 0.629921 0.207000,
        -0.048969 0.629921 0.176135,
        -0.054782 0.629921 0.176094,
        -0.066713 0.629921 0.180185,
        -0.066240 0.629921 0.179750,
        -0.063645 0.629921 0.177975,
        -0.060329 0.629921 0.176716,
        -0.071073 0.629921 0.191800,
        -0.070894 0.629921 0.189026,
        -0.070056 0.629921 0.185418,
        -0.068624 0.629921 0.182487,
        -0.066763 0.629921 0.203109,
        -0.067874 0.629921 0.201998,
        -0.069409 0.629921 0.199742,
        -0.070517 0.629921 0.196809,
        -0.055676 0.629921 0.206950,
        -0.060784 0.629921 0.206248,
        -0.064178 0.629921 0.204902,
      ]
    }
    coordIndex [
      6, 5, 16, -1,
      1, 2, 0, -1,
      0, 2, 3, -1,
      0, 3, 16, -1,
      16, 3, 7, -1,
      16, 7, 6, -1,
      5, 4, 16, -1,
      16, 4, 11, -1,
      16, 11, 10, -1,
      8, 12, 18, -1,
      15, 14, 8, -1,
      8, 14, 13, -1,
      8, 13, 12, -1,
      10, 9, 16, -1,
      16, 9, 8, -1,
      16, 8, 17, -1,
      17, 8, 18, -1,
    ]
  }
}

Shape {
  appearance Appearance {
    material Material {
      diffuseColor 1.0000 1.0000 1.0000
      specularColor 0.5020 0.5020 0.5020
      ambientIntensity 0.2
      transparency 0.0000
      shininess 0.5
    }
  }
  geometry IndexedFaceSet {
    ccw TRUE
    solid FALSE
    coord DEF co Coordinate {
      point [
        -0.094115 0.629921 0.211287,
        -0.099641 0.629921 0.211247,
        -0.078583 0.629921 0.171361,
        -0.078593 0.629921 0.171384,
        -0.089687 0.629921 0.199905,
        -0.084317 0.629921 0.171384,
        -0.084294 0.629921 0.171320,
        -0.089687 0.629921 0.182233,
        -0.088219 0.629921 0.182243,
        -0.104890 0.629921 0.182125,
        -0.108808 0.629921 0.171384,
        -0.108895 0.629921 0.171146,
        -0.114606 0.629921 0.171106,
        -0.114502 0.629921 0.171384,
        -0.089889 0.630315 0.186755,
        -0.095993 0.630315 0.203352,
        -0.094115 0.630315 0.211287,
        -0.078583 0.630315 0.171361,
        -0.084294 0.630315 0.171320,
        -0.088219 0.630315 0.182243,
        -0.096348 0.630315 0.204544,
        -0.096668 0.630315 0.206152,
        -0.099641 0.630315 0.211247,
        -0.096791 0.630315 0.206150,
        -0.097103 0.630315 0.204455,
        -0.097395 0.630315 0.203342,
        -0.103325 0.630315 0.186659,
        -0.114606 0.630315 0.171106,
        -0.108895 0.630315 0.171146,
        -0.104890 0.630315 0.182125,
        -0.089889 0.629921 0.186755,
        -0.103325 0.629921 0.186659,
        -0.097395 0.629921 0.203342,
        -0.096791 0.629921 0.206150,
        -0.097103 0.629921 0.204455,
        -0.096668 0.629921 0.206152,
        -0.095993 0.629921 0.203352,
        -0.096348 0.629921 0.204544,
      ]
    }
    coordIndex [
      14, 15, 16, -1,
      17, 18, 19, -1,
      15, 20, 16, -1,
      16, 20, 21, -1,
      16, 21, 22, -1,
      22, 21, 23, -1,
      22, 23, 24, -1,
      24, 25, 22, -1,
      22, 25, 26, -1,
      22, 26, 27, -1,
      28, 27, 29, -1,
      29, 27, 26, -1,
      29, 26, 19, -1,
      19, 26, 14, -1,
      19, 14, 17, -1,
      17, 14, 16, -1,
      1, 22, 13, -1,
      13, 22, 27, -1,
      13, 27, 12, -1,
      16, 22, 0, -1,
      0, 22, 1, -1,
      3, 2, 17, -1,
      3, 17, 4, -1,
      4, 17, 16, -1,
      4, 16, 0, -1,
      18, 17, 6, -1,
      6, 17, 2, -1,
      8, 19, 5, -1,
      5, 19, 18, -1,
      5, 18, 6, -1,
      9, 29, 7, -1,
      7, 29, 19, -1,
      7, 19, 8, -1,
      29, 9, 28, -1,
      28, 9, 10, -1,
      28, 10, 11, -1,
      27, 28, 12, -1,
      12, 28, 11, -1,
      14, 26, 30, -1,
      30, 26, 31, -1,
      26, 25, 31, -1,
      31, 25, 32, -1,
      23, 33, 34, -1,
      23, 34, 24, -1,
      24, 34, 32, -1,
      24, 32, 25, -1,
      23, 21, 33, -1,
      33, 21, 35, -1,
      15, 36, 37, -1,
      15, 37, 20, -1,
      20, 37, 35, -1,
      20, 35, 21, -1,
      15, 14, 36, -1,
      36, 14, 30, -1,
    ]
  }
}

Shape {
  appearance Appearance {
    material Material {
      diffuseColor 0.2235 0.2235 0.2235
      specularColor 0.1137 0.1137 0.1137
      ambientIntensity 0.2
      transparency 0.0000
      shininess 0.5
    }
  }
  geometry IndexedFaceSet {
    ccw TRUE
    solid FALSE
    coord DEF co Coordinate {
      point [
        -0.089889 0.629921 0.186755,
        -0.103325 0.629921 0.186659,
        -0.097395 0.629921 0.203342,
        -0.096791 0.629921 0.206150,
        -0.097103 0.629921 0.204455,
        -0.096668 0.629921 0.206152,
        -0.095993 0.629921 0.203352,
        -0.096348 0.629921 0.204544,
      ]
    }
    coordIndex [
      3, 5, 4, -1,
      4, 5, 7, -1,
      4, 7, 2, -1,
      2, 7, 6, -1,
      2, 6, 1, -1,
      1, 6, 0, -1,
    ]
  }
}

Shape {
  appearance Appearance {
    material Material {
      diffuseColor 1.0000 1.0000 1.0000
      specularColor 0.5020 0.5020 0.5020
      ambientIntensity 0.2
      transparency 0.0000
      shininess 0.5
    }
  }
  geometry IndexedFaceSet {
    ccw TRUE
    solid FALSE
    coord DEF co Coordinate {
      point [
        0.008285 0.629921 0.108136,
        0.011119 0.629921 0.107809,
        0.002221 0.629921 0.108421,
        0.026899 0.629921 0.126629,
        0.041216 0.629921 0.126730,
        0.041312 0.629921 0.113263,
        0.025640 0.629921 0.144018,
        0.041093 0.629921 0.144128,
        0.041184 0.629921 0.131315,
        0.026867 0.629921 0.131213,
        0.024948 0.629921 0.113147,
        0.046228 0.629921 0.148769,
        0.046512 0.629921 0.108735,
        0.025607 0.629921 0.148623,
        0.024981 0.629921 0.108583,
        0.017975 0.629921 0.122257,
        0.017233 0.629921 0.130244,
        0.019011 0.629921 0.120845,
        0.019737 0.629921 0.119100,
        0.019296 0.629921 0.112216,
        0.019893 0.629921 0.113913,
        0.002190 0.629921 0.112842,
        0.002323 0.629921 0.112843,
        0.003602 0.629921 0.111055,
        0.016389 0.629921 0.123565,
        0.014175 0.629921 0.124635,
        0.014296 0.629921 0.132139,
        0.010574 0.629921 0.125469,
        0.006137 0.629921 0.133447,
        0.007835 0.629921 0.133637,
        0.011161 0.629921 0.133274,
        0.004207 0.629921 0.137390,
        0.002125 0.629921 0.136719,
        0.005261 0.629921 0.109536,
        0.006288 0.629921 0.108902,
        0.016033 0.629921 0.108917,
        0.017714 0.629921 0.110107,
        0.018263 0.629921 0.110670,
        0.000480 0.629921 0.135740,
        -0.000836 0.629921 0.134433,
        -0.001839 0.629921 0.132781,
        0.017199 0.629921 0.135116,
        0.016153 0.629921 0.135711,
        0.012413 0.629921 0.137128,
        0.007335 0.629921 0.137707,
        -0.002793 0.629921 0.108386,
        -0.002924 0.629921 0.126786,
        -0.002594 0.629921 0.130445,
        0.002092 0.629921 0.126596,
        0.002251 0.629921 0.128815,
        0.002757 0.629921 0.130604,
        0.003339 0.629921 0.131641,
        0.014116 0.629921 0.108178,
        0.020127 0.629921 0.116203,
        0.020098 0.629921 0.116974,
        0.004091 0.629921 0.132452,
        0.004977 0.629921 0.133032,
        0.024948 0.630315 0.113147,
        0.024981 0.630315 0.108583,
        0.041312 0.630315 0.113263,
        0.041216 0.630315 0.126730,
        0.026899 0.630315 0.126629,
        0.026867 0.630315 0.131213,
        0.041184 0.630315 0.131315,
        0.041093 0.630315 0.144128,
        0.025640 0.630315 0.144018,
        0.025607 0.630315 0.148623,
        0.046228 0.630315 0.148769,
        0.046512 0.630315 0.108735,
        0.002221 0.630315 0.108421,
        -0.002793 0.630315 0.108386,
        0.002190 0.630315 0.112842,
        -0.002924 0.630315 0.126786,
        0.008819 0.630315 0.121916,
        0.002119 0.630315 0.122769,
        0.002139 0.630315 0.120026,
        0.002323 0.630315 0.112843,
        0.004962 0.630315 0.113598,
        0.003602 0.630315 0.111055,
        0.006386 0.630315 0.112652,
        0.016389 0.630315 0.123565,
        0.017975 0.630315 0.122257,
        0.014287 0.630315 0.119451,
        0.002146 0.630315 0.119693,
        0.002485 0.630315 0.117458,
        0.003233 0.630315 0.115674,
        0.004329 0.630315 0.114208,
        0.017199 0.630315 0.135116,
        0.017233 0.630315 0.130244,
        0.016153 0.630315 0.135711,
        0.014296 0.630315 0.132139,
        0.012413 0.630315 0.137128,
        0.011161 0.630315 0.133274,
        0.007335 0.630315 0.137707,
        0.007835 0.630315 0.133637,
        0.004207 0.630315 0.137390,
        0.006137 0.630315 0.133447,
        0.002125 0.630315 0.136719,
        0.004977 0.630315 0.133032,
        0.000480 0.630315 0.135740,
        0.004091 0.630315 0.132452,
        -0.000836 0.630315 0.134433,
        0.003339 0.630315 0.131641,
        -0.001839 0.630315 0.132781,
        0.002757 0.630315 0.130604,
        -0.002594 0.630315 0.130445,
        0.002251 0.630315 0.128815,
        0.002092 0.630315 0.126596,
        0.014734 0.630315 0.118519,
        0.019011 0.630315 0.120845,
        0.014990 0.630315 0.117372,
        0.010574 0.630315 0.125469,
        0.013085 0.630315 0.120649,
        0.011934 0.630315 0.121205,
        0.014031 0.630315 0.113662,
        0.017714 0.630315 0.110107,
        0.013608 0.630315 0.113230,
        0.016033 0.630315 0.108917,
        0.012614 0.630315 0.112541,
        0.014116 0.630315 0.108178,
        0.011482 0.630315 0.112117,
        0.011119 0.630315 0.107809,
        0.009790 0.630315 0.111913,
        0.008285 0.630315 0.108136,
        0.007911 0.630315 0.112110,
        0.006288 0.630315 0.108902,
        0.005261 0.630315 0.109536,
        0.013681 0.630315 0.120190,
        0.014175 0.630315 0.124635,
        0.019737 0.630315 0.119100,
        0.020098 0.630315 0.116974,
        0.015038 0.630315 0.116577,
        0.020127 0.630315 0.116203,
        0.014919 0.630315 0.115424,
        0.019893 0.630315 0.113913,
        0.014595 0.630315 0.114511,
        0.019296 0.630315 0.112216,
        0.018263 0.630315 0.110670,
        0.013681 0.629921 0.120190,
        0.013085 0.629921 0.120649,
        0.011934 0.629921 0.121205,
        0.008819 0.629921 0.121916,
        0.015038 0.629921 0.116577,
        0.014990 0.629921 0.117372,
        0.014734 0.629921 0.118519,
        0.014287 0.629921 0.119451,
        0.013608 0.629921 0.113230,
        0.014031 0.629921 0.113662,
        0.014595 0.629921 0.114511,
        0.014919 0.629921 0.115424,
        0.009790 0.629921 0.111913,
        0.011482 0.629921 0.112117,
        0.012614 0.629921 0.112541,
        0.004329 0.629921 0.114208,
        0.004962 0.629921 0.113598,
        0.006386 0.629921 0.112652,
        0.007911 0.629921 0.112110,
        0.002139 0.629921 0.120026,
        0.002146 0.629921 0.119693,
        0.002485 0.629921 0.117458,
        0.003233 0.629921 0.115674,
        0.002119 0.629921 0.122769,
      ]
    }
    coordIndex [
      57, 58, 10, -1,
      10, 58, 14, -1,
      59, 57, 5, -1,
      5, 57, 10, -1,
      60, 59, 4, -1,
      4, 59, 5, -1,
      61, 60, 3, -1,
      3, 60, 4, -1,
      62, 61, 9, -1,
      9, 61, 3, -1,
      63, 62, 8, -1,
      8, 62, 9, -1,
      64, 63, 7, -1,
      7, 63, 8, -1,
      65, 64, 6, -1,
      6, 64, 7, -1,
      66, 65, 13, -1,
      13, 65, 6, -1,
      67, 66, 11, -1,
      11, 66, 13, -1,
      68, 67, 12, -1,
      12, 67, 11, -1,
      58, 68, 14, -1,
      14, 68, 12, -1,
      68, 58, 57, -1,
      57, 59, 68, -1,
      68, 59, 60, -1,
      68, 60, 67, -1,
      65, 66, 64, -1,
      64, 66, 67, -1,
      64, 67, 63, -1,
      63, 67, 60, -1,
      63, 60, 62, -1,
      62, 60, 61, -1,
      69, 70, 71, -1,
      71, 70, 72, -1,
      73, 74, 72, -1,
      72, 74, 75, -1,
      76, 77, 78, -1,
      78, 77, 79, -1,
      80, 81, 82, -1,
      75, 83, 72, -1,
      72, 83, 84, -1,
      72, 84, 71, -1,
      71, 84, 85, -1,
      71, 85, 76, -1,
      76, 85, 86, -1,
      76, 86, 77, -1,
      87, 88, 89, -1,
      89, 88, 90, -1,
      89, 90, 91, -1,
      91, 90, 92, -1,
      91, 92, 93, -1,
      93, 92, 94, -1,
      93, 94, 95, -1,
      95, 94, 96, -1,
      95, 96, 97, -1,
      97, 96, 98, -1,
      97, 98, 99, -1,
      99, 98, 100, -1,
      99, 100, 101, -1,
      101, 100, 102, -1,
      101, 102, 103, -1,
      103, 102, 104, -1,
      103, 104, 105, -1,
      105, 104, 106, -1,
      105, 106, 72, -1,
      72, 106, 107, -1,
      72, 107, 73, -1,
      82, 81, 108, -1,
      108, 81, 109, -1,
      108, 109, 110, -1,
      111, 112, 107, -1,
      107, 112, 113, -1,
      107, 113, 73, -1,
      114, 115, 116, -1,
      116, 115, 117, -1,
      116, 117, 118, -1,
      118, 117, 119, -1,
      118, 119, 120, -1,
      120, 119, 121, -1,
      120, 121, 122, -1,
      122, 121, 123, -1,
      122, 123, 124, -1,
      124, 123, 125, -1,
      124, 125, 79, -1,
      79, 125, 126, -1,
      79, 126, 78, -1,
      82, 127, 80, -1,
      80, 127, 112, -1,
      80, 112, 128, -1,
      128, 112, 111, -1,
      109, 129, 110, -1,
      110, 129, 130, -1,
      110, 130, 131, -1,
      131, 130, 132, -1,
      131, 132, 133, -1,
      133, 132, 134, -1,
      133, 134, 135, -1,
      135, 134, 136, -1,
      135, 136, 114, -1,
      114, 136, 137, -1,
      114, 137, 115, -1,
      93, 44, 43, -1,
      93, 43, 91, -1,
      91, 43, 42, -1,
      91, 42, 89, -1,
      89, 42, 41, -1,
      89, 41, 87, -1,
      88, 87, 16, -1,
      16, 87, 41, -1,
      88, 16, 26, -1,
      88, 26, 90, -1,
      90, 26, 30, -1,
      90, 30, 92, -1,
      92, 30, 29, -1,
      92, 29, 94, -1,
      94, 29, 28, -1,
      94, 28, 96, -1,
      96, 28, 56, -1,
      96, 56, 98, -1,
      98, 56, 55, -1,
      98, 55, 100, -1,
      100, 55, 51, -1,
      100, 51, 102, -1,
      102, 51, 50, -1,
      102, 50, 104, -1,
      104, 50, 49, -1,
      104, 49, 106, -1,
      106, 49, 48, -1,
      106, 48, 107, -1,
      111, 107, 27, -1,
      27, 107, 48, -1,
      111, 27, 25, -1,
      111, 25, 128, -1,
      128, 25, 24, -1,
      128, 24, 80, -1,
      80, 24, 15, -1,
      80, 15, 81, -1,
      81, 15, 17, -1,
      81, 17, 109, -1,
      109, 17, 18, -1,
      109, 18, 129, -1,
      129, 18, 54, -1,
      129, 54, 130, -1,
      130, 54, 53, -1,
      130, 53, 132, -1,
      132, 53, 20, -1,
      132, 20, 134, -1,
      134, 20, 19, -1,
      134, 19, 136, -1,
      136, 19, 37, -1,
      136, 37, 137, -1,
      137, 37, 36, -1,
      137, 36, 115, -1,
      115, 36, 35, -1,
      115, 35, 117, -1,
      117, 35, 52, -1,
      117, 52, 119, -1,
      119, 52, 1, -1,
      119, 1, 121, -1,
      121, 1, 0, -1,
      121, 0, 123, -1,
      123, 0, 34, -1,
      123, 34, 125, -1,
      125, 34, 33, -1,
      125, 33, 126, -1,
      126, 33, 23, -1,
      126, 23, 78, -1,
      78, 23, 22, -1,
      78, 22, 76, -1,
      71, 76, 21, -1,
      21, 76, 22, -1,
      69, 71, 2, -1,
      2, 71, 21, -1,
      70, 69, 45, -1,
      45, 69, 2, -1,
      72, 70, 46, -1,
      46, 70, 45, -1,
      72, 46, 47, -1,
      72, 47, 105, -1,
      105, 47, 40, -1,
      105, 40, 103, -1,
      103, 40, 39, -1,
      103, 39, 101, -1,
      101, 39, 38, -1,
      101, 38, 99, -1,
      99, 38, 32, -1,
      99, 32, 97, -1,
      97, 32, 31, -1,
      97, 31, 95, -1,
      95, 31, 44, -1,
      95, 44, 93, -1,
      127, 138, 139, -1,
      127, 139, 112, -1,
      112, 139, 140, -1,
      112, 140, 113, -1,
      113, 140, 141, -1,
      113, 141, 73, -1,
      131, 142, 143, -1,
      131, 143, 110, -1,
      110, 143, 144, -1,
      110, 144, 108, -1,
      108, 144, 145, -1,
      108, 145, 82, -1,
      82, 145, 138, -1,
      82, 138, 127, -1,
      116, 146, 147, -1,
      116, 147, 114, -1,
      114, 147, 148, -1,
      114, 148, 135, -1,
      135, 148, 149, -1,
      135, 149, 133, -1,
      133, 149, 142, -1,
      133, 142, 131, -1,
      122, 150, 151, -1,
      122, 151, 120, -1,
      120, 151, 152, -1,
      120, 152, 118, -1,
      118, 152, 146, -1,
      118, 146, 116, -1,
      86, 153, 154, -1,
      86, 154, 77, -1,
      77, 154, 155, -1,
      77, 155, 79, -1,
      79, 155, 156, -1,
      79, 156, 124, -1,
      124, 156, 150, -1,
      124, 150, 122, -1,
      75, 157, 158, -1,
      75, 158, 83, -1,
      83, 158, 159, -1,
      83, 159, 84, -1,
      84, 159, 160, -1,
      84, 160, 85, -1,
      85, 160, 153, -1,
      85, 153, 86, -1,
      75, 74, 157, -1,
      157, 74, 161, -1,
      74, 73, 161, -1,
      161, 73, 141, -1,
    ]
  }
}

Shape {
  appearance Appearance {
    material Material {
      diffuseColor 0.2235 0.2235 0.2235
      specularColor 0.1137 0.1137 0.1137
      ambientIntensity 0.2
      transparency 0.0000
      shininess 0.5
    }
  }
  geometry IndexedFaceSet {
    ccw TRUE
    solid FALSE
    coord DEF co Coordinate {
      point [
        0.013681 0.629921 0.120190,
        0.013085 0.629921 0.120649,
        0.011934 0.629921 0.121205,
        0.008819 0.629921 0.121916,
        0.015038 0.629921 0.116577,
        0.014990 0.629921 0.117372,
        0.014734 0.629921 0.118519,
        0.014287 0.629921 0.119451,
        0.013608 0.629921 0.113230,
        0.014031 0.629921 0.113662,
        0.014595 0.629921 0.114511,
        0.014919 0.629921 0.115424,
        0.009790 0.629921 0.111913,
        0.011482 0.629921 0.112117,
        0.012614 0.629921 0.112541,
        0.004329 0.629921 0.114208,
        0.004962 0.629921 0.113598,
        0.006386 0.629921 0.112652,
        0.007911 0.629921 0.112110,
        0.002139 0.629921 0.120026,
        0.002146 0.629921 0.119693,
        0.002485 0.629921 0.117458,
        0.003233 0.629921 0.115674,
        0.002119 0.629921 0.122769,
      ]
    }
    coordIndex [
      20, 19, 0, -1,
      19, 23, 3, -1,
      3, 2, 19, -1,
      19, 2, 1, -1,
      19, 1, 0, -1,
      20, 0, 21, -1,
      21, 0, 7, -1,
      21, 7, 22, -1,
      9, 8, 16, -1,
      9, 16, 10, -1,
      17, 16, 18, -1,
      18, 16, 12, -1,
      7, 6, 22, -1,
      22, 6, 5, -1,
      22, 5, 15, -1,
      15, 5, 4, -1,
      15, 4, 16, -1,
      16, 4, 11, -1,
      16, 11, 10, -1,
      8, 14, 16, -1,
      16, 14, 13, -1,
      16, 13, 12, -1,
    ]
  }
}

Shape {
  appearance Appearance {
    material Material {
      diffuseColor 1.0000 1.0000 1.0000
      specularColor 0.5020 0.5020 0.5020
      ambientIntensity 0.2
      transparency 0.0000
      shininess 0.5
    }
  }
  geometry IndexedFaceSet {
    ccw TRUE
    solid FALSE
    coord DEF co Coordinate {
      point [
        -0.077554 0.629921 0.147891,
        -0.085263 0.629921 0.147837,
        -0.085231 0.629921 0.143231,
        -0.077554 0.629921 0.130473,
        -0.084004 0.629921 0.130427,
        -0.085922 0.629921 0.112361,
        -0.085890 0.629921 0.107796,
        -0.077554 0.629921 0.112420,
        -0.083971 0.629921 0.125843,
        -0.077554 0.629921 0.125888,
        -0.069654 0.629921 0.125944,
        -0.069559 0.629921 0.112476,
        -0.077554 0.629921 0.143286,
        -0.069778 0.629921 0.143341,
        -0.069687 0.629921 0.130529,
        -0.044638 0.629921 0.115191,
        -0.045235 0.629921 0.112833,
        -0.045368 0.629921 0.112832,
        -0.077554 0.629921 0.107856,
        -0.064359 0.629921 0.107949,
        -0.059158 0.629921 0.136580,
        -0.053959 0.629921 0.136617,
        -0.040004 0.629921 0.128833,
        -0.045998 0.629921 0.115141,
        -0.045605 0.629921 0.113811,
        -0.012135 0.629921 0.108381,
        -0.009596 0.629921 0.109341,
        -0.009632 0.629921 0.114519,
        -0.011659 0.629921 0.113253,
        -0.012135 0.629921 0.113073,
        -0.012135 0.629921 0.123707,
        -0.011157 0.629921 0.124680,
        -0.010511 0.629921 0.125730,
        -0.009969 0.629921 0.127265,
        -0.009767 0.629921 0.129214,
        -0.009978 0.629921 0.131006,
        -0.011972 0.629921 0.123817,
        -0.017456 0.629921 0.107620,
        -0.017341 0.629921 0.107607,
        -0.017239 0.629921 0.107620,
        -0.012616 0.629921 0.108199,
        -0.027726 0.629921 0.136189,
        -0.027692 0.629921 0.131318,
        -0.013024 0.629921 0.135290,
        -0.014678 0.629921 0.136245,
        -0.010587 0.629921 0.132616,
        -0.011528 0.629921 0.133964,
        -0.012135 0.629921 0.134503,
        -0.028702 0.629921 0.113965,
        -0.028074 0.629921 0.112380,
        -0.027130 0.629921 0.111064,
        -0.017479 0.629921 0.137176,
        -0.020961 0.629921 0.137506,
        -0.024476 0.629921 0.137169,
        -0.027309 0.629921 0.120718,
        -0.028236 0.629921 0.119330,
        -0.028760 0.629921 0.117848,
        -0.028954 0.629921 0.115978,
        -0.025687 0.629921 0.109820,
        -0.024491 0.629921 0.109098,
        -0.021838 0.629921 0.108104,
        -0.020441 0.629921 0.133436,
        -0.018956 0.629921 0.133335,
        -0.014938 0.629921 0.129628,
        -0.017611 0.629921 0.132990,
        -0.016483 0.629921 0.132400,
        -0.014980 0.629921 0.128960,
        -0.015173 0.629921 0.128180,
        -0.015529 0.629921 0.127500,
        -0.016015 0.629921 0.126959,
        -0.017774 0.629921 0.125841,
        -0.023626 0.629921 0.133064,
        -0.020868 0.629921 0.124468,
        -0.026457 0.629921 0.132030,
        -0.022804 0.629921 0.123669,
        -0.026122 0.629921 0.121793,
        -0.015722 0.629921 0.131737,
        -0.015287 0.629921 0.131102,
        -0.015035 0.629921 0.130426,
        -0.014798 0.629921 0.112068,
        -0.017302 0.629921 0.120850,
        -0.014322 0.629921 0.122241,
        -0.017861 0.629921 0.111697,
        -0.018082 0.629921 0.111697,
        -0.020585 0.629921 0.119448,
        -0.020655 0.629921 0.111967,
        -0.023804 0.629921 0.115523,
        -0.023759 0.629921 0.116148,
        -0.021952 0.629921 0.112431,
        -0.022411 0.629921 0.112705,
        -0.022991 0.629921 0.113212,
        -0.023433 0.629921 0.113856,
        -0.023693 0.629921 0.114567,
        -0.023537 0.629921 0.116932,
        -0.023154 0.629921 0.117600,
        -0.022533 0.629921 0.118255,
        -0.064643 0.629921 0.147983,
        -0.040004 0.629921 0.115234,
        -0.031711 0.629921 0.136775,
        -0.037320 0.629921 0.136735,
        -0.042725 0.629921 0.108164,
        -0.042491 0.629921 0.107620,
        -0.040488 0.629921 0.102981,
        -0.039290 0.629921 0.100959,
        -0.039477 0.629921 0.101164,
        -0.040004 0.629921 0.102110,
        -0.039692 0.629921 0.095643,
        -0.037708 0.629921 0.094903,
        -0.035681 0.629921 0.094684,
        -0.036593 0.629921 0.099127,
        -0.037687 0.629921 0.099546,
        -0.035322 0.629921 0.098985,
        -0.033505 0.629921 0.099235,
        -0.038536 0.629921 0.100133,
        -0.032481 0.629921 0.099578,
        -0.032450 0.629921 0.095117,
        -0.034574 0.629921 0.094732,
        -0.044484 0.629921 0.100959,
        -0.043647 0.629921 0.099356,
        -0.041796 0.629921 0.097165,
        -0.041452 0.629921 0.096854,
        -0.040004 0.629921 0.095857,
        -0.047502 0.629921 0.107620,
        -0.045948 0.629921 0.103761,
        -0.093453 0.629921 0.107743,
        -0.125050 0.629921 0.120809,
        -0.123049 0.629921 0.116683,
        -0.120048 0.629921 0.113162,
        -0.124113 0.629921 0.137385,
        -0.125566 0.629921 0.133556,
        -0.126192 0.629921 0.128040,
        -0.126054 0.629921 0.125489,
        -0.115840 0.629921 0.110191,
        -0.111263 0.629921 0.108443,
        -0.104464 0.629921 0.107665,
        -0.093737 0.629921 0.147776,
        -0.105157 0.629921 0.147695,
        -0.111265 0.629921 0.146977,
        -0.116084 0.629921 0.145178,
        -0.120255 0.629921 0.142287,
        -0.121659 0.629921 0.140893,
        -0.017861 0.630315 0.111697,
        -0.011659 0.630315 0.113253,
        -0.014798 0.630315 0.112068,
        -0.009632 0.630315 0.114519,
        -0.009596 0.630315 0.109341,
        -0.012616 0.630315 0.108199,
        -0.017341 0.630315 0.107607,
        -0.021838 0.630315 0.108104,
        -0.024491 0.630315 0.109098,
        -0.025687 0.630315 0.109820,
        -0.027130 0.630315 0.111064,
        -0.028074 0.630315 0.112380,
        -0.028702 0.630315 0.113965,
        -0.028954 0.630315 0.115978,
        -0.028760 0.630315 0.117848,
        -0.028236 0.630315 0.119330,
        -0.027309 0.630315 0.120718,
        -0.026122 0.630315 0.121793,
        -0.022804 0.630315 0.123669,
        -0.020868 0.630315 0.124468,
        -0.017774 0.630315 0.125841,
        -0.016015 0.630315 0.126959,
        -0.015529 0.630315 0.127500,
        -0.015173 0.630315 0.128180,
        -0.014980 0.630315 0.128960,
        -0.014938 0.630315 0.129628,
        -0.015035 0.630315 0.130426,
        -0.015287 0.630315 0.131102,
        -0.015722 0.630315 0.131737,
        -0.016483 0.630315 0.132400,
        -0.017611 0.630315 0.132990,
        -0.018956 0.630315 0.133335,
        -0.020441 0.630315 0.133436,
        -0.023626 0.630315 0.133064,
        -0.026457 0.630315 0.132030,
        -0.027692 0.630315 0.131318,
        -0.027726 0.630315 0.136189,
        -0.024476 0.630315 0.137169,
        -0.020961 0.630315 0.137506,
        -0.017479 0.630315 0.137176,
        -0.014678 0.630315 0.136245,
        -0.013024 0.630315 0.135290,
        -0.011528 0.630315 0.133964,
        -0.010587 0.630315 0.132616,
        -0.009978 0.630315 0.131006,
        -0.009767 0.630315 0.129214,
        -0.009969 0.630315 0.127265,
        -0.010511 0.630315 0.125730,
        -0.011157 0.630315 0.124680,
        -0.017302 0.630315 0.120850,
        -0.014322 0.630315 0.122241,
        -0.011972 0.630315 0.123817,
        -0.020585 0.630315 0.119448,
        -0.022533 0.630315 0.118255,
        -0.023154 0.630315 0.117600,
        -0.023537 0.630315 0.116932,
        -0.023759 0.630315 0.116148,
        -0.023804 0.630315 0.115523,
        -0.023693 0.630315 0.114567,
        -0.023433 0.630315 0.113856,
        -0.022991 0.630315 0.113212,
        -0.022411 0.630315 0.112705,
        -0.021952 0.630315 0.112431,
        -0.020655 0.630315 0.111967,
        -0.018082 0.630315 0.111697,
        -0.053959 0.630315 0.136617,
        -0.059158 0.630315 0.136580,
        -0.045998 0.630315 0.115141,
        -0.045605 0.630315 0.113811,
        -0.045368 0.630315 0.112832,
        -0.045235 0.630315 0.112833,
        -0.044638 0.630315 0.115191,
        -0.037320 0.630315 0.136735,
        -0.031711 0.630315 0.136775,
        -0.042725 0.630315 0.108164,
        -0.040488 0.630315 0.102981,
        -0.039477 0.630315 0.101164,
        -0.038536 0.630315 0.100133,
        -0.037687 0.630315 0.099546,
        -0.036593 0.630315 0.099127,
        -0.035322 0.630315 0.098985,
        -0.033505 0.630315 0.099235,
        -0.032481 0.630315 0.099578,
        -0.032450 0.630315 0.095117,
        -0.034574 0.630315 0.094732,
        -0.035681 0.630315 0.094684,
        -0.037708 0.630315 0.094903,
        -0.039692 0.630315 0.095643,
        -0.041452 0.630315 0.096854,
        -0.045948 0.630315 0.103761,
        -0.043647 0.630315 0.099356,
        -0.041796 0.630315 0.097165,
        -0.085922 0.630315 0.112361,
        -0.085890 0.630315 0.107796,
        -0.069559 0.630315 0.112476,
        -0.069654 0.630315 0.125944,
        -0.083971 0.630315 0.125843,
        -0.084004 0.630315 0.130427,
        -0.069687 0.630315 0.130529,
        -0.069778 0.630315 0.143341,
        -0.085231 0.630315 0.143231,
        -0.085263 0.630315 0.147837,
        -0.064643 0.630315 0.147983,
        -0.064359 0.630315 0.107949,
        -0.120048 0.630315 0.113162,
        -0.115924 0.630315 0.115885,
        -0.115840 0.630315 0.110191,
        -0.113329 0.630315 0.114110,
        -0.111263 0.630315 0.108443,
        -0.110013 0.630315 0.112851,
        -0.104464 0.630315 0.107665,
        -0.104466 0.630315 0.112229,
        -0.093453 0.630315 0.107743,
        -0.098653 0.630315 0.112270,
        -0.093737 0.630315 0.147776,
        -0.098872 0.630315 0.143135,
        -0.105157 0.630315 0.147695,
        -0.104920 0.630315 0.143092,
        -0.105360 0.630315 0.143085,
        -0.111265 0.630315 0.146977,
        -0.110468 0.630315 0.142383,
        -0.116084 0.630315 0.145178,
        -0.113862 0.630315 0.141037,
        -0.120255 0.630315 0.142287,
        -0.116447 0.630315 0.139244,
        -0.121659 0.630315 0.140893,
        -0.117558 0.630315 0.138133,
        -0.124113 0.630315 0.137385,
        -0.119093 0.630315 0.135877,
        -0.125566 0.630315 0.133556,
        -0.120200 0.630315 0.132944,
        -0.126192 0.630315 0.128040,
        -0.120757 0.630315 0.127935,
        -0.126054 0.630315 0.125489,
        -0.120578 0.630315 0.125161,
        -0.125050 0.630315 0.120809,
        -0.119740 0.630315 0.121553,
        -0.123049 0.630315 0.116683,
        -0.118307 0.630315 0.118622,
        -0.116397 0.630315 0.116320,
        -0.104920 0.629921 0.143092,
        -0.098872 0.629921 0.143135,
        -0.098653 0.629921 0.112270,
        -0.104466 0.629921 0.112229,
        -0.116397 0.629921 0.116320,
        -0.115924 0.629921 0.115885,
        -0.113329 0.629921 0.114110,
        -0.110013 0.629921 0.112851,
        -0.120757 0.629921 0.127935,
        -0.120578 0.629921 0.125161,
        -0.119740 0.629921 0.121553,
        -0.118307 0.629921 0.118622,
        -0.116447 0.629921 0.139244,
        -0.117558 0.629921 0.138133,
        -0.119093 0.629921 0.135877,
        -0.120200 0.629921 0.132944,
        -0.105360 0.629921 0.143085,
        -0.110468 0.629921 0.142383,
        -0.113862 0.629921 0.141037,
      ]
    }
    coordIndex [
      141, 82, 79, -1,
      29, 142, 79, -1,
      79, 142, 143, -1,
      79, 143, 141, -1,
      29, 28, 142, -1,
      142, 28, 27, -1,
      142, 27, 144, -1,
      145, 144, 26, -1,
      26, 144, 27, -1,
      145, 26, 146, -1,
      146, 26, 25, -1,
      38, 147, 39, -1,
      39, 147, 146, -1,
      39, 146, 40, -1,
      40, 146, 25, -1,
      147, 38, 37, -1,
      147, 37, 148, -1,
      37, 60, 148, -1,
      148, 60, 59, -1,
      148, 59, 149, -1,
      149, 59, 58, -1,
      149, 58, 150, -1,
      150, 58, 50, -1,
      150, 50, 151, -1,
      151, 50, 49, -1,
      151, 49, 152, -1,
      152, 49, 48, -1,
      152, 48, 153, -1,
      153, 48, 57, -1,
      153, 57, 154, -1,
      154, 57, 56, -1,
      154, 56, 155, -1,
      155, 56, 55, -1,
      155, 55, 156, -1,
      156, 55, 54, -1,
      156, 54, 157, -1,
      157, 54, 75, -1,
      157, 75, 158, -1,
      158, 75, 74, -1,
      158, 74, 159, -1,
      159, 74, 72, -1,
      159, 72, 160, -1,
      160, 72, 70, -1,
      160, 70, 161, -1,
      161, 70, 69, -1,
      161, 69, 162, -1,
      162, 69, 68, -1,
      162, 68, 163, -1,
      163, 68, 67, -1,
      163, 67, 164, -1,
      164, 67, 66, -1,
      164, 66, 165, -1,
      165, 66, 63, -1,
      165, 63, 166, -1,
      166, 63, 78, -1,
      166, 78, 167, -1,
      167, 78, 77, -1,
      167, 77, 168, -1,
      168, 77, 76, -1,
      168, 76, 169, -1,
      169, 76, 65, -1,
      169, 65, 170, -1,
      170, 65, 64, -1,
      170, 64, 171, -1,
      171, 64, 62, -1,
      171, 62, 172, -1,
      172, 62, 61, -1,
      172, 61, 173, -1,
      173, 61, 71, -1,
      173, 71, 174, -1,
      174, 71, 73, -1,
      174, 73, 175, -1,
      175, 73, 42, -1,
      175, 42, 176, -1,
      177, 176, 41, -1,
      41, 176, 42, -1,
      177, 41, 53, -1,
      177, 53, 178, -1,
      178, 53, 52, -1,
      178, 52, 179, -1,
      179, 52, 51, -1,
      179, 51, 180, -1,
      180, 51, 44, -1,
      180, 44, 181, -1,
      181, 44, 43, -1,
      181, 43, 182, -1,
      182, 43, 183, -1,
      183, 43, 47, -1,
      47, 46, 183, -1,
      183, 46, 45, -1,
      183, 45, 184, -1,
      184, 45, 35, -1,
      184, 35, 185, -1,
      185, 35, 34, -1,
      185, 34, 186, -1,
      186, 34, 33, -1,
      186, 33, 187, -1,
      187, 33, 32, -1,
      187, 32, 188, -1,
      188, 32, 31, -1,
      188, 31, 189, -1,
      80, 190, 191, -1,
      189, 31, 36, -1,
      189, 36, 192, -1,
      192, 36, 30, -1,
      192, 30, 191, -1,
      191, 30, 81, -1,
      191, 81, 80, -1,
      190, 80, 84, -1,
      190, 84, 193, -1,
      193, 84, 95, -1,
      193, 95, 194, -1,
      194, 95, 94, -1,
      194, 94, 195, -1,
      195, 94, 93, -1,
      195, 93, 196, -1,
      196, 93, 87, -1,
      196, 87, 197, -1,
      197, 87, 86, -1,
      197, 86, 198, -1,
      198, 86, 92, -1,
      198, 92, 199, -1,
      199, 92, 91, -1,
      199, 91, 200, -1,
      200, 91, 90, -1,
      200, 90, 201, -1,
      201, 90, 89, -1,
      201, 89, 202, -1,
      202, 89, 88, -1,
      202, 88, 203, -1,
      203, 88, 85, -1,
      203, 85, 204, -1,
      204, 85, 83, -1,
      204, 83, 205, -1,
      205, 83, 82, -1,
      205, 82, 141, -1,
      169, 170, 181, -1,
      181, 170, 180, -1,
      193, 160, 190, -1,
      190, 160, 161, -1,
      149, 150, 201, -1,
      201, 150, 151, -1,
      201, 151, 200, -1,
      200, 151, 152, -1,
      200, 152, 199, -1,
      199, 152, 153, -1,
      199, 153, 198, -1,
      198, 153, 154, -1,
      198, 154, 197, -1,
      197, 154, 155, -1,
      197, 155, 196, -1,
      196, 155, 156, -1,
      196, 156, 195, -1,
      195, 156, 157, -1,
      195, 157, 194, -1,
      194, 157, 158, -1,
      194, 158, 193, -1,
      193, 158, 159, -1,
      193, 159, 160, -1,
      147, 141, 146, -1,
      146, 141, 143, -1,
      146, 143, 145, -1,
      145, 143, 142, -1,
      145, 142, 144, -1,
      170, 171, 180, -1,
      180, 171, 172, -1,
      180, 172, 179, -1,
      179, 172, 173, -1,
      179, 173, 178, -1,
      178, 173, 174, -1,
      178, 174, 177, -1,
      177, 174, 175, -1,
      177, 175, 176, -1,
      201, 202, 149, -1,
      149, 202, 203, -1,
      149, 203, 148, -1,
      148, 203, 204, -1,
      148, 204, 147, -1,
      147, 204, 205, -1,
      147, 205, 141, -1,
      181, 182, 169, -1,
      169, 182, 183, -1,
      169, 183, 168, -1,
      168, 183, 184, -1,
      168, 184, 167, -1,
      167, 184, 185, -1,
      167, 185, 166, -1,
      166, 185, 186, -1,
      166, 186, 165, -1,
      165, 186, 187, -1,
      165, 187, 164, -1,
      164, 187, 188, -1,
      164, 188, 163, -1,
      163, 188, 189, -1,
      163, 189, 162, -1,
      162, 189, 192, -1,
      162, 192, 161, -1,
      161, 192, 191, -1,
      161, 191, 190, -1,
      206, 207, 21, -1,
      21, 207, 20, -1,
      208, 206, 23, -1,
      23, 206, 21, -1,
      208, 23, 24, -1,
      208, 24, 209, -1,
      209, 24, 17, -1,
      209, 17, 210, -1,
      211, 210, 16, -1,
      16, 210, 17, -1,
      212, 211, 15, -1,
      15, 211, 16, -1,
      99, 213, 22, -1,
      22, 213, 212, -1,
      22, 212, 15, -1,
      214, 213, 98, -1,
      98, 213, 99, -1,
      100, 215, 97, -1,
      97, 215, 214, -1,
      97, 214, 98, -1,
      102, 216, 101, -1,
      101, 216, 215, -1,
      101, 215, 100, -1,
      216, 102, 105, -1,
      216, 105, 217, -1,
      105, 104, 217, -1,
      217, 104, 103, -1,
      217, 103, 218, -1,
      103, 113, 218, -1,
      218, 113, 110, -1,
      218, 110, 219, -1,
      219, 110, 109, -1,
      219, 109, 220, -1,
      220, 109, 111, -1,
      220, 111, 221, -1,
      221, 111, 112, -1,
      221, 112, 222, -1,
      222, 112, 114, -1,
      222, 114, 223, -1,
      224, 223, 115, -1,
      115, 223, 114, -1,
      224, 115, 116, -1,
      224, 116, 225, -1,
      225, 116, 108, -1,
      225, 108, 226, -1,
      226, 108, 107, -1,
      226, 107, 227, -1,
      227, 107, 106, -1,
      227, 106, 228, -1,
      228, 106, 121, -1,
      228, 121, 229, -1,
      123, 230, 117, -1,
      117, 230, 231, -1,
      117, 231, 118, -1,
      118, 231, 232, -1,
      118, 232, 119, -1,
      119, 232, 229, -1,
      119, 229, 120, -1,
      120, 229, 121, -1,
      20, 207, 122, -1,
      122, 207, 230, -1,
      122, 230, 123, -1,
      209, 210, 230, -1,
      207, 206, 230, -1,
      230, 206, 208, -1,
      230, 208, 209, -1,
      213, 214, 212, -1,
      212, 214, 215, -1,
      212, 215, 211, -1,
      223, 224, 222, -1,
      222, 224, 225, -1,
      222, 225, 221, -1,
      221, 225, 226, -1,
      221, 226, 220, -1,
      220, 226, 227, -1,
      220, 227, 219, -1,
      219, 227, 228, -1,
      219, 228, 218, -1,
      210, 211, 230, -1,
      230, 211, 215, -1,
      230, 215, 231, -1,
      215, 216, 231, -1,
      231, 216, 217, -1,
      231, 217, 232, -1,
      232, 217, 218, -1,
      232, 218, 229, -1,
      229, 218, 228, -1,
      233, 234, 5, -1,
      5, 234, 6, -1,
      11, 235, 7, -1,
      7, 235, 233, -1,
      7, 233, 5, -1,
      236, 235, 10, -1,
      10, 235, 11, -1,
      8, 237, 9, -1,
      9, 237, 236, -1,
      9, 236, 10, -1,
      238, 237, 4, -1,
      4, 237, 8, -1,
      14, 239, 3, -1,
      3, 239, 238, -1,
      3, 238, 4, -1,
      240, 239, 13, -1,
      13, 239, 14, -1,
      2, 241, 12, -1,
      12, 241, 240, -1,
      12, 240, 13, -1,
      242, 241, 1, -1,
      1, 241, 2, -1,
      96, 243, 0, -1,
      0, 243, 242, -1,
      0, 242, 1, -1,
      244, 243, 19, -1,
      19, 243, 96, -1,
      6, 234, 18, -1,
      18, 234, 244, -1,
      18, 244, 19, -1,
      241, 242, 240, -1,
      240, 242, 243, -1,
      240, 243, 239, -1,
      234, 233, 244, -1,
      244, 233, 235, -1,
      244, 235, 236, -1,
      237, 238, 236, -1,
      236, 238, 239, -1,
      236, 239, 244, -1,
      244, 239, 243, -1,
      245, 246, 247, -1,
      247, 246, 248, -1,
      247, 248, 249, -1,
      249, 248, 250, -1,
      249, 250, 251, -1,
      251, 250, 252, -1,
      251, 252, 253, -1,
      253, 252, 254, -1,
      253, 254, 255, -1,
      255, 254, 256, -1,
      255, 256, 257, -1,
      256, 258, 257, -1,
      257, 258, 259, -1,
      257, 259, 260, -1,
      260, 259, 261, -1,
      260, 261, 262, -1,
      262, 261, 263, -1,
      262, 263, 264, -1,
      264, 263, 265, -1,
      264, 265, 266, -1,
      266, 265, 267, -1,
      266, 267, 268, -1,
      268, 267, 269, -1,
      268, 269, 270, -1,
      270, 269, 271, -1,
      270, 271, 272, -1,
      272, 271, 273, -1,
      272, 273, 274, -1,
      274, 273, 275, -1,
      274, 275, 276, -1,
      276, 275, 277, -1,
      276, 277, 278, -1,
      278, 277, 279, -1,
      278, 279, 245, -1,
      245, 279, 280, -1,
      245, 280, 246, -1,
      251, 253, 134, -1,
      134, 253, 124, -1,
      251, 134, 133, -1,
      251, 133, 249, -1,
      249, 133, 132, -1,
      249, 132, 247, -1,
      247, 132, 127, -1,
      247, 127, 245, -1,
      245, 127, 126, -1,
      245, 126, 278, -1,
      278, 126, 125, -1,
      278, 125, 276, -1,
      276, 125, 131, -1,
      276, 131, 274, -1,
      274, 131, 130, -1,
      274, 130, 272, -1,
      272, 130, 129, -1,
      272, 129, 270, -1,
      270, 129, 128, -1,
      270, 128, 268, -1,
      268, 128, 140, -1,
      268, 140, 266, -1,
      266, 140, 139, -1,
      266, 139, 264, -1,
      264, 139, 138, -1,
      264, 138, 262, -1,
      262, 138, 137, -1,
      262, 137, 260, -1,
      260, 137, 136, -1,
      260, 136, 257, -1,
      255, 257, 135, -1,
      135, 257, 136, -1,
      253, 255, 124, -1,
      124, 255, 135, -1,
      258, 256, 281, -1,
      281, 256, 282, -1,
      256, 254, 282, -1,
      282, 254, 283, -1,
      254, 252, 283, -1,
      283, 252, 284, -1,
      280, 285, 286, -1,
      280, 286, 246, -1,
      246, 286, 287, -1,
      246, 287, 248, -1,
      248, 287, 288, -1,
      248, 288, 250, -1,
      250, 288, 284, -1,
      250, 284, 252, -1,
      273, 289, 290, -1,
      273, 290, 275, -1,
      275, 290, 291, -1,
      275, 291, 277, -1,
      277, 291, 292, -1,
      277, 292, 279, -1,
      279, 292, 285, -1,
      279, 285, 280, -1,
      265, 293, 294, -1,
      265, 294, 267, -1,
      267, 294, 295, -1,
      267, 295, 269, -1,
      269, 295, 296, -1,
      269, 296, 271, -1,
      271, 296, 289, -1,
      271, 289, 273, -1,
      258, 281, 297, -1,
      258, 297, 259, -1,
      259, 297, 298, -1,
      259, 298, 261, -1,
      261, 298, 299, -1,
      261, 299, 263, -1,
      263, 299, 293, -1,
      263, 293, 265, -1,
    ]
  }
}

Shape {
  appearance Appearance {
    material Material {
      diffuseColor 0.2235 0.2235 0.2235
      specularColor 0.1137 0.1137 0.1137
      ambientIntensity 0.2
      transparency 0.0000
      shininess 0.5
    }
  }
  geometry IndexedFaceSet {
    ccw TRUE
    solid FALSE
    coord DEF co Coordinate {
      point [
        -0.104920 0.629921 0.143092,
        -0.098872 0.629921 0.143135,
        -0.098653 0.629921 0.112270,
        -0.104466 0.629921 0.112229,
        -0.116397 0.629921 0.116320,
        -0.115924 0.629921 0.115885,
        -0.113329 0.629921 0.114110,
        -0.110013 0.629921 0.112851,
        -0.120757 0.629921 0.127935,
        -0.120578 0.629921 0.125161,
        -0.119740 0.629921 0.121553,
        -0.118307 0.629921 0.118622,
        -0.116447 0.629921 0.139244,
        -0.117558 0.629921 0.138133,
        -0.119093 0.629921 0.135877,
        -0.120200 0.629921 0.132944,
        -0.105360 0.629921 0.143085,
        -0.110468 0.629921 0.142383,
        -0.113862 0.629921 0.141037,
      ]
    }
    coordIndex [
      6, 5, 16, -1,
      1, 2, 0, -1,
      0, 2, 3, -1,
      0, 3, 16, -1,
      16, 3, 7, -1,
      16, 7, 6, -1,
      5, 4, 16, -1,
      16, 4, 11, -1,
      16, 11, 10, -1,
      8, 12, 18, -1,
      15, 14, 8, -1,
      8, 14, 13, -1,
      8, 13, 12, -1,
      10, 9, 16, -1,
      16, 9, 8, -1,
      16, 8, 17, -1,
      17, 8, 18, -1,
    ]
  }
}

Shape {
  appearance Appearance {
    material Material {
      diffuseColor 1.0000 1.0000 1.0000
      specularColor 0.5020 0.5020 0.5020
      ambientIntensity 0.2
      transparency 0.0000
      shininess 0.5
    }
  }
  geometry IndexedFaceSet {
    ccw TRUE
    solid FALSE
    coord DEF co Coordinate {
      point [
        -0.143799 0.629921 0.147421,
        -0.149325 0.629921 0.147382,
        -0.128315 0.629921 0.107620,
        -0.128267 0.629921 0.107496,
        -0.133978 0.629921 0.107455,
        -0.158579 0.629921 0.107281,
        -0.158456 0.629921 0.107620,
        -0.134037 0.629921 0.107620,
        -0.154574 0.629921 0.118260,
        -0.137903 0.629921 0.118378,
        -0.164289 0.629921 0.107240,
        -0.164148 0.629921 0.107620,
        -0.139572 0.630315 0.122889,
        -0.145677 0.630315 0.139487,
        -0.143799 0.630315 0.147421,
        -0.128267 0.630315 0.107496,
        -0.133978 0.630315 0.107455,
        -0.137903 0.630315 0.118378,
        -0.146032 0.630315 0.140679,
        -0.146352 0.630315 0.142286,
        -0.149325 0.630315 0.147382,
        -0.146475 0.630315 0.142285,
        -0.146787 0.630315 0.140589,
        -0.147079 0.630315 0.139477,
        -0.153009 0.630315 0.122794,
        -0.164289 0.630315 0.107240,
        -0.158579 0.630315 0.107281,
        -0.154574 0.630315 0.118260,
        -0.139572 0.629921 0.122889,
        -0.153009 0.629921 0.122794,
        -0.147079 0.629921 0.139477,
        -0.146475 0.629921 0.142285,
        -0.146787 0.629921 0.140589,
        -0.146352 0.629921 0.142286,
        -0.145677 0.629921 0.139487,
        -0.146032 0.629921 0.140679,
      ]
    }
    coordIndex [
      12, 13, 14, -1,
      15, 16, 17, -1,
      13, 18, 14, -1,
      14, 18, 19, -1,
      14, 19, 20, -1,
      20, 19, 21, -1,
      20, 21, 22, -1,
      22, 23, 20, -1,
      20, 23, 24, -1,
      20, 24, 25, -1,
      26, 25, 27, -1,
      27, 25, 24, -1,
      27, 24, 17, -1,
      17, 24, 12, -1,
      17, 12, 15, -1,
      15, 12, 14, -1,
      1, 20, 11, -1,
      11, 20, 25, -1,
      11, 25, 10, -1,
      14, 20, 0, -1,
      0, 20, 1, -1,
      3, 15, 2, -1,
      2, 15, 14, -1,
      2, 14, 0, -1,
      16, 15, 4, -1,
      4, 15, 3, -1,
      9, 17, 7, -1,
      7, 17, 16, -1,
      7, 16, 4, -1,
      27, 17, 8, -1,
      8, 17, 9, -1,
      27, 8, 26, -1,
      26, 8, 6, -1,
      26, 6, 5, -1,
      25, 26, 10, -1,
      10, 26, 5, -1,
      12, 24, 28, -1,
      28, 24, 29, -1,
      24, 23, 29, -1,
      29, 23, 30, -1,
      21, 31, 32, -1,
      21, 32, 22, -1,
      22, 32, 30, -1,
      22, 30, 23, -1,
      21, 19, 31, -1,
      31, 19, 33, -1,
      13, 34, 35, -1,
      13, 35, 18, -1,
      18, 35, 33, -1,
      18, 33, 19, -1,
      13, 12, 34, -1,
      34, 12, 28, -1,
    ]
  }
}

Shape {
  appearance Appearance {
    material Material {
      diffuseColor 0.2235 0.2235 0.2235
      specularColor 0.1137 0.1137 0.1137
      ambientIntensity 0.2
      transparency 0.0000
      shininess 0.5
    }
  }
  geometry IndexedFaceSet {
    ccw TRUE
    solid FALSE
    coord DEF co Coordinate {
      point [
        -0.139572 0.629921 0.122889,
        -0.153009 0.629921 0.122794,
        -0.147079 0.629921 0.139477,
        -0.146475 0.629921 0.142285,
        -0.146787 0.629921 0.140589,
        -0.146352 0.629921 0.142286,
        -0.145677 0.629921 0.139487,
        -0.146032 0.629921 0.140679,
      ]
    }
    coordIndex [
      3, 5, 4, -1,
      4, 5, 7, -1,
      4, 7, 2, -1,
      2, 7, 6, -1,
      2, 6, 1, -1,
      1, 6, 0, -1,
    ]
  }
}

Shape {
  appearance Appearance {
    material Material {
      diffuseColor 1.0000 1.0000 1.0000
      specularColor 0.5020 0.5020 0.5020
      ambientIntensity 0.2
      transparency 0.0000
      shininess 0.5
    }
  }
  geometry IndexedFaceSet {
    ccw TRUE
    solid FALSE
    coord DEF co Coordinate {
      point [
        0.172487 0.629921 0.109185,
        0.173332 0.629921 0.107620,
        0.097091 0.629921 0.181417,
        0.089419 0.629921 0.174831,
        0.133102 0.629921 0.216493,
        0.126824 0.629921 0.212063,
        0.122143 0.629921 0.208761,
        0.112327 0.629921 0.197069,
        0.106932 0.629921 0.186165,
        0.105531 0.629921 0.185683,
        0.160748 0.629921 0.223836,
        0.147178 0.629921 0.222084,
        0.173514 0.629921 0.222509,
        0.186759 0.629921 0.217864,
        0.196066 0.629921 0.212063,
        0.194983 0.629921 0.212978,
        0.225358 0.629921 0.199853,
        0.214139 0.629921 0.201158,
        0.201713 0.629921 0.207297,
        0.210867 0.629921 0.200957,
        0.207596 0.629921 0.200543,
        0.246969 0.629921 0.187728,
        0.245031 0.629921 0.189536,
        0.235931 0.629921 0.195835,
        0.260137 0.629921 0.159937,
        0.258487 0.629921 0.168796,
        0.257317 0.629921 0.171384,
        0.253870 0.629921 0.179010,
        0.229750 0.629921 0.111539,
        0.240003 0.629921 0.116620,
        0.248842 0.629921 0.124264,
        0.255280 0.629921 0.133597,
        0.259280 0.629921 0.144223,
        0.260577 0.629921 0.155374,
        0.260476 0.629921 0.158112,
        0.226168 0.629921 0.110440,
        0.224874 0.629921 0.107620,
        0.223357 0.629921 0.104313,
        0.219161 0.629921 0.099059,
        0.220678 0.629921 0.100959,
        0.200363 0.629921 0.090921,
        0.207076 0.629921 0.092017,
        0.213623 0.629921 0.094823,
        0.186005 0.629921 0.094085,
        0.192370 0.629921 0.091693,
        0.199265 0.629921 0.090893,
        0.175898 0.629921 0.102865,
        0.177622 0.629921 0.100959,
        0.180307 0.629921 0.097990,
        0.080252 0.629921 0.157973,
        0.079017 0.629921 0.148678,
        0.135999 0.629921 0.125825,
        0.134040 0.629921 0.126583,
        0.130581 0.629921 0.142781,
        0.177580 0.629921 0.138276,
        0.139298 0.629921 0.157930,
        0.182521 0.629921 0.142840,
        0.188538 0.629921 0.146120,
        0.137758 0.629921 0.124597,
        0.096788 0.629921 0.151009,
        0.098085 0.629921 0.156486,
        0.099913 0.629921 0.159937,
        0.242104 0.629921 0.159937,
        0.084037 0.629921 0.129538,
        0.089741 0.629921 0.121712,
        0.097534 0.629921 0.115210,
        0.106249 0.629921 0.111022,
        0.131832 0.629921 0.126850,
        0.131556 0.629921 0.126828,
        0.130703 0.629921 0.126633,
        0.080397 0.629921 0.138524,
        0.240342 0.629921 0.144452,
        0.236989 0.629921 0.138650,
        0.222557 0.629921 0.135608,
        0.231922 0.629921 0.133372,
        0.225748 0.629921 0.129509,
        0.211963 0.629921 0.144956,
        0.217812 0.629921 0.140955,
        0.242641 0.629921 0.155816,
        0.242332 0.629921 0.151434,
        0.205659 0.629921 0.147316,
        0.198859 0.629921 0.148105,
        0.195396 0.629921 0.147875,
        0.102550 0.629921 0.133506,
        0.099387 0.629921 0.137923,
        0.097389 0.629921 0.142982,
        0.096667 0.629921 0.148519,
        0.140719 0.629921 0.118089,
        0.140639 0.629921 0.119212,
        0.170579 0.629921 0.122001,
        0.140052 0.629921 0.121374,
        0.138943 0.629921 0.123308,
        0.136006 0.629921 0.110231,
        0.137843 0.629921 0.111556,
        0.138500 0.629921 0.112235,
        0.139728 0.629921 0.114031,
        0.140464 0.629921 0.115967,
        0.170774 0.629921 0.116201,
        0.170599 0.629921 0.119155,
        0.130127 0.629921 0.126553,
        0.117318 0.629921 0.126462,
        0.112206 0.629921 0.127404,
        0.115733 0.629921 0.109087,
        0.132527 0.629921 0.109207,
        0.134128 0.629921 0.109476,
        0.107167 0.629921 0.129694,
        0.102933 0.629921 0.133100,
        0.120988 0.629921 0.170894,
        0.239261 0.629921 0.169030,
        0.241743 0.629921 0.162698,
        0.118711 0.629921 0.170878,
        0.100696 0.629921 0.161417,
        0.103956 0.629921 0.165109,
        0.108349 0.629921 0.168223,
        0.113303 0.629921 0.170172,
        0.126997 0.629921 0.188029,
        0.133362 0.629921 0.195746,
        0.198920 0.629921 0.179702,
        0.134084 0.629921 0.196413,
        0.142042 0.629921 0.202019,
        0.194509 0.629921 0.188671,
        0.237597 0.629921 0.171384,
        0.200950 0.629921 0.180830,
        0.121092 0.629921 0.171384,
        0.122672 0.629921 0.178826,
        0.207317 0.629921 0.183206,
        0.213975 0.629921 0.184078,
        0.216931 0.629921 0.183946,
        0.188072 0.629921 0.196254,
        0.150944 0.629921 0.205502,
        0.180395 0.629921 0.201779,
        0.160585 0.629921 0.206756,
        0.171070 0.629921 0.205481,
        0.223970 0.629921 0.182332,
        0.230339 0.629921 0.179011,
        0.235275 0.629921 0.174671,
        0.086983 0.629921 0.171384,
        0.083668 0.629921 0.166691,
        0.081021 0.629921 0.159937,
        0.223357 0.630315 0.104313,
        0.219161 0.630315 0.099059,
        0.225748 0.630315 0.129509,
        0.130581 0.630315 0.142781,
        0.139298 0.630315 0.157930,
        0.177580 0.630315 0.138276,
        0.197328 0.630315 0.129988,
        0.194652 0.630315 0.129126,
        0.230339 0.630315 0.179011,
        0.223970 0.630315 0.182332,
        0.225358 0.630315 0.199853,
        0.207596 0.630315 0.200543,
        0.198920 0.630315 0.179702,
        0.194509 0.630315 0.188671,
        0.231922 0.630315 0.133372,
        0.229750 0.630315 0.111539,
        0.226168 0.630315 0.110440,
        0.214139 0.630315 0.201158,
        0.192307 0.630315 0.127646,
        0.190414 0.630315 0.125659,
        0.170579 0.630315 0.122001,
        0.189104 0.630315 0.123360,
        0.188375 0.630315 0.120763,
        0.170599 0.630315 0.119155,
        0.188300 0.630315 0.118004,
        0.201956 0.630315 0.129863,
        0.205659 0.630315 0.147316,
        0.204456 0.630315 0.128924,
        0.211963 0.630315 0.144956,
        0.206705 0.630315 0.127380,
        0.217812 0.630315 0.140955,
        0.208126 0.630315 0.125870,
        0.222557 0.630315 0.135608,
        0.209546 0.630315 0.123474,
        0.210322 0.630315 0.120774,
        0.188538 0.630315 0.146120,
        0.195396 0.630315 0.147875,
        0.198859 0.630315 0.148105,
        0.120988 0.630315 0.170894,
        0.118711 0.630315 0.170878,
        0.106932 0.630315 0.186165,
        0.113303 0.630315 0.170172,
        0.105531 0.630315 0.185683,
        0.108349 0.630315 0.168223,
        0.097091 0.630315 0.181417,
        0.089419 0.630315 0.174831,
        0.201713 0.630315 0.207297,
        0.188072 0.630315 0.196254,
        0.194983 0.630315 0.212978,
        0.180395 0.630315 0.201779,
        0.186759 0.630315 0.217864,
        0.216931 0.630315 0.183946,
        0.213975 0.630315 0.184078,
        0.210867 0.630315 0.200957,
        0.207317 0.630315 0.183206,
        0.200950 0.630315 0.180830,
        0.206850 0.630315 0.110899,
        0.204602 0.630315 0.109302,
        0.213623 0.630315 0.094823,
        0.201983 0.630315 0.108292,
        0.089741 0.630315 0.121712,
        0.102933 0.630315 0.133100,
        0.097534 0.630315 0.115210,
        0.107167 0.630315 0.129694,
        0.106249 0.630315 0.111022,
        0.112206 0.630315 0.127404,
        0.115733 0.630315 0.109087,
        0.117318 0.630315 0.126462,
        0.132527 0.630315 0.109207,
        0.130127 0.630315 0.126553,
        0.134128 0.630315 0.109476,
        0.199271 0.630315 0.130175,
        0.182521 0.630315 0.142840,
        0.103956 0.630315 0.165109,
        0.100696 0.630315 0.161417,
        0.083668 0.630315 0.166691,
        0.098085 0.630315 0.156486,
        0.080252 0.630315 0.157973,
        0.096788 0.630315 0.151009,
        0.079017 0.630315 0.148678,
        0.096667 0.630315 0.148519,
        0.080397 0.630315 0.138524,
        0.097389 0.630315 0.142982,
        0.084037 0.630315 0.129538,
        0.099387 0.630315 0.137923,
        0.102550 0.630315 0.133506,
        0.122143 0.630315 0.208761,
        0.133362 0.630315 0.195746,
        0.112327 0.630315 0.197069,
        0.126997 0.630315 0.188029,
        0.122672 0.630315 0.178826,
        0.241743 0.630315 0.162698,
        0.260476 0.630315 0.158112,
        0.242641 0.630315 0.155816,
        0.260577 0.630315 0.155374,
        0.242332 0.630315 0.151434,
        0.259280 0.630315 0.144223,
        0.240342 0.630315 0.144452,
        0.255280 0.630315 0.133597,
        0.236989 0.630315 0.138650,
        0.248842 0.630315 0.124264,
        0.240003 0.630315 0.116620,
        0.208636 0.630315 0.112990,
        0.209815 0.630315 0.115356,
        0.210400 0.630315 0.117998,
        0.173514 0.630315 0.222509,
        0.171070 0.630315 0.205481,
        0.160748 0.630315 0.223836,
        0.160585 0.630315 0.206756,
        0.147178 0.630315 0.222084,
        0.150944 0.630315 0.205502,
        0.133102 0.630315 0.216493,
        0.142042 0.630315 0.202019,
        0.134084 0.630315 0.196413,
        0.235931 0.630315 0.195835,
        0.245031 0.630315 0.189536,
        0.235275 0.630315 0.174671,
        0.246969 0.630315 0.187728,
        0.239261 0.630315 0.169030,
        0.253870 0.630315 0.179010,
        0.258487 0.630315 0.168796,
        0.207076 0.630315 0.092017,
        0.200363 0.630315 0.090921,
        0.199428 0.630315 0.107973,
        0.199265 0.630315 0.090893,
        0.196721 0.630315 0.108284,
        0.192370 0.630315 0.091693,
        0.194235 0.630315 0.109218,
        0.186005 0.630315 0.094085,
        0.192044 0.630315 0.110721,
        0.180307 0.630315 0.097990,
        0.190214 0.630315 0.112781,
        0.175898 0.630315 0.102865,
        0.188930 0.630315 0.115258,
        0.172487 0.630315 0.109185,
        0.170774 0.630315 0.116201,
        0.131556 0.630315 0.126828,
        0.138500 0.630315 0.112235,
        0.137843 0.630315 0.111556,
        0.130703 0.630315 0.126633,
        0.136006 0.630315 0.110231,
        0.140719 0.630315 0.118089,
        0.140464 0.630315 0.115967,
        0.139728 0.630315 0.114031,
        0.134040 0.630315 0.126583,
        0.135999 0.630315 0.125825,
        0.140639 0.630315 0.119212,
        0.137758 0.630315 0.124597,
        0.138943 0.630315 0.123308,
        0.140052 0.630315 0.121374,
        0.131832 0.630315 0.126850,
        0.199271 0.629921 0.130175,
        0.197328 0.629921 0.129988,
        0.194652 0.629921 0.129126,
        0.192307 0.629921 0.127646,
        0.190414 0.629921 0.125659,
        0.189104 0.629921 0.123360,
        0.188375 0.629921 0.120763,
        0.188300 0.629921 0.118004,
        0.188930 0.629921 0.115258,
        0.190214 0.629921 0.112781,
        0.192044 0.629921 0.110721,
        0.194235 0.629921 0.109218,
        0.196721 0.629921 0.108284,
        0.199428 0.629921 0.107973,
        0.201983 0.629921 0.108292,
        0.204602 0.629921 0.109302,
        0.206850 0.629921 0.110899,
        0.208636 0.629921 0.112990,
        0.209815 0.629921 0.115356,
        0.210400 0.629921 0.117998,
        0.210322 0.629921 0.120774,
        0.209546 0.629921 0.123474,
        0.208126 0.629921 0.125870,
        0.206705 0.629921 0.127380,
        0.204456 0.629921 0.128924,
        0.201956 0.629921 0.129863,
      ]
    }
    coordIndex [
      139, 140, 141, -1,
      142, 143, 144, -1,
      145, 146, 142, -1,
      147, 148, 149, -1,
      150, 151, 152, -1,
      153, 154, 141, -1,
      141, 154, 155, -1,
      141, 155, 139, -1,
      149, 148, 156, -1,
      146, 157, 142, -1,
      142, 157, 158, -1,
      142, 158, 159, -1,
      158, 160, 159, -1,
      159, 160, 161, -1,
      159, 161, 162, -1,
      162, 161, 163, -1,
      164, 165, 166, -1,
      166, 165, 167, -1,
      166, 167, 168, -1,
      168, 167, 169, -1,
      168, 169, 170, -1,
      170, 169, 171, -1,
      170, 171, 172, -1,
      172, 171, 141, -1,
      172, 141, 173, -1,
      174, 175, 164, -1,
      164, 175, 176, -1,
      164, 176, 165, -1,
      177, 178, 179, -1,
      179, 178, 180, -1,
      179, 180, 181, -1,
      181, 180, 182, -1,
      181, 182, 183, -1,
      183, 182, 184, -1,
      150, 152, 185, -1,
      185, 152, 186, -1,
      185, 186, 187, -1,
      187, 186, 188, -1,
      187, 188, 189, -1,
      148, 190, 156, -1,
      156, 190, 191, -1,
      156, 191, 192, -1,
      192, 191, 193, -1,
      192, 193, 150, -1,
      150, 193, 194, -1,
      150, 194, 151, -1,
      195, 140, 196, -1,
      196, 140, 197, -1,
      196, 197, 198, -1,
      199, 200, 201, -1,
      201, 200, 202, -1,
      201, 202, 203, -1,
      203, 202, 204, -1,
      203, 204, 205, -1,
      205, 204, 206, -1,
      205, 206, 207, -1,
      207, 206, 208, -1,
      207, 208, 209, -1,
      145, 142, 210, -1,
      210, 142, 144, -1,
      210, 144, 164, -1,
      164, 144, 211, -1,
      164, 211, 174, -1,
      182, 212, 184, -1,
      184, 212, 213, -1,
      184, 213, 214, -1,
      214, 213, 215, -1,
      214, 215, 216, -1,
      216, 215, 217, -1,
      216, 217, 218, -1,
      218, 217, 219, -1,
      218, 219, 220, -1,
      220, 219, 221, -1,
      220, 221, 222, -1,
      222, 221, 223, -1,
      222, 223, 199, -1,
      199, 223, 224, -1,
      199, 224, 200, -1,
      225, 226, 227, -1,
      227, 226, 228, -1,
      227, 228, 179, -1,
      179, 228, 229, -1,
      179, 229, 177, -1,
      230, 231, 232, -1,
      232, 231, 233, -1,
      232, 233, 234, -1,
      234, 233, 235, -1,
      234, 235, 236, -1,
      236, 235, 237, -1,
      236, 237, 238, -1,
      238, 237, 239, -1,
      238, 239, 153, -1,
      153, 239, 240, -1,
      153, 240, 154, -1,
      195, 241, 140, -1,
      140, 241, 242, -1,
      140, 242, 141, -1,
      141, 242, 243, -1,
      141, 243, 173, -1,
      189, 188, 244, -1,
      244, 188, 245, -1,
      244, 245, 246, -1,
      246, 245, 247, -1,
      246, 247, 248, -1,
      248, 247, 249, -1,
      248, 249, 250, -1,
      250, 249, 251, -1,
      250, 251, 225, -1,
      225, 251, 252, -1,
      225, 252, 226, -1,
      149, 253, 147, -1,
      147, 253, 254, -1,
      147, 254, 255, -1,
      255, 254, 256, -1,
      255, 256, 257, -1,
      257, 256, 258, -1,
      257, 258, 230, -1,
      230, 258, 259, -1,
      230, 259, 231, -1,
      197, 260, 198, -1,
      198, 260, 261, -1,
      198, 261, 262, -1,
      262, 261, 263, -1,
      262, 263, 264, -1,
      264, 263, 265, -1,
      264, 265, 266, -1,
      266, 265, 267, -1,
      266, 267, 268, -1,
      268, 267, 269, -1,
      268, 269, 270, -1,
      270, 269, 271, -1,
      270, 271, 272, -1,
      272, 271, 273, -1,
      272, 273, 163, -1,
      163, 273, 274, -1,
      163, 274, 162, -1,
      275, 276, 277, -1,
      208, 278, 209, -1,
      209, 278, 275, -1,
      209, 275, 279, -1,
      279, 275, 277, -1,
      280, 281, 275, -1,
      275, 281, 282, -1,
      275, 282, 276, -1,
      283, 284, 285, -1,
      284, 286, 285, -1,
      285, 286, 287, -1,
      285, 287, 288, -1,
      280, 275, 285, -1,
      285, 275, 289, -1,
      285, 289, 283, -1,
      218, 50, 49, -1,
      136, 184, 214, -1,
      218, 49, 216, -1,
      216, 49, 138, -1,
      216, 138, 214, -1,
      214, 138, 137, -1,
      214, 137, 136, -1,
      136, 3, 184, -1,
      184, 3, 2, -1,
      184, 2, 183, -1,
      183, 2, 9, -1,
      183, 9, 181, -1,
      181, 9, 8, -1,
      181, 8, 179, -1,
      179, 8, 7, -1,
      179, 7, 227, -1,
      227, 7, 6, -1,
      227, 6, 225, -1,
      225, 6, 5, -1,
      225, 5, 250, -1,
      5, 4, 250, -1,
      250, 4, 11, -1,
      250, 11, 248, -1,
      248, 11, 10, -1,
      248, 10, 246, -1,
      246, 10, 12, -1,
      246, 12, 244, -1,
      244, 12, 13, -1,
      244, 13, 189, -1,
      189, 13, 15, -1,
      189, 15, 187, -1,
      20, 150, 185, -1,
      187, 15, 14, -1,
      187, 14, 185, -1,
      185, 14, 18, -1,
      185, 18, 20, -1,
      150, 20, 19, -1,
      150, 19, 192, -1,
      192, 19, 17, -1,
      192, 17, 156, -1,
      156, 17, 16, -1,
      156, 16, 149, -1,
      149, 16, 23, -1,
      149, 23, 253, -1,
      253, 23, 22, -1,
      253, 22, 254, -1,
      254, 22, 21, -1,
      254, 21, 256, -1,
      33, 233, 231, -1,
      256, 21, 27, -1,
      256, 27, 258, -1,
      258, 27, 26, -1,
      258, 26, 259, -1,
      26, 25, 259, -1,
      259, 25, 24, -1,
      259, 24, 231, -1,
      231, 24, 34, -1,
      231, 34, 33, -1,
      233, 33, 32, -1,
      233, 32, 235, -1,
      235, 32, 31, -1,
      235, 31, 237, -1,
      237, 31, 30, -1,
      237, 30, 239, -1,
      239, 30, 29, -1,
      239, 29, 240, -1,
      240, 29, 28, -1,
      240, 28, 154, -1,
      154, 28, 35, -1,
      154, 35, 155, -1,
      155, 35, 36, -1,
      39, 140, 139, -1,
      155, 36, 139, -1,
      139, 36, 37, -1,
      139, 37, 39, -1,
      39, 38, 140, -1,
      140, 38, 42, -1,
      140, 42, 197, -1,
      197, 42, 41, -1,
      197, 41, 260, -1,
      260, 41, 40, -1,
      260, 40, 261, -1,
      261, 40, 45, -1,
      261, 45, 263, -1,
      263, 45, 44, -1,
      1, 273, 271, -1,
      263, 44, 265, -1,
      265, 44, 43, -1,
      265, 43, 267, -1,
      267, 43, 48, -1,
      267, 48, 269, -1,
      269, 48, 47, -1,
      269, 47, 271, -1,
      271, 47, 46, -1,
      271, 46, 1, -1,
      1, 0, 273, -1,
      273, 0, 97, -1,
      273, 97, 274, -1,
      274, 97, 98, -1,
      274, 98, 162, -1,
      159, 162, 89, -1,
      89, 162, 98, -1,
      142, 159, 53, -1,
      53, 159, 89, -1,
      143, 142, 55, -1,
      55, 142, 53, -1,
      144, 143, 54, -1,
      54, 143, 55, -1,
      144, 54, 56, -1,
      144, 56, 211, -1,
      211, 56, 57, -1,
      211, 57, 174, -1,
      174, 57, 82, -1,
      174, 82, 175, -1,
      175, 82, 81, -1,
      175, 81, 176, -1,
      176, 81, 80, -1,
      176, 80, 165, -1,
      165, 80, 76, -1,
      165, 76, 167, -1,
      167, 76, 77, -1,
      167, 77, 169, -1,
      169, 77, 73, -1,
      169, 73, 171, -1,
      171, 73, 75, -1,
      171, 75, 141, -1,
      141, 75, 74, -1,
      141, 74, 153, -1,
      153, 74, 72, -1,
      153, 72, 238, -1,
      238, 72, 71, -1,
      238, 71, 236, -1,
      236, 71, 79, -1,
      236, 79, 234, -1,
      234, 79, 78, -1,
      234, 78, 232, -1,
      230, 232, 62, -1,
      62, 232, 78, -1,
      62, 109, 230, -1,
      230, 109, 108, -1,
      230, 108, 257, -1,
      257, 108, 121, -1,
      257, 121, 255, -1,
      121, 135, 255, -1,
      255, 135, 134, -1,
      255, 134, 147, -1,
      147, 134, 133, -1,
      147, 133, 148, -1,
      148, 133, 127, -1,
      148, 127, 190, -1,
      190, 127, 126, -1,
      190, 126, 191, -1,
      191, 126, 125, -1,
      191, 125, 193, -1,
      193, 125, 122, -1,
      193, 122, 194, -1,
      194, 122, 117, -1,
      194, 117, 151, -1,
      151, 117, 120, -1,
      151, 120, 152, -1,
      152, 120, 128, -1,
      152, 128, 186, -1,
      186, 128, 130, -1,
      186, 130, 188, -1,
      188, 130, 132, -1,
      188, 132, 245, -1,
      245, 132, 131, -1,
      245, 131, 247, -1,
      247, 131, 129, -1,
      247, 129, 249, -1,
      249, 129, 119, -1,
      249, 119, 251, -1,
      251, 119, 118, -1,
      251, 118, 252, -1,
      252, 118, 116, -1,
      252, 116, 226, -1,
      226, 116, 115, -1,
      226, 115, 228, -1,
      228, 115, 124, -1,
      228, 124, 229, -1,
      229, 124, 177, -1,
      177, 124, 123, -1,
      177, 123, 107, -1,
      178, 177, 110, -1,
      110, 177, 107, -1,
      178, 110, 114, -1,
      178, 114, 180, -1,
      180, 114, 113, -1,
      180, 113, 182, -1,
      182, 113, 112, -1,
      182, 112, 212, -1,
      212, 112, 111, -1,
      212, 111, 213, -1,
      213, 111, 61, -1,
      213, 61, 215, -1,
      61, 60, 215, -1,
      215, 60, 59, -1,
      215, 59, 217, -1,
      217, 59, 86, -1,
      217, 86, 219, -1,
      219, 86, 85, -1,
      219, 85, 221, -1,
      221, 85, 84, -1,
      221, 84, 223, -1,
      223, 84, 83, -1,
      223, 83, 224, -1,
      224, 83, 106, -1,
      224, 106, 200, -1,
      200, 106, 105, -1,
      200, 105, 202, -1,
      202, 105, 101, -1,
      202, 101, 204, -1,
      204, 101, 100, -1,
      204, 100, 206, -1,
      208, 206, 99, -1,
      99, 206, 100, -1,
      208, 99, 69, -1,
      208, 69, 278, -1,
      278, 69, 68, -1,
      278, 68, 275, -1,
      275, 68, 67, -1,
      275, 67, 289, -1,
      289, 67, 52, -1,
      289, 52, 283, -1,
      283, 52, 51, -1,
      283, 51, 284, -1,
      284, 51, 58, -1,
      284, 58, 286, -1,
      286, 58, 91, -1,
      286, 91, 287, -1,
      287, 91, 90, -1,
      287, 90, 288, -1,
      288, 90, 88, -1,
      288, 88, 285, -1,
      285, 88, 87, -1,
      285, 87, 280, -1,
      280, 87, 96, -1,
      280, 96, 281, -1,
      281, 96, 95, -1,
      281, 95, 282, -1,
      282, 95, 94, -1,
      282, 94, 276, -1,
      276, 94, 93, -1,
      276, 93, 277, -1,
      277, 93, 92, -1,
      277, 92, 279, -1,
      279, 92, 104, -1,
      279, 104, 209, -1,
      209, 104, 103, -1,
      209, 103, 207, -1,
      205, 207, 102, -1,
      102, 207, 103, -1,
      205, 102, 66, -1,
      205, 66, 203, -1,
      203, 66, 65, -1,
      203, 65, 201, -1,
      201, 65, 64, -1,
      201, 64, 199, -1,
      199, 64, 63, -1,
      199, 63, 222, -1,
      222, 63, 70, -1,
      222, 70, 220, -1,
      220, 70, 50, -1,
      220, 50, 218, -1,
      210, 290, 291, -1,
      210, 291, 145, -1,
      145, 291, 292, -1,
      145, 292, 146, -1,
      146, 292, 293, -1,
      146, 293, 157, -1,
      157, 293, 294, -1,
      157, 294, 158, -1,
      158, 294, 295, -1,
      158, 295, 160, -1,
      160, 295, 296, -1,
      160, 296, 161, -1,
      161, 296, 297, -1,
      161, 297, 163, -1,
      163, 297, 298, -1,
      163, 298, 272, -1,
      272, 298, 299, -1,
      272, 299, 270, -1,
      270, 299, 300, -1,
      270, 300, 268, -1,
      268, 300, 301, -1,
      268, 301, 266, -1,
      266, 301, 302, -1,
      266, 302, 264, -1,
      264, 302, 303, -1,
      264, 303, 262, -1,
      262, 303, 304, -1,
      262, 304, 198, -1,
      198, 304, 305, -1,
      198, 305, 196, -1,
      196, 305, 306, -1,
      196, 306, 195, -1,
      195, 306, 307, -1,
      195, 307, 241, -1,
      241, 307, 308, -1,
      241, 308, 242, -1,
      242, 308, 309, -1,
      242, 309, 243, -1,
      243, 309, 310, -1,
      243, 310, 173, -1,
      173, 310, 311, -1,
      173, 311, 172, -1,
      172, 311, 312, -1,
      172, 312, 170, -1,
      170, 312, 313, -1,
      170, 313, 168, -1,
      168, 313, 314, -1,
      168, 314, 166, -1,
      166, 314, 315, -1,
      166, 315, 164, -1,
      164, 315, 290, -1,
      164, 290, 210, -1,
    ]
  }
}

Shape {
  appearance Appearance {
    material Material {
      diffuseColor 0.2235 0.2235 0.2235
      specularColor 0.1137 0.1137 0.1137
      ambientIntensity 0.2
      transparency 0.0000
      shininess 0.5
    }
  }
  geometry IndexedFaceSet {
    ccw TRUE
    solid FALSE
    coord DEF co Coordinate {
      point [
        0.199271 0.629921 0.130175,
        0.197328 0.629921 0.129988,
        0.194652 0.629921 0.129126,
        0.192307 0.629921 0.127646,
        0.190414 0.629921 0.125659,
        0.189104 0.629921 0.123360,
        0.188375 0.629921 0.120763,
        0.188300 0.629921 0.118004,
        0.188930 0.629921 0.115258,
        0.190214 0.629921 0.112781,
        0.192044 0.629921 0.110721,
        0.194235 0.629921 0.109218,
        0.196721 0.629921 0.108284,
        0.199428 0.629921 0.107973,
        0.201983 0.629921 0.108292,
        0.204602 0.629921 0.109302,
        0.206850 0.629921 0.110899,
        0.208636 0.629921 0.112990,
        0.209815 0.629921 0.115356,
        0.210400 0.629921 0.117998,
        0.210322 0.629921 0.120774,
        0.209546 0.629921 0.123474,
        0.208126 0.629921 0.125870,
        0.206705 0.629921 0.127380,
        0.204456 0.629921 0.128924,
        0.201956 0.629921 0.129863,
      ]
    }
    coordIndex [
      13, 23, 22, -1,
      0, 13, 1, -1,
      1, 13, 12, -1,
      0, 25, 13, -1,
      13, 25, 24, -1,
      13, 24, 23, -1,
      10, 4, 3, -1,
      18, 17, 22, -1,
      22, 17, 16, -1,
      12, 11, 1, -1,
      1, 11, 10, -1,
      1, 10, 2, -1,
      2, 10, 3, -1,
      16, 15, 22, -1,
      22, 15, 14, -1,
      22, 14, 13, -1,
      21, 20, 22, -1,
      22, 20, 19, -1,
      22, 19, 18, -1,
      8, 7, 9, -1,
      9, 7, 6, -1,
      9, 6, 10, -1,
      10, 6, 5, -1,
      10, 5, 4, -1,
    ]
  }
}
