#VRML V2.0 utf8
# 3D model generated by easyeda2kicad.py (https://github.com/uPesy/easyeda2kicad.py)

Shape{
    appearance Appearance {
        material  Material 	{
            diffuseColor 0.8509803921568627 0.8509803921568627 0.8509803921568627
            specularColor 0.4235294117647059 0.4235294117647059 0.4235294117647059
            ambientIntensity 0.851
            transparency 0.0
            shininess 0.5
        }
    }
    geometry IndexedFaceSet {
        ccw TRUE
        solid FALSE
        coord DEF co Coordinate {
            point [
                -1.3386 0.0098 0.652, -1.3386 0.0004 0.6398, -1.3386 -1.1098 1.7008, -1.3386 -0.6374 1.7205, -1.3386 -0.2437 1.7205, -1.3386 -0.242 1.7064, -1.3386 -0.8756 0.6255, -1.3386 -0.8815 0.6398, -1.3386 -0.8909 0.652, -1.3386 -0.9032 0.6614, -1.3386 -0.9174 0.6673, -1.3386 -0.9327 0.6693, -1.3386 -1.1098 0.6693, -1.3386 -0.0075 0.6102, -1.3386 -0.0075 0.2165, -1.3386 -0.8736 0.2165, -1.3386 -0.237 1.6931, -1.3386 0.0363 0.6673, -1.3386 0.022 0.6614, -1.3386 -0.2289 1.6814, -1.3386 -0.2183 1.6719, -1.3386 -0.2057 1.6653, -1.3386 -0.7845 1.7008, -1.3386 -0.7405 1.6811, -1.3386 -0.7298 1.6717, -1.3386 -0.7172 1.6652, -1.3386 -0.7034 1.6618, -1.3386 -0.0055 0.6255, -1.3386 -0.8736 0.6102, -1.3386 -0.6522 1.6814, -1.3386 -0.6441 1.6931, -1.3386 -0.6391 1.7064, -1.3386 -0.1919 1.6619, -1.3386 -0.1777 1.6618, -1.3386 0.0516 0.6693, -1.3386 -0.1639 1.6652, -1.3386 0.2287 0.6693, -1.3386 -0.1513 1.6717, -1.3386 -0.1406 1.6811, -1.3386 -0.1314 1.6894, -1.3386 -0.1207 1.6956, -1.3386 -0.1089 1.6995, -1.3386 -0.0966 1.7008, -1.3386 0.2287 1.7008, -1.3386 -0.7722 1.6995, -1.3386 -0.7604 1.6956, -1.3386 -0.7497 1.6894, -1.3386 -0.6892 1.6619, -1.3386 -0.6754 1.6653, -1.3386 -0.6628 1.6719, -1.2205 -1.1098 1.7008, -1.2205 -1.1098 0.6693, -1.2205 -0.7845 1.7008, -1.2205 -0.7722 1.6995, -1.2205 -0.7604 1.6956, -1.2205 -0.7497 1.6894, -1.2205 -0.7405 1.6811, -1.2205 -0.7298 1.6717, -1.2205 -0.7172 1.6652, -1.2205 -0.7034 1.6618, -1.2205 -0.6892 1.6619, -1.2205 -0.6754 1.6653, -1.2205 -0.6628 1.6719, -1.2205 -0.6522 1.6814, -1.2205 -0.6441 1.6931, -1.2205 -0.6391 1.7064, -1.2205 -0.6374 1.7205, -1.2205 -0.2437 1.7205, -1.2205 -0.242 1.7064, -1.2205 -0.237 1.6931, -1.2205 -0.2289 1.6814, -1.2205 -0.2183 1.6719, -1.2205 -0.2057 1.6653, -1.2205 -0.1919 1.6619, -1.2205 -0.1777 1.6618, -1.2205 -0.1639 1.6652, -1.2205 -0.1513 1.6717, -1.2205 -0.1406 1.6811, -1.2205 -0.1314 1.6894, -1.2205 -0.1207 1.6956, -1.2205 -0.1089 1.6995, -1.2205 -0.0966 1.7008, -1.2205 0.2287 1.7008, -1.2205 0.2287 0.6693, -1.2205 0.0516 0.6693, -1.2205 0.0363 0.6673, -1.2205 0.022 0.6614, -1.2205 0.0098 0.652, -1.2205 0.0004 0.6398, -1.2205 -0.0055 0.6255, -1.2205 -0.0075 0.6102, -1.4488 -0.0075 0.0, -1.4488 -0.0075 0.1181, -1.437 -0.0075 0.0, -1.437 -0.0075 0.1181, -1.3948 -0.0075 0.0042, -1.4115 -0.0075 0.1215, -1.3541 -0.0075 0.0165, -1.3878 -0.0075 0.1313, -1.2205 -0.0075 0.2165, -1.3419 -0.0075 0.1911, -1.2246 -0.0075 0.1743, -1.237 -0.0075 0.1337, -1.3518 -0.0075 0.1673, -1.257 -0.0075 0.0962, -1.3674 -0.0075 0.1469, -1.2839 -0.0075 0.0634, -1.3167 -0.0075 0.0365, -1.437 -0.8736 0.0, -1.4488 -0.8736 0.0, -1.4743 -0.8703 0.0, -1.5439 -0.8007 0.0, -1.5472 -0.7752 0.0, -1.5472 -0.1059 0.0, -1.5439 -0.0804 0.0, -1.5341 -0.0567 0.0, -1.5184 -0.0363 0.0, -1.498 -0.0207 0.0, -1.4743 -0.0108 0.0, -1.498 -0.8604 0.0, -1.5184 -0.8448 0.0, -1.5341 -0.8244 0.0, -1.2205 -0.8736 0.6102, -1.2205 -0.8736 0.2165, -1.2246 -0.8736 0.1743, -1.3419 -0.8736 0.1911, -1.237 -0.8736 0.1337, -1.3518 -0.8736 0.1673, -1.4488 -0.8736 0.1181, -1.437 -0.8736 0.1181, -1.4115 -0.8736 0.1215, -1.3948 -0.8736 0.0042, -1.3541 -0.8736 0.0165, -1.3878 -0.8736 0.1313, -1.3167 -0.8736 0.0365, -1.3674 -0.8736 0.1469, -1.2839 -0.8736 0.0634, -1.257 -0.8736 0.0962, -1.2205 -0.8756 0.6255, -1.2205 -0.8815 0.6398, -1.2205 -0.8909 0.652, -1.2205 -0.9032 0.6614, -1.2205 -0.9174 0.6673, -1.2205 -0.9327 0.6693, -1.5472 -0.7752 0.1181, -1.5472 -0.1059 0.1181, -1.5184 -0.0363 0.1181, -1.498 -0.0207 0.1181, -1.4743 -0.0108 0.1181, -1.5341 -0.0567 0.1181, -1.5439 -0.0804 0.1181, -1.5439 -0.8007 0.1181, -1.5341 -0.8244 0.1181, -1.5184 -0.8448 0.1181, -1.498 -0.8604 0.1181, -1.4743 -0.8703 0.1181, 1.3386 -0.242 1.7064, 1.3386 -0.2437 1.7205, 1.3386 -0.6374 1.7205, 1.3386 -1.1098 1.7008, 1.3386 0.0004 0.6398, 1.3386 0.0098 0.652, 1.3386 0.0363 0.6673, 1.3386 -1.1098 0.6693, 1.3386 -0.9327 0.6693, 1.3386 -0.8815 0.6398, 1.3386 -0.8756 0.6255, 1.3386 -0.1314 1.6894, 1.3386 -0.1406 1.6811, 1.3386 0.2287 0.6693, 1.3386 -0.1513 1.6717, 1.3386 -0.1639 1.6652, 1.3386 -0.9174 0.6673, 1.3386 -0.9032 0.6614, 1.3386 -0.8909 0.652, 1.3386 0.022 0.6614, 1.3386 -0.6391 1.7064, 1.3386 -0.6441 1.6931, 1.3386 0.2287 1.7008, 1.3386 -0.0966 1.7008, 1.3386 -0.1777 1.6618, 1.3386 -0.1919 1.6619, 1.3386 -0.2057 1.6653, 1.3386 -0.2183 1.6719, 1.3386 -0.2289 1.6814, 1.3386 -0.237 1.6931, 1.3386 -0.7604 1.6956, 1.3386 -0.7722 1.6995, 1.3386 -0.7845 1.7008, 1.3386 0.0516 0.6693, 1.3386 -0.6892 1.6619, 1.3386 -0.7034 1.6618, 1.3386 -0.7172 1.6652, 1.3386 -0.8736 0.2165, 1.3386 -0.0075 0.2165, 1.3386 -0.8736 0.6102, 1.3386 -0.0075 0.6102, 1.3386 -0.0055 0.6255, 1.3386 -0.6522 1.6814, 1.3386 -0.6628 1.6719, 1.3386 -0.6754 1.6653, 1.3386 -0.7298 1.6717, 1.3386 -0.7405 1.6811, 1.3386 -0.7497 1.6894, 1.3386 -0.1089 1.6995, 1.3386 -0.1207 1.6956, 1.2205 -1.1098 0.6693, 1.2205 -1.1098 1.7008, 1.2205 -0.7845 1.7008, 1.2205 -0.7405 1.6811, 1.2205 -0.7497 1.6894, 1.2205 -0.7604 1.6956, 1.2205 -0.7722 1.6995, 1.2205 -0.6374 1.7205, 1.2205 -0.6391 1.7064, 1.2205 -0.6441 1.6931, 1.2205 -0.6522 1.6814, 1.2205 -0.6628 1.6719, 1.2205 -0.6754 1.6653, 1.2205 -0.6892 1.6619, 1.2205 -0.7034 1.6618, 1.2205 -0.7172 1.6652, 1.2205 -0.7298 1.6717, 1.2205 -0.2437 1.7205, 1.2205 -0.1406 1.6811, 1.2205 -0.1513 1.6717, 1.2205 -0.1639 1.6652, 1.2205 -0.1777 1.6618, 1.2205 -0.1919 1.6619, 1.2205 -0.2057 1.6653, 1.2205 -0.2183 1.6719, 1.2205 -0.2289 1.6814, 1.2205 -0.237 1.6931, 1.2205 -0.242 1.7064, 1.2205 -0.0966 1.7008, 1.2205 -0.1089 1.6995, 1.2205 -0.1207 1.6956, 1.2205 -0.1314 1.6894, 1.2205 0.2287 1.7008, 1.2205 0.2287 0.6693, 1.2205 0.0516 0.6693, 1.2205 -0.0075 0.6102, 1.2205 -0.0055 0.6255, 1.2205 0.0004 0.6398, 1.2205 0.0098 0.652, 1.2205 0.022 0.6614, 1.2205 0.0363 0.6673, 1.2205 -0.0075 0.2165, 1.2246 -0.0075 0.1743, 1.3419 -0.0075 0.1911, 1.237 -0.0075 0.1337, 1.3518 -0.0075 0.1673, 1.4115 -0.0075 0.1215, 1.3541 -0.0075 0.0165, 1.3878 -0.0075 0.1313, 1.3167 -0.0075 0.0365, 1.3674 -0.0075 0.1469, 1.2839 -0.0075 0.0634, 1.257 -0.0075 0.0962, 1.4488 -0.0075 0.1181, 1.4488 -0.0075 0.0, 1.437 -0.0075 0.1181, 1.437 -0.0075 0.0, 1.3948 -0.0075 0.0042, 1.5472 -0.1059 0.0, 1.4488 -0.8736 0.0, 1.437 -0.8736 0.0, 1.5184 -0.0363 0.0, 1.498 -0.0207 0.0, 1.4743 -0.0108 0.0, 1.5341 -0.0567 0.0, 1.5439 -0.0804 0.0, 1.498 -0.8604 0.0, 1.5439 -0.8007 0.0, 1.5184 -0.8448 0.0, 1.5341 -0.8244 0.0, 1.5472 -0.7752 0.0, 1.4743 -0.8703 0.0, 1.3419 -0.8736 0.1911, 1.237 -0.8736 0.1337, 1.3518 -0.8736 0.1673, 1.257 -0.8736 0.0962, 1.3674 -0.8736 0.1469, 1.2839 -0.8736 0.0634, 1.3878 -0.8736 0.1313, 1.2205 -0.8736 0.6102, 1.2205 -0.8736 0.2165, 1.2246 -0.8736 0.1743, 1.3167 -0.8736 0.0365, 1.3541 -0.8736 0.0165, 1.4115 -0.8736 0.1215, 1.3948 -0.8736 0.0042, 1.437 -0.8736 0.1181, 1.4488 -0.8736 0.1181, 1.2205 -0.9327 0.6693, 1.2205 -0.9174 0.6673, 1.2205 -0.9032 0.6614, 1.2205 -0.8909 0.652, 1.2205 -0.8815 0.6398, 1.2205 -0.8756 0.6255, 1.5472 -0.1059 0.1181, 1.5472 -0.7752 0.1181, 1.5341 -0.0567 0.1181, 1.5184 -0.0363 0.1181, 1.498 -0.0207 0.1181, 1.5439 -0.0804 0.1181, 1.4743 -0.0108 0.1181, 1.4743 -0.8703 0.1181, 1.5439 -0.8007 0.1181, 1.498 -0.8604 0.1181, 1.5184 -0.8448 0.1181, 1.5341 -0.8244 0.1181
            ]
        }
        coordIndex [
            0,1,2,-1,3,4,5,-1,6,7,1,-1,1,7,8,-1,1,8,2,-1,2,8,9,-1,9,10,2,-1,2,10,11,-1,2,11,12,-1,13,14,15,-1,16,17,5,-1,5,17,18,-1,5,18,3,-1,16,19,17,-1,17,19,20,-1,17,20,21,-1,22,23,2,-1,2,23,24,-1,2,24,0,-1,0,24,25,-1,0,25,26,-1,1,27,6,-1,6,27,13,-1,6,13,28,-1,28,13,15,-1,29,30,18,-1,18,30,31,-1,18,31,3,-1,21,32,17,-1,17,32,33,-1,17,33,34,-1,34,33,35,-1,34,35,36,-1,36,35,37,-1,37,38,36,-1,36,38,39,-1,36,39,40,-1,40,41,36,-1,36,41,42,-1,36,42,43,-1,44,45,22,-1,22,45,46,-1,22,46,23,-1,26,47,0,-1,0,47,48,-1,0,48,18,-1,18,48,49,-1,18,49,29,-1,2,12,50,-1,50,12,51,-1,22,2,52,-1,52,2,50,-1,22,52,53,-1,22,53,44,-1,44,53,54,-1,44,54,45,-1,45,54,55,-1,45,55,46,-1,46,55,56,-1,46,56,23,-1,23,56,24,-1,24,56,57,-1,24,57,25,-1,25,57,58,-1,25,58,26,-1,26,58,59,-1,26,59,47,-1,47,59,60,-1,47,60,48,-1,48,60,61,-1,48,61,49,-1,49,61,62,-1,49,62,29,-1,29,62,63,-1,29,63,30,-1,30,63,64,-1,30,64,31,-1,31,64,65,-1,31,65,3,-1,3,65,66,-1,4,3,67,-1,67,3,66,-1,4,67,5,-1,5,67,68,-1,5,68,16,-1,16,68,69,-1,16,69,19,-1,19,69,70,-1,19,70,20,-1,20,70,71,-1,20,71,21,-1,21,71,72,-1,21,72,32,-1,32,72,73,-1,32,73,33,-1,33,73,74,-1,33,74,35,-1,35,74,75,-1,35,75,37,-1,37,75,76,-1,37,76,38,-1,38,76,77,-1,38,77,78,-1,38,78,39,-1,39,78,79,-1,39,79,40,-1,40,79,80,-1,40,80,41,-1,41,80,81,-1,41,81,42,-1,43,42,82,-1,82,42,81,-1,36,43,83,-1,83,43,82,-1,34,36,84,-1,84,36,83,-1,34,84,17,-1,17,84,85,-1,17,85,18,-1,18,85,86,-1,18,86,0,-1,0,86,87,-1,0,87,1,-1,1,87,88,-1,1,88,27,-1,27,88,89,-1,27,89,13,-1,13,89,90,-1,91,92,93,-1,93,92,94,-1,93,94,95,-1,95,94,96,-1,95,96,97,-1,97,96,98,-1,13,90,14,-1,14,90,99,-1,14,99,100,-1,99,101,100,-1,100,101,102,-1,100,102,103,-1,103,102,104,-1,103,104,105,-1,105,104,106,-1,105,106,98,-1,98,106,107,-1,98,107,97,-1,93,108,91,-1,91,108,109,-1,110,111,109,-1,109,111,112,-1,109,112,91,-1,112,113,91,-1,91,113,114,-1,91,114,115,-1,115,116,91,-1,91,116,117,-1,91,117,118,-1,110,119,111,-1,111,119,120,-1,111,120,121,-1,122,28,123,-1,123,28,15,-1,123,15,124,-1,124,15,125,-1,124,125,126,-1,126,125,127,-1,128,109,129,-1,129,109,108,-1,129,108,130,-1,108,131,130,-1,130,131,132,-1,130,132,133,-1,133,132,134,-1,133,134,135,-1,135,134,136,-1,135,136,127,-1,127,136,137,-1,127,137,126,-1,28,122,6,-1,6,122,138,-1,6,138,7,-1,7,138,139,-1,7,139,8,-1,8,139,140,-1,8,140,9,-1,9,140,141,-1,9,141,10,-1,10,141,142,-1,10,142,11,-1,11,142,143,-1,12,11,51,-1,51,11,143,-1,68,67,66,-1,138,88,139,-1,139,88,140,-1,60,59,87,-1,51,143,50,-1,50,143,142,-1,50,142,141,-1,78,77,83,-1,83,77,76,-1,83,76,75,-1,123,99,122,-1,122,99,90,-1,122,90,138,-1,138,90,89,-1,138,89,88,-1,59,58,87,-1,87,58,50,-1,87,50,88,-1,88,50,141,-1,88,141,140,-1,54,53,52,-1,83,82,81,-1,74,73,85,-1,85,73,72,-1,72,71,85,-1,85,71,70,-1,85,70,69,-1,69,68,85,-1,85,68,66,-1,85,66,86,-1,86,66,65,-1,86,65,64,-1,58,57,50,-1,50,57,56,-1,50,56,52,-1,52,56,55,-1,52,55,54,-1,74,85,75,-1,75,85,84,-1,75,84,83,-1,64,63,86,-1,86,63,62,-1,86,62,87,-1,87,62,61,-1,87,61,60,-1,81,80,83,-1,83,80,79,-1,83,79,78,-1,144,145,112,-1,112,145,113,-1,145,128,92,-1,92,128,129,-1,92,129,94,-1,146,92,147,-1,147,92,148,-1,146,149,92,-1,92,149,150,-1,92,150,145,-1,145,144,128,-1,128,144,151,-1,128,151,152,-1,152,153,128,-1,128,153,154,-1,128,154,155,-1,94,129,96,-1,96,129,130,-1,96,130,98,-1,98,130,133,-1,98,133,105,-1,105,133,135,-1,105,135,103,-1,103,135,127,-1,103,127,100,-1,100,127,125,-1,100,125,14,-1,14,125,15,-1,109,128,155,-1,109,155,110,-1,110,155,154,-1,110,154,119,-1,119,154,153,-1,119,153,120,-1,120,153,152,-1,120,152,121,-1,121,152,151,-1,121,151,111,-1,111,151,144,-1,111,144,112,-1,113,145,150,-1,113,150,114,-1,114,150,149,-1,114,149,115,-1,115,149,146,-1,115,146,116,-1,116,146,147,-1,116,147,117,-1,117,147,148,-1,117,148,118,-1,118,148,92,-1,118,92,91,-1,99,123,124,-1,99,124,101,-1,101,124,126,-1,101,126,102,-1,102,126,137,-1,102,137,104,-1,104,137,136,-1,104,136,106,-1,106,136,134,-1,106,134,107,-1,107,134,132,-1,107,132,97,-1,97,132,131,-1,97,131,95,-1,95,131,108,-1,95,108,93,-1,156,157,158,-1,159,160,161,-1,156,158,162,-1,159,163,164,-1,160,165,166,-1,167,168,169,-1,169,168,170,-1,169,170,171,-1,164,172,159,-1,159,172,173,-1,159,173,160,-1,160,173,174,-1,160,174,165,-1,162,158,175,-1,175,158,176,-1,175,176,177,-1,169,178,179,-1,180,181,162,-1,162,181,182,-1,162,182,183,-1,183,184,162,-1,162,184,185,-1,162,185,156,-1,186,187,188,-1,180,162,171,-1,171,162,189,-1,171,189,169,-1,190,191,161,-1,161,191,192,-1,161,192,159,-1,193,194,195,-1,195,194,196,-1,195,196,166,-1,166,196,197,-1,166,197,160,-1,177,198,175,-1,175,198,199,-1,175,199,161,-1,161,199,200,-1,161,200,190,-1,192,201,159,-1,159,201,202,-1,159,202,188,-1,188,202,203,-1,188,203,186,-1,179,204,169,-1,169,204,205,-1,169,205,167,-1,163,159,206,-1,206,159,207,-1,159,188,207,-1,207,188,208,-1,202,209,210,-1,202,210,203,-1,203,210,211,-1,203,211,186,-1,186,211,212,-1,186,212,187,-1,187,212,208,-1,187,208,188,-1,158,213,176,-1,176,213,214,-1,176,214,177,-1,177,214,215,-1,177,215,198,-1,198,215,216,-1,198,216,199,-1,199,216,217,-1,199,217,200,-1,200,217,218,-1,200,218,190,-1,190,218,219,-1,190,219,191,-1,191,219,220,-1,191,220,192,-1,192,220,221,-1,192,221,201,-1,201,221,222,-1,201,222,202,-1,202,222,209,-1,158,157,213,-1,213,157,223,-1,168,224,170,-1,170,224,225,-1,170,225,171,-1,171,225,226,-1,171,226,180,-1,180,226,227,-1,180,227,181,-1,181,227,228,-1,181,228,182,-1,182,228,229,-1,182,229,183,-1,183,229,230,-1,183,230,184,-1,184,230,231,-1,184,231,185,-1,185,231,232,-1,185,232,156,-1,156,232,233,-1,156,233,157,-1,157,233,223,-1,179,234,235,-1,179,235,204,-1,204,235,236,-1,204,236,205,-1,205,236,237,-1,205,237,167,-1,167,237,224,-1,167,224,168,-1,179,178,234,-1,234,178,238,-1,178,169,238,-1,238,169,239,-1,169,189,239,-1,239,189,240,-1,196,241,197,-1,197,241,242,-1,197,242,160,-1,160,242,243,-1,160,243,161,-1,161,243,244,-1,161,244,175,-1,175,244,245,-1,175,245,162,-1,162,245,246,-1,162,246,189,-1,189,246,240,-1,241,196,247,-1,247,196,194,-1,247,194,248,-1,248,194,249,-1,248,249,250,-1,250,249,251,-1,252,253,254,-1,254,253,255,-1,254,255,256,-1,256,255,257,-1,256,257,251,-1,251,257,258,-1,251,258,250,-1,259,260,261,-1,261,260,262,-1,261,262,252,-1,252,262,263,-1,252,263,253,-1,264,265,260,-1,260,265,266,-1,260,266,262,-1,267,260,268,-1,268,260,269,-1,267,270,260,-1,260,270,271,-1,260,271,264,-1,272,273,274,-1,274,273,275,-1,264,276,265,-1,265,276,273,-1,265,273,277,-1,277,273,272,-1,278,279,280,-1,280,279,281,-1,280,281,282,-1,282,281,283,-1,282,283,284,-1,195,285,193,-1,193,285,286,-1,193,286,278,-1,278,286,287,-1,278,287,279,-1,283,288,284,-1,284,288,289,-1,284,289,290,-1,290,289,291,-1,290,291,292,-1,292,291,266,-1,292,266,293,-1,293,266,265,-1,164,294,172,-1,172,294,295,-1,172,295,173,-1,173,295,296,-1,173,296,174,-1,174,296,297,-1,174,297,165,-1,165,297,298,-1,165,298,166,-1,166,298,299,-1,166,299,195,-1,195,299,285,-1,164,163,294,-1,294,163,206,-1,244,243,207,-1,206,207,294,-1,294,207,295,-1,245,233,246,-1,246,233,232,-1,232,231,246,-1,246,231,230,-1,246,230,229,-1,229,228,246,-1,246,228,227,-1,246,227,240,-1,240,227,226,-1,240,226,239,-1,239,226,225,-1,216,215,245,-1,299,298,243,-1,243,298,297,-1,243,297,207,-1,207,297,296,-1,207,296,295,-1,223,233,213,-1,213,233,245,-1,213,245,214,-1,214,245,215,-1,208,212,211,-1,220,219,244,-1,244,219,218,-1,244,218,245,-1,245,218,217,-1,245,217,216,-1,241,247,286,-1,225,224,239,-1,239,224,237,-1,239,237,236,-1,211,210,208,-1,208,210,209,-1,208,209,207,-1,207,209,222,-1,207,222,244,-1,244,222,221,-1,244,221,220,-1,243,242,299,-1,299,242,241,-1,299,241,285,-1,285,241,286,-1,236,235,239,-1,239,235,234,-1,239,234,238,-1,300,301,264,-1,264,301,276,-1,261,292,259,-1,259,292,293,-1,302,303,304,-1,302,304,305,-1,305,304,306,-1,305,306,259,-1,307,308,293,-1,293,308,301,-1,293,301,259,-1,259,301,300,-1,259,300,305,-1,307,309,308,-1,308,309,310,-1,308,310,311,-1,194,193,249,-1,249,193,278,-1,249,278,251,-1,251,278,280,-1,251,280,256,-1,256,280,282,-1,256,282,254,-1,254,282,284,-1,254,284,252,-1,252,284,290,-1,252,290,261,-1,261,290,292,-1,276,301,308,-1,276,308,273,-1,273,308,311,-1,273,311,275,-1,275,311,310,-1,275,310,274,-1,274,310,309,-1,274,309,272,-1,272,309,307,-1,272,307,277,-1,277,307,293,-1,277,293,265,-1,260,259,306,-1,260,306,269,-1,269,306,304,-1,269,304,268,-1,268,304,303,-1,268,303,267,-1,267,303,302,-1,267,302,270,-1,270,302,305,-1,270,305,271,-1,271,305,300,-1,271,300,264,-1,262,266,291,-1,262,291,263,-1,263,291,289,-1,263,289,253,-1,253,289,288,-1,253,288,255,-1,255,288,283,-1,255,283,257,-1,257,283,281,-1,257,281,258,-1,258,281,279,-1,258,279,250,-1,250,279,287,-1,250,287,248,-1,248,287,286,-1,248,286,247,-1,
        ]
    }
}
Shape{
    appearance Appearance {
        material  Material 	{
            diffuseColor 0.8431372549019608 0.8156862745098039 0.7529411764705882
            specularColor 0.4235294117647059 0.40784313725490196 0.3764705882352941
            ambientIntensity 0.8167
            transparency 0.0
            shininess 0.5
        }
    }
    geometry IndexedFaceSet {
        ccw TRUE
        solid FALSE
        coord DEF co Coordinate {
            point [
                -0.2548 0.524 1.0907, -0.2615 0.524 1.1063, -0.2534 0.524 1.1275, -0.1384 0.524 1.2972, -0.1238 0.524 1.296, -0.1482 0.524 1.296, -0.1082 0.524 1.4177, -0.1106 0.524 1.418, -0.0684 0.524 1.418, -0.1482 0.524 1.4164, -0.1482 0.524 1.418, -0.1429 0.524 1.418, -0.0115 0.524 1.4185, -0.0115 0.524 1.418, -0.0612 0.524 1.418, -0.4323 0.524 1.4155, -0.4769 0.524 1.296, -0.5151 0.524 1.296, 0.1166 0.524 1.2799, 0.1098 0.524 1.2616, 0.0549 0.524 1.2616, 0.4496 0.524 1.2246, 0.3449 0.524 1.2246, 0.3404 0.524 1.2269, 0.6478 0.524 1.2594, 0.6473 0.524 1.2616, 1.5748 0.524 1.2616, 0.4308 0.524 1.4334, 0.4223 0.524 1.4366, 1.5748 0.524 1.4366, 0.2331 0.524 1.4081, 0.2054 0.524 1.3756, 0.0549 0.524 1.418, 0.1874 0.524 1.3403, 0.1812 0.524 1.3381, 0.3137 0.524 1.4494, 0.2784 0.524 1.4366, 0.0549 0.524 1.4366, 0.271 0.524 1.434, 0.2476 0.524 1.418, 1.5748 0.524 2.5591, 0.3489 0.524 1.4533, 0.0549 0.524 2.5591, 0.3913 0.524 1.4484, 1.5748 0.524 1.418, 0.4548 0.524 1.418, 0.4516 0.524 1.4207, 0.6076 0.524 1.345, 0.5987 0.524 1.353, 0.5698 0.524 1.3717, 0.5378 0.524 1.3825, 0.5091 0.524 1.3853, 0.4718 0.524 1.4037, 0.4993 0.524 1.3847, 0.4894 0.524 1.3834, 1.5748 0.524 1.296, 0.6405 0.524 1.2929, 0.639 0.524 1.296, 0.6257 0.524 1.3229, 0.6484 0.524 1.2479, 1.5748 0.524 1.2269, 0.6463 0.524 1.2269, 1.5748 0.524 1.2246, 0.6461 0.524 1.2246, 0.6173 0.524 1.1594, 0.6348 0.524 1.1873, 1.5748 0.524 0.1575, 1.2205 0.524 0.0591, 0.5118 0.524 0.0591, 1.2205 0.524 0.1575, 0.5118 0.524 0.5118, 0.2756 0.524 0.0591, 0.0549 0.524 0.0591, 0.2756 0.524 0.5118, 0.0549 0.524 1.2246, 0.2794 0.524 1.156, 0.2741 0.524 1.1596, 0.2584 0.524 1.2101, 0.2682 0.524 1.1617, 0.1388 0.524 1.144, 0.1614 0.524 1.1261, 0.1877 0.524 1.1141, 0.3841 0.524 1.1095, 0.279 0.524 1.1155, 0.2825 0.524 1.1189, 0.3943 0.524 1.0905, 0.2676 0.524 1.1099, 0.2733 0.524 1.1118, 0.6456 0.524 1.2194, 0.0549 0.524 1.2269, 0.1038 0.524 1.2246, 0.1038 0.524 1.2228, 0.5076 0.524 1.0663, 0.5242 0.524 1.079, 0.5368 0.524 1.0948, 0.5452 0.524 1.1131, 0.2621 0.524 1.1624, 0.2613 0.524 1.1623, 0.2588 0.524 1.1617, 0.4644 0.524 1.0545, 0.4678 0.524 1.0546, 0.4879 0.524 1.0579, 0.5561 0.524 1.1165, 0.5868 0.524 1.1318, 0.6132 0.524 1.1546, 0.2139 0.524 1.1091, 0.2642 0.524 1.1094, 0.4076 0.524 1.0757, 0.4247 0.524 1.064, 0.4438 0.524 1.0569, 0.1085 0.524 1.1949, 0.12 0.524 1.1682, 0.1359 0.524 1.1469, 0.2888 0.524 1.1361, 0.2887 0.524 1.1387, 0.3784 0.524 1.1478, 0.2871 0.524 1.1452, 0.2839 0.524 1.1511, 0.1743 0.524 1.1823, 0.1648 0.524 1.1956, 0.1588 0.524 1.2108, 0.2667 0.524 1.2246, 0.2861 0.524 1.1243, 0.2882 0.524 1.1302, 0.379 0.524 1.1306, 0.3784 0.524 1.1393, 0.257 0.524 1.1615, 0.2186 0.524 1.1612, 0.2034 0.524 1.164, 0.1882 0.524 1.1708, 0.1755 0.524 1.181, 0.157 0.524 1.2246, 0.1567 0.524 1.2269, 0.2681 0.524 1.2269, 0.1567 0.524 1.2274, 0.591 0.524 1.2269, 0.5937 0.524 1.2363, 0.2845 0.524 1.2556, 0.5946 0.524 1.2493, 0.593 0.524 1.2616, 0.157 0.524 1.2347, 0.1609 0.524 1.2511, 0.1664 0.524 1.2616, 0.4322 0.524 1.2201, 0.4142 0.524 1.2103, 0.3994 0.524 1.1966, 0.5025 0.524 1.2167, 0.4836 0.524 1.2238, 0.5904 0.524 1.2246, 0.4764 0.524 1.2246, 0.4632 0.524 1.2261, 0.4528 0.524 1.2254, 0.5877 0.524 1.2153, 0.5343 0.524 1.1887, 0.52 0.524 1.2047, 0.5776 0.524 1.1977, 0.5624 0.524 1.1819, 0.5439 0.524 1.1703, 0.2299 0.524 1.296, 0.5794 0.524 1.296, 0.2296 0.524 1.2945, 0.5845 0.524 1.2889, 0.5919 0.524 1.2699, 0.2228 0.524 1.2944, 0.1687 0.524 1.266, 0.1786 0.524 1.2772, 0.1917 0.524 1.2865, 0.2066 0.524 1.2923, 0.4697 0.524 1.3244, 0.4634 0.524 1.3209, 0.4518 0.524 1.3453, 0.2324 0.524 1.3101, 0.2434 0.524 1.3386, 0.2609 0.524 1.3631, 0.2952 0.524 1.3891, 0.3221 0.524 1.399, 0.271 0.524 1.3729, 0.3484 0.524 1.4021, 0.3532 0.524 1.402, 0.3817 0.524 1.3978, 0.4888 0.524 1.3315, 0.5086 0.524 1.334, 0.5173 0.524 1.3337, 0.4095 0.524 1.3862, 0.4331 0.524 1.3685, 0.5384 0.524 1.3289, 0.5575 0.524 1.3189, 0.5725 0.524 1.3058, 0.1069 0.524 1.2537, 0.1037 0.524 1.2278, 0.1037 0.524 1.2269, 0.156 0.524 1.3248, 0.1334 0.524 1.3047, 0.0549 0.524 1.296, 0.1275 0.524 1.296, -0.5118 0.524 0.0591, -0.5151 0.524 0.0591, -0.5118 0.524 0.5118, -0.5151 0.524 1.2246, -0.4816 0.524 1.2173, -0.4671 0.524 1.2227, -0.4513 0.524 1.2246, -0.5085 0.524 1.1443, -0.5025 0.524 1.1319, -0.4935 0.524 1.1213, -0.4811 0.524 1.1125, -0.4941 0.524 1.2087, -0.4982 0.524 1.2046, -0.5056 0.524 1.1941, -0.51 0.524 1.1827, -0.5119 0.524 1.1659, -0.5115 0.524 1.1583, -0.4674 0.524 1.1072, -0.4467 0.524 1.1048, -0.4024 0.524 0.5118, -0.4137 0.524 1.105, -0.4024 0.524 1.2246, -0.4146 0.524 1.2246, -0.4024 0.524 1.2269, -0.4146 0.524 1.2251, -0.4488 0.524 1.2249, -0.5151 0.524 1.2269, -0.3854 0.524 1.1731, -0.3853 0.524 1.1593, -0.3911 0.524 1.1189, -0.366 0.524 1.1191, -0.3891 0.524 1.2246, -0.389 0.524 1.2115, -0.366 0.524 1.1732, -0.391 0.524 1.1052, -0.366 0.524 0.5118, -0.366 0.524 1.1595, -0.3423 0.524 1.1596, -0.342 0.524 1.1192, -0.366 0.524 1.2117, -0.3427 0.524 1.2118, -0.3424 0.524 1.1734, -0.3891 0.524 1.2253, -0.366 0.524 1.2269, -0.2534 0.524 1.2269, -0.3273 0.524 1.2258, -0.366 0.524 1.2255, -0.2534 0.524 1.1683, -0.2673 0.524 1.1274, -0.2713 0.524 1.1272, -0.2534 0.524 0.0591, -0.2756 0.524 0.0591, -0.2756 0.524 0.5118, -0.2691 0.524 1.1203, -0.2695 0.524 1.1203, -0.2702 0.524 1.1232, -0.2534 0.524 1.2246, -0.2952 0.524 1.1917, -0.3273 0.524 1.2246, -0.3108 0.524 1.1915, -0.3264 0.524 1.1057, -0.2712 0.524 1.0931, -0.264 0.524 1.0794, -0.2584 0.524 1.073, -0.2578 0.524 1.0725, -0.2534 0.524 1.0694, -0.1621 0.524 1.1098, -0.1622 0.524 1.1254, -0.1482 0.524 1.2246, -0.1482 0.524 0.0591, -0.1698 0.524 0.0591, -0.1698 0.524 1.1071, -0.1632 0.524 1.1746, -0.165 0.524 1.1794, -0.1677 0.524 1.1835, -0.1698 0.524 1.2246, -0.1698 0.524 1.1211, -0.1698 0.524 1.1529, -0.1676 0.524 1.1219, -0.1693 0.524 1.1533, -0.1668 0.524 1.1558, -0.165 0.524 1.1587, -0.1633 0.524 1.1632, -0.1627 0.524 1.1694, -0.1726 0.524 1.106, -0.2153 0.524 1.144, -0.2179 0.524 1.1402, -0.2164 0.524 1.1758, -0.2195 0.524 1.1358, -0.2202 0.524 1.1297, -0.1698 0.524 1.1853, -0.1724 0.524 1.1877, -0.1761 0.524 1.1899, -0.1841 0.524 1.1929, -0.1962 0.524 1.1943, -0.2244 0.524 1.2246, -0.2068 0.524 1.1933, -0.2165 0.524 1.1904, -0.2177 0.524 1.1193, -0.215 0.524 1.1153, -0.2244 0.524 0.0591, -0.2104 0.524 1.1113, -0.207 0.524 1.1092, -0.1991 0.524 1.1062, -0.1854 0.524 1.1046, -0.2195 0.524 1.124, -0.1947 0.524 1.1821, -0.1902 0.524 1.1818, -0.1782 0.524 1.1707, -0.1862 0.524 1.1808, -0.1828 0.524 1.179, -0.1783 0.524 1.1687, -0.1789 0.524 1.1663, -0.1799 0.524 1.1643, -0.1814 0.524 1.1627, -0.1867 0.524 1.1593, -0.2052 0.524 1.1808, -0.196 0.524 1.1552, -0.2137 0.524 1.1774, -0.2018 0.524 1.1528, -0.2117 0.524 1.1472, -0.1805 0.524 1.177, -0.1792 0.524 1.1751, -0.1785 0.524 1.1731, -0.177 0.524 1.1182, -0.1853 0.524 1.1444, -0.1763 0.524 1.1485, -0.1869 0.524 1.1169, -0.1876 0.524 1.1169, -0.1951 0.524 1.1401, -0.1953 0.524 1.1177, -0.2048 0.524 1.1284, -0.2046 0.524 1.1302, -0.1992 0.524 1.1191, -0.2006 0.524 1.1199, -0.2023 0.524 1.1214, -0.2036 0.524 1.1234, -0.2044 0.524 1.1255, -0.204 0.524 1.1326, -0.2028 0.524 1.1346, -0.2009 0.524 1.1366, -0.5151 0.524 1.418, -0.4024 0.524 1.418, -0.4157 0.524 1.4157, -0.366 0.524 1.296, -0.3691 0.524 1.296, -0.4024 0.524 1.3815, -0.3691 0.524 1.2959, -0.366 0.524 1.2616, -0.3862 0.524 1.2958, -0.4024 0.524 1.2616, -0.3863 0.524 1.296, -0.4024 0.524 1.296, -0.4024 0.524 1.3285, -0.398 0.524 1.3285, -0.448 0.524 1.3282, -0.4598 0.524 1.296, -0.46 0.524 1.2952, -0.4772 0.524 1.2951, -0.5151 0.524 1.2616, -0.2244 0.524 1.418, -0.2401 0.524 1.4169, -0.2534 0.524 1.418, -0.24 0.524 1.4031, -0.2363 0.524 1.3647, -0.2244 0.524 1.3648, -0.2244 0.524 1.3106, -0.2421 0.524 1.3105, -0.2362 0.524 1.3509, -0.2244 0.524 1.351, -0.1933 0.524 1.3512, -0.193 0.524 1.3108, -0.2244 0.524 1.4032, -0.1936 0.524 1.4034, -0.1934 0.524 1.365, -0.1774 0.524 1.2972, -0.1698 0.524 1.296, -0.2244 0.524 1.296, -0.2534 0.524 1.296, -0.242 0.524 1.2968, -0.2244 0.524 1.2969, -0.1698 0.524 1.418, -0.1782 0.524 1.4173, -0.2244 0.524 1.417, -0.0108 0.524 1.3121, -0.0586 0.524 1.3118, -0.0612 0.524 1.296, -0.0585 0.524 1.2981, 0.0048 0.524 1.2985, -0.0612 0.524 1.4366, 0.004 0.524 1.4186, 0.004 0.524 1.418, -1.1005 0.524 0.0591, -1.2205 0.524 0.0591, -1.2205 0.524 0.1575, -1.5748 0.524 0.1575, -1.5748 0.524 1.2246, -1.1005 0.524 1.2246, -0.1542 0.524 1.4146, -0.1541 0.524 1.3984, -0.1281 0.524 1.3096, -0.1417 0.524 1.312, -0.1482 0.524 1.4009, -0.1482 0.524 1.3149, -0.1527 0.524 1.3992, -0.1535 0.524 1.3173, -0.0859 0.524 1.3305, -0.0916 0.524 1.3223, -0.094 0.524 1.32, -0.1018 0.524 1.3144, -0.093 0.524 1.3927, -0.0864 0.524 1.3836, -0.1012 0.524 1.3994, -0.1107 0.524 1.4037, -0.1406 0.524 1.4039, -0.1258 0.524 1.4057, -0.0802 0.524 1.3522, -0.1212 0.524 1.4056, -0.0801 0.524 1.3566, -0.0823 0.524 1.3734, -0.1103 0.524 1.311, -0.1224 0.524 1.3094, -0.082 0.524 1.3402, -0.126 0.524 1.4197, -0.1417 0.524 1.4184, -0.1482 0.524 1.4366, -0.0727 0.524 1.3911, -0.0815 0.524 1.4024, -0.0844 0.524 1.4051, -0.0956 0.524 1.4129, -0.0684 0.524 1.296, -0.0684 0.524 1.3302, -0.0669 0.524 1.3778, -0.0684 0.524 1.3811, -0.0657 0.524 1.3379, -0.0638 0.524 1.3558, -0.0641 0.524 1.3621, -0.1128 0.524 1.296, -0.0998 0.524 1.2988, -0.0885 0.524 1.3042, -0.0789 0.524 1.3123, -0.077 0.524 1.3144, -0.0702 0.524 1.325, -0.1201 0.524 1.2956, -0.1482 0.524 1.2616, -0.114 0.524 1.296, -0.0684 0.524 1.2616, -0.1534 0.524 1.3024, -0.1513 0.524 1.3014, -0.1482 0.524 1.3004, -0.0527 0.524 1.1617, -0.0097 0.524 1.162, -0.0094 0.524 1.1216, -0.0612 0.524 1.2246, -0.0565 0.524 1.2246, -0.0564 0.524 1.2139, -0.0585 0.524 1.1212, -0.0584 0.524 1.1076, -0.0101 0.524 1.2142, -0.0098 0.524 1.1757, -0.0527 0.524 1.1754, -0.0565 0.524 1.2277, -0.0565 0.524 1.2269, -0.0612 0.524 1.2269, -0.0612 0.524 1.2616, 0.0053 0.524 1.2281, 0.0053 0.524 1.2269, 0.0054 0.524 1.2246, -0.2285 0.524 1.1921, -0.2453 0.524 1.192, -0.366 0.524 1.1054, -0.2525 0.524 1.0688, -0.2466 0.524 1.0665, -0.2404 0.524 1.0659, -0.2369 0.524 1.066, -0.2307 0.524 1.0672, -0.2308 0.524 1.0805, -0.2339 0.524 1.0795, -0.2393 0.524 1.0788, -0.2406 0.524 1.0788, -0.2441 0.524 1.0794, -0.2472 0.524 1.0809, -0.2487 0.524 1.082, -0.2515 0.524 1.085, -0.2534 0.524 1.0882, -0.5353 0.524 1.1042, -0.5182 0.524 1.1043, -0.5647 0.524 1.2241, -0.5813 0.524 1.224, -0.6262 0.524 1.1035, -0.6091 0.524 1.1036, -0.5971 0.524 1.1366, -0.5471 0.524 1.1369, -1.1005 0.524 1.2269, -1.5748 0.524 1.2269, -1.1005 0.524 1.2616, -1.1005 0.524 1.296, -1.5748 0.524 1.2616, -1.5748 0.524 1.296, -1.1005 0.524 1.418, -1.5748 0.524 1.418, -0.3625 0.524 1.3499, -0.3595 0.524 1.3359, -0.3566 0.524 1.3857, -0.3609 0.524 1.3743, -0.366 0.524 1.418, -0.3629 0.524 1.3575, -0.3535 0.524 1.3235, -0.3444 0.524 1.3129, -0.332 0.524 1.3041, -0.2998 0.524 1.4165, -0.3181 0.524 1.4143, -0.3325 0.524 1.4089, -0.3183 0.524 1.2988, -0.2977 0.524 1.2964, -0.2647 0.524 1.2966, -0.2655 0.524 1.4167, -0.3451 0.524 1.4003, -0.3492 0.524 1.3962, -0.1698 0.524 1.2616, -0.2244 0.524 1.2616, -0.2534 0.524 1.2616, -0.1698 0.524 1.4366, -0.2244 0.524 1.4366, -0.2534 0.524 1.4366, -0.366 0.524 1.4366, -0.4024 0.524 1.4366, -0.5151 0.524 1.4366, -1.1005 0.524 1.4366, -1.5748 0.524 1.4366, -0.0761 0.524 1.144, -0.0791 0.524 1.1483, -0.0816 0.524 1.1725, -0.1202 0.524 1.1941, -0.1266 0.524 1.1921, -0.1316 0.524 1.1893, -0.1356 0.524 1.1854, -0.119 0.524 1.1115, -0.1134 0.524 1.108, -0.1267 0.524 1.1071, -0.1072 0.524 1.1059, -0.1 0.524 1.1052, -0.1387 0.524 1.1806, -0.141 0.524 1.1738, -0.1421 0.524 1.1622, -0.0818 0.524 1.1872, -0.0848 0.524 1.1889, -0.0684 0.524 1.2246, -0.096 0.524 1.1932, -0.1113 0.524 1.1949, -0.0838 0.524 1.1522, -0.0902 0.524 1.1555, -0.0921 0.524 1.179, -0.1016 0.524 1.1582, -0.115 0.524 1.1821, -0.1098 0.524 1.1827, -0.1016 0.524 1.182, -0.1417 0.524 1.107, -0.073 0.524 1.1322, -0.074 0.524 1.1387, -0.1268 0.524 1.1203, -0.1264 0.524 1.1203, -0.1238 0.524 1.1165, -0.0907 0.524 1.1064, -0.085 0.524 1.1087, -0.0684 0.524 0.0591, -0.0802 0.524 1.1121, -0.0785 0.524 1.1139, -0.0754 0.524 1.1185, -0.0737 0.524 1.1236, -0.073 0.524 1.1304, -0.1271 0.524 1.1616, -0.1266 0.524 1.1681, -0.1251 0.524 1.1735, -0.1234 0.524 1.1767, -0.0977 0.524 1.1053, -0.1211 0.524 1.1791, -0.1185 0.524 1.1809, 0.0062 0.524 1.108, -0.0612 0.524 0.0591, -0.0684 0.524 1.2269, -0.1482 0.524 1.2269, -0.1698 0.524 1.2269, -0.2244 0.524 1.2269, -0.0684 0.524 1.4366, -0.1257 0.524 1.4197, -0.0612 0.524 2.5591, -0.0684 0.524 2.5591, -0.1482 0.524 2.5591, -0.1698 0.524 2.5591, -0.2244 0.524 2.5591, -0.2534 0.524 2.5591, -0.366 0.524 2.5591, -0.4024 0.524 2.5591, -0.5151 0.524 2.5591, -1.1005 0.524 2.5591, -1.5748 0.524 2.5591, 1.2205 -1.602 0.0591, 0.9646 -1.1256 0.0591, 0.9646 -1.602 0.0591, -0.9646 -1.602 0.0591, -1.2205 -1.602 0.0591, -0.9646 -1.1256 0.0591, 0.5118 0.3075 0.0591, 0.7874 0.3075 0.0591, 0.7874 -0.9327 0.0591, 0.3543 -0.9327 0.0591, 0.5315 -1.1256 0.0591, 0.3543 -1.3854 0.0591, 0.5315 -1.602 0.0591, -0.3543 -1.3854 0.0591, -0.5315 -1.602 0.0591, -0.3543 -0.9327 0.0591, -0.5315 -1.1256 0.0591, -0.7874 -0.9327 0.0591, -0.7874 0.3075 0.0591, -0.5118 0.3075 0.0591, 0.5118 0.3075 0.5118, 0.7874 0.3075 0.5118, -0.9646 -1.1256 0.7874, -0.689 -1.1256 0.7874, -0.9646 0.2799 0.7874, -0.689 -0.3067 0.7874, 0.9646 0.2799 0.7874, 0.0787 0.2799 0.7874, 0.0787 0.1815 0.7874, -0.0984 -1.1256 0.7874, 0.0984 -1.1256 0.7874, -0.0984 -0.3067 0.7874, 0.0984 -0.3067 0.7874, 0.689 -1.1256 0.7874, 0.9646 -1.1256 0.7874, 0.689 -0.3067 0.7874, -0.0787 0.2799 0.7874, -0.0787 0.1815 0.7874, -0.0984 -1.1256 1.0236, 0.0984 -1.1256 1.0236, 0.2756 0.3075 0.0591, -0.2756 0.3075 0.0591, -0.2756 0.3075 0.5118, 0.2756 0.3075 0.5118, 0.1969 -1.1256 1.0236, 0.1969 -1.1256 2.5591, 0.5315 -1.1256 1.0236, 0.5315 -1.1256 2.5591, 0.5709 -1.602 2.5591, 0.5709 -1.3854 2.5591, 1.1811 -0.8028 2.5591, 0.9646 -0.8028 2.5591, 1.1811 -1.1492 2.5591, 0.9646 -1.1728 2.5591, 1.5748 -0.913 2.5591, 1.3386 -0.913 2.5591, 1.5748 -1.602 2.5591, 1.3386 -1.1492 2.5591, -0.1969 -1.1256 2.5591, -0.5315 -1.1256 2.5591, -0.1969 -1.4327 2.5591, -0.5315 -1.1728 2.5591, 0.1969 -1.4327 2.5591, -1.5748 -1.602 2.5591, -0.9646 -1.1728 2.5591, 0.5315 -1.1728 2.5591, 0.9252 -1.3854 2.5591, 0.9252 -1.602 2.5591, -1.378 -0.913 2.5591, -1.5748 -0.913 2.5591, -1.378 -1.1492 2.5591, -1.1811 -1.1492 2.5591, -1.1811 -0.8028 2.5591, -0.9646 -0.8028 2.5591, -1.1811 0.2681 2.5591, -1.1811 -0.4484 2.5591, -0.9646 -0.4484 2.5591, -1.5748 0.0319 2.5591, -1.378 0.0319 2.5591, 0.9646 -0.4484 2.5591, 1.1811 -0.4484 2.5591, 0.9646 0.2799 2.5591, 1.1811 0.2681 2.5591, 1.3386 0.0319 2.5591, 1.5748 0.0319 2.5591, 1.3386 0.2681 2.5591, -0.9646 0.2799 2.5591, -1.378 0.2681 2.5591, 0.9646 -1.1728 1.9685, 0.9646 -0.8028 1.8189, 0.9646 -1.602 1.9685, 0.9646 -0.4484 1.8189, 1.2205 -0.913 0.1575, 1.2205 -1.602 0.1575, 1.2205 0.0319 0.1575, 1.2205 0.2287 2.5197, 1.2205 -0.4484 2.5197, 1.2205 0.2287 0.6693, 1.2205 -0.4484 1.8189, 1.2205 -0.8028 2.5197, 1.2205 -1.1098 2.5197, 1.2205 -0.8028 1.8189, 1.2205 -1.1098 0.6693, 1.2205 -0.913 0.6299, 1.2205 0.0319 0.6299, 1.2205 -0.9524 0.6693, 1.2205 0.0713 0.6693, 1.5748 -0.913 0.1575, 1.5748 -1.602 0.1575, -1.5748 -1.602 0.1575, -1.2205 -1.602 0.1575, -0.9646 -1.602 1.9685, -0.5315 -1.602 1.9685, 0.5709 -1.602 2.3622, 0.9252 -1.602 2.3622, 0.5315 -1.602 1.9685, 1.5748 0.0319 0.1575, 1.3386 0.0319 0.6299, 1.3386 -0.913 0.6299, 1.3386 -0.9524 0.6693, 1.3386 -1.1098 0.6693, 1.3386 -1.1098 2.5197, -1.2205 0.2287 2.5197, -1.2205 -0.4484 2.5197, -1.5748 0.0319 0.1575, -1.3386 0.2287 0.6693, -1.3386 0.2287 2.5197, -1.3386 0.0713 0.6693, -1.3386 0.0319 2.5197, -1.3386 0.0319 0.6299, -1.2205 0.0713 0.6693, -1.2205 0.2287 0.6693, -0.7874 -0.9327 0.374, -0.3543 -0.9327 0.374, 0.7874 -0.9327 0.374, 0.3543 -0.9327 0.374, -1.5748 -0.913 0.1575, 0.1969 -1.4327 1.0236, -0.1969 -1.4327 1.0236, -0.1969 -1.1256 1.0236, -0.5315 -1.1256 1.0236, -0.9646 -0.8028 1.8189, -0.9646 -1.1728 1.9685, -0.9646 -0.4484 1.8189, 0.0787 0.2799 1.7717, -0.0787 0.2799 1.7717, 0.7874 -0.3028 0.5118, -0.7874 -0.3028 0.5118, -0.7874 0.3075 0.5118, -0.5118 0.3075 0.5118, 0.7874 -0.4406 0.374, -0.7874 -0.4406 0.374, -0.2953 -0.7634 0.374, -0.4921 -0.7634 0.374, -0.4921 -0.5665 0.374, -0.2953 -0.5665 0.374, 0.2953 -0.7634 0.374, 0.4921 -0.7634 0.374, 0.4921 -0.5665 0.374, 0.2953 -0.5665 0.374, -0.3543 -0.9327 0.5709, 0.3543 -0.9327 0.5709, 0.3543 -1.3854 0.5709, -0.3543 -1.3854 0.5709, -0.5315 -1.1728 1.9685, -0.689 -1.1256 1.0236, -1.2205 0.0319 0.1575, -1.2205 -0.913 0.1575, -1.2205 -1.1098 0.6693, -1.2205 -1.1098 2.5197, -1.2205 -0.8028 1.8189, -1.2205 -0.8028 2.5197, -1.2205 -0.4484 1.8189, -1.2205 0.0319 0.6299, -1.2205 -0.913 0.6299, -1.2205 -0.9524 0.6693, -1.3386 -1.1098 2.5197, -1.3386 -1.1098 0.6693, -1.3386 -0.913 2.5197, -1.3386 -0.9524 0.6693, -1.3386 -0.913 0.6299, 0.5315 -1.1728 1.9685, 0.689 -1.1256 1.0236, 1.3386 0.2287 2.5197, 1.3386 0.2287 0.6693, 1.3386 0.0713 0.6693, 0.5709 -1.3854 2.3622, 0.9252 -1.3854 2.3622, 0.0984 -0.4721 1.0236, 0.2953 -0.7634 1.0236, 0.4921 -0.7634 1.0236, 0.4921 -0.5665 1.0236, 0.689 -0.4721 1.0236, 0.2953 -0.5665 1.0236, -0.4921 -0.7634 1.0236, -0.2953 -0.7634 1.0236, -0.2953 -0.5665 1.0236, -0.0984 -0.4721 1.0236, -0.4921 -0.5665 1.0236, -0.689 -0.4721 1.0236, -0.0787 0.1815 1.6732, 0.0787 0.1815 1.6732
            ]
        }
        coordIndex [
            0,1,2,-1,3,4,5,-1,6,7,8,-1,9,10,11,-1,12,13,14,-1,15,16,17,-1,18,19,20,-1,21,22,23,-1,24,25,26,-1,27,28,29,-1,30,31,32,-1,32,31,33,-1,32,33,34,-1,35,36,37,-1,37,36,38,-1,37,38,32,-1,32,38,39,-1,32,39,30,-1,29,28,40,-1,41,35,42,-1,40,28,42,-1,42,28,43,-1,42,43,41,-1,44,45,29,-1,29,45,46,-1,29,46,27,-1,47,48,44,-1,48,49,44,-1,44,49,50,-1,44,50,45,-1,45,50,51,-1,45,51,52,-1,52,51,53,-1,52,53,54,-1,26,25,55,-1,25,56,55,-1,55,56,57,-1,55,57,44,-1,44,57,58,-1,44,58,47,-1,24,26,59,-1,59,26,60,-1,59,60,61,-1,61,60,62,-1,61,62,63,-1,64,65,66,-1,67,68,69,-1,69,68,70,-1,71,72,73,-1,73,72,74,-1,75,76,77,-1,77,76,78,-1,79,80,73,-1,73,80,81,-1,82,83,84,-1,85,86,82,-1,82,86,87,-1,82,87,83,-1,66,65,62,-1,62,65,88,-1,62,88,63,-1,89,90,74,-1,74,90,91,-1,92,93,69,-1,69,93,94,-1,69,94,95,-1,78,96,77,-1,77,96,97,-1,77,97,98,-1,99,100,69,-1,69,100,101,-1,69,101,92,-1,95,102,69,-1,69,102,103,-1,69,103,66,-1,66,103,104,-1,66,104,64,-1,81,105,73,-1,73,105,106,-1,73,106,70,-1,70,106,86,-1,70,86,69,-1,85,107,86,-1,86,107,108,-1,86,108,69,-1,69,108,109,-1,69,109,99,-1,91,110,74,-1,74,110,111,-1,74,111,73,-1,73,111,112,-1,73,112,79,-1,113,114,115,-1,115,114,116,-1,115,116,77,-1,77,116,117,-1,77,117,75,-1,118,119,77,-1,77,119,120,-1,77,120,121,-1,84,122,82,-1,82,122,123,-1,82,123,124,-1,124,123,113,-1,124,113,125,-1,125,113,115,-1,98,126,77,-1,77,126,127,-1,77,127,128,-1,128,129,77,-1,77,129,130,-1,77,130,118,-1,120,131,121,-1,121,131,132,-1,121,132,133,-1,133,132,134,-1,135,23,136,-1,136,23,137,-1,136,137,138,-1,138,137,139,-1,134,140,133,-1,133,140,141,-1,133,141,137,-1,137,141,142,-1,137,142,139,-1,21,143,22,-1,22,143,144,-1,22,144,145,-1,146,147,148,-1,148,147,149,-1,148,149,135,-1,135,149,150,-1,135,150,23,-1,23,150,151,-1,23,151,21,-1,152,153,148,-1,148,153,154,-1,148,154,146,-1,152,155,153,-1,153,155,156,-1,153,156,157,-1,158,159,160,-1,160,159,161,-1,160,161,162,-1,162,139,160,-1,160,139,142,-1,160,142,163,-1,163,142,164,-1,164,165,163,-1,163,165,166,-1,163,166,167,-1,168,159,169,-1,169,159,158,-1,169,158,170,-1,171,172,173,-1,174,175,158,-1,171,173,158,-1,158,173,176,-1,158,176,174,-1,175,177,158,-1,158,177,178,-1,158,178,179,-1,168,180,159,-1,159,180,181,-1,159,181,182,-1,179,183,158,-1,158,183,184,-1,158,184,170,-1,185,186,182,-1,182,186,187,-1,182,187,159,-1,188,189,89,-1,89,189,190,-1,89,190,90,-1,34,191,32,-1,32,191,192,-1,32,192,193,-1,193,192,194,-1,193,194,18,-1,195,196,197,-1,197,196,198,-1,199,198,200,-1,200,198,201,-1,202,203,197,-1,197,203,204,-1,197,204,205,-1,199,206,198,-1,198,206,207,-1,198,207,208,-1,208,209,198,-1,198,209,210,-1,198,210,197,-1,197,210,211,-1,197,211,202,-1,205,212,197,-1,197,212,213,-1,197,213,214,-1,214,213,215,-1,214,215,216,-1,216,215,217,-1,216,217,218,-1,217,219,218,-1,218,219,220,-1,218,220,221,-1,221,220,201,-1,222,223,224,-1,224,223,225,-1,216,226,227,-1,228,222,227,-1,227,222,224,-1,227,224,216,-1,216,224,229,-1,216,229,214,-1,214,229,230,-1,223,231,225,-1,225,231,232,-1,225,232,233,-1,227,234,228,-1,228,234,235,-1,228,235,236,-1,226,216,237,-1,237,216,218,-1,237,218,238,-1,239,240,238,-1,238,240,241,-1,238,241,237,-1,242,243,244,-1,245,246,247,-1,248,249,243,-1,243,249,250,-1,243,250,244,-1,251,252,253,-1,253,252,254,-1,253,254,255,-1,255,254,256,-1,255,256,257,-1,257,258,255,-1,255,258,259,-1,255,259,260,-1,261,262,263,-1,264,265,266,-1,267,268,263,-1,263,268,269,-1,263,269,270,-1,271,272,273,-1,273,272,274,-1,273,274,262,-1,262,274,275,-1,275,276,262,-1,262,276,277,-1,262,277,263,-1,263,277,278,-1,263,278,267,-1,266,265,279,-1,280,281,282,-1,282,281,283,-1,282,283,284,-1,269,285,270,-1,270,285,286,-1,270,286,287,-1,287,288,270,-1,270,288,289,-1,270,289,290,-1,290,289,291,-1,290,291,292,-1,293,294,295,-1,295,294,296,-1,296,297,295,-1,295,297,298,-1,295,298,265,-1,265,298,299,-1,265,299,279,-1,292,282,290,-1,290,282,284,-1,290,284,295,-1,295,284,300,-1,295,300,293,-1,301,302,303,-1,303,302,304,-1,303,304,305,-1,303,306,301,-1,301,306,307,-1,301,307,308,-1,308,309,301,-1,301,309,310,-1,301,310,311,-1,311,310,312,-1,311,312,313,-1,313,312,314,-1,313,314,282,-1,282,314,315,-1,282,315,280,-1,316,317,305,-1,305,317,318,-1,305,318,303,-1,319,320,271,-1,271,320,321,-1,271,321,272,-1,319,322,320,-1,320,322,323,-1,320,323,324,-1,324,323,325,-1,324,326,327,-1,325,328,324,-1,324,328,329,-1,324,329,330,-1,330,331,324,-1,324,331,332,-1,324,332,326,-1,327,333,324,-1,324,333,334,-1,324,334,335,-1,336,337,15,-1,15,337,338,-1,339,340,341,-1,342,343,344,-1,344,343,345,-1,344,345,346,-1,345,347,346,-1,346,347,348,-1,346,348,349,-1,350,348,351,-1,351,348,347,-1,351,347,352,-1,352,347,345,-1,352,345,353,-1,353,345,354,-1,353,354,16,-1,355,356,357,-1,357,356,358,-1,357,358,359,-1,359,358,360,-1,361,362,363,-1,363,364,361,-1,361,364,365,-1,361,365,366,-1,358,367,360,-1,360,367,368,-1,360,368,369,-1,370,371,372,-1,359,363,357,-1,357,363,362,-1,357,362,373,-1,373,362,374,-1,373,374,372,-1,372,374,375,-1,372,375,370,-1,376,377,355,-1,355,377,378,-1,355,378,356,-1,13,379,14,-1,14,379,380,-1,14,380,381,-1,381,380,382,-1,381,382,383,-1,12,384,385,-1,385,384,37,-1,385,37,386,-1,386,37,32,-1,386,32,383,-1,383,32,193,-1,383,193,381,-1,387,388,389,-1,390,391,389,-1,389,391,392,-1,389,392,387,-1,10,9,376,-1,376,9,393,-1,376,393,394,-1,395,396,397,-1,397,396,398,-1,397,398,399,-1,399,398,400,-1,399,400,394,-1,394,400,371,-1,394,371,376,-1,376,371,370,-1,376,370,377,-1,401,402,397,-1,397,402,403,-1,397,403,404,-1,405,406,407,-1,407,406,408,-1,409,410,411,-1,411,410,412,-1,411,412,413,-1,413,412,408,-1,413,408,414,-1,414,408,406,-1,404,415,397,-1,397,415,416,-1,397,416,395,-1,409,411,397,-1,397,411,417,-1,397,417,401,-1,418,419,420,-1,420,419,11,-1,8,421,422,-1,422,423,8,-1,8,423,424,-1,8,424,6,-1,381,425,426,-1,14,427,8,-1,8,427,428,-1,8,428,421,-1,426,429,381,-1,381,429,430,-1,381,430,14,-1,14,430,431,-1,14,431,427,-1,432,433,425,-1,425,433,434,-1,425,434,435,-1,435,436,425,-1,425,436,437,-1,425,437,426,-1,4,438,439,-1,439,438,440,-1,439,440,441,-1,400,442,371,-1,371,442,443,-1,371,443,5,-1,5,443,444,-1,5,444,3,-1,445,446,447,-1,448,449,450,-1,451,452,448,-1,453,454,450,-1,450,454,455,-1,450,455,448,-1,448,455,445,-1,448,445,451,-1,451,445,447,-1,456,457,458,-1,458,457,449,-1,456,459,460,-1,460,459,20,-1,460,20,461,-1,19,188,20,-1,20,188,89,-1,20,89,461,-1,461,89,74,-1,461,74,462,-1,251,290,463,-1,244,252,242,-1,242,252,251,-1,242,251,464,-1,464,251,463,-1,229,465,230,-1,230,465,255,-1,230,255,247,-1,247,255,260,-1,247,260,245,-1,245,260,466,-1,466,467,245,-1,245,467,468,-1,245,468,295,-1,468,469,295,-1,295,469,470,-1,295,470,290,-1,290,470,471,-1,290,471,463,-1,463,471,472,-1,463,472,473,-1,473,474,463,-1,463,474,475,-1,463,475,476,-1,476,477,463,-1,463,477,478,-1,463,478,2,-1,2,478,479,-1,2,479,0,-1,480,481,196,-1,196,481,198,-1,198,481,482,-1,198,482,392,-1,392,482,483,-1,392,483,387,-1,387,483,484,-1,387,484,485,-1,486,487,485,-1,485,487,480,-1,485,480,387,-1,387,480,196,-1,201,198,221,-1,221,198,392,-1,221,392,488,-1,488,392,391,-1,488,391,489,-1,16,354,17,-1,17,354,490,-1,17,490,491,-1,491,490,492,-1,491,492,493,-1,15,17,336,-1,336,17,491,-1,336,491,494,-1,494,491,493,-1,494,493,495,-1,496,497,339,-1,498,499,500,-1,500,499,501,-1,497,502,339,-1,339,502,503,-1,339,503,504,-1,357,505,500,-1,500,505,506,-1,500,506,507,-1,504,508,339,-1,339,508,509,-1,339,509,373,-1,373,509,510,-1,373,510,357,-1,357,510,511,-1,357,511,505,-1,507,512,500,-1,500,512,513,-1,500,513,498,-1,338,337,341,-1,341,337,500,-1,341,500,339,-1,339,500,501,-1,339,501,496,-1,4,439,5,-1,5,439,514,-1,5,514,371,-1,371,514,515,-1,371,515,372,-1,372,515,516,-1,372,516,373,-1,373,516,343,-1,373,343,339,-1,339,343,342,-1,339,342,340,-1,11,10,420,-1,420,10,376,-1,420,376,517,-1,517,376,355,-1,517,355,518,-1,518,355,357,-1,518,357,519,-1,519,357,500,-1,519,500,520,-1,520,500,337,-1,520,337,521,-1,521,337,336,-1,521,336,522,-1,522,336,494,-1,522,494,523,-1,523,494,495,-1,523,495,524,-1,525,526,527,-1,528,529,263,-1,263,529,530,-1,263,530,531,-1,532,533,534,-1,534,533,535,-1,534,535,536,-1,531,537,263,-1,263,537,538,-1,263,538,539,-1,540,541,542,-1,542,541,543,-1,542,543,263,-1,263,543,544,-1,263,544,528,-1,526,545,527,-1,527,545,546,-1,527,546,547,-1,547,546,548,-1,549,550,548,-1,548,550,551,-1,548,551,547,-1,266,261,264,-1,264,261,263,-1,264,263,552,-1,552,263,539,-1,553,554,542,-1,555,556,534,-1,534,556,557,-1,534,557,532,-1,558,559,560,-1,560,559,561,-1,560,561,562,-1,562,563,560,-1,560,563,564,-1,560,564,565,-1,540,542,527,-1,527,542,554,-1,527,554,525,-1,566,567,548,-1,548,567,568,-1,548,568,569,-1,552,534,264,-1,264,534,536,-1,264,536,560,-1,560,536,570,-1,560,570,558,-1,569,571,548,-1,548,571,572,-1,548,572,549,-1,462,74,573,-1,573,74,72,-1,573,72,452,-1,452,72,574,-1,452,574,448,-1,448,574,560,-1,448,560,542,-1,542,560,565,-1,542,565,553,-1,449,448,458,-1,458,448,542,-1,458,542,575,-1,575,542,263,-1,575,263,576,-1,576,263,270,-1,576,270,577,-1,577,270,290,-1,577,290,578,-1,578,290,251,-1,578,251,239,-1,239,251,253,-1,239,253,240,-1,456,458,459,-1,459,458,575,-1,459,575,441,-1,441,575,576,-1,441,576,439,-1,439,576,577,-1,439,577,514,-1,514,577,578,-1,514,578,515,-1,515,578,239,-1,515,239,516,-1,516,239,238,-1,516,238,343,-1,343,238,218,-1,343,218,345,-1,345,218,221,-1,345,221,354,-1,354,221,488,-1,354,488,490,-1,490,488,489,-1,490,489,492,-1,12,14,384,-1,384,14,8,-1,384,8,579,-1,579,8,7,-1,579,7,420,-1,420,7,580,-1,420,580,418,-1,18,20,193,-1,193,20,459,-1,193,459,381,-1,381,459,441,-1,381,441,425,-1,425,441,440,-1,425,440,432,-1,35,37,42,-1,42,37,384,-1,42,384,581,-1,581,384,579,-1,581,579,582,-1,582,579,420,-1,582,420,583,-1,583,420,517,-1,583,517,584,-1,584,517,518,-1,584,518,585,-1,585,518,519,-1,585,519,586,-1,586,519,520,-1,586,520,587,-1,587,520,521,-1,587,521,588,-1,588,521,522,-1,588,522,589,-1,589,522,523,-1,589,523,590,-1,590,523,524,-1,590,524,591,-1,67,592,593,-1,593,592,594,-1,595,596,597,-1,597,596,388,-1,598,68,599,-1,599,68,67,-1,599,67,600,-1,600,67,593,-1,600,593,601,-1,601,593,602,-1,601,602,603,-1,603,602,604,-1,603,604,605,-1,605,604,606,-1,605,606,607,-1,607,606,608,-1,607,608,609,-1,609,608,597,-1,609,597,610,-1,610,597,388,-1,610,388,611,-1,611,388,195,-1,598,599,612,-1,612,599,613,-1,614,615,616,-1,616,615,617,-1,618,619,620,-1,621,622,623,-1,623,622,624,-1,625,626,627,-1,627,626,618,-1,628,616,629,-1,629,616,617,-1,629,617,620,-1,620,617,623,-1,620,623,618,-1,618,623,624,-1,618,624,627,-1,621,630,622,-1,622,630,631,-1,632,633,71,-1,71,633,246,-1,634,633,635,-1,635,633,632,-1,636,637,638,-1,638,637,639,-1,640,641,637,-1,642,643,644,-1,644,643,645,-1,646,647,648,-1,648,647,649,-1,648,649,644,-1,650,651,652,-1,652,651,653,-1,637,654,640,-1,640,654,652,-1,640,652,655,-1,655,652,653,-1,655,653,656,-1,639,637,657,-1,657,637,641,-1,657,641,645,-1,645,641,658,-1,645,658,644,-1,644,658,659,-1,644,659,648,-1,660,661,662,-1,662,661,655,-1,662,655,663,-1,663,655,656,-1,663,656,664,-1,664,656,665,-1,666,667,668,-1,591,669,670,-1,671,672,673,-1,673,672,674,-1,675,676,677,-1,677,676,40,-1,677,40,674,-1,674,40,591,-1,674,591,673,-1,673,591,678,-1,670,679,591,-1,591,679,666,-1,591,666,678,-1,678,666,668,-1,645,643,680,-1,680,643,681,-1,680,681,682,-1,682,681,594,-1,593,594,626,-1,626,594,681,-1,626,681,618,-1,618,681,683,-1,618,683,673,-1,673,683,671,-1,684,685,592,-1,67,69,686,-1,687,688,689,-1,689,688,690,-1,691,692,693,-1,693,692,694,-1,592,67,684,-1,684,67,686,-1,684,686,695,-1,695,686,696,-1,695,696,697,-1,694,697,693,-1,693,697,696,-1,693,696,690,-1,690,696,698,-1,690,698,689,-1,642,644,691,-1,691,644,692,-1,688,687,672,-1,672,687,674,-1,646,648,699,-1,699,648,700,-1,655,701,702,-1,703,704,705,-1,705,704,706,-1,705,640,703,-1,703,640,655,-1,703,655,595,-1,595,655,702,-1,595,702,596,-1,648,659,706,-1,682,594,685,-1,685,594,592,-1,606,604,704,-1,704,604,707,-1,704,707,706,-1,706,707,682,-1,706,682,648,-1,648,682,685,-1,648,685,700,-1,40,676,66,-1,66,676,708,-1,696,686,709,-1,709,686,708,-1,709,708,675,-1,675,708,676,-1,647,646,710,-1,710,646,699,-1,710,699,695,-1,695,699,684,-1,647,710,711,-1,711,712,647,-1,647,712,713,-1,647,713,649,-1,697,694,711,-1,711,694,712,-1,666,714,667,-1,667,714,715,-1,716,669,390,-1,390,669,591,-1,717,718,719,-1,719,718,720,-1,719,720,721,-1,722,723,719,-1,719,723,717,-1,609,724,607,-1,607,724,725,-1,726,600,727,-1,727,600,601,-1,701,655,728,-1,728,655,661,-1,729,654,636,-1,636,654,637,-1,730,652,729,-1,729,652,654,-1,731,650,730,-1,730,650,652,-1,732,651,731,-1,731,651,650,-1,595,597,614,-1,665,656,733,-1,733,656,734,-1,678,668,616,-1,616,668,735,-1,616,735,614,-1,614,735,733,-1,614,733,595,-1,595,733,734,-1,595,734,703,-1,619,618,736,-1,736,618,673,-1,736,673,737,-1,737,673,678,-1,737,678,628,-1,628,678,616,-1,612,613,738,-1,739,740,738,-1,738,740,741,-1,635,73,70,-1,70,612,635,-1,635,612,738,-1,635,738,634,-1,634,738,741,-1,634,741,247,-1,247,741,197,-1,742,743,738,-1,738,743,739,-1,744,725,745,-1,745,725,724,-1,745,724,746,-1,746,724,743,-1,746,743,747,-1,727,748,726,-1,726,748,749,-1,726,749,742,-1,742,749,750,-1,742,750,751,-1,727,725,748,-1,748,725,744,-1,748,744,751,-1,751,744,747,-1,751,747,742,-1,742,747,743,-1,740,610,741,-1,741,610,611,-1,724,609,743,-1,743,609,610,-1,743,610,739,-1,739,610,740,-1,738,613,742,-1,742,613,599,-1,742,599,726,-1,726,599,600,-1,752,725,753,-1,753,725,727,-1,753,754,752,-1,752,754,755,-1,754,603,755,-1,755,603,605,-1,752,755,725,-1,725,755,605,-1,725,605,607,-1,601,603,727,-1,727,603,754,-1,727,754,753,-1,606,704,756,-1,608,606,732,-1,732,606,756,-1,732,756,651,-1,651,756,653,-1,756,734,653,-1,653,734,656,-1,703,734,704,-1,704,734,756,-1,732,757,615,-1,614,597,615,-1,615,597,608,-1,615,608,732,-1,718,717,714,-1,714,717,723,-1,758,389,388,-1,596,702,759,-1,760,761,762,-1,762,761,763,-1,715,714,764,-1,764,714,723,-1,388,596,758,-1,758,596,759,-1,758,759,765,-1,765,759,766,-1,765,766,767,-1,723,722,764,-1,764,722,765,-1,764,765,762,-1,762,765,767,-1,762,767,760,-1,761,760,768,-1,768,760,769,-1,768,769,770,-1,770,769,771,-1,770,771,772,-1,771,769,767,-1,767,769,760,-1,721,720,670,-1,758,765,716,-1,716,765,721,-1,716,721,669,-1,669,721,670,-1,772,766,759,-1,660,770,661,-1,661,770,772,-1,661,772,728,-1,728,772,759,-1,701,728,702,-1,702,728,759,-1,390,389,716,-1,716,389,758,-1,772,771,766,-1,766,771,767,-1,719,721,722,-1,722,721,765,-1,718,679,720,-1,720,679,670,-1,714,666,718,-1,718,666,679,-1,761,663,763,-1,763,663,664,-1,768,662,761,-1,761,662,663,-1,662,768,660,-1,660,768,770,-1,764,735,715,-1,715,735,668,-1,715,668,667,-1,664,665,763,-1,763,665,733,-1,763,733,762,-1,733,735,762,-1,762,735,764,-1,680,773,645,-1,645,773,657,-1,639,657,773,-1,604,602,638,-1,639,773,638,-1,638,773,707,-1,638,707,604,-1,707,773,682,-1,682,773,680,-1,774,638,625,-1,625,638,602,-1,625,602,626,-1,626,602,593,-1,687,689,775,-1,775,689,776,-1,675,677,775,-1,775,776,675,-1,675,776,777,-1,675,777,709,-1,713,712,692,-1,692,712,694,-1,777,776,698,-1,698,776,689,-1,685,684,700,-1,700,684,699,-1,69,66,686,-1,686,66,708,-1,711,710,697,-1,697,710,695,-1,709,777,696,-1,696,777,698,-1,674,687,677,-1,677,687,775,-1,692,644,713,-1,713,644,649,-1,693,681,691,-1,691,681,643,-1,691,643,642,-1,672,671,688,-1,688,671,683,-1,688,683,690,-1,683,681,690,-1,690,681,693,-1,705,778,640,-1,640,778,641,-1,778,779,641,-1,641,779,658,-1,779,706,658,-1,658,706,659,-1,706,779,705,-1,705,779,778,-1,780,631,636,-1,636,631,729,-1,729,631,730,-1,730,631,630,-1,730,630,731,-1,780,636,781,-1,781,636,638,-1,781,638,782,-1,782,638,774,-1,782,774,783,-1,783,774,784,-1,783,784,785,-1,785,784,780,-1,785,780,781,-1,757,732,786,-1,786,732,731,-1,786,731,787,-1,787,731,630,-1,787,630,788,-1,788,630,789,-1,788,789,790,-1,790,789,791,-1,790,791,786,-1,786,791,757,-1,617,615,791,-1,791,615,757,-1,789,630,623,-1,623,630,621,-1,617,791,623,-1,623,791,789,-1,246,633,247,-1,247,633,634,-1,611,195,741,-1,741,195,197,-1,624,622,780,-1,780,622,631,-1,784,774,627,-1,627,774,625,-1,624,780,627,-1,627,780,784,-1,68,598,70,-1,70,598,612,-1,632,71,635,-1,635,71,73,-1,792,629,793,-1,793,629,620,-1,737,792,736,-1,736,792,793,-1,629,792,628,-1,628,792,737,-1,793,620,736,-1,736,620,619,-1,
        ]
    }
}
Shape{
    appearance Appearance {
        material  Material 	{
            diffuseColor 0.8509803921568627 0.8509803921568627 0.8509803921568627
            specularColor 0.4235294117647059 0.4235294117647059 0.4235294117647059
            ambientIntensity 0.851
            transparency 0.0
            shininess 0.5
        }
    }
    geometry IndexedFaceSet {
        ccw TRUE
        solid FALSE
        coord DEF co Coordinate {
            point [
                -0.3445 -0.7142 2.2244, -0.3445 -0.6158 2.2244, -0.4429 -0.7142 2.2244, -0.4429 -0.6158 2.2244, -0.2953 -0.7634 2.0407, -0.2953 -0.7634 1.0236, -0.2953 -0.5665 2.0407, -0.2953 -0.5665 1.0236, -0.4921 -0.5665 2.0407, -0.4921 -0.5665 1.0236, -0.4921 -0.7634 2.0407, -0.4921 -0.7634 1.0236, -0.4921 -0.7634 0.374, -0.4921 -0.7634 0.2953, -0.2953 -0.7634 0.374, -0.2953 -0.7634 0.2953, -0.2953 -0.5665 0.2953, -0.4921 -0.5665 0.2953, -0.2953 -0.5665 0.374, -0.4921 -0.5665 0.374, -0.4921 1.1277 0.1969, -0.4921 1.1277 0.0, -0.4921 -0.4681 0.1969, -0.4921 -0.4681 0.0, -0.4921 -0.4936 0.2002, -0.4921 -0.5445 0.0101, -0.4921 -0.5173 0.21, -0.4921 -0.6158 0.0396, -0.4921 -0.5377 0.2257, -0.4921 -0.6769 0.0865, -0.4921 -0.5534 0.2461, -0.4921 -0.7238 0.1476, -0.4921 -0.5632 0.2698, -0.4921 -0.7533 0.2189, -0.2953 -0.5632 0.2698, -0.2953 -0.7533 0.2189, -0.2953 -0.5534 0.2461, -0.2953 -0.7238 0.1476, -0.2953 -0.5377 0.2257, -0.2953 -0.6769 0.0865, -0.2953 -0.5173 0.21, -0.2953 -0.6158 0.0396, -0.2953 -0.4936 0.2002, -0.2953 -0.5445 0.0101, -0.2953 -0.4681 0.1969, -0.2953 -0.4681 0.0, -0.2953 1.1277 0.1969, -0.2953 1.1277 0.0, -0.3445 1.3114 0.1476, -0.3445 1.3114 0.0492, -0.4429 1.3114 0.1476, -0.4429 1.3114 0.0492, 0.4429 -0.7142 2.2244, 0.4429 -0.6158 2.2244, 0.3445 -0.7142 2.2244, 0.3445 -0.6158 2.2244, 0.4921 -0.7634 2.0407, 0.4921 -0.7634 1.0236, 0.4921 -0.5665 2.0407, 0.4921 -0.5665 1.0236, 0.2953 -0.5665 2.0407, 0.2953 -0.5665 1.0236, 0.2953 -0.7634 2.0407, 0.2953 -0.7634 1.0236, 0.2953 -0.7634 0.374, 0.2953 -0.7634 0.2953, 0.4921 -0.7634 0.374, 0.4921 -0.7634 0.2953, 0.4921 -0.5665 0.2953, 0.2953 -0.5665 0.2953, 0.4921 -0.5665 0.374, 0.2953 -0.5665 0.374, 0.2953 1.1277 0.1969, 0.2953 1.1277 0.0, 0.2953 -0.4681 0.1969, 0.2953 -0.4681 0.0, 0.2953 -0.4936 0.2002, 0.2953 -0.5445 0.0101, 0.2953 -0.5173 0.21, 0.2953 -0.6158 0.0396, 0.2953 -0.5377 0.2257, 0.2953 -0.6769 0.0865, 0.2953 -0.5534 0.2461, 0.2953 -0.7238 0.1476, 0.2953 -0.5632 0.2698, 0.2953 -0.7533 0.2189, 0.4921 -0.5632 0.2698, 0.4921 -0.7533 0.2189, 0.4921 -0.5534 0.2461, 0.4921 -0.7238 0.1476, 0.4921 -0.5377 0.2257, 0.4921 -0.6769 0.0865, 0.4921 -0.5173 0.21, 0.4921 -0.6158 0.0396, 0.4921 -0.4936 0.2002, 0.4921 -0.5445 0.0101, 0.4921 -0.4681 0.1969, 0.4921 -0.4681 0.0, 0.4921 1.1277 0.1969, 0.4921 1.1277 0.0, 0.4429 1.3114 0.1476, 0.4429 1.3114 0.0492, 0.3445 1.3114 0.1476, 0.3445 1.3114 0.0492
            ]
        }
        coordIndex [
            0,1,2,-1,2,1,3,-1,4,5,6,-1,6,5,7,-1,8,9,10,-1,10,9,11,-1,6,7,8,-1,8,7,9,-1,10,11,4,-1,4,11,5,-1,12,13,14,-1,14,13,15,-1,16,17,18,-1,18,17,19,-1,20,21,22,-1,22,21,23,-1,22,23,24,-1,24,23,25,-1,24,25,26,-1,26,25,27,-1,26,27,28,-1,28,27,29,-1,28,29,30,-1,30,29,31,-1,30,31,32,-1,32,31,33,-1,32,33,17,-1,17,33,13,-1,17,13,19,-1,19,13,12,-1,18,14,16,-1,16,14,15,-1,16,15,34,-1,34,15,35,-1,34,35,36,-1,36,35,37,-1,36,37,38,-1,38,37,39,-1,38,39,40,-1,40,39,41,-1,40,41,42,-1,42,41,43,-1,42,43,44,-1,44,43,45,-1,44,45,46,-1,46,45,47,-1,20,22,46,-1,46,22,44,-1,48,49,50,-1,50,49,51,-1,47,45,21,-1,21,45,23,-1,23,45,43,-1,23,43,25,-1,25,43,41,-1,25,41,27,-1,27,41,39,-1,27,39,29,-1,29,39,37,-1,29,37,31,-1,31,37,35,-1,31,35,33,-1,33,35,15,-1,33,15,13,-1,17,16,32,-1,32,16,34,-1,32,34,30,-1,30,34,36,-1,30,36,28,-1,28,36,38,-1,28,38,26,-1,26,38,40,-1,26,40,24,-1,24,40,42,-1,24,42,22,-1,22,42,44,-1,21,51,47,-1,47,51,49,-1,20,50,21,-1,21,50,51,-1,48,46,49,-1,49,46,47,-1,46,48,20,-1,20,48,50,-1,8,3,6,-1,6,3,1,-1,10,2,8,-1,8,2,3,-1,0,4,1,-1,1,4,6,-1,4,0,10,-1,10,0,2,-1,52,53,54,-1,54,53,55,-1,56,57,58,-1,58,57,59,-1,60,61,62,-1,62,61,63,-1,58,59,60,-1,60,59,61,-1,62,63,56,-1,56,63,57,-1,64,65,66,-1,66,65,67,-1,68,69,70,-1,70,69,71,-1,72,73,74,-1,74,73,75,-1,74,75,76,-1,76,75,77,-1,76,77,78,-1,78,77,79,-1,78,79,80,-1,80,79,81,-1,80,81,82,-1,82,81,83,-1,82,83,84,-1,84,83,85,-1,84,85,69,-1,69,85,65,-1,69,65,71,-1,71,65,64,-1,70,66,68,-1,68,66,67,-1,68,67,86,-1,86,67,87,-1,86,87,88,-1,88,87,89,-1,88,89,90,-1,90,89,91,-1,90,91,92,-1,92,91,93,-1,92,93,94,-1,94,93,95,-1,94,95,96,-1,96,95,97,-1,96,97,98,-1,98,97,99,-1,72,74,98,-1,98,74,96,-1,100,101,102,-1,102,101,103,-1,99,97,73,-1,73,97,75,-1,75,97,95,-1,75,95,77,-1,77,95,93,-1,77,93,79,-1,79,93,91,-1,79,91,81,-1,81,91,89,-1,81,89,83,-1,83,89,87,-1,83,87,85,-1,85,87,67,-1,85,67,65,-1,69,68,84,-1,84,68,86,-1,84,86,82,-1,82,86,88,-1,82,88,80,-1,80,88,90,-1,80,90,78,-1,78,90,92,-1,78,92,76,-1,76,92,94,-1,76,94,74,-1,74,94,96,-1,73,103,99,-1,99,103,101,-1,72,102,73,-1,73,102,103,-1,100,98,101,-1,101,98,99,-1,98,100,72,-1,72,100,102,-1,60,55,58,-1,58,55,53,-1,62,54,60,-1,60,54,55,-1,52,56,53,-1,53,56,58,-1,56,52,62,-1,62,52,54,-1,
        ]
    }
}
Shape{
    appearance Appearance {
        material  Material 	{
            diffuseColor 0.0 0.0 0.0
            specularColor 0.0 0.0 0.0
            ambientIntensity 0.0
            transparency 0.0
            shininess 0.5
        }
    }
    geometry IndexedFaceSet {
        ccw TRUE
        solid FALSE
        coord DEF co Coordinate {
            point [
                -0.0586 0.5241 1.3118, -0.0585 0.5241 1.2981, -0.0586 0.524 1.3118, -0.0585 0.524 1.2981, -0.0108 0.5241 1.3121, -0.0108 0.524 1.3121, -0.0115 0.524 1.4185, -0.0115 0.5241 1.4185, -0.0115 0.524 1.418, 0.004 0.5241 1.4186, 0.004 0.524 1.4186, 0.0048 0.524 1.2985, 0.0048 0.5241 1.2985, 0.004 0.524 1.418, -0.1534 0.524 1.3024, -0.1534 0.5241 1.3024, -0.1513 0.5241 1.3014, -0.1201 0.5241 1.2956, -0.1201 0.524 1.2956, -0.1238 0.524 1.296, -0.1384 0.5241 1.2972, -0.1384 0.524 1.2972, -0.1482 0.524 1.3004, -0.1513 0.524 1.3014, -0.1535 0.5241 1.3173, -0.1535 0.524 1.3173, -0.1482 0.524 1.3149, -0.1417 0.5241 1.312, -0.1417 0.524 1.312, -0.1281 0.524 1.3096, -0.1281 0.5241 1.3096, -0.1224 0.524 1.3094, -0.1224 0.5241 1.3094, -0.1103 0.524 1.311, -0.1103 0.5241 1.311, -0.1018 0.524 1.3144, -0.1018 0.5241 1.3144, -0.094 0.524 1.32, -0.094 0.5241 1.32, -0.0916 0.524 1.3223, -0.0916 0.5241 1.3223, -0.0859 0.524 1.3305, -0.0859 0.5241 1.3305, -0.082 0.524 1.3402, -0.082 0.5241 1.3402, -0.0802 0.524 1.3522, -0.0802 0.5241 1.3522, -0.0801 0.524 1.3566, -0.0801 0.5241 1.3566, -0.0823 0.524 1.3734, -0.0823 0.5241 1.3734, -0.0864 0.524 1.3836, -0.0864 0.5241 1.3836, -0.093 0.524 1.3927, -0.093 0.5241 1.3927, -0.1012 0.524 1.3994, -0.1012 0.5241 1.3994, -0.1107 0.524 1.4037, -0.1107 0.5241 1.4037, -0.1212 0.524 1.4056, -0.1212 0.5241 1.4056, -0.1258 0.524 1.4057, -0.1258 0.5241 1.4057, -0.1541 0.524 1.3984, -0.1541 0.5241 1.3984, -0.1527 0.5241 1.3992, -0.1406 0.524 1.4039, -0.1406 0.5241 1.4039, -0.1482 0.524 1.4009, -0.1527 0.524 1.3992, -0.1542 0.5241 1.4146, -0.1542 0.524 1.4146, -0.1429 0.524 1.418, -0.1417 0.5241 1.4184, -0.1482 0.524 1.4164, -0.1417 0.524 1.4184, -0.126 0.524 1.4197, -0.126 0.5241 1.4197, -0.1257 0.524 1.4197, -0.1257 0.5241 1.4197, -0.1082 0.5241 1.4177, -0.1106 0.524 1.418, -0.1082 0.524 1.4177, -0.0956 0.524 1.4129, -0.0956 0.5241 1.4129, -0.0844 0.524 1.4051, -0.0844 0.5241 1.4051, -0.0815 0.524 1.4024, -0.0815 0.5241 1.4024, -0.0727 0.524 1.3911, -0.0727 0.5241 1.3911, -0.0684 0.524 1.3811, -0.0669 0.5241 1.3778, -0.0669 0.524 1.3778, -0.0641 0.524 1.3621, -0.0641 0.5241 1.3621, -0.0638 0.524 1.3558, -0.0638 0.5241 1.3558, -0.0657 0.524 1.3379, -0.0657 0.5241 1.3379, -0.0684 0.524 1.3302, -0.0702 0.5241 1.325, -0.0702 0.524 1.325, -0.077 0.524 1.3144, -0.077 0.5241 1.3144, -0.0789 0.524 1.3123, -0.0789 0.5241 1.3123, -0.114 0.524 1.296, -0.1128 0.5241 1.296, -0.1128 0.524 1.296, -0.0998 0.5241 1.2988, -0.0998 0.524 1.2988, -0.0885 0.5241 1.3042, -0.0885 0.524 1.3042, -0.2421 0.5241 1.3105, -0.242 0.5241 1.2968, -0.2421 0.524 1.3105, -0.242 0.524 1.2968, -0.193 0.524 1.3108, -0.193 0.5241 1.3108, -0.2244 0.524 1.3106, -0.1933 0.5241 1.3512, -0.1933 0.524 1.3512, -0.2362 0.524 1.3509, -0.2362 0.5241 1.3509, -0.2244 0.524 1.351, -0.2363 0.5241 1.3647, -0.2363 0.524 1.3647, -0.1934 0.524 1.365, -0.1934 0.5241 1.365, -0.2244 0.524 1.3648, -0.1936 0.5241 1.4034, -0.1936 0.524 1.4034, -0.24 0.524 1.4031, -0.24 0.5241 1.4031, -0.2244 0.524 1.4032, -0.2401 0.5241 1.4169, -0.2401 0.524 1.4169, -0.1782 0.524 1.4173, -0.1782 0.5241 1.4173, -0.2244 0.524 1.417, -0.1774 0.5241 1.2972, -0.1774 0.524 1.2972, -0.2244 0.524 1.2969, -0.3395 0.5241 1.3297, -0.3335 0.5241 1.3224, -0.3444 0.5241 1.3129, -0.3313 0.5241 1.3204, -0.332 0.5241 1.3041, -0.3233 0.5241 1.3152, -0.3183 0.5241 1.2988, -0.313 0.5241 1.3116, -0.2977 0.5241 1.2964, -0.2977 0.5241 1.3101, -0.2647 0.5241 1.2966, -0.2803 0.5241 1.3102, -0.2655 0.5241 1.4167, -0.2809 0.5241 1.4028, -0.2998 0.5241 1.4165, -0.2991 0.5241 1.4027, -0.3181 0.5241 1.4143, -0.3145 0.5241 1.4009, -0.3325 0.5241 1.4089, -0.3249 0.5241 1.397, -0.3451 0.5241 1.4003, -0.3336 0.5241 1.3911, -0.3492 0.5241 1.3962, -0.3376 0.5241 1.3871, -0.3566 0.5241 1.3857, -0.342 0.5241 1.3802, -0.3609 0.5241 1.3743, -0.3452 0.5241 1.3711, -0.3629 0.5241 1.3575, -0.3466 0.5241 1.3572, -0.3625 0.5241 1.3499, -0.3461 0.5241 1.3496, -0.3595 0.5241 1.3359, -0.3437 0.5241 1.3386, -0.3535 0.5241 1.3235, -0.2977 0.524 1.2964, -0.2647 0.524 1.2966, -0.3183 0.524 1.2988, -0.332 0.524 1.3041, -0.3444 0.524 1.3129, -0.3535 0.524 1.3235, -0.3595 0.524 1.3359, -0.3625 0.524 1.3499, -0.3629 0.524 1.3575, -0.3609 0.524 1.3743, -0.3566 0.524 1.3857, -0.3492 0.524 1.3962, -0.3451 0.524 1.4003, -0.3325 0.524 1.4089, -0.3181 0.524 1.4143, -0.2998 0.524 1.4165, -0.2655 0.524 1.4167, -0.2991 0.524 1.4027, -0.2809 0.524 1.4028, -0.2803 0.524 1.3102, -0.2977 0.524 1.3101, -0.3335 0.524 1.3224, -0.3313 0.524 1.3204, -0.3233 0.524 1.3152, -0.313 0.524 1.3116, -0.3466 0.524 1.3572, -0.3461 0.524 1.3496, -0.3437 0.524 1.3386, -0.3395 0.524 1.3297, -0.3336 0.524 1.3911, -0.3376 0.524 1.3871, -0.342 0.524 1.3802, -0.3452 0.524 1.3711, -0.3145 0.524 1.4009, -0.3249 0.524 1.397
            ]
        }
        coordIndex [
            0,1,2,-1,2,1,3,-1,4,0,5,-1,5,0,2,-1,6,7,8,-1,8,7,4,-1,8,4,5,-1,9,7,10,-1,10,7,6,-1,11,12,13,-1,13,12,9,-1,13,9,10,-1,1,12,3,-1,3,12,11,-1,7,9,4,-1,4,9,12,-1,4,12,0,-1,0,12,1,-1,14,15,16,-1,17,18,19,-1,17,19,20,-1,19,21,20,-1,20,21,22,-1,20,22,16,-1,16,22,23,-1,16,23,14,-1,24,15,25,-1,25,15,14,-1,24,25,26,-1,24,26,27,-1,26,28,27,-1,27,28,29,-1,27,29,30,-1,30,29,31,-1,30,31,32,-1,32,31,33,-1,32,33,34,-1,34,33,35,-1,34,35,36,-1,36,35,37,-1,36,37,38,-1,38,37,39,-1,38,39,40,-1,40,39,41,-1,40,41,42,-1,42,41,43,-1,42,43,44,-1,44,43,45,-1,44,45,46,-1,46,45,47,-1,46,47,48,-1,48,47,49,-1,48,49,50,-1,50,49,51,-1,50,51,52,-1,52,51,53,-1,52,53,54,-1,54,53,55,-1,54,55,56,-1,56,55,57,-1,56,57,58,-1,58,57,59,-1,58,59,60,-1,60,59,61,-1,60,61,62,-1,63,64,65,-1,62,61,66,-1,62,66,67,-1,67,66,68,-1,67,68,65,-1,65,68,69,-1,65,69,63,-1,70,64,71,-1,71,64,63,-1,72,73,74,-1,74,73,70,-1,74,70,71,-1,72,75,73,-1,73,75,76,-1,73,76,77,-1,77,76,78,-1,77,78,79,-1,80,79,81,-1,81,79,78,-1,81,82,80,-1,80,82,83,-1,80,83,84,-1,84,83,85,-1,84,85,86,-1,86,85,87,-1,86,87,88,-1,88,87,89,-1,88,89,90,-1,90,89,91,-1,90,91,92,-1,91,93,92,-1,92,93,94,-1,92,94,95,-1,95,94,96,-1,95,96,97,-1,97,96,98,-1,97,98,99,-1,99,98,100,-1,99,100,101,-1,100,102,101,-1,101,102,103,-1,101,103,104,-1,104,103,105,-1,104,105,106,-1,18,17,107,-1,107,17,108,-1,107,108,109,-1,109,108,110,-1,109,110,111,-1,111,110,112,-1,111,112,113,-1,113,112,106,-1,113,106,105,-1,65,64,70,-1,56,86,54,-1,54,86,88,-1,54,88,52,-1,52,88,90,-1,52,90,50,-1,65,70,67,-1,67,70,73,-1,67,73,62,-1,62,73,77,-1,62,77,60,-1,60,77,79,-1,60,79,58,-1,58,79,80,-1,58,80,56,-1,56,80,84,-1,56,84,86,-1,15,24,16,-1,16,24,27,-1,16,27,20,-1,20,27,30,-1,20,30,17,-1,17,30,32,-1,17,32,108,-1,108,32,34,-1,108,34,110,-1,110,34,36,-1,110,36,112,-1,112,36,38,-1,112,38,106,-1,106,38,40,-1,106,40,104,-1,104,40,42,-1,104,42,101,-1,97,48,95,-1,95,48,50,-1,95,50,92,-1,92,50,90,-1,101,42,99,-1,99,42,44,-1,99,44,97,-1,97,44,46,-1,97,46,48,-1,114,115,116,-1,116,115,117,-1,118,119,120,-1,120,119,114,-1,120,114,116,-1,121,119,122,-1,122,119,118,-1,123,124,125,-1,125,124,121,-1,125,121,122,-1,126,124,127,-1,127,124,123,-1,128,129,130,-1,130,129,126,-1,130,126,127,-1,131,129,132,-1,132,129,128,-1,133,134,135,-1,135,134,131,-1,135,131,132,-1,136,134,137,-1,137,134,133,-1,138,139,140,-1,140,139,136,-1,140,136,137,-1,141,139,142,-1,142,139,138,-1,117,115,143,-1,143,115,141,-1,143,141,142,-1,141,115,114,-1,114,119,141,-1,141,119,121,-1,141,121,139,-1,134,136,131,-1,131,136,139,-1,131,139,129,-1,129,139,121,-1,129,121,126,-1,126,121,124,-1,144,145,146,-1,146,145,147,-1,146,147,148,-1,148,147,149,-1,148,149,150,-1,150,149,151,-1,150,151,152,-1,152,151,153,-1,152,153,154,-1,154,153,155,-1,154,155,156,-1,156,155,157,-1,156,157,158,-1,158,157,159,-1,158,159,160,-1,160,159,161,-1,160,161,162,-1,162,161,163,-1,162,163,164,-1,164,163,165,-1,164,165,166,-1,166,165,167,-1,166,167,168,-1,168,167,169,-1,168,169,170,-1,170,169,171,-1,170,171,172,-1,172,171,173,-1,172,173,174,-1,174,173,175,-1,174,175,176,-1,176,175,177,-1,176,177,178,-1,178,177,144,-1,178,144,146,-1,152,154,179,-1,179,154,180,-1,152,179,181,-1,152,181,150,-1,150,181,182,-1,150,182,148,-1,148,182,183,-1,148,183,146,-1,146,183,184,-1,146,184,178,-1,178,184,185,-1,178,185,176,-1,176,185,186,-1,176,186,174,-1,174,186,187,-1,174,187,172,-1,172,187,188,-1,172,188,170,-1,170,188,189,-1,170,189,168,-1,168,189,190,-1,168,190,166,-1,166,190,191,-1,166,191,164,-1,164,191,192,-1,164,192,162,-1,162,192,193,-1,162,193,160,-1,160,193,194,-1,160,194,158,-1,156,158,195,-1,195,158,194,-1,154,156,180,-1,180,156,195,-1,159,157,196,-1,196,157,197,-1,157,155,197,-1,197,155,198,-1,155,153,198,-1,198,153,199,-1,145,200,201,-1,145,201,147,-1,147,201,202,-1,147,202,149,-1,149,202,203,-1,149,203,151,-1,151,203,199,-1,151,199,153,-1,173,204,205,-1,173,205,175,-1,175,205,206,-1,175,206,177,-1,177,206,207,-1,177,207,144,-1,144,207,200,-1,144,200,145,-1,165,208,209,-1,165,209,167,-1,167,209,210,-1,167,210,169,-1,169,210,211,-1,169,211,171,-1,171,211,204,-1,171,204,173,-1,159,196,212,-1,159,212,161,-1,161,212,213,-1,161,213,163,-1,163,213,208,-1,163,208,165,-1,
        ]
    }
}
Shape{
    appearance Appearance {
        material  Material 	{
            diffuseColor 0.8431372549019608 0.8156862745098039 0.7529411764705882
            specularColor 0.4235294117647059 0.40784313725490196 0.3764705882352941
            ambientIntensity 0.8167
            transparency 0.0
            shininess 0.5
        }
    }
    geometry IndexedFaceSet {
        ccw TRUE
        solid FALSE
        coord DEF co Coordinate {
            point [
                -0.2809 0.524 1.4028, -0.2803 0.524 1.3102, -0.2991 0.524 1.4027, -0.2977 0.524 1.3101, -0.313 0.524 1.3116, -0.3233 0.524 1.3152, -0.3313 0.524 1.3204, -0.3335 0.524 1.3224, -0.3395 0.524 1.3297, -0.3437 0.524 1.3386, -0.3461 0.524 1.3496, -0.3466 0.524 1.3572, -0.3452 0.524 1.3711, -0.342 0.524 1.3802, -0.3376 0.524 1.3871, -0.3336 0.524 1.3911, -0.3145 0.524 1.4009, -0.3249 0.524 1.397
            ]
        }
        coordIndex [
            0,1,2,-1,2,1,3,-1,2,3,4,-1,4,5,2,-1,2,5,6,-1,2,6,7,-1,7,8,2,-1,2,8,9,-1,2,9,10,-1,10,11,2,-1,2,11,12,-1,2,12,13,-1,13,14,2,-1,2,14,15,-1,2,15,16,-1,16,15,17,-1,
        ]
    }
}
Shape{
    appearance Appearance {
        material  Material 	{
            diffuseColor 0.0 0.0 0.0
            specularColor 0.0 0.0 0.0
            ambientIntensity 0.0
            transparency 0.0
            shininess 0.5
        }
    }
    geometry IndexedFaceSet {
        ccw TRUE
        solid FALSE
        coord DEF co Coordinate {
            point [
                -0.403 0.5241 1.3421, -0.4213 0.5241 1.3919, -0.4157 0.5241 1.4157, -0.3691 0.5241 1.2959, -0.3862 0.5241 1.2958, -0.398 0.5241 1.3285, -0.4224 0.5241 1.3954, -0.4234 0.5241 1.4003, -0.4323 0.5241 1.4155, -0.4237 0.5241 1.4003, -0.4247 0.5241 1.3952, -0.4255 0.5241 1.3918, -0.4433 0.5241 1.3418, -0.4772 0.5241 1.2951, -0.46 0.5241 1.2952, -0.448 0.5241 1.3282, -0.4323 0.524 1.4155, -0.4769 0.524 1.296, -0.4772 0.524 1.2951, -0.4157 0.524 1.4157, -0.3691 0.524 1.296, -0.3691 0.524 1.2959, -0.4024 0.524 1.3815, -0.3862 0.524 1.2958, -0.398 0.524 1.3285, -0.3863 0.524 1.296, -0.448 0.524 1.3282, -0.4024 0.524 1.3285, -0.46 0.524 1.2952, -0.4598 0.524 1.296, -0.403 0.524 1.3421, -0.4433 0.524 1.3418, -0.4255 0.524 1.3918, -0.4237 0.524 1.4003, -0.4247 0.524 1.3952, -0.4234 0.524 1.4003, -0.4213 0.524 1.3919, -0.4224 0.524 1.3954
            ]
        }
        coordIndex [
            0,1,2,-1,3,4,5,-1,1,6,2,-1,2,6,7,-1,2,7,8,-1,8,7,9,-1,8,9,10,-1,10,11,8,-1,8,11,12,-1,8,12,13,-1,14,13,15,-1,15,13,12,-1,15,12,5,-1,5,12,0,-1,5,0,3,-1,3,0,2,-1,16,8,17,-1,17,8,13,-1,17,13,18,-1,2,8,19,-1,19,8,16,-1,20,21,3,-1,20,3,22,-1,22,3,2,-1,22,2,19,-1,4,3,23,-1,23,3,21,-1,24,5,25,-1,25,5,4,-1,25,4,23,-1,26,15,27,-1,27,15,5,-1,27,5,24,-1,28,14,29,-1,29,14,15,-1,29,15,26,-1,13,14,18,-1,18,14,28,-1,0,12,30,-1,30,12,31,-1,12,11,31,-1,31,11,32,-1,9,33,34,-1,9,34,10,-1,10,34,32,-1,10,32,11,-1,9,7,33,-1,33,7,35,-1,1,36,37,-1,1,37,6,-1,6,37,35,-1,6,35,7,-1,1,0,36,-1,36,0,30,-1,
        ]
    }
}
Shape{
    appearance Appearance {
        material  Material 	{
            diffuseColor 0.8431372549019608 0.8156862745098039 0.7529411764705882
            specularColor 0.4235294117647059 0.40784313725490196 0.3764705882352941
            ambientIntensity 0.8167
            transparency 0.0
            shininess 0.5
        }
    }
    geometry IndexedFaceSet {
        ccw TRUE
        solid FALSE
        coord DEF co Coordinate {
            point [
                -0.4237 0.524 1.4003, -0.4234 0.524 1.4003, -0.4247 0.524 1.3952, -0.4224 0.524 1.3954, -0.4255 0.524 1.3918, -0.4213 0.524 1.3919, -0.4433 0.524 1.3418, -0.403 0.524 1.3421
            ]
        }
        coordIndex [
            0,1,2,-1,2,1,3,-1,2,3,4,-1,4,3,5,-1,4,5,6,-1,6,5,7,-1,
        ]
    }
}
Shape{
    appearance Appearance {
        material  Material 	{
            diffuseColor 0.0 0.0 0.0
            specularColor 0.0 0.0 0.0
            ambientIntensity 0.0
            transparency 0.0
            shininess 0.5
        }
    }
    geometry IndexedFaceSet {
        ccw TRUE
        solid FALSE
        coord DEF co Coordinate {
            point [
                -0.0585 0.5241 1.1212, -0.0584 0.5241 1.1076, -0.0585 0.524 1.1212, -0.0584 0.524 1.1076, -0.0094 0.5241 1.1216, -0.0094 0.524 1.1216, -0.0097 0.5241 1.162, -0.0097 0.524 1.162, -0.0527 0.5241 1.1617, -0.0527 0.524 1.1617, -0.0527 0.5241 1.1754, -0.0527 0.524 1.1754, -0.0098 0.5241 1.1757, -0.0098 0.524 1.1757, -0.0101 0.5241 1.2142, -0.0101 0.524 1.2142, -0.0564 0.5241 1.2139, -0.0564 0.524 1.2139, -0.0565 0.524 1.2246, -0.0565 0.5241 1.2277, -0.0565 0.524 1.2269, -0.0565 0.524 1.2277, 0.0053 0.5241 1.2281, 0.0053 0.524 1.2281, 0.0062 0.524 1.108, 0.0062 0.5241 1.108, 0.0054 0.524 1.2246, 0.0053 0.524 1.2269, -0.1069 0.5241 1.1476, -0.127 0.5241 1.1501, -0.1421 0.5241 1.1622, -0.1267 0.5241 1.1071, -0.1417 0.5241 1.107, -0.1268 0.5241 1.1203, -0.1271 0.5241 1.1616, -0.0943 0.5241 1.1439, -0.098 0.5241 1.1456, -0.1264 0.5241 1.1203, -0.1187 0.5241 1.1228, -0.1238 0.5241 1.1165, -0.1145 0.5241 1.1199, -0.1269 0.5241 1.1419, -0.126 0.5241 1.1345, -0.1238 0.5241 1.1291, -0.1204 0.5241 1.1244, -0.0989 0.5241 1.1182, -0.1 0.5241 1.1052, -0.104 0.5241 1.1175, -0.1072 0.5241 1.1059, -0.11 0.5241 1.1182, -0.1134 0.5241 1.108, -0.119 0.5241 1.1115, -0.1266 0.5241 1.1681, -0.141 0.5241 1.1738, -0.1251 0.5241 1.1735, -0.1387 0.5241 1.1806, -0.1234 0.5241 1.1767, -0.1356 0.5241 1.1854, -0.1211 0.5241 1.1791, -0.1316 0.5241 1.1893, -0.1185 0.5241 1.1809, -0.1266 0.5241 1.1921, -0.115 0.5241 1.1821, -0.1202 0.5241 1.1941, -0.1098 0.5241 1.1827, -0.1113 0.5241 1.1949, -0.1016 0.5241 1.182, -0.096 0.5241 1.1932, -0.0921 0.5241 1.179, -0.0848 0.5241 1.1889, -0.0816 0.5241 1.1725, -0.0818 0.5241 1.1872, -0.0913 0.5241 1.1228, -0.0802 0.5241 1.1121, -0.0925 0.5241 1.1215, -0.085 0.5241 1.1087, -0.0955 0.5241 1.1194, -0.0907 0.5241 1.1064, -0.0977 0.5241 1.1053, -0.0884 0.5241 1.1339, -0.073 0.5241 1.1322, -0.0882 0.5241 1.1315, -0.073 0.5241 1.1304, -0.0886 0.5241 1.1281, -0.0737 0.5241 1.1236, -0.0896 0.5241 1.1253, -0.0754 0.5241 1.1185, -0.0785 0.5241 1.1139, -0.1016 0.5241 1.1582, -0.0902 0.5241 1.1555, -0.0923 0.5241 1.1424, -0.0838 0.5241 1.1522, -0.0905 0.5241 1.1402, -0.0791 0.5241 1.1483, -0.0891 0.5241 1.1374, -0.0761 0.5241 1.144, -0.074 0.5241 1.1387, -0.1113 0.524 1.1949, -0.096 0.524 1.1932, -0.0848 0.524 1.1889, -0.0818 0.524 1.1872, -0.0816 0.524 1.1725, -0.0921 0.524 1.179, -0.1016 0.524 1.182, -0.1098 0.524 1.1827, -0.115 0.524 1.1821, -0.1185 0.524 1.1809, -0.1211 0.524 1.1791, -0.1234 0.524 1.1767, -0.1251 0.524 1.1735, -0.1266 0.524 1.1681, -0.1271 0.524 1.1616, -0.1016 0.524 1.1582, -0.0902 0.524 1.1555, -0.0838 0.524 1.1522, -0.0791 0.524 1.1483, -0.0761 0.524 1.144, -0.074 0.524 1.1387, -0.073 0.524 1.1322, -0.073 0.524 1.1304, -0.0737 0.524 1.1236, -0.0754 0.524 1.1185, -0.0785 0.524 1.1139, -0.0802 0.524 1.1121, -0.085 0.524 1.1087, -0.0907 0.524 1.1064, -0.0977 0.524 1.1053, -0.1 0.524 1.1052, -0.1072 0.524 1.1059, -0.1134 0.524 1.108, -0.119 0.524 1.1115, -0.1238 0.524 1.1165, -0.1264 0.524 1.1203, -0.1268 0.524 1.1203, -0.1267 0.524 1.1071, -0.1417 0.524 1.107, -0.1421 0.524 1.1622, -0.141 0.524 1.1738, -0.1387 0.524 1.1806, -0.1356 0.524 1.1854, -0.1316 0.524 1.1893, -0.1266 0.524 1.1921, -0.1202 0.524 1.1941, -0.0923 0.524 1.1424, -0.0943 0.524 1.1439, -0.098 0.524 1.1456, -0.1069 0.524 1.1476, -0.0882 0.524 1.1315, -0.0884 0.524 1.1339, -0.0891 0.524 1.1374, -0.0905 0.524 1.1402, -0.0925 0.524 1.1215, -0.0913 0.524 1.1228, -0.0896 0.524 1.1253, -0.0886 0.524 1.1281, -0.104 0.524 1.1175, -0.0989 0.524 1.1182, -0.0955 0.524 1.1194, -0.1204 0.524 1.1244, -0.1187 0.524 1.1228, -0.1145 0.524 1.1199, -0.11 0.524 1.1182, -0.1269 0.524 1.1419, -0.126 0.524 1.1345, -0.1238 0.524 1.1291, -0.127 0.524 1.1501
            ]
        }
        coordIndex [
            0,1,2,-1,2,1,3,-1,4,0,5,-1,5,0,2,-1,6,4,7,-1,7,4,5,-1,8,6,9,-1,9,6,7,-1,10,8,11,-1,11,8,9,-1,12,10,13,-1,13,10,11,-1,14,12,15,-1,15,12,13,-1,16,14,17,-1,17,14,15,-1,16,17,18,-1,16,18,19,-1,19,18,20,-1,19,20,21,-1,22,19,23,-1,23,19,21,-1,24,25,26,-1,26,25,22,-1,26,22,27,-1,27,22,23,-1,1,25,3,-1,3,25,24,-1,25,1,0,-1,0,4,25,-1,25,4,6,-1,25,6,22,-1,16,19,14,-1,14,19,22,-1,14,22,12,-1,12,22,6,-1,12,6,10,-1,10,6,8,-1,28,29,30,-1,31,32,33,-1,33,32,30,-1,34,35,36,-1,37,38,39,-1,39,38,40,-1,29,41,30,-1,30,41,42,-1,30,42,33,-1,33,42,43,-1,33,43,37,-1,37,43,44,-1,37,44,38,-1,45,46,47,-1,47,46,48,-1,47,48,49,-1,49,48,50,-1,49,50,40,-1,40,50,51,-1,40,51,39,-1,36,28,34,-1,34,28,30,-1,34,30,52,-1,52,30,53,-1,52,53,54,-1,54,53,55,-1,54,55,56,-1,56,55,57,-1,56,57,58,-1,58,57,59,-1,58,59,60,-1,60,59,61,-1,60,61,62,-1,62,61,63,-1,62,63,64,-1,64,63,65,-1,64,65,66,-1,66,65,67,-1,66,67,68,-1,68,67,69,-1,68,69,70,-1,70,69,71,-1,72,73,74,-1,74,73,75,-1,74,75,76,-1,76,75,77,-1,76,77,45,-1,45,77,78,-1,45,78,46,-1,79,80,81,-1,81,80,82,-1,81,82,83,-1,83,82,84,-1,83,84,85,-1,85,84,86,-1,85,86,72,-1,72,86,87,-1,72,87,73,-1,34,88,35,-1,35,88,89,-1,35,89,90,-1,90,89,91,-1,90,91,92,-1,92,91,93,-1,92,93,94,-1,94,93,95,-1,94,95,79,-1,79,95,96,-1,79,96,80,-1,65,97,98,-1,65,98,67,-1,67,98,99,-1,67,99,69,-1,69,99,100,-1,69,100,71,-1,70,71,101,-1,101,71,100,-1,70,101,102,-1,70,102,68,-1,68,102,103,-1,68,103,66,-1,66,103,104,-1,66,104,64,-1,64,104,105,-1,64,105,62,-1,62,105,106,-1,62,106,60,-1,60,106,107,-1,60,107,58,-1,58,107,108,-1,58,108,56,-1,56,108,109,-1,56,109,54,-1,54,109,110,-1,54,110,52,-1,52,110,111,-1,52,111,34,-1,88,34,112,-1,112,34,111,-1,88,112,113,-1,88,113,89,-1,89,113,114,-1,89,114,91,-1,91,114,115,-1,91,115,93,-1,93,115,116,-1,93,116,95,-1,95,116,117,-1,95,117,96,-1,96,117,118,-1,96,118,80,-1,80,118,119,-1,80,119,82,-1,82,119,120,-1,82,120,84,-1,84,120,121,-1,84,121,86,-1,86,121,122,-1,86,122,87,-1,87,122,123,-1,87,123,73,-1,73,123,124,-1,73,124,75,-1,75,124,125,-1,75,125,77,-1,77,125,126,-1,77,126,78,-1,78,126,127,-1,78,127,46,-1,46,127,128,-1,46,128,48,-1,48,128,129,-1,48,129,50,-1,50,129,130,-1,50,130,51,-1,51,130,131,-1,51,131,39,-1,39,131,132,-1,39,132,37,-1,33,37,133,-1,133,37,132,-1,31,33,134,-1,134,33,133,-1,32,31,135,-1,135,31,134,-1,30,32,136,-1,136,32,135,-1,30,136,137,-1,30,137,53,-1,53,137,138,-1,53,138,55,-1,55,138,139,-1,55,139,57,-1,57,139,140,-1,57,140,59,-1,59,140,141,-1,59,141,61,-1,61,141,142,-1,61,142,63,-1,63,142,97,-1,63,97,65,-1,90,143,144,-1,90,144,35,-1,35,144,145,-1,35,145,36,-1,36,145,146,-1,36,146,28,-1,81,147,148,-1,81,148,79,-1,79,148,149,-1,79,149,94,-1,94,149,150,-1,94,150,92,-1,92,150,143,-1,92,143,90,-1,74,151,152,-1,74,152,72,-1,72,152,153,-1,72,153,85,-1,85,153,154,-1,85,154,83,-1,83,154,147,-1,83,147,81,-1,47,155,156,-1,47,156,45,-1,45,156,157,-1,45,157,76,-1,76,157,151,-1,76,151,74,-1,44,158,159,-1,44,159,38,-1,38,159,160,-1,38,160,40,-1,40,160,161,-1,40,161,49,-1,49,161,155,-1,49,155,47,-1,41,162,163,-1,41,163,42,-1,42,163,164,-1,42,164,43,-1,43,164,158,-1,43,158,44,-1,41,29,162,-1,162,29,165,-1,29,28,165,-1,165,28,146,-1,
        ]
    }
}
Shape{
    appearance Appearance {
        material  Material 	{
            diffuseColor 0.8431372549019608 0.8156862745098039 0.7529411764705882
            specularColor 0.4235294117647059 0.40784313725490196 0.3764705882352941
            ambientIntensity 0.8167
            transparency 0.0
            shininess 0.5
        }
    }
    geometry IndexedFaceSet {
        ccw TRUE
        solid FALSE
        coord DEF co Coordinate {
            point [
                -0.1187 0.524 1.1228, -0.1204 0.524 1.1244, -0.1069 0.524 1.1476, -0.1238 0.524 1.1291, -0.11 0.524 1.1182, -0.098 0.524 1.1456, -0.0943 0.524 1.1439, -0.1145 0.524 1.1199, -0.126 0.524 1.1345, -0.1269 0.524 1.1419, -0.127 0.524 1.1501, -0.0891 0.524 1.1374, -0.0884 0.524 1.1339, -0.0882 0.524 1.1315, -0.0886 0.524 1.1281, -0.0955 0.524 1.1194, -0.0989 0.524 1.1182, -0.0925 0.524 1.1215, -0.104 0.524 1.1175, -0.0923 0.524 1.1424, -0.0905 0.524 1.1402, -0.0896 0.524 1.1253, -0.0913 0.524 1.1228
            ]
        }
        coordIndex [
            0,1,2,-1,2,1,3,-1,4,5,6,-1,5,4,2,-1,2,4,7,-1,2,7,0,-1,3,8,2,-1,2,8,9,-1,2,9,10,-1,11,12,4,-1,4,12,13,-1,4,13,14,-1,15,16,17,-1,17,16,18,-1,17,18,4,-1,6,19,4,-1,4,19,20,-1,4,20,11,-1,14,21,4,-1,4,21,22,-1,4,22,17,-1,
        ]
    }
}
Shape{
    appearance Appearance {
        material  Material 	{
            diffuseColor 0.0 0.0 0.0
            specularColor 0.0 0.0 0.0
            ambientIntensity 0.0
            transparency 0.0
            shininess 0.5
        }
    }
    geometry IndexedFaceSet {
        ccw TRUE
        solid FALSE
        coord DEF co Coordinate {
            point [
                -0.1622 0.524 1.1254, -0.1622 0.5241 1.1254, -0.1676 0.5241 1.1219, -0.1869 0.5241 1.1169, -0.1869 0.524 1.1169, -0.177 0.524 1.1182, -0.177 0.5241 1.1182, -0.1698 0.524 1.1211, -0.1676 0.524 1.1219, -0.1621 0.5241 1.1098, -0.1621 0.524 1.1098, -0.1854 0.524 1.1046, -0.1854 0.5241 1.1046, -0.1726 0.5241 1.106, -0.1698 0.524 1.1071, -0.1726 0.524 1.106, -0.1991 0.524 1.1062, -0.1991 0.5241 1.1062, -0.207 0.524 1.1092, -0.207 0.5241 1.1092, -0.2104 0.524 1.1113, -0.2104 0.5241 1.1113, -0.215 0.524 1.1153, -0.215 0.5241 1.1153, -0.2177 0.524 1.1193, -0.2177 0.5241 1.1193, -0.2195 0.524 1.124, -0.2195 0.5241 1.124, -0.2202 0.524 1.1297, -0.2202 0.5241 1.1297, -0.2195 0.524 1.1358, -0.2195 0.5241 1.1358, -0.2179 0.524 1.1402, -0.2179 0.5241 1.1402, -0.2153 0.524 1.144, -0.2153 0.5241 1.144, -0.2117 0.524 1.1472, -0.2117 0.5241 1.1472, -0.2018 0.524 1.1528, -0.2018 0.5241 1.1528, -0.196 0.524 1.1552, -0.196 0.5241 1.1552, -0.1867 0.524 1.1593, -0.1867 0.5241 1.1593, -0.1814 0.524 1.1627, -0.1814 0.5241 1.1627, -0.1799 0.524 1.1643, -0.1799 0.5241 1.1643, -0.1789 0.524 1.1663, -0.1789 0.5241 1.1663, -0.1783 0.524 1.1687, -0.1783 0.5241 1.1687, -0.1782 0.524 1.1707, -0.1782 0.5241 1.1707, -0.1785 0.524 1.1731, -0.1785 0.5241 1.1731, -0.1792 0.524 1.1751, -0.1792 0.5241 1.1751, -0.1805 0.524 1.177, -0.1805 0.5241 1.177, -0.1828 0.524 1.179, -0.1828 0.5241 1.179, -0.1862 0.524 1.1808, -0.1862 0.5241 1.1808, -0.1902 0.524 1.1818, -0.1902 0.5241 1.1818, -0.1947 0.524 1.1821, -0.1947 0.5241 1.1821, -0.2052 0.524 1.1808, -0.2052 0.5241 1.1808, -0.2137 0.524 1.1774, -0.2137 0.5241 1.1774, -0.2164 0.524 1.1758, -0.2164 0.5241 1.1758, -0.2165 0.5241 1.1904, -0.2165 0.524 1.1904, -0.2068 0.524 1.1933, -0.2068 0.5241 1.1933, -0.1962 0.524 1.1943, -0.1962 0.5241 1.1943, -0.1841 0.524 1.1929, -0.1841 0.5241 1.1929, -0.1761 0.524 1.1899, -0.1761 0.5241 1.1899, -0.1724 0.524 1.1877, -0.1724 0.5241 1.1877, -0.1677 0.5241 1.1835, -0.1698 0.524 1.1853, -0.1677 0.524 1.1835, -0.165 0.524 1.1794, -0.165 0.5241 1.1794, -0.1632 0.524 1.1746, -0.1632 0.5241 1.1746, -0.1627 0.524 1.1694, -0.1627 0.5241 1.1694, -0.1633 0.524 1.1632, -0.1633 0.5241 1.1632, -0.165 0.524 1.1587, -0.165 0.5241 1.1587, -0.1668 0.524 1.1558, -0.1668 0.5241 1.1558, -0.1853 0.524 1.1444, -0.1853 0.5241 1.1444, -0.1763 0.5241 1.1485, -0.1693 0.524 1.1533, -0.1693 0.5241 1.1533, -0.1698 0.524 1.1529, -0.1763 0.524 1.1485, -0.1951 0.524 1.1401, -0.1951 0.5241 1.1401, -0.2009 0.524 1.1366, -0.2009 0.5241 1.1366, -0.2028 0.524 1.1346, -0.2028 0.5241 1.1346, -0.204 0.524 1.1326, -0.204 0.5241 1.1326, -0.2046 0.524 1.1302, -0.2046 0.5241 1.1302, -0.2048 0.524 1.1284, -0.2048 0.5241 1.1284, -0.2044 0.524 1.1255, -0.2044 0.5241 1.1255, -0.2036 0.524 1.1234, -0.2036 0.5241 1.1234, -0.2023 0.524 1.1214, -0.2023 0.5241 1.1214, -0.2006 0.524 1.1199, -0.2006 0.5241 1.1199, -0.1992 0.524 1.1191, -0.1992 0.5241 1.1191, -0.1953 0.524 1.1177, -0.1953 0.5241 1.1177, -0.1876 0.524 1.1169, -0.1876 0.5241 1.1169, -0.2952 0.5241 1.1917, -0.3108 0.5241 1.1915, -0.2952 0.524 1.1917, -0.3108 0.524 1.1915, -0.2713 0.5241 1.1272, -0.2713 0.524 1.1272, -0.2702 0.524 1.1232, -0.2702 0.5241 1.1232, -0.2695 0.524 1.1203, -0.2695 0.5241 1.1203, -0.2691 0.5241 1.1203, -0.2691 0.524 1.1203, -0.2673 0.5241 1.1274, -0.2673 0.524 1.1274, -0.2453 0.524 1.192, -0.2453 0.5241 1.192, -0.2534 0.524 1.1683, -0.2285 0.5241 1.1921, -0.2285 0.524 1.1921, -0.2615 0.524 1.1063, -0.2615 0.5241 1.1063, -0.2534 0.524 1.1275, -0.2548 0.5241 1.0907, -0.2548 0.524 1.0907, -0.2534 0.524 1.0882, -0.2515 0.5241 1.085, -0.2515 0.524 1.085, -0.2487 0.524 1.082, -0.2487 0.5241 1.082, -0.2472 0.524 1.0809, -0.2472 0.5241 1.0809, -0.2441 0.524 1.0794, -0.2441 0.5241 1.0794, -0.2406 0.524 1.0788, -0.2406 0.5241 1.0788, -0.2393 0.524 1.0788, -0.2393 0.5241 1.0788, -0.2339 0.524 1.0795, -0.2339 0.5241 1.0795, -0.2308 0.524 1.0805, -0.2308 0.5241 1.0805, -0.2307 0.5241 1.0672, -0.2307 0.524 1.0672, -0.2369 0.524 1.066, -0.2369 0.5241 1.066, -0.2404 0.524 1.0659, -0.2404 0.5241 1.0659, -0.2466 0.524 1.0665, -0.2466 0.5241 1.0665, -0.2525 0.524 1.0688, -0.2525 0.5241 1.0688, -0.2534 0.524 1.0694, -0.2578 0.5241 1.0725, -0.2578 0.524 1.0725, -0.2584 0.524 1.073, -0.2584 0.5241 1.073, -0.264 0.524 1.0794, -0.264 0.5241 1.0794, -0.2712 0.524 1.0931, -0.2712 0.5241 1.0931, -0.3911 0.5241 1.1189, -0.391 0.5241 1.1052, -0.3911 0.524 1.1189, -0.391 0.524 1.1052, -0.342 0.524 1.1192, -0.342 0.5241 1.1192, -0.366 0.524 1.1191, -0.3423 0.5241 1.1596, -0.3423 0.524 1.1596, -0.3853 0.524 1.1593, -0.3853 0.5241 1.1593, -0.366 0.524 1.1595, -0.3854 0.5241 1.1731, -0.3854 0.524 1.1731, -0.3424 0.524 1.1734, -0.3424 0.5241 1.1734, -0.366 0.524 1.1732, -0.3427 0.5241 1.2118, -0.3427 0.524 1.2118, -0.389 0.524 1.2115, -0.389 0.5241 1.2115, -0.366 0.524 1.2117, -0.3891 0.524 1.2253, -0.3891 0.5241 1.2253, -0.3891 0.524 1.2246, -0.3273 0.524 1.2258, -0.3273 0.5241 1.2258, -0.366 0.524 1.2255, -0.3264 0.524 1.1057, -0.3264 0.5241 1.1057, -0.3273 0.524 1.2246, -0.366 0.524 1.1054, -0.4886 0.5241 1.1381, -0.4825 0.5241 1.1308, -0.4935 0.5241 1.1213, -0.4803 0.5241 1.1288, -0.4811 0.5241 1.1125, -0.4723 0.5241 1.1236, -0.4674 0.5241 1.1072, -0.462 0.5241 1.12, -0.4467 0.5241 1.1048, -0.4467 0.5241 1.1185, -0.4137 0.5241 1.105, -0.4293 0.5241 1.1186, -0.4146 0.5241 1.2251, -0.43 0.5241 1.2112, -0.4488 0.5241 1.2249, -0.4481 0.5241 1.2111, -0.4671 0.5241 1.2227, -0.4636 0.5241 1.2093, -0.4816 0.5241 1.2173, -0.474 0.5241 1.2054, -0.4941 0.5241 1.2087, -0.4827 0.5241 1.1995, -0.4982 0.5241 1.2046, -0.4866 0.5241 1.1955, -0.5056 0.5241 1.1941, -0.4911 0.5241 1.1886, -0.51 0.5241 1.1827, -0.4942 0.5241 1.1795, -0.5119 0.5241 1.1659, -0.4956 0.5241 1.1656, -0.5115 0.5241 1.1583, -0.4952 0.5241 1.158, -0.5085 0.5241 1.1443, -0.4928 0.5241 1.147, -0.5025 0.5241 1.1319, -0.4467 0.524 1.1048, -0.4137 0.524 1.105, -0.4674 0.524 1.1072, -0.4811 0.524 1.1125, -0.4935 0.524 1.1213, -0.5025 0.524 1.1319, -0.5085 0.524 1.1443, -0.5115 0.524 1.1583, -0.5119 0.524 1.1659, -0.51 0.524 1.1827, -0.5056 0.524 1.1941, -0.4982 0.524 1.2046, -0.4941 0.524 1.2087, -0.4488 0.524 1.2249, -0.4513 0.524 1.2246, -0.4671 0.524 1.2227, -0.4816 0.524 1.2173, -0.4146 0.524 1.2251, -0.4146 0.524 1.2246, -0.4481 0.524 1.2111, -0.43 0.524 1.2112, -0.4293 0.524 1.1186, -0.4467 0.524 1.1185, -0.4825 0.524 1.1308, -0.4803 0.524 1.1288, -0.4723 0.524 1.1236, -0.462 0.524 1.12, -0.4956 0.524 1.1656, -0.4952 0.524 1.158, -0.4928 0.524 1.147, -0.4886 0.524 1.1381, -0.4827 0.524 1.1995, -0.4866 0.524 1.1955, -0.4911 0.524 1.1886, -0.4942 0.524 1.1795, -0.4636 0.524 1.2093, -0.474 0.524 1.2054
            ]
        }
        coordIndex [
            0,1,2,-1,3,4,5,-1,3,5,6,-1,6,5,7,-1,6,7,2,-1,2,7,8,-1,2,8,0,-1,9,1,10,-1,10,1,0,-1,11,12,13,-1,9,10,14,-1,9,14,13,-1,13,14,15,-1,13,15,11,-1,12,11,16,-1,12,16,17,-1,17,16,18,-1,17,18,19,-1,19,18,20,-1,19,20,21,-1,21,20,22,-1,21,22,23,-1,23,22,24,-1,23,24,25,-1,25,24,26,-1,25,26,27,-1,27,26,28,-1,27,28,29,-1,29,28,30,-1,29,30,31,-1,31,30,32,-1,31,32,33,-1,33,32,34,-1,33,34,35,-1,35,34,36,-1,35,36,37,-1,37,36,38,-1,37,38,39,-1,39,38,40,-1,39,40,41,-1,41,40,42,-1,41,42,43,-1,43,42,44,-1,43,44,45,-1,45,44,46,-1,45,46,47,-1,47,46,48,-1,47,48,49,-1,49,48,50,-1,49,50,51,-1,51,50,52,-1,51,52,53,-1,53,52,54,-1,53,54,55,-1,55,54,56,-1,55,56,57,-1,57,56,58,-1,57,58,59,-1,59,58,60,-1,59,60,61,-1,61,60,62,-1,61,62,63,-1,63,62,64,-1,63,64,65,-1,65,64,66,-1,65,66,67,-1,67,66,68,-1,67,68,69,-1,69,68,70,-1,69,70,71,-1,71,70,72,-1,71,72,73,-1,74,73,75,-1,75,73,72,-1,74,75,76,-1,74,76,77,-1,77,76,78,-1,77,78,79,-1,79,78,80,-1,79,80,81,-1,81,80,82,-1,81,82,83,-1,83,82,84,-1,83,84,85,-1,86,85,87,-1,87,85,84,-1,87,88,86,-1,86,88,89,-1,86,89,90,-1,90,89,91,-1,90,91,92,-1,92,91,93,-1,92,93,94,-1,94,93,95,-1,94,95,96,-1,96,95,97,-1,96,97,98,-1,98,97,99,-1,98,99,100,-1,101,102,103,-1,100,99,104,-1,100,104,105,-1,105,104,106,-1,105,106,103,-1,103,106,107,-1,103,107,101,-1,102,101,108,-1,102,108,109,-1,109,108,110,-1,109,110,111,-1,111,110,112,-1,111,112,113,-1,113,112,114,-1,113,114,115,-1,115,114,116,-1,115,116,117,-1,117,116,118,-1,117,118,119,-1,119,118,120,-1,119,120,121,-1,121,120,122,-1,121,122,123,-1,123,122,124,-1,123,124,125,-1,125,124,126,-1,125,126,127,-1,127,126,128,-1,127,128,129,-1,129,128,130,-1,129,130,131,-1,131,130,132,-1,131,132,133,-1,133,132,4,-1,133,4,3,-1,57,59,85,-1,85,59,83,-1,83,59,61,-1,83,61,81,-1,123,23,25,-1,109,41,102,-1,102,41,43,-1,123,25,121,-1,121,25,27,-1,121,27,119,-1,119,27,29,-1,119,29,117,-1,117,29,31,-1,117,31,115,-1,115,31,33,-1,115,33,113,-1,113,33,35,-1,113,35,111,-1,111,35,37,-1,111,37,109,-1,109,37,39,-1,109,39,41,-1,23,123,21,-1,21,123,125,-1,21,125,19,-1,12,3,13,-1,13,3,6,-1,13,6,9,-1,9,6,2,-1,9,2,1,-1,61,63,81,-1,81,63,65,-1,81,65,79,-1,79,65,67,-1,79,67,77,-1,77,67,69,-1,77,69,74,-1,74,69,71,-1,74,71,73,-1,125,127,19,-1,19,127,129,-1,19,129,17,-1,17,129,131,-1,17,131,12,-1,12,131,133,-1,12,133,3,-1,85,86,57,-1,57,86,90,-1,57,90,55,-1,55,90,92,-1,55,92,53,-1,53,92,94,-1,53,94,51,-1,51,94,96,-1,51,96,49,-1,49,96,98,-1,49,98,47,-1,47,98,100,-1,47,100,45,-1,45,100,105,-1,45,105,43,-1,43,105,103,-1,43,103,102,-1,134,135,136,-1,136,135,137,-1,138,134,139,-1,139,134,136,-1,138,139,140,-1,138,140,141,-1,141,140,142,-1,141,142,143,-1,144,143,145,-1,145,143,142,-1,146,144,147,-1,147,144,145,-1,148,149,150,-1,150,149,146,-1,150,146,147,-1,151,149,152,-1,152,149,148,-1,153,154,155,-1,155,154,151,-1,155,151,152,-1,156,154,157,-1,157,154,153,-1,156,157,158,-1,156,158,159,-1,158,160,159,-1,159,160,161,-1,159,161,162,-1,162,161,163,-1,162,163,164,-1,164,163,165,-1,164,165,166,-1,166,165,167,-1,166,167,168,-1,168,167,169,-1,168,169,170,-1,170,169,171,-1,170,171,172,-1,172,171,173,-1,172,173,174,-1,175,174,176,-1,176,174,173,-1,175,176,177,-1,175,177,178,-1,178,177,179,-1,178,179,180,-1,180,179,181,-1,180,181,182,-1,182,181,183,-1,182,183,184,-1,184,183,185,-1,184,185,186,-1,185,187,186,-1,186,187,188,-1,186,188,189,-1,189,188,190,-1,189,190,191,-1,191,190,192,-1,191,192,193,-1,135,193,137,-1,137,193,192,-1,141,143,193,-1,172,174,175,-1,135,134,193,-1,193,134,138,-1,193,138,141,-1,149,151,146,-1,146,151,154,-1,146,154,144,-1,143,144,193,-1,193,144,154,-1,193,154,191,-1,172,175,170,-1,170,175,178,-1,170,178,168,-1,168,178,180,-1,168,180,166,-1,166,180,182,-1,166,182,164,-1,164,182,184,-1,164,184,162,-1,154,156,191,-1,191,156,159,-1,191,159,189,-1,189,159,162,-1,189,162,186,-1,186,162,184,-1,194,195,196,-1,196,195,197,-1,198,199,200,-1,200,199,194,-1,200,194,196,-1,201,199,202,-1,202,199,198,-1,203,204,205,-1,205,204,201,-1,205,201,202,-1,206,204,207,-1,207,204,203,-1,208,209,210,-1,210,209,206,-1,210,206,207,-1,211,209,212,-1,212,209,208,-1,213,214,215,-1,215,214,211,-1,215,211,212,-1,216,217,218,-1,218,217,214,-1,218,214,213,-1,219,220,221,-1,221,220,217,-1,221,217,216,-1,222,223,224,-1,224,223,220,-1,224,220,219,-1,197,195,225,-1,225,195,223,-1,225,223,222,-1,223,195,194,-1,194,199,223,-1,223,199,201,-1,223,201,220,-1,214,217,211,-1,211,217,220,-1,211,220,209,-1,209,220,201,-1,209,201,206,-1,206,201,204,-1,226,227,228,-1,228,227,229,-1,228,229,230,-1,230,229,231,-1,230,231,232,-1,232,231,233,-1,232,233,234,-1,234,233,235,-1,234,235,236,-1,236,235,237,-1,236,237,238,-1,238,237,239,-1,238,239,240,-1,240,239,241,-1,240,241,242,-1,242,241,243,-1,242,243,244,-1,244,243,245,-1,244,245,246,-1,246,245,247,-1,246,247,248,-1,248,247,249,-1,248,249,250,-1,250,249,251,-1,250,251,252,-1,252,251,253,-1,252,253,254,-1,254,253,255,-1,254,255,256,-1,256,255,257,-1,256,257,258,-1,258,257,259,-1,258,259,260,-1,260,259,226,-1,260,226,228,-1,234,236,261,-1,261,236,262,-1,234,261,263,-1,234,263,232,-1,232,263,264,-1,232,264,230,-1,230,264,265,-1,230,265,228,-1,228,265,266,-1,228,266,260,-1,260,266,267,-1,260,267,258,-1,258,267,268,-1,258,268,256,-1,256,268,269,-1,256,269,254,-1,254,269,270,-1,254,270,252,-1,252,270,271,-1,252,271,250,-1,250,271,272,-1,250,272,248,-1,248,272,273,-1,248,273,246,-1,274,240,275,-1,275,240,242,-1,275,242,276,-1,276,242,244,-1,276,244,277,-1,277,244,246,-1,277,246,273,-1,238,240,278,-1,278,240,274,-1,262,236,279,-1,279,236,238,-1,279,238,278,-1,241,239,280,-1,280,239,281,-1,239,237,281,-1,281,237,282,-1,237,235,282,-1,282,235,283,-1,227,284,285,-1,227,285,229,-1,229,285,286,-1,229,286,231,-1,231,286,287,-1,231,287,233,-1,233,287,283,-1,233,283,235,-1,255,288,289,-1,255,289,257,-1,257,289,290,-1,257,290,259,-1,259,290,291,-1,259,291,226,-1,226,291,284,-1,226,284,227,-1,247,292,293,-1,247,293,249,-1,249,293,294,-1,249,294,251,-1,251,294,295,-1,251,295,253,-1,253,295,288,-1,253,288,255,-1,241,280,296,-1,241,296,243,-1,243,296,297,-1,243,297,245,-1,245,297,292,-1,245,292,247,-1,
        ]
    }
}
Shape{
    appearance Appearance {
        material  Material 	{
            diffuseColor 0.8431372549019608 0.8156862745098039 0.7529411764705882
            specularColor 0.4235294117647059 0.40784313725490196 0.3764705882352941
            ambientIntensity 0.8167
            transparency 0.0
            shininess 0.5
        }
    }
    geometry IndexedFaceSet {
        ccw TRUE
        solid FALSE
        coord DEF co Coordinate {
            point [
                -0.43 0.524 1.2112, -0.4293 0.524 1.1186, -0.4481 0.524 1.2111, -0.4467 0.524 1.1185, -0.462 0.524 1.12, -0.4723 0.524 1.1236, -0.4803 0.524 1.1288, -0.4825 0.524 1.1308, -0.4886 0.524 1.1381, -0.4928 0.524 1.147, -0.4952 0.524 1.158, -0.4956 0.524 1.1656, -0.4942 0.524 1.1795, -0.4911 0.524 1.1886, -0.4866 0.524 1.1955, -0.4827 0.524 1.1995, -0.4636 0.524 1.2093, -0.474 0.524 1.2054
            ]
        }
        coordIndex [
            0,1,2,-1,2,1,3,-1,2,3,4,-1,4,5,2,-1,2,5,6,-1,2,6,7,-1,7,8,2,-1,2,8,9,-1,2,9,10,-1,10,11,2,-1,2,11,12,-1,2,12,13,-1,13,14,2,-1,2,14,15,-1,2,15,16,-1,16,15,17,-1,
        ]
    }
}
Shape{
    appearance Appearance {
        material  Material 	{
            diffuseColor 0.0 0.0 0.0
            specularColor 0.0 0.0 0.0
            ambientIntensity 0.0
            transparency 0.0
            shininess 0.5
        }
    }
    geometry IndexedFaceSet {
        ccw TRUE
        solid FALSE
        coord DEF co Coordinate {
            point [
                -0.5521 0.5241 1.1505, -0.5704 0.5241 1.2003, -0.5647 0.5241 1.2241, -0.5182 0.5241 1.1043, -0.5353 0.5241 1.1042, -0.5471 0.5241 1.1369, -0.5714 0.5241 1.2038, -0.5724 0.5241 1.2087, -0.5813 0.5241 1.224, -0.5728 0.5241 1.2087, -0.5737 0.5241 1.2036, -0.5746 0.5241 1.2002, -0.5924 0.5241 1.1502, -0.6262 0.5241 1.1035, -0.6091 0.5241 1.1036, -0.5971 0.5241 1.1366, -0.5813 0.524 1.224, -0.6262 0.524 1.1035, -0.5647 0.524 1.2241, -0.5182 0.524 1.1043, -0.5353 0.524 1.1042, -0.5471 0.524 1.1369, -0.5971 0.524 1.1366, -0.6091 0.524 1.1036, -0.5521 0.524 1.1505, -0.5924 0.524 1.1502, -0.5746 0.524 1.2002, -0.5728 0.524 1.2087, -0.5737 0.524 1.2036, -0.5724 0.524 1.2087, -0.5704 0.524 1.2003, -0.5714 0.524 1.2038
            ]
        }
        coordIndex [
            0,1,2,-1,3,4,5,-1,1,6,2,-1,2,6,7,-1,2,7,8,-1,8,7,9,-1,8,9,10,-1,10,11,8,-1,8,11,12,-1,8,12,13,-1,14,13,15,-1,15,13,12,-1,15,12,5,-1,5,12,0,-1,5,0,3,-1,3,0,2,-1,8,13,16,-1,16,13,17,-1,2,8,18,-1,18,8,16,-1,3,2,19,-1,19,2,18,-1,4,3,20,-1,20,3,19,-1,5,4,21,-1,21,4,20,-1,15,5,22,-1,22,5,21,-1,14,15,23,-1,23,15,22,-1,13,14,17,-1,17,14,23,-1,0,12,24,-1,24,12,25,-1,12,11,25,-1,25,11,26,-1,9,27,28,-1,9,28,10,-1,10,28,26,-1,10,26,11,-1,9,7,27,-1,27,7,29,-1,1,30,31,-1,1,31,6,-1,6,31,29,-1,6,29,7,-1,1,0,30,-1,30,0,24,-1,
        ]
    }
}
Shape{
    appearance Appearance {
        material  Material 	{
            diffuseColor 0.8431372549019608 0.8156862745098039 0.7529411764705882
            specularColor 0.4235294117647059 0.40784313725490196 0.3764705882352941
            ambientIntensity 0.8167
            transparency 0.0
            shininess 0.5
        }
    }
    geometry IndexedFaceSet {
        ccw TRUE
        solid FALSE
        coord DEF co Coordinate {
            point [
                -0.5728 0.524 1.2087, -0.5724 0.524 1.2087, -0.5737 0.524 1.2036, -0.5714 0.524 1.2038, -0.5746 0.524 1.2002, -0.5704 0.524 1.2003, -0.5924 0.524 1.1502, -0.5521 0.524 1.1505
            ]
        }
        coordIndex [
            0,1,2,-1,2,1,3,-1,2,3,4,-1,4,3,5,-1,4,5,6,-1,6,5,7,-1,
        ]
    }
}
Shape{
    appearance Appearance {
        material  Material 	{
            diffuseColor 0.0 0.0 0.0
            specularColor 0.0 0.0 0.0
            ambientIntensity 0.0
            transparency 0.0
            shininess 0.5
        }
    }
    geometry IndexedFaceSet {
        ccw TRUE
        solid FALSE
        coord DEF co Coordinate {
            point [
                0.5368 0.5241 1.0948, 0.5242 0.5241 1.079, 0.5439 0.5241 1.1703, 0.2584 0.5241 1.2101, 0.2845 0.5241 1.2556, 0.3994 0.5241 1.1966, 0.4587 0.5241 1.1718, 0.4507 0.5241 1.1692, 0.4436 0.5241 1.1648, 0.4379 0.5241 1.1588, 0.3784 0.5241 1.1478, 0.5624 0.5241 1.1819, 0.5561 0.5241 1.1165, 0.5452 0.5241 1.1131, 0.434 0.5241 1.152, 0.4318 0.5241 1.1442, 0.3784 0.5241 1.1393, 0.4315 0.5241 1.1359, 0.4726 0.5241 1.1714, 0.4836 0.5241 1.2238, 0.4801 0.5241 1.1686, 0.5025 0.5241 1.2167, 0.4868 0.5241 1.1639, 0.52 0.5241 1.2047, 0.4909 0.5241 1.1595, 0.5343 0.5241 1.1887, 0.4952 0.5241 1.1524, 0.4976 0.5241 1.1443, 0.4322 0.5241 1.2201, 0.4528 0.5241 1.2254, 0.4632 0.5241 1.2261, 0.4697 0.5241 1.3244, 0.4634 0.5241 1.3209, 0.4894 0.5241 1.3834, 0.4518 0.5241 1.3453, 0.4718 0.5241 1.4037, 0.4331 0.5241 1.3685, 0.4516 0.5241 1.4207, 0.4095 0.5241 1.3862, 0.4308 0.5241 1.4334, 0.4873 0.5241 1.1146, 0.4806 0.5241 1.1098, 0.5076 0.5241 1.0663, 0.4727 0.5241 1.1067, 0.2676 0.5241 1.1099, 0.2642 0.5241 1.1094, 0.257 0.5241 1.1615, 0.3913 0.5241 1.4484, 0.3817 0.5241 1.3978, 0.3489 0.5241 1.4533, 0.2331 0.5241 1.4081, 0.2609 0.5241 1.3631, 0.2054 0.5241 1.3756, 0.2434 0.5241 1.3386, 0.1874 0.5241 1.3403, 0.2324 0.5241 1.3101, 0.2296 0.5241 1.2945, 0.5776 0.5241 1.1977, 0.6132 0.5241 1.1546, 0.5868 0.5241 1.1318, 0.5919 0.5241 1.2699, 0.6478 0.5241 1.2594, 0.5946 0.5241 1.2493, 0.6484 0.5241 1.2479, 0.5937 0.5241 1.2363, 0.6456 0.5241 1.2194, 0.5877 0.5241 1.2153, 0.6348 0.5241 1.1873, 0.6173 0.5241 1.1594, 0.4645 0.5241 1.1723, 0.4142 0.5241 1.2103, 0.2228 0.5241 1.2944, 0.2066 0.5241 1.2923, 0.1812 0.5241 1.3381, 0.1917 0.5241 1.2865, 0.156 0.5241 1.3248, 0.1786 0.5241 1.2772, 0.1334 0.5241 1.3047, 0.1687 0.5241 1.266, 0.1166 0.5241 1.2799, 0.1609 0.5241 1.2511, 0.1069 0.5241 1.2537, 0.157 0.5241 1.2347, 0.1037 0.5241 1.2278, 0.1567 0.5241 1.2274, 0.2186 0.5241 1.1612, 0.2139 0.5241 1.1091, 0.2034 0.5241 1.164, 0.1877 0.5241 1.1141, 0.1882 0.5241 1.1708, 0.1614 0.5241 1.1261, 0.1755 0.5241 1.181, 0.1388 0.5241 1.144, 0.1743 0.5241 1.1823, 0.1359 0.5241 1.1469, 0.1648 0.5241 1.1956, 0.12 0.5241 1.1682, 0.1588 0.5241 1.2108, 0.1085 0.5241 1.1949, 0.1038 0.5241 1.2228, 0.4888 0.5241 1.3315, 0.4993 0.5241 1.3847, 0.5086 0.5241 1.334, 0.5091 0.5241 1.3853, 0.5173 0.5241 1.3337, 0.5378 0.5241 1.3825, 0.5384 0.5241 1.3289, 0.5698 0.5241 1.3717, 0.5575 0.5241 1.3189, 0.5987 0.5241 1.353, 0.5725 0.5241 1.3058, 0.6076 0.5241 1.345, 0.5845 0.5241 1.2889, 0.6257 0.5241 1.3229, 0.6405 0.5241 1.2929, 0.4926 0.5241 1.1209, 0.4961 0.5241 1.128, 0.4979 0.5241 1.1359, 0.3532 0.5241 1.402, 0.3484 0.5241 1.4021, 0.3137 0.5241 1.4494, 0.3221 0.5241 1.399, 0.271 0.5241 1.434, 0.2952 0.5241 1.3891, 0.271 0.5241 1.3729, 0.4879 0.5241 1.0579, 0.4678 0.5241 1.0546, 0.4649 0.5241 1.1057, 0.4644 0.5241 1.0545, 0.4567 0.5241 1.1067, 0.4438 0.5241 1.0569, 0.4493 0.5241 1.1095, 0.4247 0.5241 1.064, 0.4427 0.5241 1.114, 0.4076 0.5241 1.0757, 0.4372 0.5241 1.1202, 0.3943 0.5241 1.0905, 0.4334 0.5241 1.1277, 0.3841 0.5241 1.1095, 0.379 0.5241 1.1306, 0.2887 0.5241 1.1387, 0.2888 0.5241 1.1361, 0.2613 0.5241 1.1623, 0.2882 0.5241 1.1302, 0.2861 0.5241 1.1243, 0.2825 0.5241 1.1189, 0.279 0.5241 1.1155, 0.2588 0.5241 1.1617, 0.2733 0.5241 1.1118, 0.2621 0.5241 1.1624, 0.2682 0.5241 1.1617, 0.2741 0.5241 1.1596, 0.2794 0.5241 1.156, 0.2839 0.5241 1.1511, 0.2871 0.5241 1.1452, 0.1037 0.524 1.2278, 0.1069 0.524 1.2537, 0.1098 0.524 1.2616, 0.1166 0.524 1.2799, 0.1275 0.524 1.296, 0.1334 0.524 1.3047, 0.156 0.524 1.3248, 0.1812 0.524 1.3381, 0.1874 0.524 1.3403, 0.2054 0.524 1.3756, 0.2331 0.524 1.4081, 0.3489 0.524 1.4533, 0.2476 0.524 1.418, 0.271 0.524 1.434, 0.2784 0.524 1.4366, 0.3137 0.524 1.4494, 0.4516 0.524 1.4207, 0.3913 0.524 1.4484, 0.4223 0.524 1.4366, 0.4308 0.524 1.4334, 0.4894 0.524 1.3834, 0.4548 0.524 1.418, 0.4718 0.524 1.4037, 0.4993 0.524 1.3847, 0.5091 0.524 1.3853, 0.5378 0.524 1.3825, 0.5698 0.524 1.3717, 0.5987 0.524 1.353, 0.6076 0.524 1.345, 0.6484 0.524 1.2479, 0.6257 0.524 1.3229, 0.639 0.524 1.296, 0.6405 0.524 1.2929, 0.6473 0.524 1.2616, 0.6478 0.524 1.2594, 0.6461 0.524 1.2246, 0.6463 0.524 1.2269, 0.6456 0.524 1.2194, 0.6348 0.524 1.1873, 0.6173 0.524 1.1594, 0.6132 0.524 1.1546, 0.5868 0.524 1.1318, 0.5561 0.524 1.1165, 0.5452 0.524 1.1131, 0.5368 0.524 1.0948, 0.5242 0.524 1.079, 0.5076 0.524 1.0663, 0.4879 0.524 1.0579, 0.4678 0.524 1.0546, 0.4644 0.524 1.0545, 0.4438 0.524 1.0569, 0.4247 0.524 1.064, 0.4076 0.524 1.0757, 0.3943 0.524 1.0905, 0.3841 0.524 1.1095, 0.379 0.524 1.1306, 0.3784 0.524 1.1393, 0.3784 0.524 1.1478, 0.2584 0.524 1.2101, 0.2845 0.524 1.2556, 0.2681 0.524 1.2269, 0.2667 0.524 1.2246, 0.3449 0.524 1.2246, 0.3994 0.524 1.1966, 0.3404 0.524 1.2269, 0.4632 0.524 1.2261, 0.4142 0.524 1.2103, 0.4322 0.524 1.2201, 0.4496 0.524 1.2246, 0.4528 0.524 1.2254, 0.4764 0.524 1.2246, 0.4836 0.524 1.2238, 0.5025 0.524 1.2167, 0.52 0.524 1.2047, 0.5343 0.524 1.1887, 0.5439 0.524 1.1703, 0.5946 0.524 1.2493, 0.5624 0.524 1.1819, 0.5776 0.524 1.1977, 0.5877 0.524 1.2153, 0.5904 0.524 1.2246, 0.591 0.524 1.2269, 0.5937 0.524 1.2363, 0.593 0.524 1.2616, 0.5919 0.524 1.2699, 0.5845 0.524 1.2889, 0.5794 0.524 1.296, 0.5725 0.524 1.3058, 0.5575 0.524 1.3189, 0.5384 0.524 1.3289, 0.5173 0.524 1.3337, 0.5086 0.524 1.334, 0.4888 0.524 1.3315, 0.4697 0.524 1.3244, 0.4634 0.524 1.3209, 0.4518 0.524 1.3453, 0.4331 0.524 1.3685, 0.4095 0.524 1.3862, 0.3817 0.524 1.3978, 0.3532 0.524 1.402, 0.3484 0.524 1.4021, 0.2296 0.524 1.2945, 0.2299 0.524 1.296, 0.2324 0.524 1.3101, 0.2434 0.524 1.3386, 0.2609 0.524 1.3631, 0.271 0.524 1.3729, 0.2952 0.524 1.3891, 0.3221 0.524 1.399, 0.2228 0.524 1.2944, 0.2066 0.524 1.2923, 0.1917 0.524 1.2865, 0.1786 0.524 1.2772, 0.1687 0.524 1.266, 0.1664 0.524 1.2616, 0.1609 0.524 1.2511, 0.157 0.524 1.2347, 0.1567 0.524 1.2274, 0.1567 0.524 1.2269, 0.157 0.524 1.2246, 0.1588 0.524 1.2108, 0.1648 0.524 1.1956, 0.1743 0.524 1.1823, 0.1755 0.524 1.181, 0.1882 0.524 1.1708, 0.2034 0.524 1.164, 0.2186 0.524 1.1612, 0.257 0.524 1.1615, 0.2588 0.524 1.1617, 0.2613 0.524 1.1623, 0.2621 0.524 1.1624, 0.2682 0.524 1.1617, 0.2741 0.524 1.1596, 0.2794 0.524 1.156, 0.2839 0.524 1.1511, 0.2871 0.524 1.1452, 0.2887 0.524 1.1387, 0.2888 0.524 1.1361, 0.2882 0.524 1.1302, 0.2861 0.524 1.1243, 0.2825 0.524 1.1189, 0.279 0.524 1.1155, 0.2733 0.524 1.1118, 0.2676 0.524 1.1099, 0.2642 0.524 1.1094, 0.2139 0.524 1.1091, 0.1877 0.524 1.1141, 0.1614 0.524 1.1261, 0.1388 0.524 1.144, 0.1359 0.524 1.1469, 0.1037 0.524 1.2269, 0.1038 0.524 1.2246, 0.1038 0.524 1.2228, 0.1085 0.524 1.1949, 0.12 0.524 1.1682, 0.4645 0.524 1.1723, 0.4587 0.524 1.1718, 0.4507 0.524 1.1692, 0.4436 0.524 1.1648, 0.4379 0.524 1.1588, 0.434 0.524 1.152, 0.4318 0.524 1.1442, 0.4315 0.524 1.1359, 0.4334 0.524 1.1277, 0.4372 0.524 1.1202, 0.4427 0.524 1.114, 0.4493 0.524 1.1095, 0.4567 0.524 1.1067, 0.4649 0.524 1.1057, 0.4727 0.524 1.1067, 0.4806 0.524 1.1098, 0.4873 0.524 1.1146, 0.4926 0.524 1.1209, 0.4961 0.524 1.128, 0.4979 0.524 1.1359, 0.4976 0.524 1.1443, 0.4952 0.524 1.1524, 0.4909 0.524 1.1595, 0.4868 0.524 1.1639, 0.4801 0.524 1.1686, 0.4726 0.524 1.1714
            ]
        }
        coordIndex [
            0,1,2,-1,3,4,5,-1,6,7,3,-1,7,8,3,-1,3,8,9,-1,3,9,10,-1,11,12,2,-1,2,12,13,-1,2,13,0,-1,9,14,10,-1,10,14,15,-1,10,15,16,-1,16,15,17,-1,18,19,20,-1,20,19,21,-1,20,21,22,-1,22,21,23,-1,22,23,24,-1,24,23,25,-1,24,25,26,-1,26,25,2,-1,26,2,27,-1,28,29,18,-1,18,29,30,-1,18,30,19,-1,31,32,33,-1,33,32,34,-1,33,34,35,-1,35,34,36,-1,35,36,37,-1,37,36,38,-1,37,38,39,-1,40,1,41,-1,41,1,42,-1,41,42,43,-1,44,45,46,-1,39,38,47,-1,47,38,48,-1,47,48,49,-1,50,51,52,-1,52,51,53,-1,52,53,54,-1,54,53,55,-1,54,55,56,-1,57,58,11,-1,11,58,59,-1,11,59,12,-1,60,61,62,-1,62,61,63,-1,62,63,64,-1,64,63,65,-1,64,65,66,-1,66,65,67,-1,66,67,57,-1,57,67,68,-1,57,68,58,-1,6,3,69,-1,69,3,5,-1,69,5,18,-1,18,5,70,-1,18,70,28,-1,56,71,54,-1,54,71,72,-1,54,72,73,-1,73,72,74,-1,73,74,75,-1,75,74,76,-1,75,76,77,-1,77,76,78,-1,77,78,79,-1,79,78,80,-1,79,80,81,-1,81,80,82,-1,81,82,83,-1,83,82,84,-1,46,45,85,-1,85,45,86,-1,85,86,87,-1,87,86,88,-1,87,88,89,-1,89,88,90,-1,89,90,91,-1,91,90,92,-1,91,92,93,-1,93,92,94,-1,93,94,95,-1,95,94,96,-1,95,96,97,-1,97,96,98,-1,97,98,84,-1,84,98,99,-1,84,99,83,-1,31,33,100,-1,100,33,101,-1,100,101,102,-1,102,101,103,-1,102,103,104,-1,104,103,105,-1,104,105,106,-1,106,105,107,-1,106,107,108,-1,108,107,109,-1,108,109,110,-1,110,109,111,-1,110,111,112,-1,112,111,113,-1,112,113,60,-1,60,113,114,-1,60,114,61,-1,40,115,1,-1,1,115,116,-1,1,116,2,-1,2,116,117,-1,2,117,27,-1,48,118,49,-1,49,118,119,-1,49,119,120,-1,120,119,121,-1,120,121,122,-1,122,121,123,-1,122,123,50,-1,50,123,124,-1,50,124,51,-1,42,125,43,-1,43,125,126,-1,43,126,127,-1,127,126,128,-1,127,128,129,-1,129,128,130,-1,129,130,131,-1,131,130,132,-1,131,132,133,-1,133,132,134,-1,133,134,135,-1,135,134,136,-1,135,136,137,-1,137,136,138,-1,137,138,17,-1,17,138,139,-1,17,139,16,-1,140,141,142,-1,142,141,143,-1,143,144,142,-1,142,144,145,-1,142,145,146,-1,46,147,44,-1,44,147,142,-1,44,142,148,-1,148,142,146,-1,142,149,140,-1,140,149,150,-1,140,150,151,-1,151,152,140,-1,140,152,153,-1,140,153,154,-1,83,155,156,-1,83,156,81,-1,81,156,157,-1,81,157,79,-1,157,158,79,-1,79,158,159,-1,79,159,77,-1,159,160,77,-1,77,160,161,-1,77,161,75,-1,75,161,162,-1,75,162,73,-1,73,162,163,-1,73,163,54,-1,54,163,164,-1,54,164,52,-1,52,164,165,-1,52,165,50,-1,166,49,120,-1,50,165,167,-1,50,167,122,-1,167,168,122,-1,122,168,169,-1,122,169,120,-1,120,169,170,-1,120,170,166,-1,171,37,39,-1,49,166,172,-1,49,172,47,-1,47,172,173,-1,47,173,39,-1,39,173,174,-1,39,174,171,-1,175,33,35,-1,37,171,176,-1,37,176,35,-1,35,176,177,-1,35,177,175,-1,33,175,178,-1,33,178,101,-1,101,178,179,-1,101,179,103,-1,103,179,180,-1,103,180,105,-1,105,180,181,-1,105,181,107,-1,107,181,182,-1,107,182,109,-1,109,182,183,-1,109,183,111,-1,184,63,61,-1,111,183,185,-1,111,185,113,-1,113,185,186,-1,113,186,114,-1,186,187,114,-1,114,187,188,-1,114,188,61,-1,61,188,189,-1,61,189,184,-1,190,65,191,-1,191,65,63,-1,191,63,184,-1,190,192,65,-1,65,192,193,-1,65,193,67,-1,67,193,194,-1,67,194,68,-1,68,194,195,-1,68,195,58,-1,58,195,196,-1,58,196,59,-1,59,196,197,-1,59,197,12,-1,12,197,198,-1,12,198,13,-1,13,198,199,-1,13,199,0,-1,0,199,200,-1,0,200,1,-1,1,200,201,-1,1,201,42,-1,42,201,202,-1,42,202,125,-1,125,202,203,-1,125,203,126,-1,126,203,204,-1,126,204,128,-1,128,204,205,-1,128,205,130,-1,130,205,206,-1,130,206,132,-1,132,206,207,-1,132,207,134,-1,134,207,208,-1,134,208,136,-1,136,208,209,-1,136,209,138,-1,138,209,210,-1,138,210,139,-1,139,210,211,-1,139,211,16,-1,10,16,212,-1,212,16,211,-1,3,10,213,-1,213,10,212,-1,214,4,215,-1,215,4,3,-1,215,3,216,-1,216,3,213,-1,217,218,5,-1,217,5,219,-1,219,5,4,-1,219,4,214,-1,220,30,29,-1,5,218,221,-1,5,221,70,-1,70,221,222,-1,70,222,28,-1,28,222,223,-1,28,223,29,-1,29,223,224,-1,29,224,220,-1,19,30,225,-1,225,30,220,-1,225,226,19,-1,19,226,227,-1,19,227,21,-1,21,227,228,-1,21,228,23,-1,23,228,229,-1,23,229,25,-1,25,229,230,-1,25,230,2,-1,231,62,64,-1,2,230,232,-1,2,232,11,-1,11,232,233,-1,11,233,57,-1,57,233,234,-1,57,234,66,-1,234,235,66,-1,66,235,236,-1,66,236,64,-1,64,236,237,-1,64,237,231,-1,62,231,238,-1,62,238,60,-1,238,239,60,-1,60,239,240,-1,60,240,112,-1,112,240,241,-1,112,241,110,-1,241,242,110,-1,110,242,243,-1,110,243,108,-1,108,243,244,-1,108,244,106,-1,106,244,245,-1,106,245,104,-1,104,245,246,-1,104,246,102,-1,102,246,247,-1,102,247,100,-1,100,247,248,-1,100,248,31,-1,31,248,249,-1,31,249,32,-1,32,249,250,-1,32,250,34,-1,34,250,251,-1,34,251,36,-1,36,251,252,-1,36,252,38,-1,38,252,253,-1,38,253,48,-1,48,253,254,-1,48,254,118,-1,118,254,255,-1,118,255,119,-1,256,56,257,-1,257,56,55,-1,257,55,258,-1,258,55,53,-1,258,53,259,-1,259,53,51,-1,259,51,260,-1,260,51,124,-1,260,124,261,-1,261,124,123,-1,261,123,262,-1,262,123,121,-1,262,121,263,-1,263,121,119,-1,263,119,255,-1,71,56,264,-1,264,56,256,-1,71,264,265,-1,71,265,72,-1,72,265,266,-1,72,266,74,-1,74,266,267,-1,74,267,76,-1,76,267,268,-1,76,268,78,-1,78,268,269,-1,78,269,80,-1,269,270,80,-1,80,270,271,-1,80,271,82,-1,82,271,272,-1,82,272,84,-1,272,273,84,-1,84,273,274,-1,84,274,97,-1,274,275,97,-1,97,275,276,-1,97,276,95,-1,95,276,277,-1,95,277,93,-1,93,277,278,-1,93,278,91,-1,91,278,279,-1,91,279,89,-1,89,279,280,-1,89,280,87,-1,87,280,281,-1,87,281,85,-1,46,85,282,-1,282,85,281,-1,46,282,283,-1,46,283,147,-1,147,283,284,-1,147,284,142,-1,142,284,285,-1,142,285,149,-1,149,285,286,-1,149,286,150,-1,150,286,287,-1,150,287,151,-1,151,287,288,-1,151,288,152,-1,152,288,289,-1,152,289,153,-1,153,289,290,-1,153,290,154,-1,154,290,291,-1,154,291,140,-1,140,291,292,-1,140,292,141,-1,141,292,293,-1,141,293,143,-1,143,293,294,-1,143,294,144,-1,144,294,295,-1,144,295,145,-1,145,295,296,-1,145,296,146,-1,146,296,297,-1,146,297,148,-1,148,297,298,-1,148,298,44,-1,44,298,299,-1,44,299,45,-1,86,45,300,-1,300,45,299,-1,86,300,301,-1,86,301,88,-1,88,301,302,-1,88,302,90,-1,90,302,303,-1,90,303,92,-1,92,303,304,-1,92,304,94,-1,305,155,83,-1,305,83,306,-1,306,83,99,-1,306,99,307,-1,307,99,98,-1,307,98,308,-1,308,98,96,-1,308,96,309,-1,309,96,94,-1,309,94,304,-1,69,310,311,-1,69,311,6,-1,6,311,312,-1,6,312,7,-1,7,312,313,-1,7,313,8,-1,8,313,314,-1,8,314,9,-1,9,314,315,-1,9,315,14,-1,14,315,316,-1,14,316,15,-1,15,316,317,-1,15,317,17,-1,17,317,318,-1,17,318,137,-1,137,318,319,-1,137,319,135,-1,135,319,320,-1,135,320,133,-1,133,320,321,-1,133,321,131,-1,131,321,322,-1,131,322,129,-1,129,322,323,-1,129,323,127,-1,127,323,324,-1,127,324,43,-1,43,324,325,-1,43,325,41,-1,41,325,326,-1,41,326,40,-1,40,326,327,-1,40,327,115,-1,115,327,328,-1,115,328,116,-1,116,328,329,-1,116,329,117,-1,117,329,330,-1,117,330,27,-1,27,330,331,-1,27,331,26,-1,26,331,332,-1,26,332,24,-1,24,332,333,-1,24,333,22,-1,22,333,334,-1,22,334,20,-1,20,334,335,-1,20,335,18,-1,18,335,310,-1,18,310,69,-1,
        ]
    }
}
Shape{
    appearance Appearance {
        material  Material 	{
            diffuseColor 0.8431372549019608 0.8156862745098039 0.7529411764705882
            specularColor 0.4235294117647059 0.40784313725490196 0.3764705882352941
            ambientIntensity 0.8167
            transparency 0.0
            shininess 0.5
        }
    }
    geometry IndexedFaceSet {
        ccw TRUE
        solid FALSE
        coord DEF co Coordinate {
            point [
                0.4649 0.524 1.1057, 0.4868 0.524 1.1639, 0.4909 0.524 1.1595, 0.4645 0.524 1.1723, 0.4587 0.524 1.1718, 0.4567 0.524 1.1067, 0.4726 0.524 1.1714, 0.4801 0.524 1.1686, 0.4427 0.524 1.114, 0.4379 0.524 1.1588, 0.4436 0.524 1.1648, 0.4961 0.524 1.128, 0.4926 0.524 1.1209, 0.4873 0.524 1.1146, 0.4493 0.524 1.1095, 0.4507 0.524 1.1692, 0.4952 0.524 1.1524, 0.4976 0.524 1.1443, 0.4979 0.524 1.1359, 0.4806 0.524 1.1098, 0.4727 0.524 1.1067, 0.4334 0.524 1.1277, 0.4315 0.524 1.1359, 0.4372 0.524 1.1202, 0.4318 0.524 1.1442, 0.434 0.524 1.152
            ]
        }
        coordIndex [
            0,1,2,-1,3,0,4,-1,4,0,5,-1,3,6,0,-1,0,6,7,-1,0,7,1,-1,8,9,10,-1,11,12,2,-1,2,12,13,-1,5,14,4,-1,4,14,8,-1,4,8,15,-1,15,8,10,-1,16,17,2,-1,2,17,18,-1,2,18,11,-1,13,19,2,-1,2,19,20,-1,2,20,0,-1,21,22,23,-1,23,22,24,-1,23,24,8,-1,8,24,25,-1,8,25,9,-1,
        ]
    }
}