#VRML V2.0 utf8

Shape {
  appearance Appearance {
    material Material {
      diffuseColor 0.6667 0.6980 0.7686
      specularColor 0.3333 0.3490 0.3843
      ambientIntensity 0.2
      transparency 0.0000
      shininess 0.5
    }
  }
  geometry IndexedFaceSet {
    ccw TRUE
    solid FALSE
    coord DEF co Coordinate {
      point [
        3.149606 0.787402 3.110236,
        3.149606 0.787402 2.516733,
        2.992126 0.787402 3.110236,
        2.992126 0.787402 2.516733,
        2.992126 -0.787402 3.110236,
        2.992126 -0.787402 2.516733,
        3.149606 -0.787402 3.110236,
        3.149606 -0.787402 2.516733,
        4.488189 0.787402 3.503937,
        4.330709 0.787402 3.503937,
        4.488189 0.675239 3.503937,
        4.330709 0.675239 3.503937,
        2.992126 0.393701 1.141732,
        2.992126 0.787402 1.141732,
        3.004863 0.787402 1.004282,
        3.004863 0.393701 1.004282,
        3.042639 0.787402 0.871512,
        3.042639 0.393701 0.871512,
        3.104168 0.787402 0.747944,
        3.104168 0.393701 0.747944,
        3.187355 0.787402 0.637787,
        3.187355 0.393701 0.637787,
        3.289368 0.787402 0.544790,
        3.289368 0.393701 0.544790,
        3.406731 0.787402 0.472122,
        3.406731 0.393701 0.472122,
        3.535449 0.787402 0.422256,
        3.535449 0.393701 0.422256,
        3.671138 0.787402 0.396892,
        3.671138 0.393701 0.396892,
        3.809177 0.787402 0.396892,
        3.809177 0.393701 0.396892,
        3.944866 0.787402 0.422256,
        3.944866 0.393701 0.422256,
        4.073584 0.787402 0.472122,
        4.073584 0.393701 0.472122,
        4.190947 0.787402 0.544790,
        4.190947 0.393701 0.544790,
        4.292959 0.787402 0.637787,
        4.292959 0.393701 0.637787,
        4.376146 0.177165 0.747944,
        4.330709 0.177165 0.682602,
        4.330709 0.393701 0.682602,
        4.376146 0.787402 0.747944,
        4.437676 0.787402 0.871512,
        4.437676 0.177165 0.871512,
        4.475452 0.787402 1.004282,
        4.475452 0.177165 1.004282,
        4.488189 0.787402 1.141732,
        4.488189 0.177165 1.141732,
        3.149606 0.787402 1.141732,
        3.149606 0.393701 1.141732,
        3.162511 0.787402 1.018950,
        3.162511 0.393701 1.018950,
        3.200662 0.787402 0.901533,
        3.200662 0.393701 0.901533,
        3.262391 0.787402 0.794615,
        3.262391 0.393701 0.794615,
        3.345002 0.787402 0.702867,
        3.345002 0.393701 0.702867,
        3.444882 0.787402 0.630300,
        3.444882 0.393701 0.630300,
        3.557667 0.787402 0.580085,
        3.557667 0.393701 0.580085,
        3.678428 0.787402 0.554416,
        3.678428 0.393701 0.554416,
        3.801887 0.787402 0.554416,
        3.801887 0.393701 0.554416,
        3.922648 0.787402 0.580085,
        3.922648 0.393701 0.580085,
        4.035433 0.787402 0.630300,
        4.035433 0.393701 0.630300,
        4.135313 0.787402 0.702867,
        4.135313 0.393701 0.702867,
        4.217923 0.787402 0.794615,
        4.217923 0.393701 0.794615,
        4.279652 0.787402 0.901533,
        4.279652 0.393701 0.901533,
        4.317804 0.787402 1.018950,
        4.317804 0.393701 1.018950,
        4.330709 0.787402 1.141732,
        4.330709 0.393701 1.141732,
        2.992126 -0.393701 1.141732,
        2.992126 -0.787402 1.141732,
        2.992126 -0.393701 1.181102,
        2.992126 -0.787402 1.958650,
        2.992126 0.393701 1.181102,
        2.992126 -0.438112 1.958650,
        2.992126 -0.438112 2.516733,
        2.992126 -0.393701 3.503937,
        2.992126 0.393701 3.503937,
        2.992126 0.438112 2.516733,
        2.992126 0.438112 1.958650,
        2.992126 0.787402 1.958650,
        3.149606 0.393701 3.503937,
        3.149606 -0.393701 3.503937,
        3.149606 0.393701 1.181102,
        3.149606 0.787402 1.958650,
        3.149606 -0.393701 1.181102,
        3.149606 0.438112 1.958650,
        3.149606 0.438112 2.516733,
        3.149606 -0.787402 1.141732,
        3.149606 -0.393701 1.141732,
        3.149606 -0.438112 2.516733,
        3.149606 -0.438112 1.958650,
        3.149606 -0.787402 1.958650,
        3.162511 -0.393701 1.018950,
        3.162511 -0.787402 1.018950,
        3.200662 -0.393701 0.901533,
        3.200662 -0.787402 0.901533,
        3.262391 -0.393701 0.794615,
        3.262391 -0.787402 0.794615,
        3.345002 -0.393701 0.702867,
        3.345002 -0.787402 0.702867,
        3.444882 -0.393701 0.630300,
        3.444882 -0.787402 0.630300,
        3.557667 -0.393701 0.580085,
        3.557667 -0.787402 0.580085,
        3.678428 -0.393701 0.554416,
        3.678428 -0.787402 0.554416,
        3.801887 -0.393701 0.554416,
        3.801887 -0.787402 0.554416,
        3.922648 -0.393701 0.580085,
        3.922648 -0.787402 0.580085,
        4.035433 -0.393701 0.630300,
        4.035433 -0.787402 0.630300,
        4.135313 -0.393701 0.702867,
        4.135313 -0.787402 0.702867,
        4.217923 -0.393701 0.794615,
        4.217923 -0.787402 0.794615,
        4.279652 -0.393701 0.901533,
        4.279652 -0.787402 0.901533,
        4.317804 -0.393701 1.018950,
        4.317804 -0.787402 1.018950,
        4.330709 -0.393701 1.141732,
        4.330709 -0.787402 1.141732,
        4.330709 0.675239 3.188816,
        4.330709 -0.787402 3.503937,
        4.330709 -0.675239 3.188816,
        4.330709 -0.675239 3.503937,
        4.330709 -0.059055 -1.377953,
        4.330709 0.059055 -1.377953,
        4.330709 0.177165 -1.259843,
        4.330709 -0.177165 -1.259843,
        4.330709 -0.089624 -1.373928,
        4.330709 -0.177165 0.682602,
        4.330709 -0.393701 0.682602,
        4.330709 -0.118110 -1.362129,
        4.330709 -0.142572 -1.343359,
        4.330709 -0.173141 -1.290412,
        4.330709 -0.161342 -1.318898,
        4.330709 0.161342 -1.318898,
        4.330709 0.142572 -1.343359,
        4.330709 0.173141 -1.290412,
        4.330709 0.118110 -1.362129,
        4.330709 0.089624 -1.373928,
        4.488189 -0.787402 3.503937,
        4.488189 -0.675239 3.503937,
        4.488189 -0.177165 1.141732,
        4.488189 -0.675239 3.188816,
        4.488189 0.675239 3.188816,
        4.488189 -0.787402 1.141732,
        4.488189 -0.059055 -1.377953,
        4.488189 -0.177165 -1.259843,
        4.488189 -0.089624 -1.373928,
        4.488189 -0.118110 -1.362129,
        4.488189 -0.142572 -1.343359,
        4.488189 -0.173141 -1.290412,
        4.488189 -0.161342 -1.318898,
        4.488189 0.089624 -1.373928,
        4.488189 0.177165 -1.259843,
        4.488189 0.059055 -1.377953,
        4.488189 0.118110 -1.362129,
        4.488189 0.142572 -1.343359,
        4.488189 0.173141 -1.290412,
        4.488189 0.161342 -1.318898,
        4.376146 -0.177165 0.747944,
        4.292959 -0.393701 0.637787,
        4.376146 -0.787402 0.747944,
        4.292959 -0.787402 0.637787,
        4.190947 -0.787402 0.544790,
        4.190947 -0.393701 0.544790,
        4.073584 -0.787402 0.472122,
        4.073584 -0.393701 0.472122,
        3.944866 -0.787402 0.422256,
        3.944866 -0.393701 0.422256,
        3.809177 -0.787402 0.396892,
        3.809177 -0.393701 0.396892,
        3.671138 -0.787402 0.396892,
        3.671138 -0.393701 0.396892,
        3.535449 -0.787402 0.422256,
        3.535449 -0.393701 0.422256,
        3.406731 -0.787402 0.472122,
        3.406731 -0.393701 0.472122,
        3.289368 -0.787402 0.544790,
        3.289368 -0.393701 0.544790,
        3.187355 -0.787402 0.637787,
        3.187355 -0.393701 0.637787,
        3.104168 -0.787402 0.747944,
        3.104168 -0.393701 0.747944,
        3.042639 -0.787402 0.871512,
        3.042639 -0.393701 0.871512,
        3.004863 -0.787402 1.004282,
        3.004863 -0.393701 1.004282,
        4.437676 -0.177165 0.871512,
        4.437676 -0.787402 0.871512,
        4.475452 -0.177165 1.004282,
        4.475452 -0.787402 1.004282,
        -3.287401 0.177165 1.259844,
        -3.287401 0.240157 1.259844,
        -3.283355 0.241472 1.264012,
        -3.283355 -0.241472 1.264012,
        -3.252655 0.251450 1.295636,
        -3.252655 -0.251450 1.295636,
        -3.215331 0.263580 1.319089,
        -3.215331 -0.263580 1.319089,
        -3.173724 0.277102 1.333648,
        -3.173724 -0.277102 1.333648,
        -3.129920 0.291339 1.338583,
        -3.129920 -0.291339 1.338583,
        -3.287401 -0.240157 1.259844,
        -3.287401 -0.177165 1.259844,
        -3.326772 -0.177165 1.141732,
        -3.326772 0.177165 1.141732,
        -3.321836 -0.177165 1.185536,
        -3.321836 0.177165 1.185536,
        -3.307277 -0.177165 1.227143,
        -3.307277 0.177165 1.227143,
        -2.814959 0.393701 1.417321,
        -2.814959 0.393701 1.338581,
        -3.129920 0.291339 1.417323,
        -3.191245 0.271408 1.410413,
        -3.249494 0.252477 1.390031,
        -3.301748 0.235494 1.357198,
        -3.345386 0.221312 1.313561,
        -3.378065 0.210692 1.261211,
        -3.378919 0.210414 1.259844,
        -2.241012 0.393701 1.220469,
        -2.241012 0.393701 0.629920,
        -2.241012 0.472441 1.220469,
        -2.241012 0.472441 0.629920,
        -3.326772 0.177165 -1.377953,
        -3.326772 -0.177165 -1.377953,
        -3.405512 0.177165 -1.377953,
        -3.405512 -0.177165 -1.377953,
        -3.405512 -0.059055 0.590551,
        -3.405512 -0.177165 0.590551,
        -3.405512 -0.177165 1.141732,
        -3.405512 -0.177165 -0.787402,
        -3.405512 -0.059055 -0.787402,
        -3.405512 0.177165 1.141732,
        -3.405512 0.177165 0.590551,
        -3.405512 0.059055 0.590551,
        -3.405512 0.177165 -0.787402,
        -3.405512 0.059055 -0.787402,
        -2.318963 0.393701 1.220469,
        -2.626893 0.393701 1.201165,
        -2.429079 0.393701 1.201165,
        -2.429079 0.393701 0.629920,
        -2.545510 0.393701 1.220470,
        -2.392789 0.393701 1.220469,
        -2.392788 0.393701 1.338580,
        -2.318963 0.393701 1.338579,
        -2.545509 0.393701 1.338580,
        -2.626893 0.393701 0.629920,
        -2.814959 0.393701 0.629920,
        -2.429079 0.472441 0.629920,
        -2.626893 0.472441 0.629920,
        -2.814959 0.472441 0.629920,
        -2.392789 0.472441 1.220469,
        -2.392788 0.472441 1.417319,
        -2.318962 0.472441 1.417319,
        -2.318963 0.472441 1.220469,
        -2.429079 0.472441 1.201165,
        -2.626893 0.472441 1.201165,
        -2.814959 0.472441 1.417321,
        -2.545510 0.472441 1.220470,
        -2.545509 0.472441 1.417320,
        -2.429079 -0.393701 0.629920,
        -2.241012 -0.393701 0.629920,
        -2.429079 -0.472441 0.629920,
        -2.241012 -0.472441 0.629920,
        0.415148 0.393701 2.295732,
        0.435945 0.393701 2.219788,
        0.201500 0.393701 2.237226,
        0.253789 0.393701 2.169906,
        0.106690 0.393701 2.084532,
        0.154390 0.393701 2.015330,
        -0.001964 0.393701 1.941359,
        0.041231 0.393701 1.870524,
        -0.123512 0.393701 1.808957,
        -0.084733 0.393701 1.736708,
        -0.256893 0.393701 1.688484,
        -0.222440 0.393701 1.615011,
        -1.636074 0.393701 1.417316,
        -1.628407 0.393701 1.338576,
        -2.163062 0.393701 1.417318,
        -2.163062 0.393701 1.338578,
        0.415148 -0.118110 2.295732,
        0.201500 -0.118110 2.237226,
        0.201500 -0.393701 2.237226,
        0.415148 -0.393701 2.295732,
        0.453120 -0.354331 2.306131,
        0.453120 -0.157480 2.306131,
        0.438824 -0.126700 2.302216,
        0.431624 -0.122009 2.300244,
        0.444836 -0.132933 2.303862,
        0.449360 -0.140398 2.305101,
        0.452169 -0.148720 2.305870,
        0.423598 -0.119097 2.298046,
        0.441999 -0.382170 2.303085,
        0.434135 -0.388426 2.300931,
        0.424976 -0.392359 2.298424,
        0.448033 -0.374016 2.304738,
        0.451827 -0.364520 2.305776,
        0.473917 -0.157480 2.230187,
        0.473917 -0.354331 2.230187,
        0.435945 -0.393701 2.219788,
        0.253789 -0.393701 2.169906,
        0.253789 -0.118110 2.169906,
        0.435945 -0.118110 2.219788,
        0.454931 -0.388426 2.224987,
        0.445773 -0.392359 2.222480,
        0.444395 -0.119097 2.222102,
        0.452421 -0.122009 2.224300,
        0.459620 -0.126700 2.226272,
        0.465633 -0.132933 2.227918,
        0.470157 -0.140398 2.229157,
        0.472965 -0.148720 2.229926,
        0.472624 -0.364520 2.229832,
        0.468830 -0.374016 2.228794,
        0.462796 -0.382170 2.227141,
        0.154390 -0.393701 2.015330,
        0.154390 -0.118110 2.015330,
        0.041231 -0.393701 1.870524,
        0.041231 -0.118110 1.870524,
        -0.084733 -0.393701 1.736708,
        -0.084733 -0.118110 1.736708,
        -0.222440 -0.393701 1.615011,
        -0.222440 -0.118110 1.615011,
        -1.628407 -0.393701 1.338576,
        -1.628407 -0.118110 1.338576,
        -1.636074 -0.118110 1.417316,
        -1.636074 -0.393701 1.417316,
        -0.256893 -0.118110 1.688484,
        -0.256893 -0.393701 1.688484,
        -0.123512 -0.118110 1.808957,
        -0.123512 -0.393701 1.808957,
        -0.001964 -0.118110 1.941359,
        -0.001964 -0.393701 1.941359,
        0.106690 -0.118110 2.084532,
        0.106690 -0.393701 2.084532,
        0.453120 0.157480 2.306131,
        0.453120 0.354331 2.306131,
        0.451827 0.364520 2.305776,
        0.449360 0.140398 2.305101,
        0.415148 0.118110 2.295732,
        0.444836 0.132933 2.303862,
        0.423598 0.119097 2.298046,
        0.438824 0.126700 2.302216,
        0.431624 0.122009 2.300244,
        0.452169 0.148720 2.305870,
        0.201500 0.118110 2.237226,
        0.448033 0.374016 2.304738,
        0.441999 0.382170 2.303085,
        0.424976 0.392359 2.298424,
        0.434135 0.388426 2.300931,
        0.473917 0.157480 2.230187,
        0.473917 0.354331 2.230187,
        0.253789 0.118110 2.169906,
        0.435945 0.118110 2.219788,
        0.472624 0.364520 2.229832,
        0.472965 0.148720 2.229926,
        0.445773 0.392359 2.222480,
        0.454931 0.388426 2.224987,
        0.462796 0.382170 2.227141,
        0.465633 0.132933 2.227918,
        0.459620 0.126700 2.226272,
        0.452421 0.122009 2.224300,
        0.468830 0.374016 2.228794,
        0.470157 0.140398 2.229157,
        0.444395 0.119097 2.222102,
        0.154390 0.118110 2.015330,
        0.041231 0.118110 1.870524,
        -0.084733 0.118110 1.736708,
        -0.222440 0.118110 1.615011,
        -1.628407 0.118110 1.338576,
        -2.163062 -0.393701 1.338578,
        -2.163062 -0.290426 1.338578,
        -2.545509 0.290417 1.338580,
        -2.318963 -0.393701 1.338579,
        -2.392788 -0.393701 1.338580,
        -2.318963 -0.290426 1.338579,
        -2.392788 -0.290417 1.338580,
        -2.545509 -0.290417 1.338580,
        -2.545509 -0.393701 1.338580,
        -2.814960 -0.393701 1.338581,
        -2.392788 0.290417 1.338580,
        -2.318963 0.290426 1.338579,
        -1.888667 -0.118110 1.338577,
        -1.916933 -0.114678 1.338577,
        -1.888667 0.118110 1.338577,
        -1.916933 0.114678 1.338577,
        -1.919143 0.113840 1.338577,
        -1.943556 0.104581 1.338577,
        -1.947450 0.101893 1.338577,
        -2.163062 0.290426 1.338578,
        -1.947450 -0.101893 1.338577,
        -1.943556 -0.104581 1.338577,
        -1.919143 -0.113840 1.338577,
        -1.990276 -0.058700 1.338578,
        -1.985870 -0.067094 1.338578,
        -1.971700 -0.083089 1.338577,
        -1.966989 -0.088407 1.338577,
        -1.966989 0.088407 1.338577,
        -1.971700 0.083089 1.338577,
        -1.985870 0.067094 1.338578,
        -1.990276 0.058700 1.338578,
        -1.999102 0.041882 1.338578,
        -2.001940 0.030369 1.338578,
        -2.005916 0.014237 1.338578,
        -2.005916 -0.000000 1.338578,
        -2.005916 -0.014237 1.338578,
        -2.001940 -0.030369 1.338578,
        -1.999102 -0.041882 1.338578,
        -3.398602 -0.177165 1.203057,
        -3.378065 -0.210691 1.261211,
        -3.345386 -0.221312 1.313561,
        -3.378919 -0.177165 1.259844,
        -3.378919 -0.210414 1.259844,
        -3.378919 0.177165 1.259844,
        -3.301748 -0.235494 1.357198,
        -3.249494 -0.252477 1.390031,
        -3.191245 -0.271408 1.410413,
        -3.129920 -0.291339 1.417323,
        -3.398602 0.177165 1.203057,
        -1.943556 0.104581 1.417317,
        -1.919143 0.113840 1.417317,
        -1.636074 0.118110 1.417316,
        -1.888667 0.118110 1.417317,
        -1.916933 0.114678 1.417317,
        -2.318962 0.290426 1.417319,
        -2.392788 0.290417 1.417319,
        -2.163062 0.290426 1.417318,
        -1.966989 0.088407 1.417318,
        -1.947450 0.101893 1.417317,
        -1.888667 -0.118110 1.417317,
        -2.545509 0.290417 1.417320,
        -1.916933 -0.114678 1.417317,
        -1.919143 -0.113840 1.417317,
        -1.943556 -0.104581 1.417317,
        -2.814959 -0.472441 1.417321,
        -2.545509 -0.472441 1.417320,
        -2.814959 -0.393701 1.417321,
        -2.545509 -0.290417 1.417320,
        -2.392788 -0.290417 1.417319,
        -2.392788 -0.472441 1.417319,
        -2.318962 -0.472441 1.417319,
        -2.163062 -0.393701 1.417318,
        -2.163062 -0.290426 1.417318,
        -2.318962 -0.290426 1.417319,
        -1.947450 -0.101893 1.417317,
        -1.966989 -0.088407 1.417318,
        -1.971700 -0.083089 1.417318,
        -1.985870 -0.067094 1.417318,
        -1.990276 -0.058700 1.417318,
        -1.999102 -0.041882 1.417318,
        -2.001940 -0.030369 1.417318,
        -1.990276 0.058700 1.417318,
        -1.985870 0.067094 1.417318,
        -1.971700 0.083089 1.417318,
        -2.005916 -0.014237 1.417318,
        -2.005916 -0.000000 1.417318,
        -2.005916 0.014237 1.417318,
        -2.001940 0.030369 1.417318,
        -1.999102 0.041882 1.417318,
        -0.256893 0.118110 1.688484,
        -0.123512 0.118110 1.808957,
        -0.001964 0.118110 1.941359,
        0.106690 0.118110 2.084532,
        -2.163062 -0.393701 1.338576,
        -1.888667 0.118110 1.338576,
        -1.888667 -0.118110 1.338576,
        -1.888667 0.118110 1.417317,
        -2.814959 -0.393701 0.629920,
        -2.814959 -0.472441 0.629920,
        -2.814959 -0.393701 1.338581,
        -2.626893 -0.472441 0.629920,
        -2.626893 -0.393701 0.629920,
        -2.241012 -0.472441 1.220469,
        -2.241012 -0.393701 1.220469,
        -2.318963 -0.472441 1.220469,
        -2.626893 -0.472441 1.201165,
        -2.429079 -0.472441 1.201165,
        -2.545510 -0.472441 1.220470,
        -2.392789 -0.472441 1.220469,
        -2.392789 -0.393701 1.220469,
        -2.392788 -0.393701 1.338581,
        -2.318963 -0.393701 1.338581,
        -2.626893 -0.393701 1.201165,
        -2.318963 -0.393701 1.220469,
        -2.429079 -0.393701 1.201165,
        -2.545509 -0.393701 1.338581,
        -2.545510 -0.393701 1.220470,
        -3.602363 0.177165 -0.787402,
        -3.602363 0.177165 0.590551,
        -3.602363 -0.177165 0.590551,
        -3.602363 -0.177165 -0.787402,
        -2.163062 0.290426 1.338579,
        -2.318963 -0.290426 1.338579,
        -2.545509 -0.290417 1.338580,
      ]
    }
    coordIndex [
      0, 1, 2, -1,
      2, 1, 3, -1,
      4, 5, 6, -1,
      6, 5, 7, -1,
      8, 9, 10, -1,
      10, 9, 11, -1,
      12, 13, 14, -1,
      12, 14, 15, -1,
      15, 14, 16, -1,
      15, 16, 17, -1,
      17, 16, 18, -1,
      17, 18, 19, -1,
      19, 18, 20, -1,
      19, 20, 21, -1,
      21, 20, 22, -1,
      21, 22, 23, -1,
      23, 22, 24, -1,
      23, 24, 25, -1,
      25, 24, 26, -1,
      25, 26, 27, -1,
      27, 26, 28, -1,
      27, 28, 29, -1,
      29, 28, 30, -1,
      29, 30, 31, -1,
      31, 30, 32, -1,
      31, 32, 33, -1,
      33, 32, 34, -1,
      33, 34, 35, -1,
      35, 34, 36, -1,
      35, 36, 37, -1,
      37, 36, 38, -1,
      37, 38, 39, -1,
      40, 41, 42, -1,
      39, 38, 42, -1,
      42, 38, 43, -1,
      42, 43, 40, -1,
      40, 43, 44, -1,
      40, 44, 45, -1,
      45, 44, 46, -1,
      45, 46, 47, -1,
      47, 46, 48, -1,
      47, 48, 49, -1,
      50, 51, 52, -1,
      52, 51, 53, -1,
      52, 53, 54, -1,
      54, 53, 55, -1,
      54, 55, 56, -1,
      56, 55, 57, -1,
      56, 57, 58, -1,
      58, 57, 59, -1,
      58, 59, 60, -1,
      60, 59, 61, -1,
      60, 61, 62, -1,
      62, 61, 63, -1,
      62, 63, 64, -1,
      64, 63, 65, -1,
      64, 65, 66, -1,
      66, 65, 67, -1,
      66, 67, 68, -1,
      68, 67, 69, -1,
      68, 69, 70, -1,
      70, 69, 71, -1,
      70, 71, 72, -1,
      72, 71, 73, -1,
      72, 73, 74, -1,
      74, 73, 75, -1,
      74, 75, 76, -1,
      76, 75, 77, -1,
      76, 77, 78, -1,
      78, 77, 79, -1,
      78, 79, 80, -1,
      80, 79, 81, -1,
      82, 83, 84, -1,
      84, 83, 85, -1,
      84, 85, 86, -1,
      86, 85, 87, -1,
      5, 4, 88, -1,
      88, 4, 89, -1,
      88, 89, 90, -1,
      13, 12, 86, -1,
      2, 3, 90, -1,
      90, 3, 91, -1,
      90, 91, 88, -1,
      88, 91, 92, -1,
      88, 92, 87, -1,
      87, 92, 86, -1,
      86, 92, 93, -1,
      86, 93, 13, -1,
      90, 89, 94, -1,
      94, 89, 95, -1,
      51, 50, 96, -1,
      96, 50, 97, -1,
      96, 97, 98, -1,
      98, 97, 99, -1,
      94, 95, 0, -1,
      0, 95, 100, -1,
      0, 100, 1, -1,
      101, 102, 98, -1,
      6, 7, 95, -1,
      95, 7, 103, -1,
      95, 103, 100, -1,
      100, 103, 104, -1,
      100, 104, 99, -1,
      99, 104, 98, -1,
      98, 104, 105, -1,
      98, 105, 101, -1,
      102, 101, 106, -1,
      106, 101, 107, -1,
      106, 107, 108, -1,
      108, 107, 109, -1,
      108, 109, 110, -1,
      110, 109, 111, -1,
      110, 111, 112, -1,
      112, 111, 113, -1,
      112, 113, 114, -1,
      114, 113, 115, -1,
      114, 115, 116, -1,
      116, 115, 117, -1,
      116, 117, 118, -1,
      118, 117, 119, -1,
      118, 119, 120, -1,
      120, 119, 121, -1,
      120, 121, 122, -1,
      122, 121, 123, -1,
      122, 123, 124, -1,
      124, 123, 125, -1,
      124, 125, 126, -1,
      126, 125, 127, -1,
      126, 127, 128, -1,
      128, 127, 129, -1,
      128, 129, 130, -1,
      130, 129, 131, -1,
      130, 131, 132, -1,
      132, 131, 133, -1,
      132, 133, 134, -1,
      134, 133, 135, -1,
      136, 11, 9, -1,
      81, 42, 41, -1,
      135, 137, 138, -1,
      138, 137, 139, -1,
      140, 41, 141, -1,
      141, 41, 142, -1,
      135, 138, 134, -1,
      134, 138, 136, -1,
      134, 136, 81, -1,
      81, 136, 9, -1,
      81, 9, 80, -1,
      143, 140, 144, -1,
      140, 143, 41, -1,
      41, 143, 145, -1,
      41, 145, 81, -1,
      81, 145, 146, -1,
      81, 146, 134, -1,
      144, 147, 143, -1,
      143, 147, 148, -1,
      143, 148, 149, -1,
      149, 148, 150, -1,
      151, 152, 153, -1,
      153, 152, 154, -1,
      153, 154, 142, -1,
      142, 154, 155, -1,
      142, 155, 141, -1,
      137, 156, 139, -1,
      139, 156, 157, -1,
      158, 49, 159, -1,
      8, 10, 160, -1,
      159, 49, 160, -1,
      160, 49, 48, -1,
      160, 48, 8, -1,
      157, 156, 159, -1,
      159, 156, 161, -1,
      159, 161, 158, -1,
      162, 163, 164, -1,
      164, 163, 165, -1,
      165, 163, 166, -1,
      166, 163, 167, -1,
      166, 167, 168, -1,
      169, 170, 171, -1,
      171, 170, 49, -1,
      171, 49, 162, -1,
      162, 49, 158, -1,
      162, 158, 163, -1,
      169, 172, 170, -1,
      170, 172, 173, -1,
      170, 173, 174, -1,
      174, 173, 175, -1,
      146, 145, 176, -1,
      177, 146, 178, -1,
      178, 179, 177, -1,
      177, 179, 180, -1,
      177, 180, 181, -1,
      181, 180, 182, -1,
      181, 182, 183, -1,
      183, 182, 184, -1,
      183, 184, 185, -1,
      185, 184, 186, -1,
      185, 186, 187, -1,
      187, 186, 188, -1,
      187, 188, 189, -1,
      189, 188, 190, -1,
      189, 190, 191, -1,
      191, 190, 192, -1,
      191, 192, 193, -1,
      193, 192, 194, -1,
      193, 194, 195, -1,
      195, 194, 196, -1,
      195, 196, 197, -1,
      197, 196, 198, -1,
      197, 198, 199, -1,
      199, 198, 200, -1,
      199, 200, 201, -1,
      201, 200, 202, -1,
      201, 202, 203, -1,
      203, 202, 83, -1,
      203, 83, 82, -1,
      146, 176, 178, -1,
      178, 176, 204, -1,
      178, 204, 205, -1,
      205, 204, 206, -1,
      205, 206, 207, -1,
      207, 206, 158, -1,
      207, 158, 161, -1,
      9, 8, 80, -1,
      80, 8, 48, -1,
      80, 48, 78, -1,
      78, 48, 46, -1,
      78, 46, 76, -1,
      76, 46, 44, -1,
      76, 44, 74, -1,
      93, 97, 13, -1,
      13, 97, 50, -1,
      13, 50, 14, -1,
      14, 50, 52, -1,
      14, 52, 16, -1,
      16, 52, 54, -1,
      16, 54, 18, -1,
      18, 54, 56, -1,
      18, 56, 20, -1,
      20, 56, 58, -1,
      44, 43, 74, -1,
      74, 43, 38, -1,
      74, 38, 72, -1,
      72, 38, 36, -1,
      72, 36, 70, -1,
      70, 36, 34, -1,
      70, 34, 68, -1,
      68, 34, 32, -1,
      68, 32, 66, -1,
      66, 32, 30, -1,
      66, 30, 64, -1,
      64, 30, 28, -1,
      64, 28, 62, -1,
      62, 28, 26, -1,
      62, 26, 60, -1,
      60, 26, 24, -1,
      60, 24, 58, -1,
      58, 24, 22, -1,
      58, 22, 20, -1,
      105, 85, 101, -1,
      101, 85, 83, -1,
      101, 83, 107, -1,
      107, 83, 202, -1,
      107, 202, 109, -1,
      109, 202, 200, -1,
      109, 200, 111, -1,
      156, 137, 161, -1,
      161, 137, 135, -1,
      161, 135, 207, -1,
      207, 135, 133, -1,
      207, 133, 205, -1,
      205, 133, 131, -1,
      205, 131, 178, -1,
      178, 131, 129, -1,
      178, 129, 179, -1,
      179, 129, 127, -1,
      200, 198, 111, -1,
      111, 198, 196, -1,
      111, 196, 113, -1,
      113, 196, 194, -1,
      113, 194, 115, -1,
      115, 194, 192, -1,
      115, 192, 117, -1,
      117, 192, 190, -1,
      117, 190, 119, -1,
      119, 190, 188, -1,
      119, 188, 121, -1,
      121, 188, 186, -1,
      121, 186, 123, -1,
      123, 186, 184, -1,
      123, 184, 125, -1,
      125, 184, 182, -1,
      125, 182, 127, -1,
      127, 182, 180, -1,
      127, 180, 179, -1,
      42, 81, 79, -1,
      96, 86, 51, -1,
      51, 86, 12, -1,
      51, 12, 53, -1,
      53, 12, 15, -1,
      53, 15, 55, -1,
      55, 15, 17, -1,
      55, 17, 57, -1,
      79, 77, 42, -1,
      42, 77, 75, -1,
      42, 75, 39, -1,
      39, 75, 73, -1,
      17, 19, 57, -1,
      57, 19, 21, -1,
      57, 21, 59, -1,
      59, 21, 23, -1,
      59, 23, 61, -1,
      61, 23, 25, -1,
      61, 25, 63, -1,
      63, 25, 27, -1,
      63, 27, 65, -1,
      65, 27, 29, -1,
      65, 29, 67, -1,
      67, 29, 31, -1,
      67, 31, 69, -1,
      69, 31, 33, -1,
      69, 33, 71, -1,
      71, 33, 35, -1,
      71, 35, 73, -1,
      73, 35, 37, -1,
      73, 37, 39, -1,
      132, 134, 146, -1,
      84, 98, 82, -1,
      82, 98, 102, -1,
      82, 102, 203, -1,
      203, 102, 106, -1,
      203, 106, 201, -1,
      201, 106, 108, -1,
      201, 108, 199, -1,
      199, 108, 110, -1,
      199, 110, 197, -1,
      197, 110, 112, -1,
      197, 112, 195, -1,
      195, 112, 193, -1,
      193, 112, 114, -1,
      193, 114, 191, -1,
      191, 114, 116, -1,
      191, 116, 189, -1,
      189, 116, 118, -1,
      189, 118, 187, -1,
      187, 118, 120, -1,
      187, 120, 185, -1,
      185, 120, 122, -1,
      185, 122, 183, -1,
      183, 122, 124, -1,
      183, 124, 181, -1,
      181, 124, 126, -1,
      181, 126, 177, -1,
      177, 126, 128, -1,
      177, 128, 146, -1,
      146, 128, 130, -1,
      146, 130, 132, -1,
      86, 96, 84, -1,
      84, 96, 98, -1,
      49, 170, 47, -1,
      47, 170, 45, -1,
      142, 41, 170, -1,
      170, 41, 40, -1,
      170, 40, 45, -1,
      171, 162, 141, -1,
      141, 162, 140, -1,
      163, 158, 206, -1,
      145, 143, 176, -1,
      176, 143, 163, -1,
      176, 163, 204, -1,
      204, 163, 206, -1,
      159, 160, 138, -1,
      138, 160, 136, -1,
      136, 160, 11, -1,
      11, 160, 10, -1,
      159, 138, 157, -1,
      157, 138, 139, -1,
      103, 7, 88, -1,
      88, 7, 5, -1,
      105, 104, 85, -1,
      85, 104, 87, -1,
      104, 103, 87, -1,
      87, 103, 88, -1,
      1, 100, 3, -1,
      3, 100, 91, -1,
      100, 99, 91, -1,
      91, 99, 92, -1,
      99, 97, 92, -1,
      92, 97, 93, -1,
      2, 90, 0, -1,
      0, 90, 94, -1,
      89, 4, 95, -1,
      95, 4, 6, -1,
      142, 170, 174, -1,
      142, 174, 153, -1,
      153, 174, 175, -1,
      153, 175, 151, -1,
      151, 175, 173, -1,
      151, 173, 152, -1,
      152, 173, 172, -1,
      152, 172, 154, -1,
      154, 172, 169, -1,
      154, 169, 155, -1,
      155, 169, 171, -1,
      155, 171, 141, -1,
      140, 162, 164, -1,
      140, 164, 144, -1,
      144, 164, 165, -1,
      144, 165, 147, -1,
      147, 165, 166, -1,
      147, 166, 148, -1,
      148, 166, 168, -1,
      148, 168, 150, -1,
      150, 168, 167, -1,
      150, 167, 149, -1,
      149, 167, 163, -1,
      149, 163, 143, -1,
      208, 209, 210, -1,
      211, 212, 213, -1,
      213, 212, 214, -1,
      213, 214, 215, -1,
      215, 214, 216, -1,
      215, 216, 217, -1,
      217, 216, 218, -1,
      217, 218, 219, -1,
      211, 220, 221, -1,
      222, 223, 224, -1,
      224, 223, 225, -1,
      224, 225, 226, -1,
      226, 225, 227, -1,
      226, 227, 221, -1,
      221, 227, 208, -1,
      221, 208, 211, -1,
      211, 208, 210, -1,
      211, 210, 212, -1,
      228, 229, 230, -1,
      230, 229, 218, -1,
      230, 218, 231, -1,
      231, 218, 216, -1,
      231, 216, 232, -1,
      232, 216, 214, -1,
      232, 214, 233, -1,
      233, 214, 212, -1,
      233, 212, 234, -1,
      234, 212, 210, -1,
      234, 210, 235, -1,
      235, 210, 209, -1,
      235, 209, 236, -1,
      237, 238, 239, -1,
      239, 238, 240, -1,
      241, 223, 242, -1,
      242, 223, 222, -1,
      241, 242, 243, -1,
      243, 242, 244, -1,
      245, 246, 247, -1,
      244, 248, 243, -1,
      243, 248, 249, -1,
      250, 251, 252, -1,
      253, 243, 254, -1,
      254, 243, 249, -1,
      254, 249, 252, -1,
      252, 249, 245, -1,
      252, 245, 250, -1,
      250, 245, 247, -1,
      255, 256, 257, -1,
      257, 258, 255, -1,
      255, 258, 238, -1,
      255, 238, 237, -1,
      259, 256, 260, -1,
      260, 256, 255, -1,
      260, 255, 261, -1,
      261, 255, 262, -1,
      259, 263, 256, -1,
      256, 263, 229, -1,
      256, 229, 264, -1,
      264, 229, 265, -1,
      266, 240, 258, -1,
      258, 240, 238, -1,
      264, 265, 267, -1,
      267, 265, 268, -1,
      269, 270, 271, -1,
      239, 240, 272, -1,
      272, 240, 266, -1,
      272, 266, 273, -1,
      267, 268, 274, -1,
      274, 268, 275, -1,
      271, 272, 269, -1,
      269, 272, 273, -1,
      269, 273, 276, -1,
      276, 273, 274, -1,
      276, 274, 277, -1,
      277, 274, 275, -1,
      278, 279, 280, -1,
      280, 279, 281, -1,
      282, 283, 284, -1,
      284, 283, 285, -1,
      284, 285, 286, -1,
      286, 285, 287, -1,
      286, 287, 288, -1,
      288, 287, 289, -1,
      288, 289, 290, -1,
      290, 289, 291, -1,
      290, 291, 292, -1,
      292, 291, 293, -1,
      292, 293, 294, -1,
      294, 293, 295, -1,
      294, 295, 296, -1,
      296, 295, 297, -1,
      298, 299, 300, -1,
      300, 301, 298, -1,
      298, 301, 302, -1,
      298, 302, 303, -1,
      304, 305, 306, -1,
      306, 305, 307, -1,
      303, 308, 298, -1,
      298, 308, 307, -1,
      298, 307, 309, -1,
      309, 307, 305, -1,
      310, 301, 311, -1,
      311, 301, 312, -1,
      310, 313, 301, -1,
      301, 313, 314, -1,
      301, 314, 302, -1,
      303, 302, 315, -1,
      315, 302, 316, -1,
      317, 318, 319, -1,
      315, 319, 320, -1,
      321, 322, 317, -1,
      320, 323, 315, -1,
      315, 323, 324, -1,
      315, 324, 325, -1,
      325, 326, 315, -1,
      315, 326, 327, -1,
      315, 327, 328, -1,
      319, 315, 317, -1,
      317, 315, 316, -1,
      317, 316, 329, -1,
      329, 330, 317, -1,
      317, 330, 331, -1,
      317, 331, 321, -1,
      319, 318, 332, -1,
      319, 332, 333, -1,
      333, 332, 334, -1,
      333, 334, 335, -1,
      335, 334, 336, -1,
      335, 336, 337, -1,
      337, 336, 338, -1,
      337, 338, 339, -1,
      338, 340, 339, -1,
      339, 340, 341, -1,
      342, 343, 344, -1,
      344, 343, 345, -1,
      344, 345, 346, -1,
      346, 345, 347, -1,
      346, 347, 348, -1,
      348, 347, 349, -1,
      348, 349, 350, -1,
      350, 349, 351, -1,
      350, 351, 299, -1,
      299, 351, 300, -1,
      352, 353, 282, -1,
      282, 353, 354, -1,
      355, 356, 357, -1,
      357, 356, 358, -1,
      357, 358, 359, -1,
      359, 358, 360, -1,
      355, 361, 356, -1,
      356, 361, 352, -1,
      356, 352, 362, -1,
      362, 352, 282, -1,
      362, 282, 284, -1,
      354, 363, 282, -1,
      282, 363, 364, -1,
      282, 364, 365, -1,
      365, 364, 366, -1,
      367, 368, 352, -1,
      352, 368, 353, -1,
      369, 285, 370, -1,
      370, 285, 283, -1,
      371, 368, 283, -1,
      283, 368, 370, -1,
      370, 368, 367, -1,
      370, 367, 372, -1,
      373, 374, 375, -1,
      376, 377, 378, -1,
      373, 375, 283, -1,
      283, 375, 379, -1,
      283, 379, 371, -1,
      372, 380, 370, -1,
      370, 380, 376, -1,
      370, 376, 381, -1,
      381, 376, 378, -1,
      285, 369, 382, -1,
      285, 382, 287, -1,
      287, 382, 383, -1,
      287, 383, 289, -1,
      289, 383, 384, -1,
      289, 384, 291, -1,
      291, 384, 385, -1,
      291, 385, 293, -1,
      295, 293, 386, -1,
      386, 293, 385, -1,
      340, 387, 388, -1,
      229, 263, 389, -1,
      390, 391, 392, -1,
      392, 391, 393, -1,
      394, 395, 218, -1,
      218, 395, 396, -1,
      218, 396, 219, -1,
      261, 262, 397, -1,
      397, 262, 398, -1,
      297, 295, 386, -1,
      341, 340, 399, -1,
      399, 340, 400, -1,
      386, 401, 297, -1,
      297, 401, 402, -1,
      297, 402, 403, -1,
      403, 404, 297, -1,
      297, 404, 405, -1,
      297, 405, 406, -1,
      407, 408, 340, -1,
      340, 408, 409, -1,
      340, 409, 400, -1,
      410, 411, 397, -1,
      397, 411, 412, -1,
      397, 412, 413, -1,
      394, 218, 393, -1,
      393, 218, 229, -1,
      393, 229, 392, -1,
      392, 229, 389, -1,
      392, 389, 388, -1,
      388, 389, 397, -1,
      388, 397, 340, -1,
      340, 397, 413, -1,
      340, 413, 407, -1,
      405, 414, 406, -1,
      406, 414, 415, -1,
      406, 415, 398, -1,
      398, 415, 416, -1,
      398, 416, 397, -1,
      416, 417, 397, -1,
      397, 417, 418, -1,
      397, 418, 419, -1,
      419, 420, 397, -1,
      397, 420, 421, -1,
      397, 421, 422, -1,
      422, 423, 397, -1,
      397, 423, 424, -1,
      397, 424, 410, -1,
      250, 247, 425, -1,
      235, 426, 427, -1,
      428, 429, 426, -1,
      235, 236, 430, -1,
      235, 427, 234, -1,
      234, 427, 431, -1,
      234, 431, 233, -1,
      233, 431, 432, -1,
      233, 432, 232, -1,
      232, 432, 433, -1,
      232, 433, 231, -1,
      231, 433, 434, -1,
      231, 434, 230, -1,
      426, 235, 428, -1,
      428, 235, 430, -1,
      428, 430, 425, -1,
      425, 430, 435, -1,
      425, 435, 250, -1,
      296, 436, 437, -1,
      438, 294, 439, -1,
      439, 294, 296, -1,
      439, 296, 440, -1,
      440, 296, 437, -1,
      271, 270, 441, -1,
      441, 270, 442, -1,
      443, 444, 296, -1,
      296, 444, 445, -1,
      296, 445, 436, -1,
      343, 342, 446, -1,
      277, 275, 447, -1,
      447, 275, 228, -1,
      446, 448, 343, -1,
      343, 448, 449, -1,
      343, 449, 450, -1,
      451, 452, 453, -1,
      453, 452, 454, -1,
      453, 454, 434, -1,
      455, 456, 457, -1,
      458, 343, 459, -1,
      459, 343, 442, -1,
      459, 442, 460, -1,
      450, 461, 343, -1,
      343, 461, 462, -1,
      343, 462, 442, -1,
      442, 462, 463, -1,
      442, 463, 464, -1,
      457, 460, 455, -1,
      455, 460, 442, -1,
      455, 442, 454, -1,
      454, 442, 447, -1,
      454, 447, 434, -1,
      434, 447, 228, -1,
      434, 228, 230, -1,
      464, 465, 442, -1,
      442, 465, 466, -1,
      442, 466, 467, -1,
      442, 468, 441, -1,
      441, 468, 469, -1,
      441, 469, 443, -1,
      443, 469, 470, -1,
      443, 470, 444, -1,
      467, 471, 442, -1,
      442, 471, 472, -1,
      442, 472, 473, -1,
      473, 474, 442, -1,
      442, 474, 475, -1,
      442, 475, 468, -1,
      476, 292, 438, -1,
      438, 292, 294, -1,
      292, 476, 290, -1,
      290, 476, 477, -1,
      290, 477, 288, -1,
      288, 477, 478, -1,
      288, 478, 286, -1,
      286, 478, 479, -1,
      286, 479, 284, -1,
      284, 479, 362, -1,
      458, 480, 343, -1,
      343, 480, 340, -1,
      343, 340, 345, -1,
      345, 340, 338, -1,
      345, 338, 347, -1,
      347, 338, 336, -1,
      347, 336, 349, -1,
      349, 336, 334, -1,
      349, 334, 351, -1,
      351, 334, 332, -1,
      351, 332, 300, -1,
      300, 332, 318, -1,
      300, 318, 301, -1,
      301, 318, 317, -1,
      481, 439, 402, -1,
      402, 439, 440, -1,
      402, 440, 403, -1,
      403, 440, 437, -1,
      403, 437, 404, -1,
      404, 437, 436, -1,
      404, 436, 405, -1,
      405, 436, 445, -1,
      405, 445, 414, -1,
      414, 445, 444, -1,
      414, 444, 415, -1,
      415, 444, 470, -1,
      415, 470, 416, -1,
      416, 470, 469, -1,
      416, 469, 417, -1,
      417, 469, 468, -1,
      417, 468, 418, -1,
      418, 468, 475, -1,
      418, 475, 419, -1,
      419, 475, 474, -1,
      419, 474, 420, -1,
      420, 474, 473, -1,
      420, 473, 421, -1,
      421, 473, 472, -1,
      421, 472, 422, -1,
      422, 472, 471, -1,
      422, 471, 423, -1,
      423, 471, 467, -1,
      423, 467, 424, -1,
      424, 467, 466, -1,
      424, 466, 410, -1,
      410, 466, 465, -1,
      410, 465, 411, -1,
      411, 465, 464, -1,
      411, 464, 412, -1,
      412, 464, 463, -1,
      412, 463, 413, -1,
      413, 463, 462, -1,
      413, 462, 407, -1,
      407, 462, 461, -1,
      407, 461, 408, -1,
      408, 461, 450, -1,
      408, 450, 409, -1,
      409, 450, 449, -1,
      409, 449, 400, -1,
      400, 449, 448, -1,
      400, 448, 482, -1,
      482, 448, 446, -1,
      298, 320, 299, -1,
      299, 320, 319, -1,
      299, 319, 350, -1,
      350, 319, 333, -1,
      350, 333, 348, -1,
      348, 333, 335, -1,
      348, 335, 346, -1,
      346, 335, 337, -1,
      346, 337, 344, -1,
      344, 337, 339, -1,
      344, 339, 342, -1,
      342, 339, 341, -1,
      342, 341, 446, -1,
      446, 341, 399, -1,
      483, 481, 438, -1,
      438, 481, 386, -1,
      438, 386, 476, -1,
      476, 386, 385, -1,
      476, 385, 477, -1,
      477, 385, 384, -1,
      477, 384, 478, -1,
      478, 384, 383, -1,
      478, 383, 479, -1,
      479, 383, 382, -1,
      479, 382, 362, -1,
      362, 382, 369, -1,
      362, 369, 356, -1,
      356, 369, 370, -1,
      396, 453, 219, -1,
      219, 453, 434, -1,
      219, 434, 217, -1,
      217, 434, 433, -1,
      217, 433, 215, -1,
      215, 433, 432, -1,
      215, 432, 213, -1,
      213, 432, 431, -1,
      213, 431, 211, -1,
      211, 431, 427, -1,
      211, 427, 220, -1,
      220, 427, 426, -1,
      220, 426, 429, -1,
      484, 485, 486, -1,
      486, 485, 451, -1,
      486, 451, 453, -1,
      487, 485, 488, -1,
      488, 485, 484, -1,
      489, 281, 490, -1,
      490, 281, 279, -1,
      491, 492, 493, -1,
      493, 280, 491, -1,
      491, 280, 281, -1,
      491, 281, 489, -1,
      494, 492, 495, -1,
      495, 492, 491, -1,
      495, 491, 456, -1,
      456, 491, 457, -1,
      494, 452, 492, -1,
      492, 452, 451, -1,
      492, 451, 487, -1,
      487, 451, 485, -1,
      496, 497, 498, -1,
      499, 488, 484, -1,
      490, 279, 500, -1,
      500, 279, 278, -1,
      500, 278, 501, -1,
      396, 502, 503, -1,
      498, 500, 496, -1,
      496, 500, 501, -1,
      496, 501, 503, -1,
      503, 501, 499, -1,
      503, 499, 396, -1,
      396, 499, 484, -1,
      501, 278, 493, -1,
      493, 278, 280, -1,
      492, 487, 499, -1,
      499, 487, 488, -1,
      499, 501, 492, -1,
      492, 501, 493, -1,
      268, 265, 275, -1,
      275, 265, 229, -1,
      275, 229, 228, -1,
      273, 266, 257, -1,
      257, 266, 258, -1,
      257, 256, 273, -1,
      273, 256, 274, -1,
      256, 264, 274, -1,
      274, 264, 267, -1,
      320, 298, 309, -1,
      320, 309, 323, -1,
      323, 309, 305, -1,
      323, 305, 324, -1,
      324, 305, 304, -1,
      324, 304, 325, -1,
      325, 304, 306, -1,
      325, 306, 326, -1,
      326, 306, 307, -1,
      326, 307, 327, -1,
      327, 307, 308, -1,
      327, 308, 328, -1,
      328, 308, 303, -1,
      328, 303, 315, -1,
      356, 370, 381, -1,
      356, 381, 358, -1,
      358, 381, 378, -1,
      358, 378, 360, -1,
      360, 378, 377, -1,
      360, 377, 359, -1,
      359, 377, 376, -1,
      359, 376, 357, -1,
      357, 376, 380, -1,
      357, 380, 355, -1,
      355, 380, 372, -1,
      355, 372, 361, -1,
      361, 372, 367, -1,
      361, 367, 352, -1,
      353, 368, 371, -1,
      353, 371, 354, -1,
      354, 371, 379, -1,
      354, 379, 363, -1,
      363, 379, 375, -1,
      363, 375, 364, -1,
      364, 375, 374, -1,
      364, 374, 366, -1,
      366, 374, 373, -1,
      366, 373, 365, -1,
      365, 373, 283, -1,
      365, 283, 282, -1,
      316, 302, 314, -1,
      316, 314, 329, -1,
      329, 314, 313, -1,
      329, 313, 330, -1,
      330, 313, 310, -1,
      330, 310, 331, -1,
      331, 310, 311, -1,
      331, 311, 321, -1,
      321, 311, 312, -1,
      321, 312, 322, -1,
      322, 312, 301, -1,
      322, 301, 317, -1,
      223, 241, 253, -1,
      253, 241, 243, -1,
      504, 505, 253, -1,
      253, 505, 251, -1,
      253, 251, 223, -1,
      223, 251, 250, -1,
      223, 250, 225, -1,
      225, 250, 435, -1,
      225, 435, 227, -1,
      227, 435, 430, -1,
      227, 430, 208, -1,
      226, 221, 428, -1,
      246, 506, 507, -1,
      507, 248, 246, -1,
      246, 248, 428, -1,
      246, 428, 247, -1,
      247, 428, 425, -1,
      244, 242, 248, -1,
      248, 242, 222, -1,
      248, 222, 428, -1,
      428, 222, 224, -1,
      428, 224, 226, -1,
      443, 296, 508, -1,
      508, 296, 297, -1,
      255, 272, 262, -1,
      262, 272, 271, -1,
      262, 271, 398, -1,
      398, 271, 441, -1,
      441, 443, 398, -1,
      398, 443, 508, -1,
      272, 255, 239, -1,
      239, 255, 237, -1,
      509, 460, 498, -1,
      498, 460, 457, -1,
      498, 457, 500, -1,
      500, 457, 491, -1,
      500, 491, 490, -1,
      490, 491, 489, -1,
      459, 460, 388, -1,
      388, 460, 509, -1,
      458, 459, 480, -1,
      480, 459, 388, -1,
      510, 454, 502, -1,
      502, 454, 452, -1,
      502, 452, 503, -1,
      503, 452, 494, -1,
      496, 495, 497, -1,
      497, 495, 456, -1,
      497, 456, 393, -1,
      393, 456, 455, -1,
      503, 494, 496, -1,
      496, 494, 495, -1,
      455, 454, 393, -1,
      393, 454, 510, -1,
      276, 259, 269, -1,
      269, 259, 260, -1,
      397, 442, 261, -1,
      261, 442, 270, -1,
      261, 270, 260, -1,
      260, 270, 269, -1,
      259, 276, 263, -1,
      263, 276, 277, -1,
      263, 277, 389, -1,
      389, 277, 447, -1,
      447, 442, 389, -1,
      389, 442, 397, -1,
    ]
  }
}

Shape {
  appearance Appearance {
    material Material {
      diffuseColor 0.0000 0.5020 0.7529
      specularColor 0.0000 0.4431 0.6627
      ambientIntensity 0.2
      transparency 0.0000
      shininess 0.5
    }
  }
  geometry IndexedFaceSet {
    ccw TRUE
    solid FALSE
    coord DEF co Coordinate {
      point [
        -3.287401 0.177165 1.259844,
        -3.287401 0.240157 1.259844,
        -3.287401 -0.240157 1.259844,
        -3.287401 -0.177165 1.259844,
        -3.378919 0.210414 1.259844,
        -3.378919 -0.177165 1.259844,
        -3.378919 -0.210414 1.259844,
        -3.378919 0.177165 1.259844,
      ]
    }
    coordIndex [
      1, 0, 4, -1,
      4, 0, 7, -1,
      2, 6, 3, -1,
      3, 6, 5, -1,
    ]
  }
}

Shape {
  appearance Appearance {
    material Material {
      diffuseColor 0.7529 0.7529 0.7529
      specularColor 0.3765 0.3765 0.3765
      ambientIntensity 0.2
      transparency 0.0000
      shininess 0.5
    }
  }
  geometry IndexedFaceSet {
    ccw TRUE
    solid FALSE
    coord DEF co Coordinate {
      point [
        -3.405512 -0.059055 0.590551,
        -3.405512 -0.177165 0.590551,
        -3.405512 -0.177165 -0.787402,
        -3.405512 -0.059055 -0.787402,
        -3.405512 0.177165 0.590551,
        -3.405512 0.059055 0.590551,
        -3.405512 0.177165 -0.787402,
        -3.405512 0.059055 -0.787402,
        -3.602363 0.177165 -0.787402,
        -3.602363 0.177165 0.590551,
        -3.602363 -0.177165 0.590551,
        -3.602363 -0.177165 -0.787402,
        -3.444882 0.098425 0.590551,
        -3.602363 0.098425 0.590551,
        -3.444882 0.098425 -0.787402,
        -3.602363 0.098425 -0.787402,
        -3.417043 0.086894 0.590551,
        -3.425197 0.093151 0.590551,
        -3.434692 0.097084 0.590551,
        -3.410786 0.078740 0.590551,
        -3.406853 0.069245 0.590551,
        -3.602363 -0.098425 0.590551,
        -3.444882 -0.098425 0.590551,
        -3.602363 -0.098425 -0.787402,
        -3.444882 -0.098425 -0.787402,
        -3.406853 -0.069245 0.590551,
        -3.410786 -0.078740 0.590551,
        -3.417043 -0.086894 0.590551,
        -3.425197 -0.093151 0.590551,
        -3.434692 -0.097084 0.590551,
        -3.434692 -0.097084 -0.787402,
        -3.425197 -0.093151 -0.787402,
        -3.417043 -0.086894 -0.787402,
        -3.410786 -0.078740 -0.787402,
        -3.406853 -0.069245 -0.787402,
        -3.434692 0.097084 -0.787402,
        -3.425197 0.093151 -0.787402,
        -3.417043 0.086894 -0.787402,
        -3.410786 0.078740 -0.787402,
        -3.406853 0.069245 -0.787402,
      ]
    }
    coordIndex [
      12, 13, 14, -1,
      14, 13, 15, -1,
      16, 4, 17, -1,
      17, 4, 18, -1,
      16, 19, 4, -1,
      4, 19, 20, -1,
      4, 20, 5, -1,
      9, 13, 4, -1,
      4, 13, 12, -1,
      4, 12, 18, -1,
      13, 9, 15, -1,
      15, 9, 8, -1,
      21, 22, 23, -1,
      23, 22, 24, -1,
      1, 0, 25, -1,
      25, 26, 1, -1,
      1, 26, 27, -1,
      1, 27, 28, -1,
      21, 10, 22, -1,
      22, 10, 1, -1,
      22, 1, 29, -1,
      29, 1, 28, -1,
      10, 21, 11, -1,
      11, 21, 23, -1,
      24, 22, 30, -1,
      30, 22, 29, -1,
      30, 29, 31, -1,
      31, 29, 28, -1,
      31, 28, 32, -1,
      32, 28, 27, -1,
      32, 27, 33, -1,
      33, 27, 26, -1,
      33, 26, 34, -1,
      34, 26, 25, -1,
      34, 25, 3, -1,
      3, 25, 0, -1,
      12, 14, 18, -1,
      18, 14, 35, -1,
      18, 35, 17, -1,
      17, 35, 36, -1,
      17, 36, 16, -1,
      16, 36, 37, -1,
      16, 37, 19, -1,
      19, 37, 38, -1,
      19, 38, 20, -1,
      20, 38, 39, -1,
      20, 39, 5, -1,
      5, 39, 7, -1,
      6, 7, 39, -1,
      39, 38, 6, -1,
      6, 38, 37, -1,
      6, 37, 36, -1,
      15, 8, 14, -1,
      14, 8, 6, -1,
      14, 6, 35, -1,
      35, 6, 36, -1,
      32, 2, 31, -1,
      31, 2, 30, -1,
      32, 33, 2, -1,
      2, 33, 34, -1,
      2, 34, 3, -1,
      11, 23, 2, -1,
      2, 23, 24, -1,
      2, 24, 30, -1,
    ]
  }
}

Shape {
  appearance Appearance {
    material Material {
      diffuseColor 0.2510 0.2510 0.2510
      specularColor 0.1255 0.1255 0.1255
      ambientIntensity 0.2
      transparency 0.0000
      shininess 0.5
    }
  }
  geometry IndexedFaceSet {
    ccw TRUE
    solid FALSE
    coord DEF co Coordinate {
      point [
        2.992126 0.787402 1.141732,
        2.992126 -0.787402 1.141732,
        4.803150 -0.128472 0.487196,
        4.803150 -0.128472 0.381471,
        4.803150 0.128426 0.381471,
        4.803150 -0.128472 0.910604,
        4.803150 -0.128472 0.832350,
        4.803150 0.128426 0.832350,
        4.803150 0.230339 1.179530,
        4.803150 0.250627 1.182006,
        4.803150 0.144425 1.182006,
        4.803150 0.299109 0.912242,
        4.803150 0.281981 0.910604,
        4.803150 0.370286 0.910604,
        4.803150 0.420193 1.149053,
        4.803150 0.420193 1.063634,
        4.803150 0.492273 1.063634,
        4.803150 1.013892 0.912856,
        4.803150 0.986670 0.985857,
        4.803150 0.888732 0.985857,
        4.803150 0.436766 0.488538,
        4.803150 0.425484 0.487196,
        4.803150 0.492273 0.487196,
        4.803150 0.378328 0.487879,
        4.803150 0.370286 0.490705,
        4.803150 0.370286 0.487196,
        4.803150 0.754430 0.725645,
        4.803150 0.754430 0.640226,
        4.803150 0.804405 0.640226,
        4.803150 -1.447611 0.812970,
        4.803150 -1.443851 0.832350,
        4.803150 -1.491940 0.832350,
        4.803150 -0.359728 0.971544,
        4.803150 -0.308284 0.927987,
        4.803150 -0.128472 1.182006,
        4.803150 -0.571705 1.182006,
        4.803150 -0.528100 1.152689,
        4.803150 -0.518499 1.143609,
        4.803150 -0.458683 1.069852,
        4.803150 -0.425629 1.002777,
        4.803150 -0.416187 0.999600,
        4.803150 -0.707972 1.243151,
        4.803150 -0.612743 1.209596,
        4.803150 -0.128472 3.503937,
        4.803150 -0.967924 1.205865,
        4.803150 -0.880448 1.239704,
        4.803150 -1.491940 3.503937,
        4.803150 -0.786177 1.251366,
        4.803150 -1.359259 1.006572,
        4.803150 -1.344895 1.020079,
        4.803150 -1.491940 1.182006,
        4.803150 -1.281623 1.063485,
        4.803150 -1.211006 1.089585,
        4.803150 -1.141032 1.097658,
        4.803150 -1.006398 1.182006,
        4.803150 -1.013891 1.177358,
        4.803150 -1.058485 1.139169,
        4.803150 -1.119209 1.096472,
        4.803150 -1.097387 1.093863,
        4.803150 -1.491940 0.910604,
        4.803150 -1.433802 0.884149,
        4.803150 -1.421604 0.910604,
        4.803150 -1.402570 0.951884,
        4.803150 -1.216937 0.492317,
        4.803150 -1.246559 0.501480,
        4.803150 -1.491940 0.487196,
        4.803150 -1.314429 0.536183,
        4.803150 -1.368746 0.583403,
        4.803150 -1.414401 0.649717,
        4.803150 -1.440405 0.720629,
        4.803150 -1.448447 0.790244,
        4.803150 -1.132622 0.388830,
        4.803150 -1.169733 0.416821,
        4.803150 -1.491940 0.381471,
        4.803150 -1.197942 0.451657,
        4.803150 -1.214544 0.487196,
        4.803150 -1.036663 0.363279,
        4.803150 -1.491940 0.000000,
        4.803150 -0.990789 0.368922,
        4.803150 -0.128472 0.000000,
        4.803150 -0.958086 0.381471,
        4.803150 -1.044047 0.363418,
        4.803150 -1.088848 0.370420,
        4.803150 -1.115123 0.381471,
        4.803150 -0.858827 0.487196,
        4.803150 -0.858957 0.486646,
        4.803150 -0.881365 0.444322,
        4.803150 -0.910659 0.411453,
        4.803150 -0.948462 0.385164,
        4.803150 -0.246413 0.816019,
        4.803150 -0.237765 0.754189,
        4.803150 -0.616437 0.599205,
        4.803150 -0.603407 0.604319,
        4.803150 -0.581234 0.712441,
        4.803150 -0.307976 0.573915,
        4.803150 -0.359652 0.530180,
        4.803150 -0.894341 0.680182,
        4.803150 -0.640060 0.813015,
        4.803150 -0.927459 0.710346,
        4.803150 -0.967717 0.731938,
        4.803150 -0.628121 0.590963,
        4.803150 -0.270355 0.626305,
        4.803150 -0.356326 0.768747,
        4.803150 -0.365197 0.805206,
        4.803150 -0.379788 0.832350,
        4.803150 -1.324184 0.832350,
        4.803150 -0.246496 0.686370,
        4.803150 -0.588824 0.606174,
        4.803150 -0.586978 0.606041,
        4.803150 -0.581285 0.604780,
        4.803150 -1.313102 0.718539,
        4.803150 -1.290374 0.679828,
        4.803150 -1.194018 0.660324,
        4.803150 -1.256341 0.644888,
        4.803150 -1.215039 0.619458,
        4.803150 -1.123819 0.723121,
        4.803150 -1.162630 0.696180,
        4.803150 -1.328896 0.794039,
        4.803150 -1.326660 0.765004,
        4.803150 -1.081898 0.739136,
        4.803150 -1.036663 0.744701,
        4.803150 -1.013517 0.743324,
        4.803150 -0.647651 0.547348,
        4.803150 -0.647220 0.554431,
        4.803150 -0.846901 0.572017,
        4.803150 -0.643511 0.568899,
        4.803150 -0.636297 0.581906,
        4.803150 -0.393904 0.651957,
        4.803150 -0.373033 0.681560,
        4.803150 -0.359963 0.715383,
        4.803150 -0.355417 0.752291,
        4.803150 -0.603310 0.490245,
        4.803150 -0.615862 0.495186,
        4.803150 -0.628169 0.503936,
        4.803150 -0.632580 0.508426,
        4.803150 -0.640852 0.520346,
        4.803150 -0.645850 0.533214,
        4.803150 -0.847907 0.533504,
        4.803150 -0.846901 0.553041,
        4.803150 -0.417556 0.501858,
        4.803150 -0.480660 0.488522,
        4.803150 -0.592620 0.488522,
        4.803150 -0.577439 0.604277,
        4.803150 -0.492046 0.604277,
        4.803150 -0.458119 0.610760,
        4.803150 -0.424619 0.626241,
        4.803150 -0.396539 0.649128,
        4.803150 -0.518613 0.900306,
        4.803150 -1.307012 0.882240,
        4.803150 -1.323254 0.839913,
        4.803150 -0.503431 0.900306,
        4.803150 -0.382809 0.837971,
        4.803150 -0.404830 0.862580,
        4.803150 -0.434268 0.883122,
        4.803150 -0.467391 0.895866,
        4.803150 -0.601997 1.065134,
        4.803150 -0.607221 1.069898,
        4.803150 -1.038561 0.955337,
        4.803150 -0.559274 1.013929,
        4.803150 -1.287287 0.910604,
        4.803150 -1.052360 0.962869,
        4.803150 -0.520867 0.910604,
        4.803150 -0.530093 0.952737,
        4.803150 -1.094919 0.978357,
        4.803150 -1.139135 0.983801,
        4.803150 -1.158672 0.982795,
        4.803150 -0.660553 1.106866,
        4.803150 -0.720070 1.129633,
        4.803150 -1.009936 1.014796,
        4.803150 -0.967511 1.065741,
        4.803150 -0.915528 1.103722,
        4.803150 -0.784280 1.137508,
        4.803150 -0.853426 1.128698,
        4.803150 -1.205530 0.971745,
        4.803150 -1.247854 0.949337,
        4.803150 -1.280722 0.920043,
        4.803150 -0.295826 0.910604,
        4.803150 -0.269580 0.873983,
        4.803150 -0.252940 0.832350,
        4.803150 0.857451 0.756346,
        4.803150 0.857451 0.725645,
        4.803150 0.888732 0.832350,
        4.803150 0.863523 0.519876,
        4.803150 0.888732 0.487196,
        4.803150 0.863523 0.489448,
        4.803150 0.804405 0.487196,
        4.803150 0.754430 0.519876,
        4.803150 0.804405 0.519876,
        4.803150 0.754430 0.609661,
        4.803150 0.804405 0.609661,
        4.803150 0.849878 0.609661,
        4.803150 0.849878 0.640226,
        4.803150 0.804405 0.725645,
        4.803150 0.804405 0.489448,
        4.803150 0.719976 0.489448,
        4.803150 0.701965 0.487196,
        4.803150 0.719976 0.756346,
        4.803150 0.168775 0.579053,
        4.803150 0.174990 0.634222,
        4.803150 0.161900 0.568185,
        4.803150 0.157874 0.555922,
        4.803150 0.248881 0.656080,
        4.803150 0.237485 0.657283,
        4.803150 0.219610 0.602702,
        4.803150 0.354833 0.530656,
        4.803150 0.309531 0.612117,
        4.803150 0.354833 0.496134,
        4.803150 0.309531 0.489448,
        4.803150 0.258764 0.499052,
        4.803150 0.247865 0.491883,
        4.803150 0.276100 0.489448,
        4.803150 0.235096 0.487196,
        4.803150 0.178531 0.588094,
        4.803150 0.191936 0.595511,
        4.803150 0.198071 0.648728,
        4.803150 0.219012 0.655508,
        4.803150 0.144425 0.381471,
        4.803150 0.197424 0.487196,
        4.803150 0.144425 0.487196,
        4.803150 0.196814 0.487267,
        4.803150 0.183996 0.492100,
        4.803150 0.172739 0.499954,
        4.803150 0.169711 0.502959,
        4.803150 0.162597 0.512962,
        4.803150 0.369826 0.521599,
        4.803150 0.370286 0.521438,
        4.803150 0.370286 0.592557,
        4.803150 0.276100 0.518921,
        4.803150 0.275213 0.518921,
        4.803150 0.269400 0.510191,
        4.803150 0.158338 0.524000,
        4.803150 0.156365 0.540480,
        4.803150 0.144425 0.832350,
        4.803150 0.174990 0.666698,
        4.803150 0.356487 0.615594,
        4.803150 0.306254 0.640246,
        4.803150 0.355037 0.628628,
        4.803150 0.276100 0.610617,
        4.803150 0.274955 0.625299,
        4.803150 0.271507 0.637243,
        4.803150 0.267586 0.644142,
        4.803150 0.181802 0.670648,
        4.803150 0.206644 0.680300,
        4.803150 0.240623 0.684437,
        4.803150 0.369990 0.592752,
        4.803150 0.364521 0.598472,
        4.803150 0.360184 0.605395,
        4.803150 0.262541 0.649528,
        4.803150 0.256616 0.653362,
        4.803150 0.287803 0.670554,
        4.803150 0.366500 0.660324,
        4.803150 0.277196 0.677275,
        4.803150 0.263837 0.681949,
        4.803150 0.356343 0.640520,
        4.803150 0.360307 0.651285,
        4.803150 0.300750 0.654563,
        4.803150 0.293678 0.664881,
        4.803150 0.384897 0.487196,
        4.803150 0.370286 0.381471,
        4.803150 0.406548 0.484945,
        4.803150 0.474432 0.675976,
        4.803150 0.474432 0.643501,
        4.803150 0.370286 0.663732,
        4.803150 0.370286 0.832350,
        4.803150 0.376460 0.669290,
        4.803150 0.384672 0.674336,
        4.803150 0.481991 0.527893,
        4.803150 0.477892 0.517297,
        4.803150 0.471668 0.508478,
        4.803150 0.402587 0.681245,
        4.803150 0.429267 0.684437,
        4.803150 0.492273 0.832350,
        4.803150 0.452719 0.682356,
        4.803150 0.472385 0.572819,
        4.803150 0.478612 0.563637,
        4.803150 0.482185 0.553785,
        4.803150 0.483574 0.541299,
        4.803150 0.462083 0.500091,
        4.803150 0.454342 0.495327,
        4.803150 0.425992 0.657283,
        4.803150 0.416096 0.656541,
        4.803150 0.389491 0.631630,
        4.803150 0.407153 0.654174,
        4.803150 0.399657 0.650187,
        4.803150 0.389796 0.627183,
        4.803150 0.391122 0.621990,
        4.803150 0.393531 0.617480,
        4.803150 0.396791 0.613891,
        4.803150 0.408578 0.606523,
        4.803150 0.449311 0.654451,
        4.803150 0.429267 0.597517,
        4.803150 0.468230 0.647131,
        4.803150 0.442211 0.592280,
        4.803150 0.464414 0.579931,
        4.803150 0.394613 0.645730,
        4.803150 0.391747 0.641475,
        4.803150 0.390096 0.636961,
        4.803150 0.390887 0.514225,
        4.803150 0.405661 0.573229,
        4.803150 0.385734 0.582363,
        4.803150 0.409822 0.512235,
        4.803150 0.411299 0.512244,
        4.803150 0.427613 0.564035,
        4.803150 0.428436 0.514165,
        4.803150 0.449257 0.538024,
        4.803150 0.448930 0.542183,
        4.803150 0.437063 0.517322,
        4.803150 0.440111 0.519172,
        4.803150 0.443947 0.522577,
        4.803150 0.446865 0.526893,
        4.803150 0.448565 0.531646,
        4.803150 0.447411 0.547403,
        4.803150 0.444826 0.551835,
        4.803150 0.440661 0.556172,
        4.803150 1.051962 0.912856,
        4.803150 0.888732 0.910604,
        4.803150 1.535433 0.910604,
        4.803150 1.535433 1.182006,
        4.803150 0.950306 1.179754,
        4.803150 0.888732 1.182006,
        4.803150 0.849878 0.912856,
        4.803150 0.811808 0.912856,
        4.803150 0.804405 0.910604,
        4.803150 0.875530 0.985857,
        4.803150 0.804405 1.182006,
        4.803150 0.888732 1.114821,
        4.803150 0.913464 1.179754,
        4.803150 0.701965 1.182006,
        4.803150 0.554495 1.182006,
        4.803150 0.655844 1.179754,
        4.803150 0.579704 1.179754,
        4.803150 0.579704 0.912856,
        4.803150 0.554495 0.910604,
        4.803150 0.653115 0.912856,
        4.803150 0.701965 0.910604,
        4.803150 0.698645 0.918427,
        4.803150 0.789744 1.001496,
        4.803150 0.776607 0.973887,
        4.803150 0.766063 1.135315,
        4.803150 0.782611 1.112075,
        4.803150 0.756750 0.950243,
        4.803150 0.729032 0.930342,
        4.803150 0.701965 0.919728,
        4.803150 0.756750 1.144413,
        4.803150 0.696591 1.175255,
        4.803150 0.701965 1.173293,
        4.803150 0.728803 1.163490,
        4.803150 0.792514 1.086650,
        4.803150 0.797003 1.049716,
        4.803150 0.796205 1.032749,
        4.803150 0.492273 1.182006,
        4.803150 0.523213 1.179754,
        4.803150 0.492273 1.179754,
        4.803150 0.523213 1.149053,
        4.803150 0.529285 0.943284,
        4.803150 0.529285 0.912856,
        4.803150 0.492273 0.910604,
        4.803150 0.420193 0.943284,
        4.803150 0.492273 0.943284,
        4.803150 0.420193 1.033069,
        4.803150 0.492273 1.033069,
        4.803150 0.515641 1.033069,
        4.803150 0.515641 1.063634,
        4.803150 0.492273 1.149053,
        4.803150 0.385739 1.179754,
        4.803150 0.370286 1.182006,
        4.803150 0.385739 0.912856,
        4.803150 0.332318 1.173341,
        4.803150 0.304186 1.181482,
        4.803150 0.297603 1.182006,
        4.803150 0.492273 0.912856,
        4.803150 0.332318 1.137318,
        4.803150 0.327765 0.921640,
        4.803150 0.263411 0.939054,
        4.803150 0.275921 0.939522,
        4.803150 0.329346 1.138922,
        4.803150 0.306101 0.945150,
        4.803150 0.332318 0.956930,
        4.803150 0.332318 0.923908,
        4.803150 0.174241 1.003230,
        4.803150 0.169276 1.028912,
        4.803150 0.302274 1.149223,
        4.803150 0.183502 0.982313,
        4.803150 0.194844 0.967163,
        4.803150 0.200123 0.961944,
        4.803150 0.217569 0.949623,
        4.803150 0.236594 0.942282,
        4.803150 0.196686 1.123536,
        4.803150 0.182078 1.103197,
        4.803150 0.214846 1.138531,
        4.803150 0.235832 1.148254,
        4.803150 0.269414 1.153146,
        4.803150 0.259050 1.152730,
        4.803150 0.168645 1.043303,
        4.803150 0.173103 1.080200,
        4.803150 0.269073 1.184257,
        4.803150 0.144425 3.503937,
        4.803150 0.370286 3.503937,
        4.803150 0.269272 1.184257,
        4.803150 0.151681 1.119677,
        4.803150 0.171033 1.144959,
        4.803150 0.177504 1.151143,
        4.803150 0.202471 1.168676,
        4.803150 0.144425 0.980712,
        4.803150 0.137812 0.997568,
        4.803150 0.128426 0.910604,
        4.803150 0.132485 1.041256,
        4.803150 0.132955 1.055183,
        4.803150 0.128426 1.182006,
        4.803150 0.139006 1.090029,
        4.803150 0.144425 1.102704,
        4.803150 0.213389 0.915070,
        4.803150 0.188200 0.926949,
        4.803150 0.144425 0.910604,
        4.803150 0.166735 0.944785,
        4.803150 0.148718 0.969769,
        4.803150 0.235078 0.910604,
        4.803150 0.242313 0.909114,
        4.803150 0.258430 0.908353,
        4.803150 0.234363 0.486928,
        4.803150 0.216812 0.484945,
        4.803150 0.649294 0.680070,
        4.803150 0.683953 0.680070,
        4.803150 0.701965 0.832350,
        4.803150 0.804405 0.756346,
        4.803150 0.804405 0.832350,
        4.803150 0.607907 0.487196,
        4.803150 0.588164 0.536796,
        4.803150 0.592258 0.521104,
        4.803150 0.593145 0.521104,
        4.803150 0.554495 0.832350,
        4.803150 0.554495 0.633653,
        4.803150 0.597238 0.536523,
        4.803150 0.594680 0.527637,
        4.803150 0.554495 0.487196,
        4.803150 0.554495 0.543919,
        4.803150 0.500972 0.680070,
        4.803150 0.538359 0.680070,
        4.803150 0.575747 0.489857,
        4.803150 0.574621 0.487196,
        4.803150 0.561079 0.455198,
        4.803150 0.492273 0.381471,
        4.803150 0.507863 0.402392,
        4.803150 0.507863 0.432138,
        4.803150 0.548090 0.436027,
        4.803150 0.554320 0.442893,
        4.803150 0.554495 0.443213,
        4.803150 0.514702 0.429897,
        4.803150 0.526830 0.428318,
        4.803150 0.554495 0.405623,
        4.803150 0.542935 0.401218,
        4.803150 0.554495 0.381471,
        4.803150 0.529422 0.399663,
        4.803150 0.522042 0.399928,
        4.803150 0.535691 0.429426,
        4.803150 0.542924 0.432372,
        4.803150 0.597443 0.460657,
        4.803150 0.582293 0.431159,
        4.803150 0.701965 0.381471,
        4.803150 0.570059 0.416475,
        4.803150 0.567802 0.414407,
        4.803150 0.556126 0.406245,
        4.803150 -1.535433 0.000000,
        4.803150 -1.535433 0.381471,
        4.803150 -1.535433 0.487196,
        4.803150 -1.535433 0.832350,
        4.803150 -1.535433 0.910604,
        4.803150 -1.535433 1.182006,
        4.803150 -1.535433 3.503937,
        4.803150 0.121569 0.943284,
        4.803150 0.121569 0.912856,
        4.803150 -0.019180 0.912856,
        4.803150 0.015274 1.179754,
        4.803150 0.015274 0.943284,
        4.803150 -0.019180 1.179754,
        4.803150 0.128426 0.487196,
        4.803150 0.124367 0.489448,
        4.803150 -0.019180 0.489448,
        4.803150 0.124367 0.519876,
        4.803150 0.118294 0.725645,
        4.803150 0.015274 0.609661,
        4.803150 0.015274 0.519876,
        4.803150 0.110722 0.609661,
        4.803150 0.110722 0.640226,
        4.803150 0.015274 0.640226,
        4.803150 0.015274 0.725645,
        4.803150 -0.019180 0.756346,
        4.803150 0.118294 0.756346,
        4.803150 0.128426 3.503937,
        4.803150 0.492273 3.503937,
        4.803150 0.554495 3.503937,
        4.803150 0.701965 3.503937,
        4.803150 0.804405 3.503937,
        4.803150 0.888732 3.503937,
        4.803150 1.535433 3.503937,
        4.803150 1.535433 0.832350,
        4.803150 1.535433 0.487196,
        4.803150 0.987352 0.489448,
        4.803150 0.913941 0.489448,
        4.803150 0.913941 0.756346,
        4.803150 1.130442 0.609341,
        4.803150 1.123981 0.578088,
        4.803150 1.146045 0.489448,
        4.803150 1.110844 0.550480,
        4.803150 1.284543 0.756346,
        4.803150 1.386199 0.489448,
        4.803150 1.348129 0.489448,
        4.803150 1.247701 0.756346,
        4.803150 1.131240 0.626308,
        4.803150 1.126752 0.663242,
        4.803150 1.090987 0.526835,
        4.803150 1.063270 0.506934,
        4.803150 1.032882 0.495019,
        4.803150 1.184115 0.489448,
        4.803150 1.209768 0.562449,
        4.803150 1.320907 0.562449,
        4.803150 1.090987 0.721006,
        4.803150 1.100300 0.711907,
        4.803150 1.116848 0.688667,
        4.803150 0.990081 0.756346,
        4.803150 1.030828 0.751847,
        4.803150 1.063040 0.740082,
        4.803150 0.804405 0.381471,
        4.803150 0.888732 0.381471,
        4.803150 1.535433 0.381471,
        4.803150 0.128426 0.000000,
        4.803150 0.144425 0.000000,
        4.803150 0.370286 0.000000,
        4.803150 0.492273 0.000000,
        4.803150 0.554495 0.000000,
        4.803150 0.701965 0.000000,
        4.803150 0.804405 0.000000,
        4.803150 0.888732 0.000000,
        4.803150 1.535433 0.000000,
        3.655758 -1.427622 3.503937,
        3.619037 -1.535433 3.503937,
        3.772065 1.041628 3.503937,
        3.825696 0.787402 3.503937,
        4.566929 0.787402 3.503937,
        3.619018 1.535433 3.503937,
        3.703453 1.289186 3.503937,
        3.750686 1.118767 3.503937,
        3.805706 -0.881622 3.503937,
        3.773076 -1.035701 3.503937,
        3.762664 -1.073611 3.503937,
        3.705753 -1.280837 3.503937,
        3.825660 -0.787402 3.503937,
        4.566929 -0.787402 3.503937,
        3.314319 -1.077256 3.153108,
        3.335633 -0.998593 3.153099,
        3.335806 -0.998640 1.141732,
        -3.531741 -2.478046 1.141732,
        -3.531741 -2.478046 0.000000,
        -3.772000 -2.147775 0.000000,
        -4.097696 1.535433 1.141732,
        -4.097696 1.535433 0.000000,
        -4.019563 1.708204 0.000000,
        3.335806 0.998640 1.141732,
        3.385023 0.787402 1.141732,
        3.385023 0.787402 3.153459,
        3.341210 0.977802 3.153097,
        3.335543 0.998568 3.153098,
        3.309228 1.094993 3.153102,
        3.286977 1.164370 3.153103,
        3.240675 1.308729 3.153105,
        3.176838 1.477429 1.141732,
        3.175496 1.476909 3.153099,
        3.152814 1.535433 3.153097,
        2.957948 1.931959 1.141732,
        2.957948 1.931959 3.006451,
        2.827119 2.147775 2.907996,
        2.682731 2.354766 1.141732,
        2.682731 2.354766 2.799337,
        2.525378 2.552080 2.680922,
        2.355706 2.738908 1.141732,
        2.355706 2.738908 2.553236,
        2.174413 2.914480 2.416804,
        1.982243 3.078077 1.141732,
        1.982243 3.078077 2.272188,
        1.779987 3.229025 2.119980,
        1.568475 3.366704 1.141732,
        1.568475 3.366704 1.960807,
        1.212491 3.558235 1.692913,
        1.121194 3.600050 1.141732,
        1.121194 3.600050 1.692913,
        0.647746 3.774283 1.141732,
        0.647746 3.774283 1.692913,
        0.155905 3.886543 1.141732,
        0.155905 3.886543 1.692913,
        -0.346254 3.934985 1.141732,
        -0.346254 3.934985 1.692913,
        -0.850484 3.918816 1.141732,
        -0.850484 3.918816 1.692913,
        -1.348507 3.838299 1.141732,
        -1.348507 3.838299 1.692913,
        -1.832146 3.694758 1.141732,
        -1.832146 3.694758 1.692913,
        -2.293458 3.490548 1.141732,
        -2.227883 3.523982 1.692913,
        -2.293458 3.490548 1.768514,
        -2.724869 3.229025 1.141732,
        -2.513356 3.366704 2.022035,
        -2.724869 3.229025 2.265887,
        -3.119295 2.914480 1.141732,
        -2.927125 3.078077 2.499068,
        -3.119295 2.914480 2.720620,
        -3.470260 2.552080 1.141732,
        -3.286495 2.753385 2.913386,
        -3.470260 2.552080 2.913386,
        -3.531741 2.478046 2.913386,
        -3.531741 2.478046 2.677165,
        -3.531741 2.478046 1.141732,
        -3.772000 2.147775 2.677165,
        -4.097696 1.535433 2.677165,
        -4.097696 1.535433 2.913386,
        -4.208881 1.240583 2.913386,
        -4.019563 1.708204 2.677165,
        -4.208881 1.240583 1.141732,
        -4.336847 0.752593 1.141732,
        -4.336847 0.752593 2.913386,
        -4.401360 0.252245 1.141732,
        -4.401360 0.252245 2.913386,
        -4.401360 -0.252245 1.141732,
        -4.401360 -0.252245 2.913386,
        -4.336847 -0.752593 1.141732,
        -4.336847 -0.752593 2.913386,
        -4.208881 -1.240583 1.141732,
        -4.208881 -1.240583 2.913386,
        -4.097696 -1.535433 2.913386,
        -4.097696 -1.535433 2.677165,
        -4.097696 -1.535433 1.141732,
        -4.019563 -1.708204 2.677165,
        -3.531741 -2.478046 2.677165,
        -3.531741 -2.478046 2.913386,
        -3.470260 -2.552080 2.913386,
        -3.772000 -2.147775 2.677165,
        -3.470260 -2.552080 1.141732,
        -3.286495 -2.753385 2.913386,
        -3.119295 -2.914480 1.141732,
        -3.119295 -2.914480 2.720620,
        -2.927125 -3.078077 2.499068,
        -2.724869 -3.229025 1.141732,
        -2.724869 -3.229025 2.265887,
        -2.513356 -3.366704 2.022035,
        -2.293458 -3.490548 1.141732,
        -2.292327 -3.488478 1.767211,
        -2.227883 -3.523982 1.692913,
        -1.832146 -3.694758 1.141732,
        -1.832146 -3.694758 1.692913,
        -1.348507 -3.838299 1.141732,
        -1.348507 -3.838299 1.692913,
        -0.850484 -3.918816 1.141732,
        -0.850484 -3.918816 1.692913,
        -0.346254 -3.934985 1.141732,
        -0.346254 -3.934985 1.692913,
        0.155905 -3.886543 1.141732,
        0.155905 -3.886543 1.692913,
        0.647746 -3.774283 1.141732,
        0.647746 -3.774283 1.692913,
        1.121194 -3.600050 1.141732,
        1.121194 -3.600050 1.692913,
        1.568475 -3.366704 1.141732,
        1.212491 -3.558235 1.692913,
        1.568475 -3.366704 1.960807,
        1.982243 -3.078077 1.141732,
        1.779987 -3.229025 2.119980,
        1.982243 -3.078077 2.272188,
        2.174413 -2.914480 2.416804,
        2.355706 -2.738908 1.141732,
        2.355706 -2.738908 2.553236,
        2.525378 -2.552080 2.680922,
        2.682731 -2.354766 1.141732,
        2.682731 -2.354766 2.799337,
        2.827119 -2.147775 2.907996,
        2.957948 -1.931959 1.141732,
        3.175496 -1.476909 3.153099,
        3.176838 -1.477429 1.141732,
        3.152814 -1.535433 3.153097,
        2.957948 -1.931959 3.006451,
        3.189947 -1.439623 3.153100,
        3.240696 -1.308680 3.153105,
        3.299389 -1.124185 3.153107,
        3.385023 -0.787402 3.153459,
        3.385023 -0.787402 1.141732,
        3.346503 -0.954398 3.153148,
        3.340173 -0.981836 3.153097,
        -4.097696 -1.535433 0.000000,
        -4.019563 -1.708204 0.000000,
        -3.531741 2.478046 0.000000,
        -3.772000 2.147775 0.000000,
        2.992126 0.787402 0.000000,
        4.566929 0.787402 -0.000000,
        3.596894 0.787402 3.322492,
        2.992126 -0.787402 -0.000000,
        4.566929 -0.787402 -0.000000,
        3.596894 -0.787402 3.322492,
        -3.005090 2.478046 1.141732,
        -3.005090 -2.478046 1.141732,
        -3.665789 -1.535433 1.141732,
        -3.480235 -1.873019 1.141732,
        -3.326772 -0.196850 1.141732,
        -3.259131 -2.188465 1.141732,
        -3.602363 -0.196850 1.141732,
        -3.602363 0.196850 1.141732,
        -3.480235 1.873019 1.141732,
        -3.665789 1.535433 1.141732,
        -3.326772 0.196850 1.141732,
        -3.259131 2.188465 1.141732,
        0.919832 0.900286 1.141732,
        -2.216261 -0.900286 1.141732,
        -2.225219 -0.512700 1.141732,
        -2.817589 -0.512700 1.141732,
        0.919832 -0.900286 1.141732,
        -2.817589 -0.363224 1.141732,
        -2.225219 -0.363224 1.141732,
        -2.216261 0.369519 1.141732,
        -2.834864 0.369519 1.141732,
        -2.216261 0.494183 1.141732,
        -2.216261 0.900286 1.141732,
        -2.834864 0.494183 1.141732,
        -3.839676 1.535433 2.677165,
        -3.839676 -1.535433 2.677165,
        -2.216261 0.369519 0.944882,
        -2.216261 -0.900286 0.944882,
        3.467646 -1.890317 3.390023,
        1.212491 -4.032194 1.692913,
        1.449506 -3.924756 1.871278,
        3.058984 -2.574223 3.082486,
        3.209002 -2.354690 3.195381,
        3.345391 -2.126440 3.298020,
        1.679705 -3.803400 2.044514,
        1.907030 -3.665475 2.215586,
        2.125546 -3.513980 2.380030,
        2.334444 -3.349476 2.537235,
        2.532951 -3.172571 2.686621,
        2.720332 -2.983922 2.827634,
        2.895893 -2.784226 2.959752,
        -3.082358 -3.505128 2.678037,
        -3.294893 -3.336369 0.000000,
        -2.868954 -3.654355 2.432003,
        -2.943581 -3.598642 0.000000,
        -2.868954 -3.654355 0.000000,
        -1.917539 -4.124231 1.692913,
        -2.227883 -4.002001 1.692913,
        -2.407561 -3.918277 0.000000,
        -2.407561 -3.918277 1.900064,
        -2.642274 -3.793337 2.170664,
        1.202025 -4.036552 0.000000,
        0.699571 -4.209985 1.692913,
        0.699571 -4.209985 0.000000,
        0.179778 -4.321134 1.692913,
        0.179778 -4.321134 0.000000,
        -0.349664 -4.368354 1.692913,
        -0.349664 -4.368354 0.000000,
        -0.880922 -4.350946 1.692913,
        -0.880922 -4.350946 0.000000,
        -1.406137 -4.269169 1.692913,
        -1.406137 -4.269169 0.000000,
        -1.917539 -4.124231 0.000000,
        1.679705 -3.803400 0.000000,
        1.202025 -4.036552 1.692913,
        2.125546 -3.513980 0.000000,
        2.532951 -3.172571 0.000000,
        2.895893 -2.784226 0.000000,
        3.209002 -2.354690 0.000000,
        3.467646 -1.890317 0.000000,
        3.619018 -1.535433 0.000000,
        3.619018 1.535433 0.000000,
        3.518065 1.781418 3.427965,
        3.402339 2.020808 0.000000,
        3.402339 2.020808 3.340876,
        3.272269 2.252717 3.242993,
        3.128335 2.476287 0.000000,
        3.128335 2.476287 3.134676,
        2.971072 2.690689 3.016328,
        2.801061 2.895130 0.000000,
        2.801061 2.895130 2.888386,
        2.618930 3.088853 2.751324,
        2.425356 3.271141 0.000000,
        2.425356 3.271141 2.605650,
        2.006780 3.598757 0.000000,
        2.006780 3.598757 2.290652,
        2.221053 3.441319 2.451904,
        1.066326 4.090206 1.692913,
        1.212491 4.032194 1.692913,
        1.551524 3.873132 0.000000,
        1.551524 3.873132 1.948052,
        1.783328 3.742873 2.122494,
        1.066326 4.090206 0.000000,
        0.558362 4.246768 0.000000,
        0.558362 4.246768 1.692913,
        0.035148 4.340500 0.000000,
        0.035148 4.340500 1.692913,
        -0.495575 4.370017 0.000000,
        -0.495575 4.370017 1.692913,
        -1.025956 4.334883 0.000000,
        -1.025956 4.334883 1.692913,
        -1.548148 4.235616 0.000000,
        -1.548148 4.235616 1.692913,
        -2.054426 4.073685 0.000000,
        -2.054426 4.073685 1.692913,
        -2.227883 4.002001 1.692913,
        -2.537299 3.851487 0.000000,
        -2.537299 3.851487 2.049638,
        -2.767710 3.718781 2.315278,
        -2.943581 3.600726 0.000000,
        -2.989623 3.572307 2.571122,
        -2.989623 3.572307 0.000000,
        -3.286495 3.343454 2.913386,
        -3.404708 3.240278 0.000000,
        -3.404708 3.240278 2.913386,
        -3.776410 2.860310 0.000000,
        -3.776410 2.860310 2.913386,
        -4.099233 2.438026 0.000000,
        -4.099233 2.438026 2.913386,
        -4.368399 1.979672 0.000000,
        -4.368399 1.979672 2.913386,
        -4.579926 1.492030 0.000000,
        -4.579926 1.492030 2.913386,
        -4.730686 0.982314 0.000000,
        -4.730686 0.982314 2.913386,
        -4.818446 0.458065 0.000000,
        -4.818446 0.458065 2.913386,
        -4.841910 -0.072960 0.000000,
        -4.841910 -0.072960 2.913386,
        -4.800731 -0.602906 0.000000,
        -4.800731 -0.602906 2.913386,
        -4.774157 -0.734502 0.000000,
        -4.695516 -1.123933 2.913386,
        -4.695516 -1.123933 0.000000,
        -4.527823 -1.628331 0.000000,
        -4.527823 -1.628331 2.913386,
        -4.300133 -2.108639 0.000000,
        -4.300133 -2.108639 2.913386,
        -4.015815 -2.557751 0.000000,
        -4.015815 -2.557751 2.913386,
        -3.679074 -2.969022 0.000000,
        -3.679074 -2.969022 2.913386,
        -3.294893 -3.336369 2.913386,
        -3.286495 -3.343454 2.913386,
        -3.669067 -2.298176 2.913386,
        -3.906561 -1.925318 2.913386,
        -3.906561 1.925318 2.913386,
        -3.669067 2.298176 2.913386,
        2.992126 -0.734502 0.000000,
        4.803150 -0.734502 0.000000,
        4.566929 -0.734502 0.000000,
        -2.115765 0.681602 0.000000,
        -2.882072 0.681602 0.000000,
        -2.882072 -0.681602 0.000000,
        -2.943581 -0.734502 0.000000,
        -2.115765 -0.681602 0.000000,
        -3.005090 2.478046 0.000000,
        -3.602363 -0.196850 0.000000,
        -3.326772 -0.196850 0.000000,
        -3.326772 0.196850 0.000000,
        -3.480235 1.873019 0.000000,
        -3.665789 1.535433 0.000000,
        -3.602363 0.196850 0.000000,
        -3.259131 2.188465 0.000000,
        -3.005090 -2.478046 0.000000,
        -3.259131 -2.188465 0.000000,
        -3.480235 -1.873019 0.000000,
        -3.665789 -1.535433 0.000000,
        -2.216261 0.494183 0.944882,
        -2.216261 0.900286 0.944882,
        0.919832 0.900286 0.944882,
        0.919832 -0.900286 0.944882,
        -2.207944 0.494183 0.944882,
        -2.207944 0.369519 0.944882,
        -2.882072 0.681602 0.196850,
        -2.882072 -0.681602 0.196850,
        -2.115765 -0.681602 0.196850,
        -2.115765 0.681602 0.196850,
        -2.834864 0.369519 0.196850,
        -2.207944 0.369519 0.196850,
        -2.207944 0.494183 0.196850,
        -2.834864 0.494183 0.196850,
        -2.225219 -0.363224 0.196850,
        -2.817589 -0.363224 0.196850,
        -2.817589 -0.512700 0.196850,
        -2.225219 -0.512700 0.196850,
        -3.221098 2.478046 2.677165,
        -3.700514 1.809799 2.677165,
        -3.477270 2.160285 2.677165,
        -3.221098 -2.478046 2.677165,
        -3.477270 -2.160285 2.677165,
        -3.700514 -1.809799 2.677165,
      ]
    }
    coordIndex [
      2, 3, 4, -1,
      5, 6, 7, -1,
      8, 9, 10, -1,
      11, 12, 13, -1,
      14, 15, 16, -1,
      17, 18, 19, -1,
      20, 21, 22, -1,
      23, 24, 25, -1,
      26, 27, 28, -1,
      29, 30, 31, -1,
      32, 33, 34, -1,
      34, 33, 5, -1,
      35, 36, 34, -1,
      34, 36, 37, -1,
      34, 37, 38, -1,
      38, 39, 34, -1,
      34, 39, 40, -1,
      34, 40, 32, -1,
      41, 42, 43, -1,
      44, 45, 46, -1,
      46, 45, 43, -1,
      43, 45, 47, -1,
      43, 47, 41, -1,
      48, 49, 50, -1,
      49, 51, 50, -1,
      50, 51, 52, -1,
      50, 52, 53, -1,
      44, 46, 54, -1,
      54, 46, 50, -1,
      54, 50, 55, -1,
      55, 50, 53, -1,
      55, 53, 56, -1,
      56, 53, 57, -1,
      56, 57, 58, -1,
      31, 30, 59, -1,
      30, 60, 59, -1,
      59, 60, 61, -1,
      59, 61, 50, -1,
      50, 61, 62, -1,
      50, 62, 48, -1,
      63, 64, 65, -1,
      65, 64, 66, -1,
      65, 66, 67, -1,
      67, 68, 65, -1,
      65, 68, 69, -1,
      65, 69, 31, -1,
      31, 69, 70, -1,
      31, 70, 29, -1,
      71, 72, 73, -1,
      73, 72, 74, -1,
      73, 74, 65, -1,
      65, 74, 75, -1,
      65, 75, 63, -1,
      76, 77, 78, -1,
      78, 77, 79, -1,
      78, 79, 80, -1,
      76, 81, 77, -1,
      77, 81, 82, -1,
      77, 82, 73, -1,
      73, 82, 83, -1,
      73, 83, 71, -1,
      2, 84, 3, -1,
      3, 84, 85, -1,
      3, 85, 86, -1,
      86, 87, 3, -1,
      3, 87, 88, -1,
      3, 88, 80, -1,
      89, 90, 6, -1,
      91, 92, 93, -1,
      94, 95, 2, -1,
      96, 97, 98, -1,
      98, 97, 99, -1,
      91, 93, 100, -1,
      94, 2, 101, -1,
      102, 103, 97, -1,
      97, 103, 104, -1,
      97, 104, 105, -1,
      6, 90, 2, -1,
      2, 90, 106, -1,
      2, 106, 101, -1,
      92, 107, 93, -1,
      93, 107, 108, -1,
      93, 108, 109, -1,
      110, 111, 112, -1,
      112, 111, 113, -1,
      112, 113, 114, -1,
      115, 105, 116, -1,
      116, 105, 117, -1,
      116, 117, 112, -1,
      112, 117, 118, -1,
      112, 118, 110, -1,
      115, 119, 105, -1,
      105, 119, 120, -1,
      105, 120, 97, -1,
      97, 120, 121, -1,
      97, 121, 99, -1,
      122, 123, 124, -1,
      124, 123, 125, -1,
      124, 125, 93, -1,
      93, 125, 126, -1,
      93, 126, 100, -1,
      127, 128, 93, -1,
      93, 128, 129, -1,
      93, 129, 97, -1,
      97, 129, 130, -1,
      97, 130, 102, -1,
      131, 132, 84, -1,
      84, 132, 133, -1,
      84, 133, 134, -1,
      134, 135, 84, -1,
      84, 135, 136, -1,
      84, 136, 137, -1,
      137, 136, 122, -1,
      137, 122, 138, -1,
      138, 122, 124, -1,
      95, 139, 2, -1,
      2, 139, 140, -1,
      2, 140, 84, -1,
      84, 140, 141, -1,
      84, 141, 131, -1,
      109, 142, 93, -1,
      93, 142, 143, -1,
      93, 143, 144, -1,
      144, 145, 93, -1,
      93, 145, 146, -1,
      93, 146, 127, -1,
      147, 148, 149, -1,
      149, 105, 147, -1,
      147, 105, 104, -1,
      147, 104, 150, -1,
      150, 104, 151, -1,
      151, 152, 150, -1,
      150, 152, 153, -1,
      150, 153, 154, -1,
      155, 156, 157, -1,
      155, 157, 158, -1,
      159, 157, 160, -1,
      148, 147, 159, -1,
      159, 147, 161, -1,
      159, 161, 157, -1,
      157, 161, 162, -1,
      157, 162, 158, -1,
      160, 163, 159, -1,
      159, 163, 164, -1,
      159, 164, 165, -1,
      156, 166, 157, -1,
      157, 166, 167, -1,
      157, 167, 168, -1,
      168, 167, 169, -1,
      169, 167, 170, -1,
      170, 167, 171, -1,
      170, 171, 172, -1,
      173, 174, 165, -1,
      165, 174, 175, -1,
      165, 175, 159, -1,
      33, 176, 5, -1,
      5, 176, 177, -1,
      5, 177, 6, -1,
      6, 177, 178, -1,
      6, 178, 89, -1,
      179, 180, 181, -1,
      181, 180, 182, -1,
      181, 182, 183, -1,
      183, 182, 184, -1,
      183, 184, 185, -1,
      186, 187, 188, -1,
      188, 187, 189, -1,
      189, 187, 190, -1,
      190, 187, 182, -1,
      190, 182, 191, -1,
      191, 182, 180, -1,
      191, 180, 28, -1,
      28, 180, 192, -1,
      28, 192, 26, -1,
      184, 193, 185, -1,
      185, 193, 194, -1,
      185, 194, 195, -1,
      195, 194, 196, -1,
      197, 198, 199, -1,
      199, 198, 200, -1,
      201, 202, 203, -1,
      204, 205, 206, -1,
      206, 205, 207, -1,
      206, 207, 24, -1,
      208, 209, 210, -1,
      210, 209, 211, -1,
      210, 211, 207, -1,
      197, 212, 198, -1,
      198, 212, 213, -1,
      198, 213, 214, -1,
      214, 213, 203, -1,
      214, 203, 215, -1,
      215, 203, 202, -1,
      216, 217, 218, -1,
      218, 217, 219, -1,
      218, 219, 220, -1,
      220, 221, 218, -1,
      218, 221, 222, -1,
      218, 222, 223, -1,
      224, 225, 226, -1,
      227, 228, 210, -1,
      210, 228, 229, -1,
      210, 229, 208, -1,
      223, 230, 218, -1,
      218, 230, 231, -1,
      218, 231, 232, -1,
      232, 231, 200, -1,
      232, 200, 233, -1,
      233, 200, 198, -1,
      205, 234, 235, -1,
      235, 234, 236, -1,
      237, 238, 203, -1,
      203, 238, 239, -1,
      203, 239, 240, -1,
      233, 241, 232, -1,
      232, 241, 242, -1,
      232, 242, 243, -1,
      224, 226, 204, -1,
      226, 244, 204, -1,
      204, 244, 245, -1,
      204, 245, 205, -1,
      205, 245, 246, -1,
      205, 246, 234, -1,
      240, 247, 203, -1,
      203, 247, 248, -1,
      203, 248, 201, -1,
      249, 250, 251, -1,
      251, 250, 232, -1,
      251, 232, 252, -1,
      252, 232, 243, -1,
      236, 253, 235, -1,
      235, 253, 254, -1,
      235, 254, 255, -1,
      255, 254, 250, -1,
      255, 250, 256, -1,
      256, 250, 249, -1,
      23, 25, 257, -1,
      257, 25, 258, -1,
      257, 258, 259, -1,
      260, 261, 22, -1,
      250, 262, 263, -1,
      263, 262, 264, -1,
      263, 264, 265, -1,
      266, 267, 22, -1,
      22, 267, 268, -1,
      265, 269, 263, -1,
      263, 269, 270, -1,
      263, 270, 271, -1,
      271, 270, 272, -1,
      271, 272, 260, -1,
      273, 274, 261, -1,
      261, 274, 275, -1,
      261, 275, 22, -1,
      22, 275, 276, -1,
      22, 276, 266, -1,
      268, 277, 22, -1,
      22, 277, 278, -1,
      22, 278, 20, -1,
      279, 280, 281, -1,
      281, 280, 282, -1,
      281, 282, 283, -1,
      281, 284, 279, -1,
      279, 284, 285, -1,
      279, 285, 286, -1,
      286, 287, 279, -1,
      279, 287, 288, -1,
      279, 288, 289, -1,
      289, 288, 290, -1,
      289, 290, 291, -1,
      291, 290, 292, -1,
      291, 292, 261, -1,
      261, 292, 293, -1,
      261, 293, 273, -1,
      294, 295, 283, -1,
      283, 295, 296, -1,
      283, 296, 281, -1,
      297, 298, 225, -1,
      225, 298, 299, -1,
      225, 299, 226, -1,
      297, 300, 298, -1,
      298, 300, 301, -1,
      298, 301, 302, -1,
      302, 301, 303, -1,
      302, 304, 305, -1,
      303, 306, 302, -1,
      302, 306, 307, -1,
      302, 307, 308, -1,
      308, 309, 302, -1,
      302, 309, 310, -1,
      302, 310, 304, -1,
      305, 311, 302, -1,
      302, 311, 312, -1,
      302, 312, 313, -1,
      314, 17, 315, -1,
      316, 317, 318, -1,
      318, 317, 319, -1,
      320, 321, 322, -1,
      17, 19, 315, -1,
      315, 19, 323, -1,
      315, 323, 320, -1,
      322, 321, 324, -1,
      324, 321, 325, -1,
      324, 325, 319, -1,
      319, 325, 326, -1,
      319, 326, 318, -1,
      327, 328, 329, -1,
      329, 328, 330, -1,
      330, 328, 331, -1,
      331, 328, 332, -1,
      331, 332, 333, -1,
      333, 332, 334, -1,
      333, 334, 335, -1,
      336, 337, 322, -1,
      338, 339, 324, -1,
      337, 340, 322, -1,
      322, 340, 341, -1,
      322, 341, 334, -1,
      334, 341, 342, -1,
      334, 342, 335, -1,
      338, 324, 343, -1,
      329, 344, 327, -1,
      327, 344, 345, -1,
      327, 345, 324, -1,
      324, 345, 346, -1,
      324, 346, 343, -1,
      339, 347, 324, -1,
      324, 347, 348, -1,
      324, 348, 322, -1,
      322, 348, 349, -1,
      322, 349, 336, -1,
      328, 350, 351, -1,
      351, 350, 352, -1,
      351, 353, 328, -1,
      328, 353, 354, -1,
      328, 354, 332, -1,
      332, 354, 355, -1,
      332, 355, 356, -1,
      357, 358, 359, -1,
      359, 358, 360, -1,
      360, 358, 361, -1,
      361, 358, 354, -1,
      361, 354, 362, -1,
      362, 354, 353, -1,
      362, 353, 16, -1,
      16, 353, 363, -1,
      16, 363, 14, -1,
      352, 350, 364, -1,
      364, 350, 365, -1,
      364, 365, 366, -1,
      367, 365, 368, -1,
      368, 365, 369, -1,
      355, 370, 356, -1,
      356, 370, 366, -1,
      356, 366, 13, -1,
      13, 366, 365, -1,
      13, 365, 371, -1,
      371, 365, 367, -1,
      11, 13, 372, -1,
      373, 374, 375, -1,
      375, 374, 376, -1,
      375, 376, 371, -1,
      371, 376, 377, -1,
      371, 377, 13, -1,
      13, 377, 378, -1,
      13, 378, 372, -1,
      379, 375, 380, -1,
      380, 375, 381, -1,
      379, 382, 375, -1,
      375, 382, 383, -1,
      375, 383, 384, -1,
      384, 385, 375, -1,
      375, 385, 386, -1,
      375, 386, 373, -1,
      387, 388, 389, -1,
      389, 388, 390, -1,
      381, 391, 380, -1,
      380, 391, 392, -1,
      380, 392, 393, -1,
      393, 392, 390, -1,
      393, 390, 394, -1,
      394, 390, 388, -1,
      9, 395, 396, -1,
      396, 395, 397, -1,
      397, 395, 398, -1,
      397, 398, 369, -1,
      10, 399, 400, -1,
      400, 401, 10, -1,
      10, 401, 402, -1,
      10, 402, 8, -1,
      403, 404, 405, -1,
      406, 407, 408, -1,
      408, 407, 409, -1,
      408, 409, 10, -1,
      10, 409, 410, -1,
      10, 410, 399, -1,
      411, 412, 413, -1,
      413, 412, 414, -1,
      413, 414, 415, -1,
      411, 413, 416, -1,
      416, 413, 232, -1,
      416, 232, 417, -1,
      250, 263, 232, -1,
      232, 263, 418, -1,
      232, 418, 417, -1,
      24, 207, 25, -1,
      25, 207, 211, -1,
      25, 211, 258, -1,
      258, 211, 419, -1,
      258, 419, 216, -1,
      216, 419, 420, -1,
      216, 420, 217, -1,
      421, 422, 423, -1,
      179, 181, 424, -1,
      424, 181, 425, -1,
      424, 425, 196, -1,
      196, 425, 423, -1,
      196, 423, 195, -1,
      195, 423, 422, -1,
      195, 422, 426, -1,
      427, 428, 429, -1,
      423, 430, 421, -1,
      421, 430, 431, -1,
      421, 431, 432, -1,
      432, 431, 427, -1,
      432, 427, 433, -1,
      433, 427, 429, -1,
      434, 435, 22, -1,
      22, 435, 436, -1,
      260, 22, 271, -1,
      271, 22, 436, -1,
      271, 436, 430, -1,
      430, 436, 437, -1,
      430, 437, 431, -1,
      438, 435, 439, -1,
      439, 435, 434, -1,
      439, 434, 440, -1,
      441, 442, 443, -1,
      444, 445, 434, -1,
      434, 445, 446, -1,
      434, 446, 440, -1,
      259, 258, 21, -1,
      21, 258, 441, -1,
      21, 441, 22, -1,
      22, 441, 443, -1,
      22, 443, 434, -1,
      434, 443, 447, -1,
      434, 447, 448, -1,
      449, 450, 451, -1,
      451, 450, 452, -1,
      451, 452, 441, -1,
      441, 452, 453, -1,
      441, 453, 442, -1,
      448, 454, 434, -1,
      434, 454, 455, -1,
      434, 455, 444, -1,
      456, 457, 458, -1,
      456, 458, 426, -1,
      457, 459, 458, -1,
      458, 459, 460, -1,
      458, 460, 451, -1,
      451, 460, 461, -1,
      451, 461, 449, -1,
      462, 77, 463, -1,
      463, 77, 73, -1,
      463, 73, 464, -1,
      464, 73, 65, -1,
      464, 65, 465, -1,
      465, 65, 31, -1,
      465, 31, 466, -1,
      466, 31, 59, -1,
      466, 59, 467, -1,
      467, 59, 50, -1,
      467, 50, 468, -1,
      468, 50, 46, -1,
      469, 470, 405, -1,
      405, 470, 471, -1,
      472, 408, 34, -1,
      404, 406, 405, -1,
      405, 406, 408, -1,
      405, 408, 469, -1,
      469, 408, 472, -1,
      469, 472, 473, -1,
      7, 405, 5, -1,
      5, 405, 471, -1,
      5, 471, 34, -1,
      34, 471, 474, -1,
      34, 474, 472, -1,
      475, 476, 477, -1,
      476, 475, 478, -1,
      478, 475, 7, -1,
      478, 7, 479, -1,
      480, 481, 482, -1,
      482, 481, 478, -1,
      482, 478, 483, -1,
      483, 478, 479, -1,
      483, 479, 484, -1,
      484, 479, 485, -1,
      4, 475, 2, -1,
      2, 475, 477, -1,
      2, 477, 6, -1,
      6, 477, 486, -1,
      6, 486, 7, -1,
      7, 486, 487, -1,
      7, 487, 479, -1,
      9, 396, 10, -1,
      10, 396, 488, -1,
      10, 488, 408, -1,
      408, 488, 43, -1,
      408, 43, 34, -1,
      34, 43, 42, -1,
      34, 42, 35, -1,
      4, 216, 475, -1,
      475, 216, 218, -1,
      475, 218, 7, -1,
      7, 218, 232, -1,
      7, 232, 405, -1,
      405, 232, 413, -1,
      405, 413, 403, -1,
      403, 413, 415, -1,
      181, 322, 425, -1,
      425, 322, 334, -1,
      425, 334, 423, -1,
      423, 334, 332, -1,
      423, 332, 430, -1,
      430, 332, 356, -1,
      430, 356, 271, -1,
      271, 356, 13, -1,
      271, 13, 263, -1,
      263, 13, 12, -1,
      263, 12, 418, -1,
      369, 365, 397, -1,
      397, 365, 350, -1,
      397, 350, 489, -1,
      489, 350, 328, -1,
      489, 328, 490, -1,
      490, 328, 327, -1,
      490, 327, 491, -1,
      491, 327, 324, -1,
      491, 324, 492, -1,
      492, 324, 319, -1,
      492, 319, 493, -1,
      493, 319, 317, -1,
      493, 317, 494, -1,
      318, 314, 316, -1,
      316, 314, 315, -1,
      316, 315, 495, -1,
      496, 497, 183, -1,
      183, 497, 498, -1,
      183, 498, 181, -1,
      181, 498, 499, -1,
      500, 501, 502, -1,
      502, 501, 503, -1,
      495, 504, 496, -1,
      496, 504, 505, -1,
      496, 505, 506, -1,
      320, 322, 315, -1,
      315, 322, 181, -1,
      315, 181, 495, -1,
      495, 181, 507, -1,
      495, 507, 504, -1,
      500, 502, 508, -1,
      508, 502, 507, -1,
      508, 507, 509, -1,
      503, 510, 502, -1,
      502, 510, 511, -1,
      502, 511, 512, -1,
      512, 497, 502, -1,
      502, 497, 496, -1,
      502, 496, 513, -1,
      513, 496, 506, -1,
      513, 506, 514, -1,
      514, 506, 515, -1,
      516, 517, 507, -1,
      507, 517, 518, -1,
      507, 518, 509, -1,
      499, 519, 181, -1,
      181, 519, 520, -1,
      181, 520, 507, -1,
      507, 520, 521, -1,
      507, 521, 516, -1,
      426, 458, 195, -1,
      195, 458, 522, -1,
      195, 522, 185, -1,
      185, 522, 523, -1,
      185, 523, 183, -1,
      183, 523, 524, -1,
      183, 524, 496, -1,
      80, 79, 3, -1,
      3, 79, 525, -1,
      3, 525, 4, -1,
      4, 525, 526, -1,
      4, 526, 216, -1,
      216, 526, 527, -1,
      216, 527, 258, -1,
      258, 527, 528, -1,
      258, 528, 441, -1,
      441, 528, 529, -1,
      441, 529, 451, -1,
      451, 529, 530, -1,
      451, 530, 458, -1,
      458, 530, 531, -1,
      458, 531, 522, -1,
      522, 531, 532, -1,
      522, 532, 523, -1,
      523, 532, 533, -1,
      523, 533, 524, -1,
      534, 535, 468, -1,
      536, 537, 538, -1,
      539, 540, 494, -1,
      494, 540, 541, -1,
      542, 543, 468, -1,
      543, 544, 468, -1,
      468, 544, 545, -1,
      468, 545, 534, -1,
      546, 542, 547, -1,
      547, 542, 468, -1,
      547, 468, 538, -1,
      538, 468, 494, -1,
      538, 494, 536, -1,
      536, 494, 541, -1,
      548, 549, 550, -1,
      551, 552, 553, -1,
      554, 555, 556, -1,
      557, 558, 559, -1,
      559, 560, 557, -1,
      557, 560, 561, -1,
      557, 561, 562, -1,
      562, 563, 557, -1,
      557, 563, 564, -1,
      557, 564, 565, -1,
      564, 566, 565, -1,
      565, 566, 567, -1,
      565, 567, 568, -1,
      567, 569, 568, -1,
      568, 569, 570, -1,
      568, 570, 571, -1,
      570, 572, 571, -1,
      571, 572, 573, -1,
      571, 573, 574, -1,
      573, 575, 574, -1,
      574, 575, 576, -1,
      574, 576, 577, -1,
      576, 578, 577, -1,
      577, 578, 579, -1,
      577, 579, 580, -1,
      579, 581, 580, -1,
      580, 581, 582, -1,
      580, 582, 583, -1,
      583, 582, 584, -1,
      583, 584, 585, -1,
      585, 584, 586, -1,
      585, 586, 587, -1,
      587, 586, 588, -1,
      587, 588, 589, -1,
      589, 588, 590, -1,
      589, 590, 591, -1,
      591, 590, 592, -1,
      591, 592, 593, -1,
      593, 592, 594, -1,
      593, 594, 595, -1,
      595, 594, 596, -1,
      595, 596, 597, -1,
      596, 598, 597, -1,
      597, 598, 599, -1,
      597, 599, 600, -1,
      599, 601, 600, -1,
      600, 601, 602, -1,
      600, 602, 603, -1,
      602, 604, 603, -1,
      603, 604, 605, -1,
      603, 605, 606, -1,
      606, 605, 607, -1,
      608, 609, 610, -1,
      607, 608, 606, -1,
      606, 608, 610, -1,
      606, 610, 611, -1,
      611, 610, 612, -1,
      613, 614, 615, -1,
      616, 613, 617, -1,
      617, 613, 615, -1,
      617, 615, 618, -1,
      618, 615, 619, -1,
      618, 619, 620, -1,
      620, 619, 621, -1,
      620, 621, 622, -1,
      622, 621, 623, -1,
      622, 623, 624, -1,
      624, 623, 625, -1,
      624, 625, 626, -1,
      627, 628, 629, -1,
      625, 627, 626, -1,
      626, 627, 629, -1,
      626, 629, 630, -1,
      630, 629, 631, -1,
      632, 633, 634, -1,
      635, 632, 636, -1,
      632, 634, 636, -1,
      636, 634, 637, -1,
      636, 637, 638, -1,
      637, 639, 638, -1,
      638, 639, 640, -1,
      638, 640, 641, -1,
      640, 642, 641, -1,
      641, 642, 643, -1,
      641, 643, 644, -1,
      643, 645, 644, -1,
      644, 645, 646, -1,
      644, 646, 647, -1,
      647, 646, 648, -1,
      647, 648, 649, -1,
      649, 648, 650, -1,
      649, 650, 651, -1,
      651, 650, 652, -1,
      651, 652, 653, -1,
      653, 652, 654, -1,
      653, 654, 655, -1,
      655, 654, 656, -1,
      655, 656, 657, -1,
      657, 656, 658, -1,
      657, 658, 659, -1,
      659, 658, 660, -1,
      659, 660, 661, -1,
      660, 662, 661, -1,
      661, 662, 663, -1,
      661, 663, 664, -1,
      664, 663, 665, -1,
      665, 666, 664, -1,
      664, 666, 667, -1,
      664, 667, 668, -1,
      667, 669, 668, -1,
      668, 669, 670, -1,
      668, 670, 671, -1,
      670, 672, 671, -1,
      671, 672, 673, -1,
      671, 673, 674, -1,
      675, 676, 677, -1,
      677, 676, 674, -1,
      677, 674, 678, -1,
      678, 674, 673, -1,
      675, 679, 676, -1,
      676, 679, 680, -1,
      676, 680, 550, -1,
      550, 680, 681, -1,
      550, 681, 548, -1,
      682, 683, 684, -1,
      684, 683, 550, -1,
      684, 550, 685, -1,
      685, 550, 549, -1,
      686, 630, 687, -1,
      687, 630, 631, -1,
      687, 631, 553, -1,
      553, 631, 635, -1,
      553, 635, 551, -1,
      551, 635, 636, -1,
      688, 611, 689, -1,
      689, 611, 612, -1,
      689, 612, 556, -1,
      556, 612, 616, -1,
      556, 616, 554, -1,
      554, 616, 617, -1,
      0, 690, 558, -1,
      558, 690, 691, -1,
      559, 558, 692, -1,
      692, 558, 691, -1,
      692, 691, 537, -1,
      537, 691, 538, -1,
      693, 1, 694, -1,
      694, 1, 683, -1,
      546, 547, 695, -1,
      695, 547, 694, -1,
      695, 694, 682, -1,
      682, 694, 683, -1,
      587, 589, 696, -1,
      696, 589, 591, -1,
      696, 591, 593, -1,
      600, 603, 696, -1,
      696, 603, 606, -1,
      696, 606, 611, -1,
      551, 636, 697, -1,
      697, 636, 638, -1,
      593, 595, 696, -1,
      696, 595, 597, -1,
      696, 597, 600, -1,
      698, 699, 700, -1,
      700, 699, 701, -1,
      700, 701, 655, -1,
      655, 701, 697, -1,
      655, 697, 653, -1,
      630, 698, 626, -1,
      626, 698, 700, -1,
      626, 700, 624, -1,
      624, 700, 702, -1,
      624, 702, 622, -1,
      622, 702, 703, -1,
      622, 703, 620, -1,
      704, 705, 706, -1,
      550, 683, 1, -1,
      704, 706, 707, -1,
      638, 641, 697, -1,
      697, 641, 644, -1,
      697, 644, 647, -1,
      705, 554, 706, -1,
      706, 554, 617, -1,
      706, 617, 703, -1,
      703, 617, 618, -1,
      703, 618, 620, -1,
      568, 571, 708, -1,
      647, 649, 697, -1,
      697, 649, 651, -1,
      697, 651, 653, -1,
      558, 557, 0, -1,
      0, 557, 565, -1,
      661, 664, 1, -1,
      1, 664, 668, -1,
      1, 668, 671, -1,
      671, 674, 1, -1,
      1, 674, 676, -1,
      1, 676, 550, -1,
      655, 657, 1, -1,
      1, 657, 659, -1,
      1, 659, 661, -1,
      709, 710, 711, -1,
      565, 568, 0, -1,
      0, 568, 708, -1,
      0, 708, 1, -1,
      1, 708, 712, -1,
      1, 712, 655, -1,
      655, 712, 709, -1,
      655, 709, 700, -1,
      700, 709, 711, -1,
      700, 711, 706, -1,
      706, 711, 713, -1,
      710, 709, 714, -1,
      714, 709, 715, -1,
      714, 715, 716, -1,
      717, 718, 719, -1,
      719, 718, 706, -1,
      719, 706, 716, -1,
      716, 706, 713, -1,
      716, 713, 714, -1,
      571, 574, 708, -1,
      708, 574, 577, -1,
      708, 577, 580, -1,
      580, 583, 708, -1,
      708, 583, 585, -1,
      708, 585, 718, -1,
      718, 585, 587, -1,
      718, 587, 706, -1,
      706, 587, 696, -1,
      706, 696, 707, -1,
      614, 613, 720, -1,
      629, 628, 721, -1,
      715, 709, 722, -1,
      722, 709, 723, -1,
      535, 677, 724, -1,
      724, 677, 678, -1,
      662, 725, 726, -1,
      672, 727, 673, -1,
      673, 727, 728, -1,
      673, 728, 678, -1,
      678, 728, 729, -1,
      678, 729, 724, -1,
      662, 726, 663, -1,
      663, 726, 730, -1,
      663, 730, 665, -1,
      665, 730, 731, -1,
      665, 731, 666, -1,
      666, 731, 732, -1,
      666, 732, 667, -1,
      667, 732, 733, -1,
      667, 733, 669, -1,
      669, 733, 734, -1,
      669, 734, 670, -1,
      670, 734, 735, -1,
      670, 735, 672, -1,
      672, 735, 736, -1,
      672, 736, 727, -1,
      737, 738, 739, -1,
      739, 738, 740, -1,
      739, 740, 741, -1,
      742, 743, 744, -1,
      744, 743, 745, -1,
      744, 745, 741, -1,
      741, 745, 746, -1,
      741, 746, 739, -1,
      747, 748, 749, -1,
      749, 748, 750, -1,
      749, 750, 751, -1,
      751, 750, 752, -1,
      751, 752, 753, -1,
      753, 752, 754, -1,
      753, 754, 755, -1,
      755, 754, 756, -1,
      755, 756, 757, -1,
      757, 756, 742, -1,
      757, 742, 758, -1,
      758, 742, 744, -1,
      730, 726, 759, -1,
      759, 726, 725, -1,
      759, 725, 747, -1,
      747, 725, 760, -1,
      747, 760, 748, -1,
      730, 759, 731, -1,
      731, 759, 761, -1,
      731, 761, 732, -1,
      732, 761, 733, -1,
      733, 761, 762, -1,
      733, 762, 734, -1,
      734, 762, 735, -1,
      735, 762, 763, -1,
      735, 763, 736, -1,
      736, 763, 727, -1,
      727, 763, 764, -1,
      727, 764, 728, -1,
      728, 764, 729, -1,
      729, 764, 765, -1,
      729, 765, 724, -1,
      724, 765, 766, -1,
      724, 766, 535, -1,
      539, 767, 768, -1,
      768, 767, 769, -1,
      768, 769, 770, -1,
      770, 769, 771, -1,
      771, 769, 772, -1,
      771, 772, 773, -1,
      773, 772, 774, -1,
      774, 772, 775, -1,
      774, 775, 776, -1,
      776, 775, 777, -1,
      777, 775, 778, -1,
      777, 778, 779, -1,
      780, 781, 778, -1,
      778, 781, 782, -1,
      778, 782, 779, -1,
      783, 784, 785, -1,
      785, 784, 786, -1,
      785, 786, 780, -1,
      780, 786, 787, -1,
      780, 787, 781, -1,
      785, 788, 783, -1,
      783, 788, 789, -1,
      783, 789, 790, -1,
      790, 789, 791, -1,
      790, 791, 792, -1,
      792, 791, 793, -1,
      792, 793, 794, -1,
      794, 793, 795, -1,
      794, 795, 796, -1,
      796, 795, 797, -1,
      796, 797, 798, -1,
      798, 797, 799, -1,
      798, 799, 800, -1,
      800, 799, 801, -1,
      801, 799, 802, -1,
      801, 802, 803, -1,
      803, 802, 804, -1,
      804, 802, 805, -1,
      804, 805, 806, -1,
      806, 805, 807, -1,
      806, 807, 808, -1,
      808, 807, 809, -1,
      808, 809, 810, -1,
      810, 809, 811, -1,
      810, 811, 812, -1,
      812, 811, 813, -1,
      812, 813, 814, -1,
      814, 813, 815, -1,
      814, 815, 816, -1,
      816, 815, 817, -1,
      816, 817, 818, -1,
      818, 817, 819, -1,
      818, 819, 820, -1,
      820, 819, 821, -1,
      820, 821, 822, -1,
      822, 821, 823, -1,
      822, 823, 824, -1,
      824, 823, 825, -1,
      824, 825, 826, -1,
      826, 825, 827, -1,
      826, 827, 828, -1,
      827, 829, 828, -1,
      828, 829, 830, -1,
      828, 830, 831, -1,
      831, 830, 832, -1,
      831, 832, 833, -1,
      833, 832, 834, -1,
      833, 834, 835, -1,
      835, 834, 836, -1,
      835, 836, 837, -1,
      837, 836, 738, -1,
      837, 738, 838, -1,
      838, 738, 737, -1,
      838, 737, 839, -1,
      835, 837, 634, -1,
      634, 837, 637, -1,
      637, 837, 838, -1,
      637, 838, 839, -1,
      634, 633, 835, -1,
      835, 633, 840, -1,
      835, 840, 833, -1,
      833, 840, 841, -1,
      833, 841, 831, -1,
      831, 841, 628, -1,
      831, 628, 828, -1,
      828, 628, 627, -1,
      828, 627, 826, -1,
      826, 627, 625, -1,
      826, 625, 824, -1,
      824, 625, 623, -1,
      824, 623, 822, -1,
      822, 623, 621, -1,
      822, 621, 820, -1,
      820, 621, 619, -1,
      820, 619, 818, -1,
      619, 615, 818, -1,
      818, 615, 614, -1,
      818, 614, 816, -1,
      816, 614, 842, -1,
      816, 842, 814, -1,
      814, 842, 843, -1,
      814, 843, 812, -1,
      843, 609, 812, -1,
      812, 609, 608, -1,
      812, 608, 810, -1,
      810, 608, 607, -1,
      810, 607, 808, -1,
      535, 766, 468, -1,
      468, 766, 462, -1,
      539, 494, 767, -1,
      767, 494, 533, -1,
      757, 758, 844, -1,
      693, 766, 765, -1,
      693, 753, 844, -1,
      844, 753, 755, -1,
      844, 755, 757, -1,
      747, 749, 693, -1,
      693, 749, 751, -1,
      693, 751, 753, -1,
      765, 764, 693, -1,
      693, 764, 763, -1,
      693, 763, 762, -1,
      762, 761, 693, -1,
      693, 761, 759, -1,
      693, 759, 747, -1,
      766, 693, 462, -1,
      462, 693, 694, -1,
      462, 694, 845, -1,
      845, 694, 846, -1,
      845, 846, 691, -1,
      690, 791, 789, -1,
      802, 799, 847, -1,
      789, 788, 690, -1,
      690, 788, 785, -1,
      690, 785, 780, -1,
      780, 778, 690, -1,
      690, 778, 775, -1,
      690, 775, 772, -1,
      848, 849, 850, -1,
      850, 849, 851, -1,
      850, 851, 844, -1,
      844, 851, 847, -1,
      844, 847, 690, -1,
      690, 847, 793, -1,
      690, 793, 791, -1,
      772, 769, 690, -1,
      690, 769, 767, -1,
      690, 767, 691, -1,
      691, 767, 533, -1,
      691, 533, 845, -1,
      802, 847, 805, -1,
      799, 797, 847, -1,
      847, 797, 795, -1,
      847, 795, 793, -1,
      807, 805, 852, -1,
      853, 854, 850, -1,
      850, 854, 855, -1,
      555, 817, 556, -1,
      556, 817, 815, -1,
      556, 815, 689, -1,
      689, 815, 813, -1,
      689, 813, 688, -1,
      688, 813, 811, -1,
      688, 811, 852, -1,
      852, 811, 809, -1,
      852, 809, 807, -1,
      856, 855, 857, -1,
      857, 855, 858, -1,
      857, 858, 555, -1,
      555, 858, 819, -1,
      555, 819, 817, -1,
      847, 848, 805, -1,
      805, 848, 850, -1,
      805, 850, 852, -1,
      852, 850, 855, -1,
      852, 855, 859, -1,
      859, 855, 856, -1,
      827, 825, 853, -1,
      853, 825, 823, -1,
      853, 823, 858, -1,
      858, 823, 821, -1,
      858, 821, 819, -1,
      850, 860, 861, -1,
      853, 850, 827, -1,
      827, 850, 686, -1,
      827, 686, 829, -1,
      861, 862, 850, -1,
      850, 862, 863, -1,
      850, 863, 686, -1,
      758, 744, 844, -1,
      844, 744, 741, -1,
      844, 741, 850, -1,
      850, 741, 740, -1,
      850, 740, 860, -1,
      860, 740, 738, -1,
      860, 738, 552, -1,
      552, 738, 836, -1,
      552, 836, 553, -1,
      553, 836, 834, -1,
      553, 834, 687, -1,
      687, 834, 832, -1,
      687, 832, 686, -1,
      686, 832, 830, -1,
      686, 830, 829, -1,
      743, 646, 745, -1,
      745, 646, 645, -1,
      745, 645, 746, -1,
      746, 645, 643, -1,
      746, 643, 739, -1,
      739, 643, 642, -1,
      739, 642, 737, -1,
      737, 642, 640, -1,
      737, 640, 839, -1,
      839, 640, 639, -1,
      839, 639, 637, -1,
      808, 607, 605, -1,
      808, 605, 806, -1,
      806, 605, 604, -1,
      806, 604, 804, -1,
      804, 604, 602, -1,
      804, 602, 803, -1,
      598, 801, 599, -1,
      599, 801, 803, -1,
      599, 803, 601, -1,
      601, 803, 602, -1,
      801, 598, 800, -1,
      800, 598, 596, -1,
      800, 596, 798, -1,
      798, 596, 594, -1,
      798, 594, 796, -1,
      796, 594, 592, -1,
      796, 592, 794, -1,
      794, 592, 590, -1,
      794, 590, 792, -1,
      792, 590, 588, -1,
      792, 588, 790, -1,
      790, 588, 586, -1,
      790, 586, 783, -1,
      783, 586, 584, -1,
      783, 584, 784, -1,
      784, 584, 582, -1,
      658, 760, 660, -1,
      660, 760, 725, -1,
      660, 725, 662, -1,
      646, 743, 648, -1,
      648, 743, 742, -1,
      648, 742, 650, -1,
      650, 742, 756, -1,
      650, 756, 652, -1,
      652, 756, 754, -1,
      652, 754, 654, -1,
      654, 754, 752, -1,
      654, 752, 656, -1,
      656, 752, 750, -1,
      656, 750, 658, -1,
      658, 750, 748, -1,
      658, 748, 760, -1,
      567, 539, 768, -1,
      784, 582, 786, -1,
      786, 582, 581, -1,
      567, 768, 569, -1,
      768, 770, 569, -1,
      569, 770, 771, -1,
      569, 771, 570, -1,
      570, 771, 773, -1,
      570, 773, 572, -1,
      572, 773, 774, -1,
      572, 774, 573, -1,
      573, 774, 776, -1,
      573, 776, 575, -1,
      575, 776, 777, -1,
      575, 777, 576, -1,
      576, 777, 779, -1,
      576, 779, 578, -1,
      578, 779, 782, -1,
      578, 782, 579, -1,
      579, 782, 781, -1,
      579, 781, 581, -1,
      581, 781, 787, -1,
      581, 787, 786, -1,
      855, 854, 706, -1,
      706, 854, 700, -1,
      854, 853, 700, -1,
      700, 853, 702, -1,
      853, 858, 702, -1,
      702, 858, 703, -1,
      858, 855, 703, -1,
      703, 855, 706, -1,
      694, 547, 846, -1,
      846, 547, 538, -1,
      846, 538, 691, -1,
      690, 0, 844, -1,
      844, 0, 1, -1,
      844, 1, 693, -1,
      864, 865, 717, -1,
      717, 865, 718, -1,
      865, 866, 718, -1,
      718, 866, 708, -1,
      866, 867, 708, -1,
      708, 867, 712, -1,
      867, 723, 712, -1,
      712, 723, 709, -1,
      865, 864, 868, -1,
      722, 723, 869, -1,
      869, 723, 867, -1,
      869, 867, 868, -1,
      868, 867, 866, -1,
      868, 866, 865, -1,
      870, 871, 848, -1,
      848, 871, 849, -1,
      871, 872, 849, -1,
      849, 872, 851, -1,
      872, 873, 851, -1,
      851, 873, 847, -1,
      873, 870, 847, -1,
      847, 870, 848, -1,
      874, 871, 870, -1,
      875, 876, 873, -1,
      873, 876, 870, -1,
      870, 876, 877, -1,
      870, 877, 874, -1,
      873, 872, 875, -1,
      875, 872, 878, -1,
      875, 878, 874, -1,
      874, 878, 879, -1,
      874, 879, 871, -1,
      871, 879, 880, -1,
      871, 880, 872, -1,
      872, 880, 881, -1,
      872, 881, 878, -1,
      880, 879, 711, -1,
      711, 879, 713, -1,
      881, 880, 710, -1,
      710, 880, 711, -1,
      878, 881, 714, -1,
      714, 881, 710, -1,
      879, 878, 713, -1,
      713, 878, 714, -1,
      874, 877, 716, -1,
      716, 877, 719, -1,
      869, 875, 722, -1,
      722, 875, 874, -1,
      722, 874, 715, -1,
      715, 874, 716, -1,
      876, 875, 868, -1,
      868, 875, 869, -1,
      717, 719, 864, -1,
      864, 719, 877, -1,
      864, 877, 868, -1,
      868, 877, 876, -1,
      630, 686, 698, -1,
      698, 686, 863, -1,
      860, 697, 701, -1,
      860, 701, 861, -1,
      861, 701, 699, -1,
      861, 699, 862, -1,
      862, 699, 698, -1,
      862, 698, 863, -1,
      697, 860, 551, -1,
      551, 860, 552, -1,
      611, 688, 696, -1,
      696, 688, 852, -1,
      857, 705, 704, -1,
      857, 704, 856, -1,
      856, 704, 707, -1,
      856, 707, 859, -1,
      859, 707, 696, -1,
      859, 696, 852, -1,
      705, 857, 554, -1,
      554, 857, 555, -1,
      609, 882, 610, -1,
      720, 613, 883, -1,
      883, 613, 616, -1,
      883, 616, 884, -1,
      884, 616, 612, -1,
      884, 612, 882, -1,
      882, 612, 610, -1,
      885, 633, 632, -1,
      885, 632, 886, -1,
      886, 632, 635, -1,
      886, 635, 887, -1,
      887, 635, 631, -1,
      887, 631, 721, -1,
      721, 631, 629, -1,
      721, 628, 887, -1,
      887, 628, 841, -1,
      887, 841, 886, -1,
      886, 841, 840, -1,
      886, 840, 885, -1,
      885, 840, 633, -1,
      882, 609, 884, -1,
      884, 609, 843, -1,
      884, 843, 883, -1,
      883, 843, 842, -1,
      883, 842, 720, -1,
      720, 842, 614, -1,
      542, 684, 543, -1,
      543, 684, 685, -1,
      543, 685, 544, -1,
      544, 685, 549, -1,
      542, 546, 684, -1,
      684, 546, 695, -1,
      684, 695, 682, -1,
      549, 548, 544, -1,
      544, 548, 681, -1,
      544, 681, 545, -1,
      545, 681, 680, -1,
      545, 680, 534, -1,
      677, 535, 675, -1,
      675, 535, 534, -1,
      675, 534, 679, -1,
      679, 534, 680, -1,
      561, 560, 541, -1,
      560, 559, 541, -1,
      541, 559, 692, -1,
      541, 692, 536, -1,
      536, 692, 537, -1,
      567, 566, 539, -1,
      539, 566, 564, -1,
      539, 564, 540, -1,
      540, 564, 563, -1,
      540, 563, 541, -1,
      541, 563, 562, -1,
      541, 562, 561, -1,
    ]
  }
}

Shape {
  appearance Appearance {
    material Material {
      diffuseColor 1.0000 1.0000 1.0000
      specularColor 0.5020 0.5020 0.5020
      ambientIntensity 0.2
      transparency 0.0000
      shininess 0.5
    }
  }
  geometry IndexedFaceSet {
    ccw TRUE
    solid FALSE
    coord DEF co Coordinate {
      point [
        4.803150 0.230339 1.179530,
        4.803150 0.250627 1.182006,
        4.803150 0.299109 0.912242,
        4.803150 0.281981 0.910604,
        4.803150 0.420193 1.149053,
        4.803150 0.420193 1.063634,
        4.803150 0.492273 1.063634,
        4.803150 0.655844 1.179754,
        4.803150 0.579704 1.179754,
        4.803150 0.579704 0.912856,
        4.803150 0.653115 0.912856,
        4.803150 0.698645 0.918427,
        4.803150 0.789744 1.001496,
        4.803150 0.776607 0.973887,
        4.803150 0.766063 1.135315,
        4.803150 0.782611 1.112075,
        4.803150 0.756750 0.950243,
        4.803150 0.729032 0.930342,
        4.803150 0.701965 0.919728,
        4.803150 0.756750 1.144413,
        4.803150 0.696591 1.175255,
        4.803150 0.701965 1.173293,
        4.803150 0.728803 1.163490,
        4.803150 0.792514 1.086650,
        4.803150 0.797003 1.049716,
        4.803150 0.796205 1.032749,
        4.803150 0.523213 1.179754,
        4.803150 0.492273 1.179754,
        4.803150 0.523213 1.149053,
        4.803150 0.529285 0.943284,
        4.803150 0.529285 0.912856,
        4.803150 0.420193 0.943284,
        4.803150 0.492273 0.943284,
        4.803150 0.420193 1.033069,
        4.803150 0.492273 1.033069,
        4.803150 0.515641 1.033069,
        4.803150 0.515641 1.063634,
        4.803150 0.492273 1.149053,
        4.803150 0.385739 1.179754,
        4.803150 0.385739 0.912856,
        4.803150 0.332318 1.173341,
        4.803150 0.304186 1.181482,
        4.803150 0.297603 1.182006,
        4.803150 0.492273 0.912856,
        4.803150 0.332318 1.137318,
        4.803150 0.327765 0.921640,
        4.803150 0.263411 0.939054,
        4.803150 0.275921 0.939522,
        4.803150 0.329346 1.138922,
        4.803150 0.306101 0.945150,
        4.803150 0.332318 0.956930,
        4.803150 0.332318 0.923908,
        4.803150 0.174241 1.003230,
        4.803150 0.169276 1.028912,
        4.803150 0.302274 1.149223,
        4.803150 0.183502 0.982313,
        4.803150 0.194844 0.967163,
        4.803150 0.200123 0.961944,
        4.803150 0.217569 0.949623,
        4.803150 0.236594 0.942282,
        4.803150 0.196686 1.123536,
        4.803150 0.182078 1.103197,
        4.803150 0.214846 1.138531,
        4.803150 0.235832 1.148254,
        4.803150 0.269414 1.153146,
        4.803150 0.259050 1.152730,
        4.803150 0.168645 1.043303,
        4.803150 0.173103 1.080200,
        4.803150 0.269073 1.184257,
        4.803150 0.269272 1.184257,
        4.803150 0.151681 1.119677,
        4.803150 0.171033 1.144959,
        4.803150 0.177504 1.151143,
        4.803150 0.202471 1.168676,
        4.803150 0.144425 0.980712,
        4.803150 0.137812 0.997568,
        4.803150 0.132485 1.041256,
        4.803150 0.132955 1.055183,
        4.803150 0.139006 1.090029,
        4.803150 0.144425 1.102704,
        4.803150 0.213389 0.915070,
        4.803150 0.188200 0.926949,
        4.803150 0.166735 0.944785,
        4.803150 0.148718 0.969769,
        4.803150 0.235078 0.910604,
        4.803150 0.242313 0.909114,
        4.803150 0.258430 0.908353,
        4.803150 0.121569 0.943284,
        4.803150 0.121569 0.912856,
        4.803150 -0.019180 0.912856,
        4.803150 0.015274 1.179754,
        4.803150 0.015274 0.943284,
        4.803150 -0.019180 1.179754,
        4.807087 0.121569 0.943284,
        4.807087 0.121569 0.912856,
        4.807087 0.015274 0.943284,
        4.807087 0.015274 1.179754,
        4.807087 -0.019180 1.179754,
        4.807087 -0.019180 0.912856,
        4.807087 0.299109 0.912242,
        4.807087 0.258430 0.908353,
        4.807087 0.327765 0.921640,
        4.807087 0.332318 0.923908,
        4.807087 0.332318 0.956930,
        4.807087 0.306101 0.945150,
        4.807087 0.275921 0.939522,
        4.807087 0.263411 0.939054,
        4.807087 0.236594 0.942282,
        4.807087 0.217569 0.949623,
        4.807087 0.200123 0.961944,
        4.807087 0.194844 0.967163,
        4.807087 0.183502 0.982313,
        4.807087 0.174241 1.003230,
        4.807087 0.169276 1.028912,
        4.807087 0.168645 1.043303,
        4.807087 0.173103 1.080200,
        4.807087 0.182078 1.103197,
        4.807087 0.196686 1.123536,
        4.807087 0.214846 1.138531,
        4.807087 0.235832 1.148254,
        4.807087 0.259050 1.152730,
        4.807087 0.269414 1.153146,
        4.807087 0.302274 1.149223,
        4.807087 0.329346 1.138922,
        4.807087 0.332318 1.137318,
        4.807087 0.332318 1.173341,
        4.807087 0.269073 1.184257,
        4.807087 0.269272 1.184257,
        4.807087 0.304186 1.181482,
        4.807087 0.230339 1.179530,
        4.807087 0.202471 1.168676,
        4.807087 0.177504 1.151143,
        4.807087 0.171033 1.144959,
        4.807087 0.151681 1.119677,
        4.807087 0.139006 1.090029,
        4.807087 0.132955 1.055183,
        4.807087 0.132485 1.041256,
        4.807087 0.148718 0.969769,
        4.807087 0.137812 0.997568,
        4.807087 0.166735 0.944785,
        4.807087 0.188200 0.926949,
        4.807087 0.242313 0.909114,
        4.807087 0.213389 0.915070,
        4.807087 0.529285 0.943284,
        4.807087 0.529285 0.912856,
        4.807087 0.420193 0.943284,
        4.807087 0.420193 1.033069,
        4.807087 0.515641 1.033069,
        4.807087 0.515641 1.063634,
        4.807087 0.420193 1.063634,
        4.807087 0.420193 1.149053,
        4.807087 0.523213 1.149053,
        4.807087 0.523213 1.179754,
        4.807087 0.385739 1.179754,
        4.807087 0.385739 0.912856,
        4.807087 0.744065 0.985304,
        4.807087 0.732257 0.971120,
        4.807087 0.756750 0.950243,
        4.807087 0.729297 0.968354,
        4.807087 0.729032 0.930342,
        4.807087 0.712124 0.956357,
        4.807087 0.698645 0.918427,
        4.807087 0.690149 0.947771,
        4.807087 0.653115 0.912856,
        4.807087 0.652910 0.943284,
        4.807087 0.579704 0.912856,
        4.807087 0.614158 0.943284,
        4.807087 0.579704 1.179754,
        4.807087 0.614158 1.149053,
        4.807087 0.655844 1.179754,
        4.807087 0.654480 1.149053,
        4.807087 0.696591 1.175255,
        4.807087 0.688784 1.145274,
        4.807087 0.728803 1.163490,
        4.807087 0.711946 1.136934,
        4.807087 0.756750 1.144413,
        4.807087 0.731506 1.123946,
        4.807087 0.766063 1.135315,
        4.807087 0.738819 1.116757,
        4.807087 0.782611 1.112075,
        4.807087 0.749196 1.101835,
        4.807087 0.792514 1.086650,
        4.807087 0.756751 1.082411,
        4.807087 0.797003 1.049716,
        4.807087 0.760775 1.048761,
        4.807087 0.796205 1.032749,
        4.807087 0.759459 1.028312,
        4.807087 0.789744 1.001496,
        4.807087 0.753756 1.004644,
        4.807087 0.776607 0.973887,
        4.803150 0.654480 1.149053,
        4.803150 0.614158 1.149053,
        4.803150 0.614158 0.943284,
        4.803150 0.652910 0.943284,
        4.803150 0.732257 0.971120,
        4.803150 0.729297 0.968354,
        4.803150 0.712124 0.956357,
        4.803150 0.690149 0.947771,
        4.803150 0.760775 1.048761,
        4.803150 0.759459 1.028312,
        4.803150 0.753756 1.004644,
        4.803150 0.744065 0.985304,
        4.803150 0.731506 1.123946,
        4.803150 0.738819 1.116757,
        4.803150 0.749196 1.101835,
        4.803150 0.756751 1.082411,
        4.803150 0.688784 1.145274,
        4.803150 0.711946 1.136934,
      ]
    }
    coordIndex [
      93, 94, 87, -1,
      87, 94, 88, -1,
      95, 93, 91, -1,
      91, 93, 87, -1,
      96, 95, 90, -1,
      90, 95, 91, -1,
      97, 96, 92, -1,
      92, 96, 90, -1,
      98, 97, 89, -1,
      89, 97, 92, -1,
      94, 98, 88, -1,
      88, 98, 89, -1,
      96, 97, 95, -1,
      95, 97, 98, -1,
      95, 98, 93, -1,
      93, 98, 94, -1,
      99, 100, 3, -1,
      3, 100, 86, -1,
      3, 2, 99, -1,
      99, 2, 45, -1,
      99, 45, 101, -1,
      101, 45, 51, -1,
      101, 51, 102, -1,
      103, 102, 50, -1,
      50, 102, 51, -1,
      103, 50, 49, -1,
      103, 49, 104, -1,
      104, 49, 47, -1,
      104, 47, 105, -1,
      105, 47, 46, -1,
      105, 46, 106, -1,
      106, 46, 59, -1,
      106, 59, 107, -1,
      107, 59, 58, -1,
      107, 58, 108, -1,
      108, 58, 57, -1,
      108, 57, 109, -1,
      109, 57, 56, -1,
      109, 56, 110, -1,
      110, 56, 55, -1,
      110, 55, 111, -1,
      111, 55, 52, -1,
      111, 52, 112, -1,
      112, 52, 53, -1,
      112, 53, 113, -1,
      113, 53, 66, -1,
      113, 66, 114, -1,
      114, 66, 67, -1,
      114, 67, 115, -1,
      115, 67, 61, -1,
      115, 61, 116, -1,
      116, 61, 60, -1,
      116, 60, 117, -1,
      117, 60, 62, -1,
      117, 62, 118, -1,
      118, 62, 63, -1,
      118, 63, 119, -1,
      119, 63, 65, -1,
      119, 65, 120, -1,
      120, 65, 64, -1,
      120, 64, 121, -1,
      121, 64, 54, -1,
      121, 54, 122, -1,
      122, 54, 48, -1,
      122, 48, 123, -1,
      123, 48, 44, -1,
      123, 44, 124, -1,
      125, 124, 40, -1,
      40, 124, 44, -1,
      68, 126, 127, -1,
      125, 40, 41, -1,
      125, 41, 128, -1,
      128, 41, 42, -1,
      128, 42, 127, -1,
      127, 42, 69, -1,
      127, 69, 68, -1,
      126, 68, 1, -1,
      126, 1, 129, -1,
      1, 0, 129, -1,
      129, 0, 73, -1,
      129, 73, 130, -1,
      130, 73, 72, -1,
      130, 72, 131, -1,
      131, 72, 71, -1,
      131, 71, 132, -1,
      132, 71, 70, -1,
      132, 70, 133, -1,
      133, 70, 79, -1,
      133, 79, 134, -1,
      79, 78, 134, -1,
      134, 78, 77, -1,
      134, 77, 135, -1,
      135, 77, 76, -1,
      135, 76, 136, -1,
      136, 76, 75, -1,
      74, 137, 75, -1,
      75, 137, 138, -1,
      75, 138, 136, -1,
      74, 83, 137, -1,
      137, 83, 82, -1,
      137, 82, 139, -1,
      80, 140, 81, -1,
      81, 140, 139, -1,
      81, 139, 82, -1,
      84, 141, 80, -1,
      80, 141, 142, -1,
      80, 142, 140, -1,
      84, 85, 141, -1,
      141, 85, 86, -1,
      141, 86, 100, -1,
      123, 124, 125, -1,
      118, 131, 117, -1,
      117, 131, 132, -1,
      117, 132, 116, -1,
      116, 132, 133, -1,
      116, 133, 115, -1,
      123, 125, 122, -1,
      122, 125, 128, -1,
      122, 128, 121, -1,
      121, 128, 127, -1,
      121, 127, 120, -1,
      120, 127, 126, -1,
      120, 126, 119, -1,
      119, 126, 129, -1,
      119, 129, 118, -1,
      118, 129, 130, -1,
      118, 130, 131, -1,
      136, 114, 135, -1,
      135, 114, 115, -1,
      135, 115, 134, -1,
      134, 115, 133, -1,
      102, 103, 101, -1,
      101, 103, 104, -1,
      101, 104, 99, -1,
      99, 104, 105, -1,
      99, 105, 100, -1,
      100, 105, 106, -1,
      100, 106, 141, -1,
      141, 106, 107, -1,
      141, 107, 142, -1,
      142, 107, 108, -1,
      142, 108, 140, -1,
      140, 108, 109, -1,
      140, 109, 139, -1,
      139, 109, 110, -1,
      139, 110, 137, -1,
      137, 110, 111, -1,
      137, 111, 138, -1,
      138, 111, 112, -1,
      138, 112, 136, -1,
      136, 112, 113, -1,
      136, 113, 114, -1,
      143, 144, 29, -1,
      29, 144, 30, -1,
      31, 145, 32, -1,
      32, 145, 143, -1,
      32, 143, 29, -1,
      146, 145, 33, -1,
      33, 145, 31, -1,
      35, 147, 34, -1,
      34, 147, 146, -1,
      34, 146, 33, -1,
      148, 147, 36, -1,
      36, 147, 35, -1,
      5, 149, 6, -1,
      6, 149, 148, -1,
      6, 148, 36, -1,
      150, 149, 4, -1,
      4, 149, 5, -1,
      28, 151, 37, -1,
      37, 151, 150, -1,
      37, 150, 4, -1,
      152, 151, 26, -1,
      26, 151, 28, -1,
      38, 153, 27, -1,
      27, 153, 152, -1,
      27, 152, 26, -1,
      154, 153, 39, -1,
      39, 153, 38, -1,
      30, 144, 43, -1,
      43, 144, 154, -1,
      43, 154, 39, -1,
      154, 144, 143, -1,
      143, 145, 154, -1,
      154, 145, 146, -1,
      154, 146, 153, -1,
      151, 152, 150, -1,
      150, 152, 153, -1,
      150, 153, 149, -1,
      149, 153, 146, -1,
      149, 146, 148, -1,
      148, 146, 147, -1,
      155, 156, 157, -1,
      157, 156, 158, -1,
      157, 158, 159, -1,
      159, 158, 160, -1,
      159, 160, 161, -1,
      161, 160, 162, -1,
      161, 162, 163, -1,
      163, 162, 164, -1,
      163, 164, 165, -1,
      165, 164, 166, -1,
      165, 166, 167, -1,
      167, 166, 168, -1,
      167, 168, 169, -1,
      169, 168, 170, -1,
      169, 170, 171, -1,
      171, 170, 172, -1,
      171, 172, 173, -1,
      173, 172, 174, -1,
      173, 174, 175, -1,
      175, 174, 176, -1,
      175, 176, 177, -1,
      177, 176, 178, -1,
      177, 178, 179, -1,
      179, 178, 180, -1,
      179, 180, 181, -1,
      181, 180, 182, -1,
      181, 182, 183, -1,
      183, 182, 184, -1,
      183, 184, 185, -1,
      185, 184, 186, -1,
      185, 186, 187, -1,
      187, 186, 188, -1,
      187, 188, 189, -1,
      189, 188, 155, -1,
      189, 155, 157, -1,
      163, 165, 10, -1,
      10, 165, 9, -1,
      16, 157, 159, -1,
      163, 10, 11, -1,
      163, 11, 161, -1,
      161, 11, 18, -1,
      161, 18, 159, -1,
      159, 18, 17, -1,
      159, 17, 16, -1,
      157, 16, 13, -1,
      157, 13, 189, -1,
      189, 13, 12, -1,
      189, 12, 187, -1,
      187, 12, 25, -1,
      187, 25, 185, -1,
      185, 25, 24, -1,
      185, 24, 183, -1,
      183, 24, 23, -1,
      183, 23, 181, -1,
      181, 23, 15, -1,
      181, 15, 179, -1,
      179, 15, 14, -1,
      179, 14, 177, -1,
      177, 14, 19, -1,
      177, 19, 175, -1,
      175, 19, 22, -1,
      21, 171, 22, -1,
      22, 171, 173, -1,
      22, 173, 175, -1,
      21, 20, 171, -1,
      171, 20, 7, -1,
      171, 7, 169, -1,
      167, 169, 8, -1,
      8, 169, 7, -1,
      165, 167, 9, -1,
      9, 167, 8, -1,
      170, 168, 190, -1,
      190, 168, 191, -1,
      168, 166, 191, -1,
      191, 166, 192, -1,
      166, 164, 192, -1,
      192, 164, 193, -1,
      156, 194, 195, -1,
      156, 195, 158, -1,
      158, 195, 196, -1,
      158, 196, 160, -1,
      160, 196, 197, -1,
      160, 197, 162, -1,
      162, 197, 193, -1,
      162, 193, 164, -1,
      184, 198, 199, -1,
      184, 199, 186, -1,
      186, 199, 200, -1,
      186, 200, 188, -1,
      188, 200, 201, -1,
      188, 201, 155, -1,
      155, 201, 194, -1,
      155, 194, 156, -1,
      176, 202, 203, -1,
      176, 203, 178, -1,
      178, 203, 204, -1,
      178, 204, 180, -1,
      180, 204, 205, -1,
      180, 205, 182, -1,
      182, 205, 198, -1,
      182, 198, 184, -1,
      170, 190, 206, -1,
      170, 206, 172, -1,
      172, 206, 207, -1,
      172, 207, 174, -1,
      174, 207, 202, -1,
      174, 202, 176, -1,
    ]
  }
}

Shape {
  appearance Appearance {
    material Material {
      diffuseColor 0.2510 0.2510 0.2510
      specularColor 0.1255 0.1255 0.1255
      ambientIntensity 0.2
      transparency 0.0000
      shininess 0.5
    }
  }
  geometry IndexedFaceSet {
    ccw TRUE
    solid FALSE
    coord DEF co Coordinate {
      point [
        4.803150 0.654480 1.149053,
        4.803150 0.614158 1.149053,
        4.803150 0.614158 0.943284,
        4.803150 0.652910 0.943284,
        4.803150 0.732257 0.971120,
        4.803150 0.729297 0.968354,
        4.803150 0.712124 0.956357,
        4.803150 0.690149 0.947771,
        4.803150 0.760775 1.048761,
        4.803150 0.759459 1.028312,
        4.803150 0.753756 1.004644,
        4.803150 0.744065 0.985304,
        4.803150 0.731506 1.123946,
        4.803150 0.738819 1.116757,
        4.803150 0.749196 1.101835,
        4.803150 0.756751 1.082411,
        4.803150 0.688784 1.145274,
        4.803150 0.711946 1.136934,
      ]
    }
    coordIndex [
      5, 4, 0, -1,
      1, 2, 0, -1,
      0, 2, 3, -1,
      3, 7, 0, -1,
      0, 7, 6, -1,
      0, 6, 5, -1,
      4, 11, 0, -1,
      0, 11, 10, -1,
      0, 10, 9, -1,
      9, 8, 0, -1,
      0, 8, 15, -1,
      0, 15, 14, -1,
      14, 13, 0, -1,
      0, 13, 12, -1,
      0, 12, 16, -1,
      16, 12, 17, -1,
    ]
  }
}

Shape {
  appearance Appearance {
    material Material {
      diffuseColor 1.0000 1.0000 1.0000
      specularColor 0.5020 0.5020 0.5020
      ambientIntensity 0.2
      transparency 0.0000
      shininess 0.5
    }
  }
  geometry IndexedFaceSet {
    ccw TRUE
    solid FALSE
    coord DEF co Coordinate {
      point [
        4.803150 1.013892 0.912856,
        4.803150 0.986670 0.985857,
        4.803150 0.888732 0.985857,
        4.803150 1.051962 0.912856,
        4.803150 0.950306 1.179754,
        4.803150 0.849878 0.912856,
        4.803150 0.811808 0.912856,
        4.803150 0.875530 0.985857,
        4.803150 0.888732 1.114821,
        4.803150 0.913464 1.179754,
        4.807087 0.886446 1.016013,
        4.807087 0.875530 0.985857,
        4.807087 0.976027 1.016013,
        4.807087 0.986670 0.985857,
        4.807087 0.926359 1.126948,
        4.807087 0.913464 1.179754,
        4.807087 0.811808 0.912856,
        4.807087 0.849878 0.912856,
        4.807087 0.928670 1.134913,
        4.807087 0.930725 1.145641,
        4.807087 0.950306 1.179754,
        4.807087 0.931544 1.145641,
        4.807087 0.933701 1.134350,
        4.807087 0.935706 1.126948,
        4.807087 1.051962 0.912856,
        4.807087 1.013892 0.912856,
        4.803150 0.886446 1.016013,
        4.803150 0.976027 1.016013,
        4.803150 0.935706 1.126948,
        4.803150 0.931544 1.145641,
        4.803150 0.933701 1.134350,
        4.803150 0.930725 1.145641,
        4.803150 0.926359 1.126948,
        4.803150 0.928670 1.134913,
      ]
    }
    coordIndex [
      10, 11, 12, -1,
      12, 11, 13, -1,
      14, 15, 10, -1,
      10, 15, 16, -1,
      10, 16, 11, -1,
      11, 16, 17, -1,
      14, 18, 15, -1,
      15, 18, 19, -1,
      15, 19, 20, -1,
      20, 19, 21, -1,
      20, 21, 22, -1,
      22, 23, 20, -1,
      20, 23, 12, -1,
      20, 12, 24, -1,
      24, 12, 13, -1,
      24, 13, 25, -1,
      20, 24, 4, -1,
      4, 24, 3, -1,
      15, 20, 9, -1,
      9, 20, 4, -1,
      6, 16, 8, -1,
      8, 16, 15, -1,
      8, 15, 9, -1,
      17, 16, 5, -1,
      5, 16, 6, -1,
      11, 17, 7, -1,
      7, 17, 5, -1,
      1, 13, 2, -1,
      2, 13, 11, -1,
      2, 11, 7, -1,
      25, 13, 0, -1,
      0, 13, 1, -1,
      24, 25, 3, -1,
      3, 25, 0, -1,
      10, 12, 26, -1,
      26, 12, 27, -1,
      12, 23, 27, -1,
      27, 23, 28, -1,
      21, 29, 30, -1,
      21, 30, 22, -1,
      22, 30, 28, -1,
      22, 28, 23, -1,
      21, 19, 29, -1,
      29, 19, 31, -1,
      14, 32, 33, -1,
      14, 33, 18, -1,
      18, 33, 31, -1,
      18, 31, 19, -1,
      14, 10, 32, -1,
      32, 10, 26, -1,
    ]
  }
}

Shape {
  appearance Appearance {
    material Material {
      diffuseColor 0.2510 0.2510 0.2510
      specularColor 0.1255 0.1255 0.1255
      ambientIntensity 0.2
      transparency 0.0000
      shininess 0.5
    }
  }
  geometry IndexedFaceSet {
    ccw TRUE
    solid FALSE
    coord DEF co Coordinate {
      point [
        4.803150 0.886446 1.016013,
        4.803150 0.976027 1.016013,
        4.803150 0.935706 1.126948,
        4.803150 0.931544 1.145641,
        4.803150 0.933701 1.134350,
        4.803150 0.930725 1.145641,
        4.803150 0.926359 1.126948,
        4.803150 0.928670 1.134913,
      ]
    }
    coordIndex [
      3, 5, 4, -1,
      4, 5, 7, -1,
      4, 7, 2, -1,
      2, 7, 6, -1,
      2, 6, 1, -1,
      1, 6, 0, -1,
    ]
  }
}

Shape {
  appearance Appearance {
    material Material {
      diffuseColor 1.0000 1.0000 1.0000
      specularColor 0.5020 0.5020 0.5020
      ambientIntensity 0.2
      transparency 0.0000
      shininess 0.5
    }
  }
  geometry IndexedFaceSet {
    ccw TRUE
    solid FALSE
    coord DEF co Coordinate {
      point [
        4.803150 0.168775 0.579053,
        4.803150 0.174990 0.634222,
        4.803150 0.161900 0.568185,
        4.803150 0.157874 0.555922,
        4.803150 0.248881 0.656080,
        4.803150 0.237485 0.657283,
        4.803150 0.219610 0.602702,
        4.803150 0.309531 0.612117,
        4.803150 0.309531 0.489448,
        4.803150 0.258764 0.499052,
        4.803150 0.247865 0.491883,
        4.803150 0.276100 0.489448,
        4.803150 0.235096 0.487196,
        4.803150 0.178531 0.588094,
        4.803150 0.191936 0.595511,
        4.803150 0.198071 0.648728,
        4.803150 0.219012 0.655508,
        4.803150 0.197424 0.487196,
        4.803150 0.196814 0.487267,
        4.803150 0.183996 0.492100,
        4.803150 0.172739 0.499954,
        4.803150 0.169711 0.502959,
        4.803150 0.162597 0.512962,
        4.803150 0.276100 0.518921,
        4.803150 0.275213 0.518921,
        4.803150 0.269400 0.510191,
        4.803150 0.158338 0.524000,
        4.803150 0.156365 0.540480,
        4.803150 0.174990 0.666698,
        4.803150 0.306254 0.640246,
        4.803150 0.276100 0.610617,
        4.803150 0.274955 0.625299,
        4.803150 0.271507 0.637243,
        4.803150 0.267586 0.644142,
        4.803150 0.181802 0.670648,
        4.803150 0.206644 0.680300,
        4.803150 0.240623 0.684437,
        4.803150 0.262541 0.649528,
        4.803150 0.256616 0.653362,
        4.803150 0.287803 0.670554,
        4.803150 0.277196 0.677275,
        4.803150 0.263837 0.681949,
        4.803150 0.300750 0.654563,
        4.803150 0.293678 0.664881,
        4.803150 0.234363 0.486928,
        4.803150 0.216812 0.484945,
        4.803150 0.124367 0.489448,
        4.803150 -0.019180 0.489448,
        4.803150 0.124367 0.519876,
        4.803150 0.118294 0.725645,
        4.803150 0.015274 0.609661,
        4.803150 0.015274 0.519876,
        4.803150 0.110722 0.609661,
        4.803150 0.110722 0.640226,
        4.803150 0.015274 0.640226,
        4.803150 0.015274 0.725645,
        4.803150 -0.019180 0.756346,
        4.803150 0.118294 0.756346,
        4.807087 0.124367 0.519876,
        4.807087 0.124367 0.489448,
        4.807087 0.015274 0.519876,
        4.807087 0.015274 0.609661,
        4.807087 0.110722 0.609661,
        4.807087 0.110722 0.640226,
        4.807087 0.015274 0.640226,
        4.807087 0.015274 0.725645,
        4.807087 0.118294 0.725645,
        4.807087 0.118294 0.756346,
        4.807087 -0.019180 0.756346,
        4.807087 -0.019180 0.489448,
        4.807087 0.275213 0.518921,
        4.807087 0.276100 0.518921,
        4.807087 0.273916 0.549681,
        4.807087 0.202839 0.570286,
        4.807087 0.210311 0.574046,
        4.807087 0.191936 0.595511,
        4.807087 0.276068 0.564597,
        4.807087 0.309531 0.612117,
        4.807087 0.276100 0.566815,
        4.807087 0.276100 0.585100,
        4.807087 0.276100 0.489448,
        4.807087 0.309531 0.489448,
        4.807087 0.263837 0.681949,
        4.807087 0.256616 0.653362,
        4.807087 0.277196 0.677275,
        4.807087 0.262541 0.649528,
        4.807087 0.269012 0.537754,
        4.807087 0.261773 0.527927,
        4.807087 0.269400 0.510191,
        4.807087 0.257597 0.523844,
        4.807087 0.258764 0.499052,
        4.807087 0.248154 0.517465,
        4.807087 0.247865 0.491883,
        4.807087 0.238014 0.513776,
        4.807087 0.234363 0.486928,
        4.807087 0.225477 0.512372,
        4.807087 0.216812 0.484945,
        4.807087 0.214185 0.513644,
        4.807087 0.196814 0.487267,
        4.807087 0.206623 0.516418,
        4.807087 0.183996 0.492100,
        4.807087 0.199961 0.520968,
        4.807087 0.172739 0.499954,
        4.807087 0.197118 0.523825,
        4.807087 0.219610 0.602702,
        4.807087 0.231481 0.579096,
        4.807087 0.276100 0.610617,
        4.807087 0.174990 0.666698,
        4.807087 0.174990 0.634222,
        4.807087 0.181802 0.670648,
        4.807087 0.198071 0.648728,
        4.807087 0.206644 0.680300,
        4.807087 0.219012 0.655508,
        4.807087 0.240623 0.684437,
        4.807087 0.237485 0.657283,
        4.807087 0.248881 0.656080,
        4.807087 0.274955 0.625299,
        4.807087 0.306254 0.640246,
        4.807087 0.271507 0.637243,
        4.807087 0.300750 0.654563,
        4.807087 0.267586 0.644142,
        4.807087 0.293678 0.664881,
        4.807087 0.287803 0.670554,
        4.807087 0.199142 0.567361,
        4.807087 0.178531 0.588094,
        4.807087 0.195140 0.562407,
        4.807087 0.168775 0.579053,
        4.807087 0.192206 0.556172,
        4.807087 0.161900 0.568185,
        4.807087 0.190556 0.548516,
        4.807087 0.157874 0.555922,
        4.807087 0.190273 0.543209,
        4.807087 0.156365 0.540480,
        4.807087 0.191122 0.535535,
        4.807087 0.158338 0.524000,
        4.807087 0.193319 0.529461,
        4.807087 0.162597 0.512962,
        4.807087 0.169711 0.502959,
        4.803150 0.199142 0.567361,
        4.803150 0.202839 0.570286,
        4.803150 0.210311 0.574046,
        4.803150 0.231481 0.579096,
        4.803150 0.190273 0.543209,
        4.803150 0.190556 0.548516,
        4.803150 0.192206 0.556172,
        4.803150 0.195140 0.562407,
        4.803150 0.199961 0.520968,
        4.803150 0.197118 0.523825,
        4.803150 0.193319 0.529461,
        4.803150 0.191122 0.535535,
        4.803150 0.225477 0.512372,
        4.803150 0.214185 0.513644,
        4.803150 0.206623 0.516418,
        4.803150 0.261773 0.527927,
        4.803150 0.257597 0.523844,
        4.803150 0.248154 0.517465,
        4.803150 0.238014 0.513776,
        4.803150 0.276100 0.566815,
        4.803150 0.276068 0.564597,
        4.803150 0.273916 0.549681,
        4.803150 0.269012 0.537754,
        4.803150 0.276100 0.585100,
      ]
    }
    coordIndex [
      58, 59, 48, -1,
      48, 59, 46, -1,
      60, 58, 51, -1,
      51, 58, 48, -1,
      61, 60, 50, -1,
      50, 60, 51, -1,
      62, 61, 52, -1,
      52, 61, 50, -1,
      63, 62, 53, -1,
      53, 62, 52, -1,
      64, 63, 54, -1,
      54, 63, 53, -1,
      65, 64, 55, -1,
      55, 64, 54, -1,
      66, 65, 49, -1,
      49, 65, 55, -1,
      67, 66, 57, -1,
      57, 66, 49, -1,
      68, 67, 56, -1,
      56, 67, 57, -1,
      69, 68, 47, -1,
      47, 68, 56, -1,
      59, 69, 46, -1,
      46, 69, 47, -1,
      69, 59, 58, -1,
      58, 60, 69, -1,
      69, 60, 61, -1,
      69, 61, 68, -1,
      66, 67, 65, -1,
      65, 67, 68, -1,
      65, 68, 64, -1,
      64, 68, 61, -1,
      64, 61, 63, -1,
      63, 61, 62, -1,
      70, 71, 72, -1,
      73, 74, 75, -1,
      76, 77, 78, -1,
      78, 77, 79, -1,
      80, 81, 71, -1,
      71, 81, 77, -1,
      71, 77, 72, -1,
      72, 77, 76, -1,
      82, 83, 84, -1,
      84, 83, 85, -1,
      72, 86, 70, -1,
      70, 86, 87, -1,
      70, 87, 88, -1,
      88, 87, 89, -1,
      88, 89, 90, -1,
      90, 89, 91, -1,
      90, 91, 92, -1,
      92, 91, 93, -1,
      92, 93, 94, -1,
      94, 93, 95, -1,
      94, 95, 96, -1,
      96, 95, 97, -1,
      96, 97, 98, -1,
      98, 97, 99, -1,
      98, 99, 100, -1,
      100, 99, 101, -1,
      100, 101, 102, -1,
      102, 101, 103, -1,
      75, 74, 104, -1,
      104, 74, 105, -1,
      104, 105, 106, -1,
      107, 108, 109, -1,
      109, 108, 110, -1,
      109, 110, 111, -1,
      111, 110, 112, -1,
      111, 112, 113, -1,
      113, 112, 114, -1,
      113, 114, 82, -1,
      82, 114, 115, -1,
      82, 115, 83, -1,
      105, 79, 106, -1,
      106, 79, 77, -1,
      106, 77, 116, -1,
      116, 77, 117, -1,
      116, 117, 118, -1,
      118, 117, 119, -1,
      118, 119, 120, -1,
      120, 119, 121, -1,
      120, 121, 85, -1,
      85, 121, 122, -1,
      85, 122, 84, -1,
      73, 75, 123, -1,
      123, 75, 124, -1,
      123, 124, 125, -1,
      125, 124, 126, -1,
      125, 126, 127, -1,
      127, 126, 128, -1,
      127, 128, 129, -1,
      129, 128, 130, -1,
      129, 130, 131, -1,
      131, 130, 132, -1,
      131, 132, 133, -1,
      133, 132, 134, -1,
      133, 134, 135, -1,
      135, 134, 136, -1,
      135, 136, 103, -1,
      103, 136, 137, -1,
      103, 137, 102, -1,
      113, 36, 35, -1,
      113, 35, 111, -1,
      111, 35, 34, -1,
      111, 34, 109, -1,
      109, 34, 28, -1,
      109, 28, 107, -1,
      108, 107, 1, -1,
      1, 107, 28, -1,
      108, 1, 15, -1,
      108, 15, 110, -1,
      110, 15, 16, -1,
      110, 16, 112, -1,
      112, 16, 5, -1,
      112, 5, 114, -1,
      114, 5, 4, -1,
      114, 4, 115, -1,
      115, 4, 38, -1,
      115, 38, 83, -1,
      83, 38, 37, -1,
      83, 37, 85, -1,
      85, 37, 33, -1,
      85, 33, 120, -1,
      120, 33, 32, -1,
      120, 32, 118, -1,
      118, 32, 31, -1,
      118, 31, 116, -1,
      116, 31, 30, -1,
      116, 30, 106, -1,
      104, 106, 6, -1,
      6, 106, 30, -1,
      104, 6, 14, -1,
      104, 14, 75, -1,
      75, 14, 13, -1,
      75, 13, 124, -1,
      124, 13, 0, -1,
      124, 0, 126, -1,
      126, 0, 2, -1,
      126, 2, 128, -1,
      128, 2, 3, -1,
      128, 3, 130, -1,
      130, 3, 27, -1,
      130, 27, 132, -1,
      132, 27, 26, -1,
      132, 26, 134, -1,
      134, 26, 22, -1,
      134, 22, 136, -1,
      136, 22, 21, -1,
      136, 21, 137, -1,
      137, 21, 20, -1,
      137, 20, 102, -1,
      45, 96, 17, -1,
      17, 96, 98, -1,
      17, 98, 18, -1,
      18, 98, 100, -1,
      18, 100, 19, -1,
      19, 100, 102, -1,
      19, 102, 20, -1,
      96, 45, 44, -1,
      96, 44, 94, -1,
      94, 44, 12, -1,
      94, 12, 92, -1,
      12, 10, 92, -1,
      92, 10, 9, -1,
      92, 9, 90, -1,
      90, 9, 25, -1,
      90, 25, 88, -1,
      88, 25, 24, -1,
      88, 24, 70, -1,
      71, 70, 23, -1,
      23, 70, 24, -1,
      80, 71, 11, -1,
      11, 71, 23, -1,
      81, 80, 8, -1,
      8, 80, 11, -1,
      77, 81, 7, -1,
      7, 81, 8, -1,
      77, 7, 29, -1,
      77, 29, 117, -1,
      117, 29, 42, -1,
      117, 42, 119, -1,
      119, 42, 43, -1,
      119, 43, 121, -1,
      121, 43, 39, -1,
      121, 39, 122, -1,
      122, 39, 40, -1,
      122, 40, 84, -1,
      84, 40, 41, -1,
      84, 41, 82, -1,
      82, 41, 36, -1,
      82, 36, 113, -1,
      123, 138, 139, -1,
      123, 139, 73, -1,
      73, 139, 140, -1,
      73, 140, 74, -1,
      74, 140, 141, -1,
      74, 141, 105, -1,
      131, 142, 143, -1,
      131, 143, 129, -1,
      129, 143, 144, -1,
      129, 144, 127, -1,
      127, 144, 145, -1,
      127, 145, 125, -1,
      125, 145, 138, -1,
      125, 138, 123, -1,
      101, 146, 147, -1,
      101, 147, 103, -1,
      103, 147, 148, -1,
      103, 148, 135, -1,
      135, 148, 149, -1,
      135, 149, 133, -1,
      133, 149, 142, -1,
      133, 142, 131, -1,
      95, 150, 151, -1,
      95, 151, 97, -1,
      97, 151, 152, -1,
      97, 152, 99, -1,
      99, 152, 146, -1,
      99, 146, 101, -1,
      87, 153, 154, -1,
      87, 154, 89, -1,
      89, 154, 155, -1,
      89, 155, 91, -1,
      91, 155, 156, -1,
      91, 156, 93, -1,
      93, 156, 150, -1,
      93, 150, 95, -1,
      78, 157, 158, -1,
      78, 158, 76, -1,
      76, 158, 159, -1,
      76, 159, 72, -1,
      72, 159, 160, -1,
      72, 160, 86, -1,
      86, 160, 153, -1,
      86, 153, 87, -1,
      78, 79, 157, -1,
      157, 79, 161, -1,
      79, 105, 161, -1,
      161, 105, 141, -1,
    ]
  }
}

Shape {
  appearance Appearance {
    material Material {
      diffuseColor 0.2510 0.2510 0.2510
      specularColor 0.1255 0.1255 0.1255
      ambientIntensity 0.2
      transparency 0.0000
      shininess 0.5
    }
  }
  geometry IndexedFaceSet {
    ccw TRUE
    solid FALSE
    coord DEF co Coordinate {
      point [
        4.803150 0.199142 0.567361,
        4.803150 0.202839 0.570286,
        4.803150 0.210311 0.574046,
        4.803150 0.231481 0.579096,
        4.803150 0.190273 0.543209,
        4.803150 0.190556 0.548516,
        4.803150 0.192206 0.556172,
        4.803150 0.195140 0.562407,
        4.803150 0.199961 0.520968,
        4.803150 0.197118 0.523825,
        4.803150 0.193319 0.529461,
        4.803150 0.191122 0.535535,
        4.803150 0.225477 0.512372,
        4.803150 0.214185 0.513644,
        4.803150 0.206623 0.516418,
        4.803150 0.261773 0.527927,
        4.803150 0.257597 0.523844,
        4.803150 0.248154 0.517465,
        4.803150 0.238014 0.513776,
        4.803150 0.276100 0.566815,
        4.803150 0.276068 0.564597,
        4.803150 0.273916 0.549681,
        4.803150 0.269012 0.537754,
        4.803150 0.276100 0.585100,
      ]
    }
    coordIndex [
      20, 19, 0, -1,
      19, 23, 3, -1,
      3, 2, 19, -1,
      19, 2, 1, -1,
      19, 1, 0, -1,
      20, 0, 21, -1,
      21, 0, 7, -1,
      21, 7, 22, -1,
      9, 8, 16, -1,
      9, 16, 10, -1,
      17, 16, 18, -1,
      18, 16, 12, -1,
      7, 6, 22, -1,
      22, 6, 5, -1,
      22, 5, 15, -1,
      15, 5, 4, -1,
      15, 4, 16, -1,
      16, 4, 11, -1,
      16, 11, 10, -1,
      8, 14, 16, -1,
      16, 14, 13, -1,
      16, 13, 12, -1,
    ]
  }
}

Shape {
  appearance Appearance {
    material Material {
      diffuseColor 1.0000 1.0000 1.0000
      specularColor 0.5020 0.5020 0.5020
      ambientIntensity 0.2
      transparency 0.0000
      shininess 0.5
    }
  }
  geometry IndexedFaceSet {
    ccw TRUE
    solid FALSE
    coord DEF co Coordinate {
      point [
        4.803150 0.436766 0.488538,
        4.803150 0.425484 0.487196,
        4.803150 0.378328 0.487879,
        4.803150 0.370286 0.490705,
        4.803150 0.754430 0.725645,
        4.803150 0.754430 0.640226,
        4.803150 0.804405 0.640226,
        4.803150 0.857451 0.756346,
        4.803150 0.857451 0.725645,
        4.803150 0.863523 0.519876,
        4.803150 0.863523 0.489448,
        4.803150 0.754430 0.519876,
        4.803150 0.804405 0.519876,
        4.803150 0.754430 0.609661,
        4.803150 0.804405 0.609661,
        4.803150 0.849878 0.609661,
        4.803150 0.849878 0.640226,
        4.803150 0.804405 0.725645,
        4.803150 0.804405 0.489448,
        4.803150 0.719976 0.489448,
        4.803150 0.719976 0.756346,
        4.803150 0.354833 0.530656,
        4.803150 0.354833 0.496134,
        4.803150 0.369826 0.521599,
        4.803150 0.370286 0.521438,
        4.803150 0.370286 0.592557,
        4.803150 0.356487 0.615594,
        4.803150 0.355037 0.628628,
        4.803150 0.369990 0.592752,
        4.803150 0.364521 0.598472,
        4.803150 0.360184 0.605395,
        4.803150 0.366500 0.660324,
        4.803150 0.356343 0.640520,
        4.803150 0.360307 0.651285,
        4.803150 0.384897 0.487196,
        4.803150 0.406548 0.484945,
        4.803150 0.474432 0.675976,
        4.803150 0.474432 0.643501,
        4.803150 0.370286 0.663732,
        4.803150 0.376460 0.669290,
        4.803150 0.384672 0.674336,
        4.803150 0.481991 0.527893,
        4.803150 0.477892 0.517297,
        4.803150 0.471668 0.508478,
        4.803150 0.402587 0.681245,
        4.803150 0.429267 0.684437,
        4.803150 0.452719 0.682356,
        4.803150 0.472385 0.572819,
        4.803150 0.478612 0.563637,
        4.803150 0.482185 0.553785,
        4.803150 0.483574 0.541299,
        4.803150 0.462083 0.500091,
        4.803150 0.454342 0.495327,
        4.803150 0.425992 0.657283,
        4.803150 0.416096 0.656541,
        4.803150 0.389491 0.631630,
        4.803150 0.407153 0.654174,
        4.803150 0.399657 0.650187,
        4.803150 0.389796 0.627183,
        4.803150 0.391122 0.621990,
        4.803150 0.393531 0.617480,
        4.803150 0.396791 0.613891,
        4.803150 0.408578 0.606523,
        4.803150 0.449311 0.654451,
        4.803150 0.429267 0.597517,
        4.803150 0.468230 0.647131,
        4.803150 0.442211 0.592280,
        4.803150 0.464414 0.579931,
        4.803150 0.394613 0.645730,
        4.803150 0.391747 0.641475,
        4.803150 0.390096 0.636961,
        4.803150 0.390887 0.514225,
        4.803150 0.405661 0.573229,
        4.803150 0.385734 0.582363,
        4.803150 0.409822 0.512235,
        4.803150 0.411299 0.512244,
        4.803150 0.427613 0.564035,
        4.803150 0.428436 0.514165,
        4.803150 0.449257 0.538024,
        4.803150 0.448930 0.542183,
        4.803150 0.437063 0.517322,
        4.803150 0.440111 0.519172,
        4.803150 0.443947 0.522577,
        4.803150 0.446865 0.526893,
        4.803150 0.448565 0.531646,
        4.803150 0.447411 0.547403,
        4.803150 0.444826 0.551835,
        4.803150 0.440661 0.556172,
        4.803150 0.649294 0.680070,
        4.803150 0.683953 0.680070,
        4.803150 0.804405 0.756346,
        4.803150 0.607907 0.487196,
        4.803150 0.588164 0.536796,
        4.803150 0.592258 0.521104,
        4.803150 0.593145 0.521104,
        4.803150 0.554495 0.633653,
        4.803150 0.597238 0.536523,
        4.803150 0.594680 0.527637,
        4.803150 0.554495 0.543919,
        4.803150 0.500972 0.680070,
        4.803150 0.538359 0.680070,
        4.803150 0.575747 0.489857,
        4.803150 0.574621 0.487196,
        4.803150 0.561079 0.455198,
        4.803150 0.507863 0.402392,
        4.803150 0.507863 0.432138,
        4.803150 0.548090 0.436027,
        4.803150 0.554320 0.442893,
        4.803150 0.554495 0.443213,
        4.803150 0.514702 0.429897,
        4.803150 0.526830 0.428318,
        4.803150 0.554495 0.405623,
        4.803150 0.542935 0.401218,
        4.803150 0.529422 0.399663,
        4.803150 0.522042 0.399928,
        4.803150 0.535691 0.429426,
        4.803150 0.542924 0.432372,
        4.803150 0.597443 0.460657,
        4.803150 0.582293 0.431159,
        4.803150 0.570059 0.416475,
        4.803150 0.567802 0.414407,
        4.803150 0.556126 0.406245,
        4.803150 0.987352 0.489448,
        4.803150 0.913941 0.489448,
        4.803150 0.913941 0.756346,
        4.803150 1.130442 0.609341,
        4.803150 1.123981 0.578088,
        4.803150 1.110844 0.550480,
        4.803150 1.131240 0.626308,
        4.803150 1.126752 0.663242,
        4.803150 1.090987 0.526835,
        4.803150 1.063270 0.506934,
        4.803150 1.032882 0.495019,
        4.803150 1.090987 0.721006,
        4.803150 1.100300 0.711907,
        4.803150 1.116848 0.688667,
        4.803150 0.990081 0.756346,
        4.803150 1.030828 0.751847,
        4.803150 1.063040 0.740082,
        4.807087 0.354833 0.530656,
        4.807087 0.369826 0.521599,
        4.807087 0.409822 0.512235,
        4.807087 0.390887 0.514225,
        4.807087 0.354833 0.496134,
        4.807087 0.378328 0.487879,
        4.807087 0.406548 0.484945,
        4.807087 0.436766 0.488538,
        4.807087 0.454342 0.495327,
        4.807087 0.462083 0.500091,
        4.807087 0.471668 0.508478,
        4.807087 0.477892 0.517297,
        4.807087 0.481991 0.527893,
        4.807087 0.483574 0.541299,
        4.807087 0.482185 0.553785,
        4.807087 0.478612 0.563637,
        4.807087 0.472385 0.572819,
        4.807087 0.464414 0.579931,
        4.807087 0.442211 0.592280,
        4.807087 0.429267 0.597517,
        4.807087 0.408578 0.606523,
        4.807087 0.396791 0.613891,
        4.807087 0.393531 0.617480,
        4.807087 0.391122 0.621990,
        4.807087 0.389796 0.627183,
        4.807087 0.389491 0.631630,
        4.807087 0.390096 0.636961,
        4.807087 0.391747 0.641475,
        4.807087 0.394613 0.645730,
        4.807087 0.399657 0.650187,
        4.807087 0.407153 0.654174,
        4.807087 0.416096 0.656541,
        4.807087 0.425992 0.657283,
        4.807087 0.449311 0.654451,
        4.807087 0.468230 0.647131,
        4.807087 0.474432 0.643501,
        4.807087 0.474432 0.675976,
        4.807087 0.452719 0.682356,
        4.807087 0.429267 0.684437,
        4.807087 0.402587 0.681245,
        4.807087 0.384672 0.674336,
        4.807087 0.376460 0.669290,
        4.807087 0.366500 0.660324,
        4.807087 0.360307 0.651285,
        4.807087 0.356343 0.640520,
        4.807087 0.355037 0.628628,
        4.807087 0.356487 0.615594,
        4.807087 0.360184 0.605395,
        4.807087 0.364521 0.598472,
        4.807087 0.405661 0.573229,
        4.807087 0.385734 0.582363,
        4.807087 0.369990 0.592752,
        4.807087 0.427613 0.564035,
        4.807087 0.440661 0.556172,
        4.807087 0.444826 0.551835,
        4.807087 0.447411 0.547403,
        4.807087 0.448930 0.542183,
        4.807087 0.449257 0.538024,
        4.807087 0.448565 0.531646,
        4.807087 0.446865 0.526893,
        4.807087 0.443947 0.522577,
        4.807087 0.440111 0.519172,
        4.807087 0.437063 0.517322,
        4.807087 0.428436 0.514165,
        4.807087 0.411299 0.512244,
        4.807087 0.649294 0.680070,
        4.807087 0.683953 0.680070,
        4.807087 0.597238 0.536523,
        4.807087 0.594680 0.527637,
        4.807087 0.593145 0.521104,
        4.807087 0.592258 0.521104,
        4.807087 0.588164 0.536796,
        4.807087 0.538359 0.680070,
        4.807087 0.500972 0.680070,
        4.807087 0.575747 0.489857,
        4.807087 0.561079 0.455198,
        4.807087 0.554320 0.442893,
        4.807087 0.548090 0.436027,
        4.807087 0.542924 0.432372,
        4.807087 0.535691 0.429426,
        4.807087 0.526830 0.428318,
        4.807087 0.514702 0.429897,
        4.807087 0.507863 0.432138,
        4.807087 0.507863 0.402392,
        4.807087 0.522042 0.399928,
        4.807087 0.529422 0.399663,
        4.807087 0.542935 0.401218,
        4.807087 0.556126 0.406245,
        4.807087 0.567802 0.414407,
        4.807087 0.570059 0.416475,
        4.807087 0.582293 0.431159,
        4.807087 0.597443 0.460657,
        4.807087 0.863523 0.519876,
        4.807087 0.863523 0.489448,
        4.807087 0.754430 0.519876,
        4.807087 0.754430 0.609661,
        4.807087 0.849878 0.609661,
        4.807087 0.849878 0.640226,
        4.807087 0.754430 0.640226,
        4.807087 0.754430 0.725645,
        4.807087 0.857451 0.725645,
        4.807087 0.857451 0.756346,
        4.807087 0.719976 0.756346,
        4.807087 0.719976 0.489448,
        4.807087 1.078302 0.561896,
        4.807087 1.066494 0.547712,
        4.807087 1.090987 0.526835,
        4.807087 1.063534 0.544946,
        4.807087 1.063270 0.506934,
        4.807087 1.046361 0.532950,
        4.807087 1.032882 0.495019,
        4.807087 1.024386 0.524363,
        4.807087 0.987352 0.489448,
        4.807087 0.987147 0.519876,
        4.807087 0.913941 0.489448,
        4.807087 0.948395 0.519876,
        4.807087 0.913941 0.756346,
        4.807087 0.948395 0.725645,
        4.807087 0.990081 0.756346,
        4.807087 0.988717 0.725645,
        4.807087 1.030828 0.751847,
        4.807087 1.023021 0.721866,
        4.807087 1.063040 0.740082,
        4.807087 1.046183 0.713526,
        4.807087 1.090987 0.721006,
        4.807087 1.065743 0.700538,
        4.807087 1.100300 0.711907,
        4.807087 1.073056 0.693349,
        4.807087 1.116848 0.688667,
        4.807087 1.083433 0.678427,
        4.807087 1.126752 0.663242,
        4.807087 1.090989 0.659004,
        4.807087 1.131240 0.626308,
        4.807087 1.095012 0.625353,
        4.807087 1.130442 0.609341,
        4.807087 1.093697 0.604904,
        4.807087 1.123981 0.578088,
        4.807087 1.087994 0.581235,
        4.807087 1.110844 0.550480,
        4.803150 0.988717 0.725645,
        4.803150 0.948395 0.725645,
        4.803150 0.948395 0.519876,
        4.803150 0.987147 0.519876,
        4.803150 1.066494 0.547712,
        4.803150 1.063534 0.544946,
        4.803150 1.046361 0.532950,
        4.803150 1.024386 0.524363,
        4.803150 1.095012 0.625353,
        4.803150 1.093697 0.604904,
        4.803150 1.087994 0.581235,
        4.803150 1.078302 0.561896,
        4.803150 1.065743 0.700538,
        4.803150 1.073056 0.693349,
        4.803150 1.083433 0.678427,
        4.803150 1.090989 0.659004,
        4.803150 1.023021 0.721866,
        4.803150 1.046183 0.713526,
      ]
    }
    coordIndex [
      21, 139, 140, -1,
      141, 74, 71, -1,
      141, 71, 142, -1,
      142, 71, 24, -1,
      142, 24, 140, -1,
      140, 24, 23, -1,
      140, 23, 21, -1,
      143, 139, 22, -1,
      22, 139, 21, -1,
      143, 22, 144, -1,
      144, 22, 3, -1,
      35, 145, 34, -1,
      34, 145, 144, -1,
      34, 144, 2, -1,
      2, 144, 3, -1,
      145, 35, 146, -1,
      146, 35, 1, -1,
      1, 0, 146, -1,
      146, 0, 52, -1,
      146, 52, 147, -1,
      147, 52, 51, -1,
      147, 51, 148, -1,
      148, 51, 43, -1,
      148, 43, 149, -1,
      149, 43, 42, -1,
      149, 42, 150, -1,
      150, 42, 41, -1,
      150, 41, 151, -1,
      151, 41, 50, -1,
      151, 50, 152, -1,
      152, 50, 49, -1,
      152, 49, 153, -1,
      153, 49, 48, -1,
      153, 48, 154, -1,
      154, 48, 47, -1,
      154, 47, 155, -1,
      155, 47, 67, -1,
      155, 67, 156, -1,
      156, 67, 66, -1,
      156, 66, 157, -1,
      157, 66, 64, -1,
      157, 64, 158, -1,
      158, 64, 62, -1,
      158, 62, 159, -1,
      159, 62, 61, -1,
      159, 61, 160, -1,
      160, 61, 60, -1,
      160, 60, 161, -1,
      161, 60, 59, -1,
      161, 59, 162, -1,
      162, 59, 58, -1,
      162, 58, 163, -1,
      163, 58, 55, -1,
      163, 55, 164, -1,
      164, 55, 70, -1,
      164, 70, 165, -1,
      165, 70, 69, -1,
      165, 69, 166, -1,
      166, 69, 68, -1,
      166, 68, 167, -1,
      167, 68, 57, -1,
      167, 57, 168, -1,
      168, 57, 56, -1,
      168, 56, 169, -1,
      169, 56, 54, -1,
      169, 54, 170, -1,
      170, 54, 53, -1,
      170, 53, 171, -1,
      171, 53, 63, -1,
      171, 63, 172, -1,
      172, 63, 65, -1,
      172, 65, 173, -1,
      173, 65, 37, -1,
      173, 37, 174, -1,
      175, 174, 36, -1,
      36, 174, 37, -1,
      175, 36, 46, -1,
      175, 46, 176, -1,
      176, 46, 45, -1,
      176, 45, 177, -1,
      177, 45, 44, -1,
      177, 44, 178, -1,
      178, 44, 40, -1,
      178, 40, 179, -1,
      179, 40, 39, -1,
      179, 39, 180, -1,
      180, 39, 181, -1,
      181, 39, 38, -1,
      38, 31, 181, -1,
      181, 31, 33, -1,
      181, 33, 182, -1,
      182, 33, 32, -1,
      182, 32, 183, -1,
      183, 32, 27, -1,
      183, 27, 184, -1,
      184, 27, 26, -1,
      184, 26, 185, -1,
      185, 26, 30, -1,
      185, 30, 186, -1,
      186, 30, 29, -1,
      186, 29, 187, -1,
      72, 188, 189, -1,
      187, 29, 28, -1,
      187, 28, 190, -1,
      190, 28, 25, -1,
      190, 25, 189, -1,
      189, 25, 73, -1,
      189, 73, 72, -1,
      188, 72, 76, -1,
      188, 76, 191, -1,
      191, 76, 87, -1,
      191, 87, 192, -1,
      192, 87, 86, -1,
      192, 86, 193, -1,
      193, 86, 85, -1,
      193, 85, 194, -1,
      194, 85, 79, -1,
      194, 79, 195, -1,
      195, 79, 78, -1,
      195, 78, 196, -1,
      196, 78, 84, -1,
      196, 84, 197, -1,
      197, 84, 83, -1,
      197, 83, 198, -1,
      198, 83, 82, -1,
      198, 82, 199, -1,
      199, 82, 81, -1,
      199, 81, 200, -1,
      200, 81, 80, -1,
      200, 80, 201, -1,
      201, 80, 77, -1,
      201, 77, 202, -1,
      202, 77, 75, -1,
      202, 75, 203, -1,
      203, 75, 74, -1,
      203, 74, 141, -1,
      167, 168, 179, -1,
      179, 168, 178, -1,
      191, 158, 188, -1,
      188, 158, 159, -1,
      147, 148, 199, -1,
      199, 148, 149, -1,
      199, 149, 198, -1,
      198, 149, 150, -1,
      198, 150, 197, -1,
      197, 150, 151, -1,
      197, 151, 196, -1,
      196, 151, 152, -1,
      196, 152, 195, -1,
      195, 152, 153, -1,
      195, 153, 194, -1,
      194, 153, 154, -1,
      194, 154, 193, -1,
      193, 154, 155, -1,
      193, 155, 192, -1,
      192, 155, 156, -1,
      192, 156, 191, -1,
      191, 156, 157, -1,
      191, 157, 158, -1,
      145, 141, 144, -1,
      144, 141, 142, -1,
      144, 142, 143, -1,
      143, 142, 140, -1,
      143, 140, 139, -1,
      168, 169, 178, -1,
      178, 169, 170, -1,
      178, 170, 177, -1,
      177, 170, 171, -1,
      177, 171, 176, -1,
      176, 171, 172, -1,
      176, 172, 175, -1,
      175, 172, 173, -1,
      175, 173, 174, -1,
      199, 200, 147, -1,
      147, 200, 201, -1,
      147, 201, 146, -1,
      146, 201, 202, -1,
      146, 202, 145, -1,
      145, 202, 203, -1,
      145, 203, 141, -1,
      179, 180, 167, -1,
      167, 180, 181, -1,
      167, 181, 166, -1,
      166, 181, 182, -1,
      166, 182, 165, -1,
      165, 182, 183, -1,
      165, 183, 164, -1,
      164, 183, 184, -1,
      164, 184, 163, -1,
      163, 184, 185, -1,
      163, 185, 162, -1,
      162, 185, 186, -1,
      162, 186, 161, -1,
      161, 186, 187, -1,
      161, 187, 160, -1,
      160, 187, 190, -1,
      160, 190, 159, -1,
      159, 190, 189, -1,
      159, 189, 188, -1,
      204, 205, 88, -1,
      88, 205, 89, -1,
      206, 204, 96, -1,
      96, 204, 88, -1,
      206, 96, 97, -1,
      206, 97, 207, -1,
      207, 97, 94, -1,
      207, 94, 208, -1,
      209, 208, 93, -1,
      93, 208, 94, -1,
      210, 209, 92, -1,
      92, 209, 93, -1,
      100, 211, 95, -1,
      95, 211, 210, -1,
      95, 210, 92, -1,
      212, 211, 99, -1,
      99, 211, 100, -1,
      101, 213, 98, -1,
      98, 213, 212, -1,
      98, 212, 99, -1,
      103, 214, 102, -1,
      102, 214, 213, -1,
      102, 213, 101, -1,
      103, 108, 214, -1,
      214, 108, 215, -1,
      108, 107, 215, -1,
      215, 107, 106, -1,
      215, 106, 216, -1,
      216, 106, 116, -1,
      216, 116, 217, -1,
      217, 116, 115, -1,
      217, 115, 218, -1,
      218, 115, 110, -1,
      218, 110, 219, -1,
      219, 110, 109, -1,
      219, 109, 220, -1,
      220, 109, 105, -1,
      220, 105, 221, -1,
      222, 221, 104, -1,
      104, 221, 105, -1,
      222, 104, 114, -1,
      222, 114, 223, -1,
      223, 114, 113, -1,
      223, 113, 224, -1,
      224, 113, 112, -1,
      224, 112, 225, -1,
      225, 112, 111, -1,
      225, 111, 226, -1,
      111, 121, 226, -1,
      226, 121, 120, -1,
      226, 120, 227, -1,
      227, 120, 119, -1,
      227, 119, 228, -1,
      228, 119, 118, -1,
      228, 118, 229, -1,
      229, 118, 117, -1,
      229, 117, 230, -1,
      89, 205, 91, -1,
      91, 205, 230, -1,
      91, 230, 117, -1,
      207, 208, 230, -1,
      205, 204, 230, -1,
      230, 204, 206, -1,
      230, 206, 207, -1,
      211, 212, 210, -1,
      210, 212, 213, -1,
      210, 213, 209, -1,
      221, 222, 220, -1,
      220, 222, 223, -1,
      220, 223, 219, -1,
      219, 223, 224, -1,
      219, 224, 218, -1,
      218, 224, 225, -1,
      218, 225, 217, -1,
      217, 225, 226, -1,
      217, 226, 216, -1,
      208, 209, 230, -1,
      230, 209, 213, -1,
      230, 213, 229, -1,
      213, 214, 229, -1,
      229, 214, 215, -1,
      229, 215, 228, -1,
      228, 215, 216, -1,
      228, 216, 227, -1,
      227, 216, 226, -1,
      231, 232, 9, -1,
      9, 232, 10, -1,
      11, 233, 12, -1,
      12, 233, 231, -1,
      12, 231, 9, -1,
      234, 233, 13, -1,
      13, 233, 11, -1,
      15, 235, 14, -1,
      14, 235, 234, -1,
      14, 234, 13, -1,
      236, 235, 16, -1,
      16, 235, 15, -1,
      5, 237, 6, -1,
      6, 237, 236, -1,
      6, 236, 16, -1,
      238, 237, 4, -1,
      4, 237, 5, -1,
      8, 239, 17, -1,
      17, 239, 238, -1,
      17, 238, 4, -1,
      240, 239, 7, -1,
      7, 239, 8, -1,
      20, 241, 90, -1,
      90, 241, 240, -1,
      90, 240, 7, -1,
      242, 241, 19, -1,
      19, 241, 20, -1,
      10, 232, 18, -1,
      18, 232, 242, -1,
      18, 242, 19, -1,
      239, 240, 238, -1,
      238, 240, 241, -1,
      238, 241, 237, -1,
      232, 231, 242, -1,
      242, 231, 233, -1,
      242, 233, 234, -1,
      235, 236, 234, -1,
      234, 236, 237, -1,
      234, 237, 242, -1,
      242, 237, 241, -1,
      243, 244, 245, -1,
      245, 244, 246, -1,
      245, 246, 247, -1,
      247, 246, 248, -1,
      247, 248, 249, -1,
      249, 248, 250, -1,
      249, 250, 251, -1,
      251, 250, 252, -1,
      251, 252, 253, -1,
      253, 252, 254, -1,
      253, 254, 255, -1,
      255, 254, 256, -1,
      255, 256, 257, -1,
      257, 256, 258, -1,
      257, 258, 259, -1,
      259, 258, 260, -1,
      259, 260, 261, -1,
      261, 260, 262, -1,
      261, 262, 263, -1,
      263, 262, 264, -1,
      263, 264, 265, -1,
      265, 264, 266, -1,
      265, 266, 267, -1,
      267, 266, 268, -1,
      267, 268, 269, -1,
      269, 268, 270, -1,
      269, 270, 271, -1,
      271, 270, 272, -1,
      271, 272, 273, -1,
      273, 272, 274, -1,
      273, 274, 275, -1,
      275, 274, 276, -1,
      275, 276, 277, -1,
      277, 276, 243, -1,
      277, 243, 245, -1,
      251, 253, 122, -1,
      122, 253, 123, -1,
      251, 122, 132, -1,
      251, 132, 249, -1,
      249, 132, 131, -1,
      249, 131, 247, -1,
      247, 131, 130, -1,
      247, 130, 245, -1,
      245, 130, 127, -1,
      245, 127, 277, -1,
      277, 127, 126, -1,
      277, 126, 275, -1,
      275, 126, 125, -1,
      275, 125, 273, -1,
      273, 125, 128, -1,
      273, 128, 271, -1,
      271, 128, 129, -1,
      271, 129, 269, -1,
      269, 129, 135, -1,
      269, 135, 267, -1,
      267, 135, 134, -1,
      267, 134, 265, -1,
      265, 134, 133, -1,
      265, 133, 263, -1,
      263, 133, 138, -1,
      263, 138, 261, -1,
      261, 138, 137, -1,
      261, 137, 259, -1,
      259, 137, 136, -1,
      259, 136, 257, -1,
      255, 257, 124, -1,
      124, 257, 136, -1,
      253, 255, 123, -1,
      123, 255, 124, -1,
      258, 256, 278, -1,
      278, 256, 279, -1,
      256, 254, 279, -1,
      279, 254, 280, -1,
      254, 252, 280, -1,
      280, 252, 281, -1,
      244, 282, 283, -1,
      244, 283, 246, -1,
      246, 283, 284, -1,
      246, 284, 248, -1,
      248, 284, 285, -1,
      248, 285, 250, -1,
      250, 285, 281, -1,
      250, 281, 252, -1,
      272, 286, 287, -1,
      272, 287, 274, -1,
      274, 287, 288, -1,
      274, 288, 276, -1,
      276, 288, 289, -1,
      276, 289, 243, -1,
      243, 289, 282, -1,
      243, 282, 244, -1,
      264, 290, 291, -1,
      264, 291, 266, -1,
      266, 291, 292, -1,
      266, 292, 268, -1,
      268, 292, 293, -1,
      268, 293, 270, -1,
      270, 293, 286, -1,
      270, 286, 272, -1,
      258, 278, 294, -1,
      258, 294, 260, -1,
      260, 294, 295, -1,
      260, 295, 262, -1,
      262, 295, 290, -1,
      262, 290, 264, -1,
    ]
  }
}

Shape {
  appearance Appearance {
    material Material {
      diffuseColor 0.2510 0.2510 0.2510
      specularColor 0.1255 0.1255 0.1255
      ambientIntensity 0.2
      transparency 0.0000
      shininess 0.5
    }
  }
  geometry IndexedFaceSet {
    ccw TRUE
    solid FALSE
    coord DEF co Coordinate {
      point [
        4.803150 0.988717 0.725645,
        4.803150 0.948395 0.725645,
        4.803150 0.948395 0.519876,
        4.803150 0.987147 0.519876,
        4.803150 1.066494 0.547712,
        4.803150 1.063534 0.544946,
        4.803150 1.046361 0.532950,
        4.803150 1.024386 0.524363,
        4.803150 1.095012 0.625353,
        4.803150 1.093697 0.604904,
        4.803150 1.087994 0.581235,
        4.803150 1.078302 0.561896,
        4.803150 1.065743 0.700538,
        4.803150 1.073056 0.693349,
        4.803150 1.083433 0.678427,
        4.803150 1.090989 0.659004,
        4.803150 1.023021 0.721866,
        4.803150 1.046183 0.713526,
      ]
    }
    coordIndex [
      5, 4, 0, -1,
      1, 2, 0, -1,
      0, 2, 3, -1,
      3, 7, 0, -1,
      0, 7, 6, -1,
      0, 6, 5, -1,
      4, 11, 0, -1,
      0, 11, 10, -1,
      0, 10, 9, -1,
      9, 8, 0, -1,
      0, 8, 15, -1,
      0, 15, 14, -1,
      14, 13, 0, -1,
      0, 13, 12, -1,
      0, 12, 16, -1,
      16, 12, 17, -1,
    ]
  }
}

Shape {
  appearance Appearance {
    material Material {
      diffuseColor 1.0000 1.0000 1.0000
      specularColor 0.5020 0.5020 0.5020
      ambientIntensity 0.2
      transparency 0.0000
      shininess 0.5
    }
  }
  geometry IndexedFaceSet {
    ccw TRUE
    solid FALSE
    coord DEF co Coordinate {
      point [
        4.803150 1.146045 0.489448,
        4.803150 1.284543 0.756346,
        4.803150 1.386199 0.489448,
        4.803150 1.348129 0.489448,
        4.803150 1.247701 0.756346,
        4.803150 1.184115 0.489448,
        4.803150 1.209768 0.562449,
        4.803150 1.320907 0.562449,
        4.807087 1.220684 0.592605,
        4.807087 1.209768 0.562449,
        4.807087 1.310264 0.592605,
        4.807087 1.320907 0.562449,
        4.807087 1.260596 0.703540,
        4.807087 1.247701 0.756346,
        4.807087 1.146045 0.489448,
        4.807087 1.184115 0.489448,
        4.807087 1.262907 0.711505,
        4.807087 1.264962 0.722233,
        4.807087 1.284543 0.756346,
        4.807087 1.265781 0.722233,
        4.807087 1.267938 0.710942,
        4.807087 1.269943 0.703540,
        4.807087 1.386199 0.489448,
        4.807087 1.348129 0.489448,
        4.803150 1.220684 0.592605,
        4.803150 1.310264 0.592605,
        4.803150 1.269943 0.703540,
        4.803150 1.265781 0.722233,
        4.803150 1.267938 0.710942,
        4.803150 1.264962 0.722233,
        4.803150 1.260596 0.703540,
        4.803150 1.262907 0.711505,
      ]
    }
    coordIndex [
      8, 9, 10, -1,
      10, 9, 11, -1,
      12, 13, 8, -1,
      8, 13, 14, -1,
      8, 14, 9, -1,
      9, 14, 15, -1,
      12, 16, 13, -1,
      13, 16, 17, -1,
      13, 17, 18, -1,
      18, 17, 19, -1,
      18, 19, 20, -1,
      20, 21, 18, -1,
      18, 21, 10, -1,
      18, 10, 22, -1,
      22, 10, 11, -1,
      22, 11, 23, -1,
      18, 22, 1, -1,
      1, 22, 2, -1,
      13, 18, 4, -1,
      4, 18, 1, -1,
      14, 13, 0, -1,
      0, 13, 4, -1,
      15, 14, 5, -1,
      5, 14, 0, -1,
      9, 15, 6, -1,
      6, 15, 5, -1,
      11, 9, 7, -1,
      7, 9, 6, -1,
      23, 11, 3, -1,
      3, 11, 7, -1,
      22, 23, 2, -1,
      2, 23, 3, -1,
      8, 10, 24, -1,
      24, 10, 25, -1,
      10, 21, 25, -1,
      25, 21, 26, -1,
      19, 27, 28, -1,
      19, 28, 20, -1,
      20, 28, 26, -1,
      20, 26, 21, -1,
      19, 17, 27, -1,
      27, 17, 29, -1,
      12, 30, 31, -1,
      12, 31, 16, -1,
      16, 31, 29, -1,
      16, 29, 17, -1,
      12, 8, 30, -1,
      30, 8, 24, -1,
    ]
  }
}

Shape {
  appearance Appearance {
    material Material {
      diffuseColor 0.2510 0.2510 0.2510
      specularColor 0.1255 0.1255 0.1255
      ambientIntensity 0.2
      transparency 0.0000
      shininess 0.5
    }
  }
  geometry IndexedFaceSet {
    ccw TRUE
    solid FALSE
    coord DEF co Coordinate {
      point [
        4.803150 1.220684 0.592605,
        4.803150 1.310264 0.592605,
        4.803150 1.269943 0.703540,
        4.803150 1.265781 0.722233,
        4.803150 1.267938 0.710942,
        4.803150 1.264962 0.722233,
        4.803150 1.260596 0.703540,
        4.803150 1.262907 0.711505,
      ]
    }
    coordIndex [
      3, 5, 4, -1,
      4, 5, 7, -1,
      4, 7, 2, -1,
      2, 7, 6, -1,
      2, 6, 1, -1,
      1, 6, 0, -1,
    ]
  }
}

Shape {
  appearance Appearance {
    material Material {
      diffuseColor 1.0000 1.0000 1.0000
      specularColor 0.5020 0.5020 0.5020
      ambientIntensity 0.2
      transparency 0.0000
      shininess 0.5
    }
  }
  geometry IndexedFaceSet {
    ccw TRUE
    solid FALSE
    coord DEF co Coordinate {
      point [
        4.803150 -1.447611 0.812970,
        4.803150 -1.443851 0.832350,
        4.803150 -0.359728 0.971544,
        4.803150 -0.308284 0.927987,
        4.803150 -0.571705 1.182006,
        4.803150 -0.528100 1.152689,
        4.803150 -0.518499 1.143609,
        4.803150 -0.458683 1.069852,
        4.803150 -0.425629 1.002777,
        4.803150 -0.416187 0.999600,
        4.803150 -0.707972 1.243151,
        4.803150 -0.612743 1.209596,
        4.803150 -0.967924 1.205865,
        4.803150 -0.880448 1.239704,
        4.803150 -0.786177 1.251366,
        4.803150 -1.359259 1.006572,
        4.803150 -1.344895 1.020079,
        4.803150 -1.281623 1.063485,
        4.803150 -1.211006 1.089585,
        4.803150 -1.141032 1.097658,
        4.803150 -1.006398 1.182006,
        4.803150 -1.013891 1.177358,
        4.803150 -1.058485 1.139169,
        4.803150 -1.119209 1.096472,
        4.803150 -1.097387 1.093863,
        4.803150 -1.433802 0.884149,
        4.803150 -1.421604 0.910604,
        4.803150 -1.402570 0.951884,
        4.803150 -1.216937 0.492317,
        4.803150 -1.246559 0.501480,
        4.803150 -1.314429 0.536183,
        4.803150 -1.368746 0.583403,
        4.803150 -1.414401 0.649717,
        4.803150 -1.440405 0.720629,
        4.803150 -1.448447 0.790244,
        4.803150 -1.132622 0.388830,
        4.803150 -1.169733 0.416821,
        4.803150 -1.197942 0.451657,
        4.803150 -1.214544 0.487196,
        4.803150 -1.036663 0.363279,
        4.803150 -0.990789 0.368922,
        4.803150 -0.958086 0.381471,
        4.803150 -1.044047 0.363418,
        4.803150 -1.088848 0.370420,
        4.803150 -1.115123 0.381471,
        4.803150 -0.858827 0.487196,
        4.803150 -0.858957 0.486646,
        4.803150 -0.881365 0.444322,
        4.803150 -0.910659 0.411453,
        4.803150 -0.948462 0.385164,
        4.803150 -0.246413 0.816019,
        4.803150 -0.237765 0.754189,
        4.803150 -0.616437 0.599205,
        4.803150 -0.603407 0.604319,
        4.803150 -0.581234 0.712441,
        4.803150 -0.307976 0.573915,
        4.803150 -0.359652 0.530180,
        4.803150 -0.894341 0.680182,
        4.803150 -0.640060 0.813015,
        4.803150 -0.927459 0.710346,
        4.803150 -0.967717 0.731938,
        4.803150 -0.628121 0.590963,
        4.803150 -0.270355 0.626305,
        4.803150 -0.356326 0.768747,
        4.803150 -0.365197 0.805206,
        4.803150 -0.379788 0.832350,
        4.803150 -1.324184 0.832350,
        4.803150 -0.246496 0.686370,
        4.803150 -0.588824 0.606174,
        4.803150 -0.586978 0.606041,
        4.803150 -0.581285 0.604780,
        4.803150 -1.313102 0.718539,
        4.803150 -1.290374 0.679828,
        4.803150 -1.194018 0.660324,
        4.803150 -1.256341 0.644888,
        4.803150 -1.215039 0.619458,
        4.803150 -1.123819 0.723121,
        4.803150 -1.162630 0.696180,
        4.803150 -1.328896 0.794039,
        4.803150 -1.326660 0.765004,
        4.803150 -1.081898 0.739136,
        4.803150 -1.036663 0.744701,
        4.803150 -1.013517 0.743324,
        4.803150 -0.647651 0.547348,
        4.803150 -0.647220 0.554431,
        4.803150 -0.846901 0.572017,
        4.803150 -0.643511 0.568899,
        4.803150 -0.636297 0.581906,
        4.803150 -0.393904 0.651957,
        4.803150 -0.373033 0.681560,
        4.803150 -0.359963 0.715383,
        4.803150 -0.355417 0.752291,
        4.803150 -0.603310 0.490245,
        4.803150 -0.615862 0.495186,
        4.803150 -0.628169 0.503936,
        4.803150 -0.632580 0.508426,
        4.803150 -0.640852 0.520346,
        4.803150 -0.645850 0.533214,
        4.803150 -0.847907 0.533504,
        4.803150 -0.846901 0.553041,
        4.803150 -0.417556 0.501858,
        4.803150 -0.480660 0.488522,
        4.803150 -0.592620 0.488522,
        4.803150 -0.577439 0.604277,
        4.803150 -0.492046 0.604277,
        4.803150 -0.458119 0.610760,
        4.803150 -0.424619 0.626241,
        4.803150 -0.396539 0.649128,
        4.803150 -0.518613 0.900306,
        4.803150 -1.307012 0.882240,
        4.803150 -1.323254 0.839913,
        4.803150 -0.503431 0.900306,
        4.803150 -0.382809 0.837971,
        4.803150 -0.404830 0.862580,
        4.803150 -0.434268 0.883122,
        4.803150 -0.467391 0.895866,
        4.803150 -0.601997 1.065134,
        4.803150 -0.607221 1.069898,
        4.803150 -1.038561 0.955337,
        4.803150 -0.559274 1.013929,
        4.803150 -1.287287 0.910604,
        4.803150 -1.052360 0.962869,
        4.803150 -0.520867 0.910604,
        4.803150 -0.530093 0.952737,
        4.803150 -1.094919 0.978357,
        4.803150 -1.139135 0.983801,
        4.803150 -1.158672 0.982795,
        4.803150 -0.660553 1.106866,
        4.803150 -0.720070 1.129633,
        4.803150 -1.009936 1.014796,
        4.803150 -0.967511 1.065741,
        4.803150 -0.915528 1.103722,
        4.803150 -0.784280 1.137508,
        4.803150 -0.853426 1.128698,
        4.803150 -1.205530 0.971745,
        4.803150 -1.247854 0.949337,
        4.803150 -1.280722 0.920043,
        4.803150 -0.295826 0.910604,
        4.803150 -0.269580 0.873983,
        4.803150 -0.252940 0.832350,
        4.807087 -1.197942 0.451657,
        4.807087 -1.169733 0.416821,
        4.807087 -1.215039 0.619458,
        4.807087 -0.530093 0.952737,
        4.807087 -0.518613 0.900306,
        4.807087 -0.425629 1.002777,
        4.807087 -1.247854 0.949337,
        4.807087 -1.205530 0.971745,
        4.807087 -1.211006 1.089585,
        4.807087 -0.881365 0.444322,
        4.807087 -0.858957 0.486646,
        4.807087 -0.847907 0.533504,
        4.807087 -1.141032 1.097658,
        4.807087 -0.581234 0.712441,
        4.807087 -0.640060 0.813015,
        4.807087 -0.846901 0.572017,
        4.807087 -0.894341 0.680182,
        4.807087 -0.846901 0.553041,
        4.807087 -0.948462 0.385164,
        4.807087 -0.910659 0.411453,
        4.807087 -1.085700 0.494153,
        4.807087 -1.070117 0.484246,
        4.807087 -1.132622 0.388830,
        4.807087 -1.052307 0.478432,
        4.807087 -1.256341 0.644888,
        4.807087 -1.246559 0.501480,
        4.807087 -1.216937 0.492317,
        4.807087 -0.503431 0.900306,
        4.807087 -0.467391 0.895866,
        4.807087 -0.416187 0.999600,
        4.807087 -0.434268 0.883122,
        4.807087 -0.359728 0.971544,
        4.807087 -0.308284 0.927987,
        4.807087 -0.915528 1.103722,
        4.807087 -1.013891 1.177358,
        4.807087 -0.967511 1.065741,
        4.807087 -1.058485 1.139169,
        4.807087 -1.009936 1.014796,
        4.807087 -1.097387 1.093863,
        4.807087 -1.038561 0.955337,
        4.807087 -1.158672 0.982795,
        4.807087 -1.139135 0.983801,
        4.807087 -1.119209 1.096472,
        4.807087 -1.094919 0.978357,
        4.807087 -1.052360 0.962869,
        4.807087 -1.111748 0.540047,
        4.807087 -1.106959 0.522797,
        4.807087 -1.098283 0.507447,
        4.807087 -1.088848 0.370420,
        4.807087 -1.044047 0.363418,
        4.807087 -1.038561 0.477136,
        4.807087 -1.036663 0.363279,
        4.807087 -1.021810 0.479029,
        4.807087 -0.990789 0.368922,
        4.807087 -1.005167 0.485072,
        4.807087 -0.990467 0.494923,
        4.807087 -0.978104 0.508547,
        4.807087 -0.307976 0.573915,
        4.807087 -0.396539 0.649128,
        4.807087 -0.359652 0.530180,
        4.807087 -0.424619 0.626241,
        4.807087 -0.417556 0.501858,
        4.807087 -0.458119 0.610760,
        4.807087 -0.480660 0.488522,
        4.807087 -0.492046 0.604277,
        4.807087 -0.592620 0.488522,
        4.807087 -0.577439 0.604277,
        4.807087 -0.603310 0.490245,
        4.807087 -1.323254 0.839913,
        4.807087 -1.447611 0.812970,
        4.807087 -1.328896 0.794039,
        4.807087 -1.448447 0.790244,
        4.807087 -1.326660 0.765004,
        4.807087 -1.440405 0.720629,
        4.807087 -1.313102 0.718539,
        4.807087 -1.414401 0.649717,
        4.807087 -1.290374 0.679828,
        4.807087 -1.368746 0.583403,
        4.807087 -1.314429 0.536183,
        4.807087 -0.969199 0.577048,
        4.807087 -0.965007 0.559420,
        4.807087 -0.964983 0.543199,
        4.807087 -0.969376 0.524950,
        4.807087 -0.404830 0.862580,
        4.807087 -0.382809 0.837971,
        4.807087 -0.269580 0.873983,
        4.807087 -0.365197 0.805206,
        4.807087 -0.246413 0.816019,
        4.807087 -0.356326 0.768747,
        4.807087 -0.237765 0.754189,
        4.807087 -0.355417 0.752291,
        4.807087 -0.246496 0.686370,
        4.807087 -0.359963 0.715383,
        4.807087 -0.270355 0.626305,
        4.807087 -0.373033 0.681560,
        4.807087 -0.393904 0.651957,
        4.807087 -1.281623 1.063485,
        4.807087 -1.344895 1.020079,
        4.807087 -1.280722 0.920043,
        4.807087 -1.359259 1.006572,
        4.807087 -1.307012 0.882240,
        4.807087 -1.402570 0.951884,
        4.807087 -1.433802 0.884149,
        4.807087 -0.559274 1.013929,
        4.807087 -0.458683 1.069852,
        4.807087 -0.601997 1.065134,
        4.807087 -0.518499 1.143609,
        4.807087 -0.607221 1.069898,
        4.807087 -0.528100 1.152689,
        4.807087 -0.660553 1.106866,
        4.807087 -0.612743 1.209596,
        4.807087 -0.720070 1.129633,
        4.807087 -0.707972 1.243151,
        4.807087 -0.784280 1.137508,
        4.807087 -0.786177 1.251366,
        4.807087 -0.853426 1.128698,
        4.807087 -0.880448 1.239704,
        4.807087 -0.967924 1.205865,
        4.807087 -1.112199 0.558609,
        4.807087 -1.107982 0.576887,
        4.807087 -1.194018 0.660324,
        4.807087 -1.099292 0.593434,
        4.807087 -1.162630 0.696180,
        4.807087 -1.086952 0.607077,
        4.807087 -1.123819 0.723121,
        4.807087 -1.071870 0.617182,
        4.807087 -1.081898 0.739136,
        4.807087 -1.055163 0.623252,
        4.807087 -1.036663 0.744701,
        4.807087 -1.038561 0.625151,
        4.807087 -1.013517 0.743324,
        4.807087 -1.022176 0.623303,
        4.807087 -0.967717 0.731938,
        4.807087 -1.004610 0.616854,
        4.807087 -0.927459 0.710346,
        4.807087 -0.989437 0.606437,
        4.807087 -0.977316 0.592693,
        4.807087 -0.586978 0.606041,
        4.807087 -0.632580 0.508426,
        4.807087 -0.628169 0.503936,
        4.807087 -0.581285 0.604780,
        4.807087 -0.615862 0.495186,
        4.807087 -0.647651 0.547348,
        4.807087 -0.645850 0.533214,
        4.807087 -0.640852 0.520346,
        4.807087 -0.603407 0.604319,
        4.807087 -0.616437 0.599205,
        4.807087 -0.647220 0.554431,
        4.807087 -0.628121 0.590963,
        4.807087 -0.636297 0.581906,
        4.807087 -0.643511 0.568899,
        4.807087 -0.588824 0.606174,
        4.803150 -1.038561 0.625151,
        4.803150 -1.022176 0.623303,
        4.803150 -1.004610 0.616854,
        4.803150 -0.989437 0.606437,
        4.803150 -0.977316 0.592693,
        4.803150 -0.969199 0.577048,
        4.803150 -0.965007 0.559420,
        4.803150 -0.964983 0.543199,
        4.803150 -0.969376 0.524950,
        4.803150 -0.978104 0.508547,
        4.803150 -0.990467 0.494923,
        4.803150 -1.005167 0.485072,
        4.803150 -1.021810 0.479029,
        4.803150 -1.038561 0.477136,
        4.803150 -1.052307 0.478432,
        4.803150 -1.070117 0.484246,
        4.803150 -1.085700 0.494153,
        4.803150 -1.098283 0.507447,
        4.803150 -1.106959 0.522797,
        4.803150 -1.111748 0.540047,
        4.803150 -1.112199 0.558609,
        4.803150 -1.107982 0.576887,
        4.803150 -1.099292 0.593434,
        4.803150 -1.086952 0.607077,
        4.803150 -1.071870 0.617182,
        4.803150 -1.055163 0.623252,
      ]
    }
    coordIndex [
      140, 141, 142, -1,
      143, 144, 145, -1,
      146, 147, 148, -1,
      149, 150, 151, -1,
      148, 147, 152, -1,
      153, 154, 155, -1,
      155, 154, 156, -1,
      155, 156, 157, -1,
      157, 156, 158, -1,
      157, 158, 151, -1,
      151, 158, 159, -1,
      151, 159, 149, -1,
      160, 141, 161, -1,
      161, 141, 162, -1,
      161, 162, 163, -1,
      164, 165, 142, -1,
      142, 165, 166, -1,
      142, 166, 140, -1,
      144, 167, 145, -1,
      145, 167, 168, -1,
      145, 168, 169, -1,
      169, 168, 170, -1,
      169, 170, 171, -1,
      171, 170, 172, -1,
      173, 174, 175, -1,
      175, 174, 176, -1,
      175, 176, 177, -1,
      177, 176, 178, -1,
      177, 178, 179, -1,
      147, 180, 152, -1,
      152, 180, 181, -1,
      152, 181, 182, -1,
      182, 181, 183, -1,
      182, 183, 178, -1,
      178, 183, 184, -1,
      178, 184, 179, -1,
      185, 142, 186, -1,
      186, 142, 141, -1,
      186, 141, 187, -1,
      187, 141, 160, -1,
      162, 188, 163, -1,
      163, 188, 189, -1,
      163, 189, 190, -1,
      190, 189, 191, -1,
      190, 191, 192, -1,
      192, 191, 193, -1,
      192, 193, 194, -1,
      194, 193, 158, -1,
      194, 158, 195, -1,
      195, 158, 196, -1,
      197, 198, 199, -1,
      199, 198, 200, -1,
      199, 200, 201, -1,
      201, 200, 202, -1,
      201, 202, 203, -1,
      203, 202, 204, -1,
      203, 204, 205, -1,
      205, 204, 206, -1,
      205, 206, 207, -1,
      208, 209, 210, -1,
      210, 209, 211, -1,
      210, 211, 212, -1,
      212, 211, 213, -1,
      212, 213, 214, -1,
      214, 213, 215, -1,
      214, 215, 216, -1,
      216, 215, 217, -1,
      216, 217, 164, -1,
      164, 217, 218, -1,
      164, 218, 165, -1,
      219, 220, 156, -1,
      156, 220, 221, -1,
      156, 221, 158, -1,
      158, 221, 222, -1,
      158, 222, 196, -1,
      170, 223, 172, -1,
      172, 223, 224, -1,
      172, 224, 225, -1,
      225, 224, 226, -1,
      225, 226, 227, -1,
      227, 226, 228, -1,
      227, 228, 229, -1,
      229, 228, 230, -1,
      229, 230, 231, -1,
      231, 230, 232, -1,
      231, 232, 233, -1,
      233, 232, 234, -1,
      233, 234, 197, -1,
      197, 234, 235, -1,
      197, 235, 198, -1,
      148, 236, 146, -1,
      146, 236, 237, -1,
      146, 237, 238, -1,
      238, 237, 239, -1,
      238, 239, 240, -1,
      240, 239, 241, -1,
      240, 241, 208, -1,
      208, 241, 242, -1,
      208, 242, 209, -1,
      143, 145, 243, -1,
      243, 145, 244, -1,
      243, 244, 245, -1,
      245, 244, 246, -1,
      245, 246, 247, -1,
      247, 246, 248, -1,
      247, 248, 249, -1,
      249, 248, 250, -1,
      249, 250, 251, -1,
      251, 250, 252, -1,
      251, 252, 253, -1,
      253, 252, 254, -1,
      253, 254, 255, -1,
      255, 254, 256, -1,
      255, 256, 173, -1,
      173, 256, 257, -1,
      173, 257, 174, -1,
      185, 258, 142, -1,
      142, 258, 259, -1,
      142, 259, 260, -1,
      260, 259, 261, -1,
      260, 261, 262, -1,
      262, 261, 263, -1,
      262, 263, 264, -1,
      264, 263, 265, -1,
      264, 265, 266, -1,
      266, 265, 267, -1,
      266, 267, 268, -1,
      268, 267, 269, -1,
      268, 269, 270, -1,
      270, 269, 271, -1,
      270, 271, 272, -1,
      272, 271, 273, -1,
      272, 273, 274, -1,
      274, 273, 275, -1,
      274, 275, 156, -1,
      156, 275, 276, -1,
      156, 276, 219, -1,
      277, 278, 279, -1,
      206, 280, 207, -1,
      207, 280, 277, -1,
      207, 277, 281, -1,
      281, 277, 279, -1,
      282, 283, 277, -1,
      277, 283, 284, -1,
      277, 284, 278, -1,
      285, 286, 287, -1,
      286, 288, 287, -1,
      287, 288, 289, -1,
      287, 289, 290, -1,
      282, 277, 287, -1,
      287, 277, 291, -1,
      287, 291, 285, -1,
      229, 51, 50, -1,
      137, 172, 225, -1,
      229, 50, 227, -1,
      227, 50, 139, -1,
      227, 139, 225, -1,
      225, 139, 138, -1,
      225, 138, 137, -1,
      137, 3, 172, -1,
      172, 3, 2, -1,
      172, 2, 171, -1,
      171, 2, 9, -1,
      171, 9, 169, -1,
      169, 9, 8, -1,
      169, 8, 145, -1,
      145, 8, 7, -1,
      145, 7, 244, -1,
      244, 7, 6, -1,
      244, 6, 246, -1,
      246, 6, 5, -1,
      246, 5, 248, -1,
      250, 248, 4, -1,
      4, 248, 5, -1,
      4, 11, 250, -1,
      250, 11, 10, -1,
      250, 10, 252, -1,
      252, 10, 14, -1,
      252, 14, 254, -1,
      254, 14, 13, -1,
      254, 13, 256, -1,
      256, 13, 12, -1,
      256, 12, 257, -1,
      257, 12, 174, -1,
      174, 12, 20, -1,
      174, 20, 21, -1,
      174, 21, 22, -1,
      174, 22, 176, -1,
      176, 22, 24, -1,
      176, 24, 178, -1,
      178, 24, 23, -1,
      178, 23, 182, -1,
      182, 23, 19, -1,
      182, 19, 152, -1,
      152, 19, 18, -1,
      152, 18, 148, -1,
      148, 18, 17, -1,
      148, 17, 236, -1,
      236, 17, 16, -1,
      236, 16, 237, -1,
      237, 16, 15, -1,
      237, 15, 239, -1,
      34, 211, 209, -1,
      239, 15, 27, -1,
      239, 27, 241, -1,
      241, 27, 26, -1,
      241, 26, 242, -1,
      26, 25, 242, -1,
      242, 25, 1, -1,
      242, 1, 209, -1,
      209, 1, 0, -1,
      209, 0, 34, -1,
      211, 34, 33, -1,
      211, 33, 213, -1,
      213, 33, 32, -1,
      213, 32, 215, -1,
      215, 32, 31, -1,
      215, 31, 217, -1,
      217, 31, 30, -1,
      217, 30, 218, -1,
      218, 30, 29, -1,
      218, 29, 165, -1,
      165, 29, 28, -1,
      165, 28, 166, -1,
      166, 28, 38, -1,
      166, 38, 140, -1,
      38, 37, 140, -1,
      140, 37, 36, -1,
      140, 36, 141, -1,
      141, 36, 35, -1,
      141, 35, 162, -1,
      162, 35, 44, -1,
      162, 44, 188, -1,
      44, 43, 188, -1,
      188, 43, 42, -1,
      188, 42, 189, -1,
      189, 42, 39, -1,
      189, 39, 191, -1,
      99, 157, 151, -1,
      191, 39, 40, -1,
      41, 158, 40, -1,
      40, 158, 193, -1,
      40, 193, 191, -1,
      41, 49, 158, -1,
      158, 49, 48, -1,
      158, 48, 159, -1,
      159, 48, 47, -1,
      159, 47, 149, -1,
      149, 47, 46, -1,
      149, 46, 150, -1,
      150, 46, 45, -1,
      150, 45, 151, -1,
      151, 45, 98, -1,
      151, 98, 99, -1,
      155, 157, 85, -1,
      85, 157, 99, -1,
      153, 155, 54, -1,
      54, 155, 85, -1,
      154, 153, 58, -1,
      58, 153, 54, -1,
      156, 154, 57, -1,
      57, 154, 58, -1,
      156, 57, 59, -1,
      156, 59, 274, -1,
      274, 59, 60, -1,
      274, 60, 272, -1,
      272, 60, 82, -1,
      272, 82, 270, -1,
      270, 82, 81, -1,
      270, 81, 268, -1,
      268, 81, 80, -1,
      268, 80, 266, -1,
      266, 80, 76, -1,
      266, 76, 264, -1,
      264, 76, 77, -1,
      264, 77, 262, -1,
      262, 77, 73, -1,
      262, 73, 260, -1,
      260, 73, 75, -1,
      260, 75, 142, -1,
      142, 75, 74, -1,
      142, 74, 164, -1,
      164, 74, 72, -1,
      164, 72, 216, -1,
      216, 72, 71, -1,
      216, 71, 214, -1,
      214, 71, 79, -1,
      214, 79, 212, -1,
      212, 79, 78, -1,
      212, 78, 210, -1,
      208, 210, 78, -1,
      78, 66, 208, -1,
      208, 66, 110, -1,
      208, 110, 109, -1,
      120, 238, 109, -1,
      109, 238, 240, -1,
      109, 240, 208, -1,
      120, 136, 238, -1,
      238, 136, 135, -1,
      238, 135, 146, -1,
      146, 135, 134, -1,
      146, 134, 147, -1,
      147, 134, 126, -1,
      147, 126, 180, -1,
      180, 126, 125, -1,
      180, 125, 181, -1,
      181, 125, 124, -1,
      181, 124, 183, -1,
      183, 124, 121, -1,
      183, 121, 184, -1,
      184, 121, 118, -1,
      184, 118, 179, -1,
      179, 118, 129, -1,
      179, 129, 177, -1,
      177, 129, 130, -1,
      177, 130, 175, -1,
      175, 130, 131, -1,
      175, 131, 173, -1,
      173, 131, 133, -1,
      173, 133, 255, -1,
      255, 133, 132, -1,
      255, 132, 253, -1,
      253, 132, 128, -1,
      253, 128, 251, -1,
      251, 128, 127, -1,
      251, 127, 249, -1,
      249, 127, 117, -1,
      249, 117, 247, -1,
      247, 117, 116, -1,
      247, 116, 245, -1,
      245, 116, 119, -1,
      245, 119, 243, -1,
      243, 119, 123, -1,
      243, 123, 143, -1,
      143, 123, 144, -1,
      144, 123, 122, -1,
      144, 122, 108, -1,
      167, 144, 111, -1,
      111, 144, 108, -1,
      167, 111, 115, -1,
      167, 115, 168, -1,
      168, 115, 114, -1,
      168, 114, 170, -1,
      170, 114, 113, -1,
      170, 113, 223, -1,
      223, 113, 112, -1,
      223, 112, 224, -1,
      224, 112, 65, -1,
      224, 65, 226, -1,
      65, 64, 226, -1,
      226, 64, 63, -1,
      226, 63, 228, -1,
      228, 63, 91, -1,
      228, 91, 230, -1,
      230, 91, 90, -1,
      230, 90, 232, -1,
      232, 90, 89, -1,
      232, 89, 234, -1,
      234, 89, 88, -1,
      234, 88, 235, -1,
      235, 88, 107, -1,
      235, 107, 198, -1,
      198, 107, 106, -1,
      198, 106, 200, -1,
      200, 106, 105, -1,
      200, 105, 202, -1,
      202, 105, 104, -1,
      202, 104, 204, -1,
      206, 204, 103, -1,
      103, 204, 104, -1,
      206, 103, 70, -1,
      206, 70, 280, -1,
      280, 70, 69, -1,
      280, 69, 277, -1,
      277, 69, 68, -1,
      277, 68, 291, -1,
      291, 68, 53, -1,
      291, 53, 285, -1,
      285, 53, 52, -1,
      285, 52, 286, -1,
      286, 52, 61, -1,
      286, 61, 288, -1,
      288, 61, 87, -1,
      288, 87, 289, -1,
      289, 87, 86, -1,
      289, 86, 290, -1,
      290, 86, 84, -1,
      290, 84, 287, -1,
      287, 84, 83, -1,
      287, 83, 282, -1,
      282, 83, 97, -1,
      282, 97, 283, -1,
      283, 97, 96, -1,
      283, 96, 284, -1,
      284, 96, 95, -1,
      284, 95, 278, -1,
      278, 95, 94, -1,
      278, 94, 279, -1,
      279, 94, 93, -1,
      279, 93, 281, -1,
      281, 93, 92, -1,
      281, 92, 207, -1,
      207, 92, 102, -1,
      207, 102, 205, -1,
      203, 205, 101, -1,
      101, 205, 102, -1,
      203, 101, 100, -1,
      203, 100, 201, -1,
      201, 100, 56, -1,
      201, 56, 199, -1,
      199, 56, 55, -1,
      199, 55, 197, -1,
      197, 55, 62, -1,
      197, 62, 233, -1,
      233, 62, 67, -1,
      233, 67, 231, -1,
      231, 67, 51, -1,
      231, 51, 229, -1,
      269, 292, 293, -1,
      269, 293, 271, -1,
      271, 293, 294, -1,
      271, 294, 273, -1,
      273, 294, 295, -1,
      273, 295, 275, -1,
      275, 295, 296, -1,
      275, 296, 276, -1,
      276, 296, 297, -1,
      276, 297, 219, -1,
      219, 297, 298, -1,
      219, 298, 220, -1,
      220, 298, 299, -1,
      220, 299, 221, -1,
      221, 299, 300, -1,
      221, 300, 222, -1,
      222, 300, 301, -1,
      222, 301, 196, -1,
      196, 301, 302, -1,
      196, 302, 195, -1,
      195, 302, 303, -1,
      195, 303, 194, -1,
      194, 303, 304, -1,
      194, 304, 192, -1,
      192, 304, 305, -1,
      192, 305, 190, -1,
      190, 305, 306, -1,
      190, 306, 163, -1,
      163, 306, 307, -1,
      163, 307, 161, -1,
      161, 307, 308, -1,
      161, 308, 160, -1,
      160, 308, 309, -1,
      160, 309, 187, -1,
      187, 309, 310, -1,
      187, 310, 186, -1,
      186, 310, 311, -1,
      186, 311, 185, -1,
      185, 311, 312, -1,
      185, 312, 258, -1,
      258, 312, 313, -1,
      258, 313, 259, -1,
      259, 313, 314, -1,
      259, 314, 261, -1,
      261, 314, 315, -1,
      261, 315, 263, -1,
      263, 315, 316, -1,
      263, 316, 265, -1,
      265, 316, 317, -1,
      265, 317, 267, -1,
      267, 317, 292, -1,
      267, 292, 269, -1,
    ]
  }
}

Shape {
  appearance Appearance {
    material Material {
      diffuseColor 0.2510 0.2510 0.2510
      specularColor 0.1255 0.1255 0.1255
      ambientIntensity 0.2
      transparency 0.0000
      shininess 0.5
    }
  }
  geometry IndexedFaceSet {
    ccw TRUE
    solid FALSE
    coord DEF co Coordinate {
      point [
        4.803150 -1.038561 0.625151,
        4.803150 -1.022176 0.623303,
        4.803150 -1.004610 0.616854,
        4.803150 -0.989437 0.606437,
        4.803150 -0.977316 0.592693,
        4.803150 -0.969199 0.577048,
        4.803150 -0.965007 0.559420,
        4.803150 -0.964983 0.543199,
        4.803150 -0.969376 0.524950,
        4.803150 -0.978104 0.508547,
        4.803150 -0.990467 0.494923,
        4.803150 -1.005167 0.485072,
        4.803150 -1.021810 0.479029,
        4.803150 -1.038561 0.477136,
        4.803150 -1.052307 0.478432,
        4.803150 -1.070117 0.484246,
        4.803150 -1.085700 0.494153,
        4.803150 -1.098283 0.507447,
        4.803150 -1.106959 0.522797,
        4.803150 -1.111748 0.540047,
        4.803150 -1.112199 0.558609,
        4.803150 -1.107982 0.576887,
        4.803150 -1.099292 0.593434,
        4.803150 -1.086952 0.607077,
        4.803150 -1.071870 0.617182,
        4.803150 -1.055163 0.623252,
      ]
    }
    coordIndex [
      14, 13, 0, -1,
      11, 7, 12, -1,
      12, 7, 6, -1,
      12, 6, 13, -1,
      6, 5, 13, -1,
      13, 5, 4, -1,
      13, 4, 3, -1,
      24, 17, 16, -1,
      3, 2, 13, -1,
      13, 2, 1, -1,
      13, 1, 0, -1,
      17, 24, 18, -1,
      18, 24, 23, -1,
      18, 23, 19, -1,
      0, 25, 14, -1,
      14, 25, 24, -1,
      14, 24, 15, -1,
      15, 24, 16, -1,
      11, 10, 7, -1,
      7, 10, 9, -1,
      7, 9, 8, -1,
      19, 23, 20, -1,
      20, 23, 22, -1,
      20, 22, 21, -1,
    ]
  }
}
